{"type":"FeatureCollection","name":"gis.vn","features":[{"type":"Feature","properties":{"ma_tinh":"77","ten_tinh":"Bà Rịa - Vũng Tàu","loai":"Tỉnh","cap":1,"stt":49},"geometry":{"type":"MultiPolygon","coordinates":[[[[107.0889053748494,10.323514306215003],[107.0887909334584,10.323559128034631],[107.0887833043765,10.323669755415764],[107.08865360462022,10.323730790214771],[107.08868412134105,10.323908173297742],[107.08853916306634,10.324062667892246],[107.0885544225674,10.324154221299171],[107.08873752760756,10.324291549932006],[107.08940891447108,10.32431348527493],[107.0896454255188,10.324215256412224],[107.08990482514524,10.324039779614107],[107.0900650424515,10.324003540951171],[107.0901260774489,10.323959671716251],[107.09012607717291,10.323907219920873],[107.09001926565061,10.323850953142918],[107.08974460766201,10.323831878583697],[107.08950809628584,10.323616349376136],[107.08946994972223,10.32352098059126],[107.08930210266497,10.323554359807801],[107.08910373877673,10.32347425067559],[107.08900455667373,10.323341691263405],[107.08887485630001,10.323359809937047],[107.0889053748494,10.323514306215003]]],[[[107.09106449370911,10.33298524490944],[107.09083561175761,10.332908950813177],[107.09072117060829,10.332772576199961],[107.09059147062135,10.332175576041863],[107.09061435897891,10.33199914658741],[107.09052280729412,10.331970536099853],[107.0904236238776,10.332102142821743],[107.09031681295156,10.33212598509161],[107.09033207224643,10.331373536284179],[107.09022525968896,10.331227623900556],[107.09003452445006,10.331083619423216],[107.08997348969845,10.330976807214611],[107.08989719594783,10.330398880917121],[107.08983616065022,10.330238663223385],[107.08956913143359,10.32975896506444],[107.08950046812421,10.329503380244217],[107.08935550846768,10.329415642249534],[107.08928684446282,10.329272591071017],[107.08927921484128,10.329065643970619],[107.08933262051836,10.328725182511715],[107.08928684470268,10.328538262278268],[107.08900455679914,10.32822164253463],[107.08895115086959,10.328073822912097],[107.08886722805178,10.328019463143216],[107.08879093377193,10.328120553267524],[107.08872226845945,10.32843049695491],[107.08874515792336,10.328664147260262],[107.08872989880724,10.328694665097672],[107.08868412211949,10.328674637604838],[107.08864597429252,10.328516328613626],[107.08865360461735,10.328148209537392],[107.08895878107818,10.32735761335299],[107.08894352206434,10.327308976198909],[107.08885959773676,10.327277504979921],[107.08878330438579,10.327326142364367],[107.08863834580006,10.32732423536366],[107.08856968141183,10.327382409219899],[107.0885391640305,10.327552163114982],[107.08847812899145,10.32757314447969],[107.08850101653414,10.327155434491349],[107.0884704984636,10.32687123870024],[107.0883102817641,10.326325738421135],[107.08824161786755,10.326291405122484],[107.08815006425418,10.32638105124707],[107.08811191740585,10.326661430704975],[107.08805851204073,10.326661430698366],[107.08800510602839,10.32648404847421],[107.08785251745348,10.3263457650359],[107.08786777666448,10.326198898825597],[107.08783725937218,10.326150262475466],[107.08777622375354,10.326112115369806],[107.08773044727398,10.326009118035351],[107.08759311812017,10.326000534927392],[107.08756260027252,10.325959526868973],[107.08763126538922,10.325811707103002],[107.08763126543599,10.325697265982301],[107.08773807746127,10.325648628936534],[107.08775333558596,10.325590455203288],[107.0877075594332,10.325513207396556],[107.0874634180761,10.325366341542406],[107.08728031348784,10.324941003399003],[107.08728794263153,10.324863754773057],[107.08750156576573,10.324547135200195],[107.0874100134543,10.32420285876906],[107.08704380226119,10.323846183694021],[107.08676914387462,10.323666894544008],[107.08650211572919,10.323365532939409],[107.0860519801853,10.32298501638911],[107.08594516898665,10.3228457802178],[107.08570102817451,10.322704636388771],[107.08552555240469,10.32248147602565],[107.08523563501163,10.322429023916095],[107.08511356524778,10.322344147350757],[107.0846329135217,10.32176145236811],[107.08434299582619,10.321675622342115],[107.08430484924502,10.321693741261177],[107.0842514436594,10.321951234566853],[107.08421329654023,10.321984611959518],[107.08415988998615,10.32196076984428],[107.0840454505223,10.321613633291308],[107.08394626762268,10.321512543503163],[107.08403781981495,10.321082436523417],[107.08403019165304,10.320827805099897],[107.0839081200412,10.320714318312676],[107.08393100960572,10.320531212368953],[107.08389286234053,10.320514045992192],[107.08381656798272,10.320594155449335],[107.08375553284576,10.320581756971515],[107.08382419676136,10.320399605413368],[107.08379367973436,10.320293748309325],[107.08370212741266,10.32029374774822],[107.08335880392218,10.320476852882628],[107.08315281035028,10.320751511063737],[107.08318332816154,10.321260773470806],[107.08314518086694,10.321623169951092],[107.08308414596017,10.321886384073194],[107.08300785213763,10.322031341956004],[107.08304599931904,10.322863899941995],[107.08300785207797,10.323310218978955],[107.08294681766623,10.323427521136479],[107.08298496398379,10.323543870445492],[107.0829468170854,10.323643052646954],[107.08279422907151,10.323738419133619],[107.0826950475414,10.32391198805935],[107.08249668265003,10.323912942632603],[107.08248905325587,10.324093186070535],[107.0822067654966,10.32435830781294],[107.08214573032083,10.324683510384599],[107.08203128927225,10.324805581487979],[107.08152012031121,10.325174652995388],[107.08109287409518,10.325622880041502],[107.08089451008965,10.325927102648311],[107.08079532757029,10.325959527397664],[107.08061222236509,10.3265517588446],[107.08045200573915,10.32678445526052],[107.08045963438751,10.327004754491195],[107.08042911757153,10.327054345684012],[107.08032230549595,10.327129685578031],[107.08013157040106,10.327365243936775],[107.07975773023584,10.32764657759942],[107.07916263739152,10.327795350323278],[107.07904056774579,10.327936494438863],[107.07884983252046,10.32792504974998],[107.07874302084396,10.328062379581969],[107.07818607564143,10.328255974502326],[107.07792667528075,10.328401887812877],[107.07768253573593,10.328646028075449],[107.07740787634675,10.328646027418888],[107.0773086947791,10.328789079060872],[107.07721714150739,10.32885106737853],[107.07671360114489,10.329016053873746],[107.07644657358983,10.329002701487394],[107.07642368466985,10.329081856950134],[107.07645420291944,10.329266870250736],[107.07634739019556,10.329320275810492],[107.07625583886579,10.329569185245989],[107.07605747354054,10.329590165806867],[107.07577518687064,10.329720819170904],[107.0753860870719,10.329716050673929],[107.07524112886733,10.32994016368307],[107.07485965976807,10.329844797378048],[107.07476810643783,10.329881036328786],[107.07464603564358,10.330004059600803],[107.07456211266499,10.330031716788682],[107.0743637484477,10.330008828986356],[107.07421116057667,10.330095612750648],[107.07395176138765,10.330352152107777],[107.07378391454668,10.330385530194842],[107.07367710221591,10.330670679335714],[107.07336429793399,10.33104642600859],[107.07330326254099,10.331239069525926],[107.07308963964763,10.331473673534655],[107.07279972273966,10.332050646396455],[107.07202152434154,10.332940424282434],[107.07202152484189,10.333048189519713],[107.0719299713907,10.333204591517653],[107.07197574807911,10.333310448907817],[107.07192234279323,10.333607996011128],[107.071403544029,10.334512079266746],[107.07135013793808,10.33546766177212],[107.07124332684617,10.335698450125813],[107.07119754977954,10.336274469563515],[107.07109836761788,10.336529100652507],[107.07113651494963,10.336721742501755],[107.07107548004326,10.337429369710616],[107.07132724957376,10.338237131688155],[107.07112888607213,10.338917101607997],[107.07106022070981,10.3389685994911],[107.07081608025462,10.339000070113505],[107.07086948558312,10.33937295782062],[107.07091526296593,10.33940824360635],[107.07121280913792,10.339349115704021],[107.07144169134614,10.339423502846028],[107.07150272632289,10.339650476427286],[107.0716629425852,10.339673364428924],[107.07169346118788,10.339789713062302],[107.07180027212902,10.339832628063206],[107.07188419597725,10.339930856880088],[107.07219700112668,10.340553606102528],[107.07240299373495,10.340660417603974],[107.07244114121377,10.340838754225125],[107.07271579984257,10.341283167890687],[107.07298282804179,10.341444338195712],[107.07334141005639,10.34151967821379],[107.07351688601624,10.341675127800984],[107.0735855509162,10.341964090579102],[107.07364658612919,10.34241327111561],[107.07363895582678,10.342744196325885],[107.07373050968381,10.343759859556574],[107.0735626625036,10.344713533217408],[107.07318882209351,10.345694864885756],[107.07285312954318,10.34640344454276],[107.0721970013939,10.34748300361151],[107.07109836882081,10.3483956712378],[107.06995395953311,10.349212015939756],[107.0696335241858,10.349347438076428],[107.06962589555177,10.349419916661988],[107.06890110290904,10.349704112458632],[107.0685654094162,10.34974225874084],[107.06807712854332,10.349876726991129],[107.06765751157205,10.349871957721474],[107.06756595852535,10.34979566537896],[107.0674667762822,10.349860514172581],[107.0673981122616,10.349799478876774],[107.06726841253844,10.349814738338003],[107.0672836717996,10.349991167996013],[107.06735996573025,10.350106562321761],[107.06734470611644,10.350162829191435],[107.06710056579409,10.350317323744823],[107.06692508917709,10.350308740837832],[107.06686405479738,10.350360240403955],[107.06682590755466,10.350490893209859],[107.06668857850707,10.350566233499432],[107.06648258434653,10.350454653363395],[107.06635288518082,10.350261058289565],[107.06626133210565,10.350262011093859],[107.06594089707505,10.350383128576548],[107.06581119888857,10.350613917341649],[107.06578068050358,10.35097822083985],[107.06581882764485,10.351147020934919],[107.0654983927531,10.351579036685639],[107.06537632212373,10.351668681428736],[107.06459812468512,10.351990068899882],[107.06439976037903,10.352000560088515],[107.06427006024651,10.352236117637755],[107.06376652094009,10.352659549023102],[107.06361393255585,10.352731074354763],[107.06356052694119,10.35286840337106],[107.0630722454444,10.353181208440619],[107.06271366386798,10.353520716180865],[107.06230167654859,10.353746737834859],[107.06189731868778,10.353966082133942],[107.06172184254804,10.35416635474872],[107.06152347882909,10.354529704430819],[107.06070713339274,10.355125750888984],[107.06063846861943,10.355596865429051],[107.06053165735516,10.355766620075071],[107.06056217475468,10.35596593761314],[107.06039432846198,10.356451358705023],[107.06001285848274,10.356860485170149],[107.05992130590192,10.357061709875781],[107.05983738258531,10.357499446870069],[107.05981449459601,10.358030642829986],[107.059768717731,10.35822042345198],[107.05989078813343,10.358703936450775],[107.05984501193814,10.358839359270602],[107.05990604703064,10.35892805079239],[107.05988315900946,10.359012927661082],[107.05979160620643,10.359082546179867],[107.05984501189916,10.359222735762078],[107.0597687174641,10.359286631656158],[107.05976871776575,10.3596824066521],[107.05985264045957,10.35980256982003],[107.05981449444562,10.360120143482712],[107.05989078804382,10.360269870458584],[107.0598831586754,10.360448208209355],[107.06002811807124,10.360603656806017],[107.06011966994774,10.360869731526533],[107.0601349286444,10.360943164584027],[107.06007389383197,10.361033764229925],[107.06008152272773,10.361095752789334],[107.06016544677193,10.36119874899257],[107.06026462930609,10.361239756492392],[107.06035618156751,10.36149724904077],[107.06064609850705,10.361897793308922],[107.0607300218228,10.361938801341644],[107.0606995037922,10.361980762053353],[107.0607834278488,10.361998882198625],[107.06075291037556,10.362034168188869],[107.0607757976807,10.362089481270518],[107.06084446257685,10.362108554871503],[107.06082920387097,10.362230625115323],[107.06086735062689,10.362408007887296],[107.06103519755676,10.362761821672812],[107.06114963876111,10.363130893779239],[107.06119541502792,10.36347803135186],[107.06139377888964,10.364073124023339],[107.06168369615503,10.364545193213639],[107.06181339641073,10.364676799900657],[107.06185917183247,10.364806499011628],[107.06194309635953,10.365133610189565],[107.06195835401617,10.36553892054461],[107.06203464841799,10.36566957528316],[107.06193546579027,10.365934696263892],[107.06214146036217,10.366128292090748],[107.06225590120614,10.36617883726112],[107.06228641784334,10.366555537801743],[107.06221775428507,10.366633738893151],[107.06195072507451,10.366760578078638],[107.06193546628704,10.366804447258382],[107.0620117603613,10.366971340150174],[107.06195835451531,10.367150631118216],[107.06205753735586,10.367333735906104],[107.06215671887705,10.367422428281316],[107.06214146023044,10.36761411572293],[107.06206516603183,10.367718066953831],[107.06189731903888,10.367809619997303],[107.06196598455553,10.367985096205594],[107.06186680233053,10.368149128316137],[107.06177524965878,10.368233050723333],[107.06163792011928,10.368283596476997],[107.06152347930319,10.368399944470976],[107.0614319261133,10.36857065171607],[107.06058506370373,10.369145717319523],[107.06045536389705,10.369181002781314],[107.06038669957769,10.369135226778342],[107.060279887893,10.369129505450829],[107.0600586356542,10.369199123326881],[107.05984501274534,10.369386997386622],[107.05992130640894,10.36957010214169],[107.05989841860678,10.369656887274738],[107.05968479494919,10.369801845621595],[107.05957035459019,10.36979516987032],[107.05952457799302,10.369835223940468],[107.05948643138439,10.369998302651718],[107.05910496098076,10.37025484128504],[107.05875400947538,10.370406475440666],[107.0584717215896,10.370642032133523],[107.0581818048144,10.370724048530082],[107.05812076952047,10.370774593355268],[107.05689243683673,10.372017231633087],[107.05609897976743,10.372913685717954],[107.05570225176666,10.37344678995776],[107.05542759385959,10.373651829765308],[107.05532841115789,10.373888340568374],[107.0554352223255,10.374670353553663],[107.05535892882487,10.3752540020906],[107.05533604032735,10.37606843954258],[107.05528263465848,10.376405086924994],[107.0551758235875,10.376629200413413],[107.05509190010052,10.37738832577902],[107.05505375264177,10.3782046710731],[107.0552063411208,10.379031506140777],[107.05532841211073,10.379391042276527],[107.05535892866887,10.379989949081212],[107.05545048145666,10.380189266478974],[107.05547337026596,10.381089536090752],[107.05575565789968,10.381610241884003],[107.05686192015098,10.384874669411847],[107.05738071881575,10.38546022510695],[107.05770115341748,10.386012401814657],[107.05804447620595,10.386396732671745],[107.0581894339372,10.386630382547612],[107.05857090387822,10.387076703284189],[107.05874638023296,10.38721689257302],[107.05889896810622,10.387265529703186],[107.05955509599528,10.387247410625264],[107.05974583152711,10.387354222201653],[107.05979160759273,10.387254086357405],[107.05984501325464,10.387241688632697],[107.06010441310559,10.387389508194957],[107.06025700043615,10.387411443072914],[107.060951275617,10.387369481137956],[107.06119541654304,10.387295093418677],[107.06134037397639,10.387119617989843],[107.06158451540264,10.387026157720241],[107.06203464901202,10.386957493637544],[107.06237034375373,10.38675626740668],[107.06254581967427,10.386726704025342],[107.06288151199486,10.386742917007961],[107.06320957642036,10.386644687436196],[107.06360630529946,10.386409130756055],[107.06416325003795,10.385976162932293],[107.06446079711138,10.385809269932077],[107.06464390202358,10.385464992273668],[107.06469730827273,10.385011997279436],[107.06484989626578,10.3847859761801],[107.06572727619704,10.38436349880925],[107.07071690073651,10.383845653602805],[107.07109836997412,10.384116496821473],[107.07218937374665,10.384685840489128],[107.07279972539627,10.385217990974427],[107.07307438388882,10.385369625390876],[107.07307438388149,10.385481204878772],[107.07295231331774,10.38562521018346],[107.07298283081248,10.385678614733386],[107.07350925991192,10.385814990869358],[107.07361607047459,10.385890331149403],[107.07466129716632,10.386849726918394],[107.07486729176678,10.387188281747811],[107.07539372003174,10.388244953488755],[107.07548527289696,10.388355578848495],[107.07559971358323,10.38846239081325],[107.07656864643948,10.389085140207849],[107.07667545798385,10.389200535404216],[107.07674412245208,10.389360751852147],[107.0767517515417,10.38952383036064],[107.0766067935806,10.38991292940516],[107.07650761134828,10.390051212570645],[107.07604221924339,10.390098896633999],[107.07590488949387,10.390155163082419],[107.07545475465344,10.390551891222414],[107.07522587311328,10.390616741629346],[107.07495884461197,10.390602436133717],[107.0748749208598,10.390673007880004],[107.07474522205861,10.39067014742755],[107.07461552153104,10.390469875016153],[107.07454685632929,10.39043935866296],[107.07436375174014,10.390445079978301],[107.0742111636743,10.390404072692192],[107.07379154701867,10.390463199218084],[107.07345585337919,10.390603390389986],[107.07302860791972,10.390636768017005],[107.07261662072115,10.390402164705552],[107.07240299677642,10.390402164055166],[107.07225040943695,10.390510883313544],[107.07218174511799,10.390703525407579],[107.07225040979614,10.390871372280461],[107.0722580383645,10.391004886033349],[107.07218937397136,10.391122188456741],[107.07205204509435,10.391130771515268],[107.07202915684181,10.391189899379341],[107.07215122650817,10.39144071654109],[107.07251743784177,10.391692486833504],[107.07346348307794,10.392196979543057],[107.07431034574284,10.392457332683776],[107.07460789272359,10.392465915312126],[107.07503513895585,10.392054881875483],[107.0754929015513,10.391887989327191],[107.07589726013164,10.391912784451213],[107.07702641114643,10.39159521159331],[107.07720188674917,10.391620006428976],[107.07734684534972,10.391712513009574],[107.07760624462378,10.392338123507828],[107.07798008471528,10.392432536889732],[107.07884220609402,10.392480221163751],[107.0796738102384,10.392260874902624],[107.08036045566988,10.391759242967687],[107.08364109581977,10.39047750457409],[107.08380894227543,10.39048227282612],[107.08385471919915,10.390549029704797],[107.08386234755409,10.390732136072405],[107.08393864159697,10.390790309726176],[107.08402256482952,10.390790309647192],[107.09238438228726,10.387852038155819],[107.092498822712,10.387959803399477],[107.0935516795681,10.38982900514168],[107.09365849091445,10.390064563437788],[107.09367374913327,10.390213336351374],[107.09379581992104,10.390439357452689],[107.09393314929872,10.390409793073115],[107.09431461903453,10.390197123167237],[107.0992279493518,10.392369593273722],[107.09930424381038,10.392379129666109],[107.09940342571366,10.392303790221387],[107.09951786660008,10.392309512389598],[107.0996628240139,10.392556513947714],[107.10000614710749,10.392560328076982],[107.10038761748349,10.392783487704579],[107.10059361007974,10.392847384100865],[107.1012192213275,10.393284166722434],[107.10153965527265,10.393879260122521],[107.10163120864674,10.3939441098677],[107.10186771927589,10.394004191371764],[107.10202793692673,10.39412244666911],[107.10218052492716,10.394359911550863],[107.10218815440997,10.394439067104361],[107.10247044174359,10.39464792061012],[107.10279087641152,10.395009364053866],[107.1030197585196,10.395351732753232],[107.10340122728483,10.396233882101493],[107.10354618644527,10.397293413609539],[107.103889510185,10.397985780607325],[107.10423283208871,10.399672831250992],[107.10440067872783,10.400073374375651],[107.10437016194533,10.400190675788924],[107.10423283198845,10.400294627386195],[107.1043243852928,10.400551165537717],[107.10426335017591,10.400621737231658],[107.1044922319118,10.401653613270144],[107.10453037934244,10.401753749054967],[107.10464481968658,10.401808108364213],[107.10507969548603,10.401717509552242],[107.10516361905408,10.401916827563054],[107.10512547178605,10.402018870466781],[107.105003400768,10.402124728482306],[107.10505680743876,10.40238412758875],[107.10498814296065,10.402600611017792],[107.1048965903688,10.402689302756015],[107.10498051283507,10.403179491763252],[107.10507969541732,10.403252924940697],[107.10525517125298,10.403293933338592],[107.10540013056294,10.40350850892806],[107.10544590597058,10.40371641002224],[107.10576634072841,10.403846110037794],[107.10585789377201,10.404136027612925],[107.10601048080446,10.404383982365307],[107.10616306880976,10.40452894093901],[107.10643772683844,10.405365313652068],[107.1068497153937,10.40627988679609],[107.10706333833124,10.406950320324897],[107.10717777915097,10.40718397029225],[107.10739903185117,10.40749868355653],[107.1076126546984,10.407701814931768],[107.10794071819468,10.407854403346324],[107.10802464260719,10.407937373157738],[107.1082535231308,10.408265436822568],[107.10861210544233,10.408667887258733],[107.10919193977395,10.409087503809413],[107.10968785011907,10.409302081158744],[107.11009983710935,10.409400309309232],[107.11019139085012,10.4094966304317],[107.11071018819318,10.409525241168229],[107.11097721763986,10.40942701227159],[107.11108402984532,10.409471834964931],[107.11117558247867,10.409567202130493],[107.11123661735505,10.409732188164162],[107.11141972238549,10.409812297396881],[107.11177067440312,10.410077418408548],[107.1119614094275,10.410325373395999],[107.11209873871498,10.41043981446196],[107.11229710268904,10.410477961333811],[107.11257176161615,10.4104464904387],[107.11280064361165,10.410561884791196],[107.11335758849052,10.410639132352443],[107.1145325153106,10.411134089074062],[107.11479191580959,10.411387766776311],[107.11673741071183,10.414501512566298],[107.11809544281549,10.416705455394643],[107.11740116808437,10.417504633949976],[107.11694340534714,10.418155039705336],[107.11682133442174,10.418409670758074],[107.11667637653417,10.418931330361753],[107.11655430608005,10.419605578133801],[107.1162109834196,10.42037614726401],[107.11609654220223,10.42123254696184],[107.11621861242905,10.42163213667221],[107.11644749423105,10.422028865573749],[107.11624913021683,10.423390712629464],[107.1161575773462,10.423544253373988],[107.11615757791066,10.423754061737514],[107.11603550740837,10.423989619098307],[107.11609654258694,10.424290026244867],[107.11605839527722,10.424452151181384],[107.11602787737259,10.425113047406013],[107.11583714378759,10.425625170901505],[107.1154556738844,10.427416171209483],[107.11501316862491,10.42864355024369],[107.11491398670049,10.429439868819724],[107.11490635640861,10.42992433481059],[107.11484532175126,10.430152262619053],[107.11499028070196,10.430592860458534],[107.11483006311052,10.43077882695456],[107.11464695822897,10.43114885277553],[107.11428074672509,10.432276095590037],[107.11422734129648,10.432475414201113],[107.11422734094023,10.432866420997014],[107.11396794237977,10.433538760924424],[107.11365513711152,10.43452199856558],[107.11344151443058,10.43586477263541],[107.10284428465174,10.43606599820976],[107.10263066207577,10.435835209445973],[107.1023025974944,10.43562063236325],[107.10207371561019,10.435397472684052],[107.10147099386883,10.435096111213522],[107.10121922372322,10.43493017305168],[107.10082249484427,10.434798565853928],[107.10046391356633,10.434367504950695],[107.10001377909528,10.434225406293528],[107.0997391211068,10.43421014867258],[107.09875492890889,10.434213962258083],[107.0980988007075,10.434329358012175],[107.09745030238197,10.434153881550357],[107.09714512649612,10.433981267162006],[107.09626011652051,10.433837262060324],[107.09568028280118,10.433908788254191],[107.09543614222518,10.433891621218502],[107.09530644250293,10.433833447242053],[107.09526066626998,10.433886852440995],[107.09465031431259,10.433947887746799],[107.09414677460167,10.434131946560525],[107.0939102632936,10.43434556995846],[107.09369664051913,10.43447240925872],[107.09344487086949,10.434552518423784],[107.09305577013635,10.434610692376681],[107.09251408342996,10.434501019152059],[107.09249119555285,10.434457150004693],[107.09252171371608,10.434422817983794],[107.09267430198936,10.434395161040925],[107.092628524713,10.434156743166453],[107.09258274844352,10.434073773111587],[107.09252171360407,10.434051839010493],[107.09230046070404,10.434116689069866],[107.09210209688585,10.433892574960428],[107.09210972639698,10.433730450254357],[107.09207920820756,10.43370470074393],[107.09184269758286,10.433692304159221],[107.09151463333026,10.433550206353205],[107.091339157881,10.433524456982623],[107.09118656939266,10.433533040330765],[107.09114842261613,10.433634128746881],[107.09099583462967,10.43365606395897],[107.09059147620462,10.433433858151442],[107.0903931122389,10.433452930740025],[107.0898590548336,10.43340429380034],[107.08950047363673,10.43350347594537],[107.0893936610598,10.433498708021514],[107.08931736779164,10.433447209093108],[107.08913426213542,10.43347295846838],[107.089042709024,10.433430042968334],[107.08901219100328,10.433279363577167],[107.08894352760831,10.433207836719635],[107.08866886956656,10.432997075372398],[107.08827977074509,10.432824459850174],[107.08824162362592,10.432568874927039],[107.08758549510884,10.432287540827312],[107.0867157438338,10.432008114875517],[107.08531193553218,10.431486455276954],[107.08510594099546,10.431478825273754],[107.08491520696974,10.431529369939454],[107.08483128346711,10.431448308724203],[107.08482365432097,10.43125280557551],[107.08472447240136,10.43117937215285],[107.08367924531301,10.431009618305168],[107.08328251618592,10.431003896599522],[107.08298496970735,10.430926648341494],[107.08261875912216,10.430964795643849],[107.08172611975237,10.431449262476326],[107.08139805640506,10.431536046545162],[107.08119969091246,10.431738225876156],[107.08112339669636,10.431871739178208],[107.08102421512366,10.431910840639308],[107.08050541577744,10.431985226225232],[107.08025364615077,10.43211778767465],[107.07961277757711,10.432227460655017],[107.07910923730044,10.432044354586909],[107.07904057281505,10.43217405461439],[107.07905583236456,10.432472554293787],[107.07893376107512,10.432532636661296],[107.07872776834975,10.432474461824421],[107.07839207451946,10.432582227954823],[107.07809452854389,10.432606068505752],[107.07778172292544,10.432542173019565],[107.07773594644335,10.432493535383298],[107.07772831726844,10.432407705040161],[107.07751469453407,10.432207433617448],[107.07746891716684,10.432212201304692],[107.0774002535027,10.432339041010472],[107.07725529423212,10.432350484906106],[107.07711033605726,10.432049123872796],[107.0768814541592,10.43196615387195],[107.07669071875698,10.431726781966281],[107.076568648752,10.431752531087417],[107.07646183729123,10.431704847128398],[107.07633976691204,10.431722966951934],[107.07622532580096,10.431893674587021],[107.07629399132351,10.431871739468253],[107.07630924890861,10.431899397126383],[107.076248213697,10.431954710027812],[107.07617955039385,10.431970921412173],[107.07620243809056,10.43187364797158],[107.07614903186531,10.431844084027112],[107.0756149746974,10.432327596555881],[107.07524113386202,10.432268468632529],[107.07492069974322,10.432333318686855],[107.07474522380312,10.432454435037993],[107.07467655881936,10.432460156857953],[107.0743179780722,10.43272146408063],[107.0735321501608,10.432996122119595],[107.07305149783498,10.43332990781593],[107.07270054639368,10.43363603792978],[107.07241062896803,10.433803884041776],[107.07227330001656,10.433938352490289],[107.07202915873442,10.433982221087662],[107.07170872516218,10.43411382934134],[107.07151799009488,10.434278813874583],[107.07123570228455,10.434623091327431],[107.071075485539,10.434713690135483],[107.07065586798427,10.435557690790214],[107.0706558680618,10.435759869840513],[107.06964115951224,10.436604825902826],[107.06868748447846,10.437136021963543],[107.06829075627083,10.437543241002057],[107.06799320877677,10.437692968713945],[107.0679932093046,10.437608091671542],[107.06794743327357,10.437588063988981],[107.06784062242889,10.437722532452325],[107.0675049281552,10.43786653702769],[107.06736759908065,10.438008634838383],[107.0671997521609,10.438494055682956],[107.06696324086168,10.438816397253728],[107.06669621262917,10.439053862701515],[107.06642155403313,10.439172117323118],[107.06634526030817,10.439158766964855],[107.06625370828762,10.439066259231614],[107.06610111987484,10.43905386233134],[107.0656052088143,10.439305633045478],[107.06540684564031,10.439514487072993],[107.06517796287766,10.439681379317355],[107.06513981590577,10.439787237570924],[107.06521611027361,10.439860670286052],[107.06516270459073,10.439949362316638],[107.06509404020385,10.439981787343214],[107.06507878112183,10.440054266510645],[107.06501011629072,10.440056173653119],[107.0649643398285,10.43993505811002],[107.06491093438196,10.439909307858269],[107.06494145201802,10.44003996132867],[107.06491093449135,10.44013532867696],[107.06477360539806,10.440214483454623],[107.06446080019457,10.44057592662453],[107.06432347160458,10.44067701531583],[107.06420903065126,10.440701811330987],[107.0640564423908,10.441027967579394],[107.06375889520574,10.44130262715444],[107.06364445545714,10.441400854478623],[107.06327061461381,10.441501944022843],[107.06283573905297,10.441787092937295],[107.06188206435185,10.442513792942028],[107.06185154737575,10.442598669901253],[107.06201939406093,10.442978232262307],[107.061904953672,10.443115560803017],[107.06148533619236,10.443330138265434],[107.0612183075678,10.443349211790094],[107.06093602045613,10.443437903210302],[107.06088261473806,10.443407385847223],[107.06090550273494,10.44333681438546],[107.06108860724268,10.443242399825502],[107.06108860770074,10.443188041405154],[107.0609360199887,10.443163244712547],[107.06072239603175,10.44319471569995],[107.06038670331981,10.443347303952768],[107.0604019622122,10.44338545086326],[107.06055455024115,10.443393081078408],[107.0605545499186,10.443437902942005],[107.06030278026401,10.44359526019239],[107.06021122772799,10.443633407093495],[107.06005101028744,10.443571417959927],[107.05974583389728,10.443737357231646],[107.05951695250451,10.44375929203133],[107.05895237751159,10.443969099788093],[107.05811314404701,10.444613784606597],[107.05786137468904,10.444739669474348],[107.05751042155426,10.444845526878499],[107.05721287525475,10.445098249967637],[107.05696110505211,10.445171683032113],[107.05696110492454,10.445228904310252],[107.05678562916167,10.44529852207206],[107.05643467756778,10.445585577938566],[107.05606846618863,10.445959418258125],[107.05574803120973,10.446161597802448],[107.05555729627348,10.446355193320684],[107.05536656223894,10.446703284105908],[107.05470280457831,10.447491019292405],[107.05457310450555,10.447699874662911],[107.05384068329458,10.448425620260315],[107.05383305304247,10.448677390231449],[107.05367283605665,10.448845237971696],[107.05334477230996,10.448989242835431],[107.05162815810321,10.45044645703638],[107.05126957715717,10.450808852376076],[107.05110935981709,10.451114982448074],[107.05099491863916,10.451581328619406],[107.0509491427682,10.452376693846189],[107.05078892561961,10.452843039575454],[107.05058293159249,10.453235001172978],[107.05036167992091,10.45340761627023],[107.05006413292065,10.453891128901137],[107.04994969150428,10.454163879267117],[107.04980473340788,10.454352707175994],[107.04944615165509,10.45471510296001],[107.04901890541447,10.455016463668008],[107.04863743629247,10.455570549070853],[107.04832463086954,10.455889076199275],[107.04816441356064,10.45633730343977],[107.04743199221943,10.457584709329407],[107.0472259985453,10.458041519321615],[107.04707341113753,10.458243697902967],[107.04705815158636,10.458484978268494],[107.04696659845715,10.458676665913595],[107.04666905291913,10.458947510072987],[107.04631047108815,10.459641785363772],[107.04610447786122,10.459828705282172],[107.04608158932926,10.459950775640548],[107.04568486134771,10.460555405068055],[107.04537968543436,10.461240143839216],[107.04518132144466,10.461540550534503],[107.04472355733166,10.461840958863537],[107.04456333989975,10.462118477912583],[107.04424290467855,10.46242842126711],[107.04399876506707,10.462814659352757],[107.04367833034028,10.463034004425472],[107.0435028538983,10.46302732880632],[107.04341893119448,10.463092178551626],[107.04306034941513,10.463614792290397],[107.04288487306145,10.463776916311117],[107.04283909738972,10.463773102986593],[107.04283146673794,10.463687271841644],[107.04268650928246,10.463746399402412],[107.04268650940163,10.464011521011304],[107.04263310276518,10.463888496535965],[107.04253392097554,10.464007707060992],[107.04254917983181,10.46413359180967],[107.04239659208388,10.464146942808425],[107.04220585738183,10.464289993704742],[107.04221348639032,10.464344354040893],[107.04230503867645,10.464336724058068],[107.04225926329981,10.464416832911146],[107.04203800992642,10.464464516556703],[107.0419998631216,10.464372964203701],[107.04215245119197,10.464165062712512],[107.04205326884608,10.464224190602463],[107.0419464583825,10.4643710564766],[107.04217533912481,10.464715333205051],[107.04197697545472,10.464846939368533],[107.04190068087132,10.464803071126072],[107.04192356899766,10.464715332709034],[107.04187016412035,10.464582771461911],[107.04193119898284,10.464453072723188],[107.04193882788965,10.464317650700886],[107.04218296936082,10.463990540836113],[107.04215245067992,10.463950486046915],[107.04198460369153,10.463954300629416],[107.04196171625797,10.463845581939191],[107.0421295627213,10.463455528820802],[107.04180149923457,10.463607162410431],[107.04167179902865,10.463750215033983],[107.04160313503881,10.464044900191777],[107.04147343513009,10.46409449114771],[107.04143528831855,10.464020103717873],[107.04151158209652,10.463573785182554],[107.04145817588409,10.463530869884421],[107.04142002924335,10.463638634654851],[107.04138188164843,10.463653892374177],[107.04132847694042,10.463612886180481],[107.0414276586515,10.463178963807625],[107.04136662412186,10.463142723396812],[107.04125981239092,10.463178009646414],[107.04115299977715,10.463494629895674],[107.0411529998515,10.463599533664123],[107.04109196538552,10.46370729894497],[107.0411072239026,10.463968605704446],[107.04103856026926,10.464000077264007],[107.04100804191143,10.464098306111365],[107.04113011249413,10.46415075739143],[107.04115300028741,10.464282364969627],[107.0411377418962,10.464341492397342],[107.0410156714505,10.464448303655349],[107.04104618902348,10.464496941529559],[107.0410233007305,10.464578957937615],[107.04094700681944,10.4646295020199],[107.04093174765556,10.465045303707583],[107.04098515440155,10.465110154205133],[107.04106907707776,10.465104432053828],[107.04127507110171,10.464934677905577],[107.0415649877186,10.464813561027066],[107.04158024743147,10.464892715502584],[107.04149632303293,10.465198845901279],[107.04145054711181,10.465599388788362],[107.03298191892932,10.465267510095162],[107.02545170659391,10.46578344867283],[106.996573532223,10.460485112353739],[106.99706562993602,10.46822607910049],[106.99777965180411,10.474766050292256],[106.9979606329906,10.476427577646103],[106.99820064894206,10.478631095447913],[106.99803664199304,10.48028605098944],[106.99789766909264,10.482831123110662],[106.99799571121949,10.485810113322584],[106.99794974485219,10.489624099266875],[106.99776276671726,10.494307065228885],[106.99776971961394,10.496004111452677],[106.99774079970193,10.498975096991952],[106.9976996255822,10.499169825701987],[106.99747077969762,10.500252128415513],[106.99730978773799,10.500931065374983],[106.99720476241902,10.502152119209159],[106.99734582431304,10.5032101113532],[106.99767978163062,10.504348075885858],[106.9984238347897,10.50537612316579],[106.99925081221265,10.506377083710706],[107.00018579512778,10.507106129863287],[107.00179079474265,10.507852057127119],[107.00394778031549,10.508567048134525],[107.00548413726884,10.509250606373802],[107.0057368321808,10.509363035657275],[107.00695877058632,10.510509040953886],[107.00755612515472,10.511359847441812],[107.00948982278764,10.514113993739107],[107.01247709181422,10.520541767284097],[107.01294288688763,10.521544030464758],[107.01414760104647,10.523240852165817],[107.01494787340256,10.524368025229467],[107.01624089722567,10.52596002586616],[107.01672290562946,10.526481986261787],[107.01714662157525,10.527053189231731],[107.01862488125037,10.529046001371555],[107.01971386790116,10.530225021265505],[107.02380554983382,10.533626773703155],[107.02403190614714,10.533814962449801],[107.02434963089821,10.53418288752076],[107.0244931138592,10.534349041227504],[107.0258669282929,10.535939917631437],[107.02709188469086,10.537791953048078],[107.02749888287605,10.539190929615676],[107.02754988551827,10.540687983450406],[107.02746006792609,10.541120400525362],[107.02726595354031,10.5420549421278],[107.0266964838873,10.543553799930347],[107.0266709674648,10.54362095942356],[107.0258529214394,10.544944963040946],[107.02537092610814,10.545608929963773],[107.02501193187013,10.545895962006467],[107.02500048531762,10.545901495104687],[107.02432293966935,10.546228982083324],[107.0240313201917,10.546290438433681],[107.02283296434062,10.546542984767704],[107.02040798161127,10.546716997758036],[107.01674599417966,10.547305027263436],[107.01470996736901,10.547942024212688],[107.01439659958189,10.54819702959195],[107.01319598510706,10.549174040766419],[107.01227505591581,10.55036200742439],[107.01153300469014,10.551807993339567],[107.0112596002352,10.552567206825517],[107.01115703081496,10.552852030552572],[107.01068208656478,10.554610019234604],[107.01049906357059,10.555759057619047],[107.01053405778566,10.556784006073242],[107.01072705804718,10.557824054515459],[107.01117205672037,10.559126081129858],[107.01161097640347,10.560026178675033],[107.01193811286323,10.56069704181394],[107.01243410812009,10.561475062590183],[107.01331405775935,10.562977037336797],[107.0141850945314,10.564416031754025],[107.01721814047134,10.568401968895834],[107.01864381008953,10.570366562952053],[107.01870511891813,10.57045104706235],[107.02120612969637,10.573929015267419],[107.02250358462845,10.575786407037775],[107.02309215673813,10.576628986845906],[107.02332517365416,10.577022287467342],[107.02422317148952,10.578537985093913],[107.0247265519783,10.579401348449647],[107.02538514732157,10.580530927214033],[107.02612317487882,10.581997987257703],[107.02665219193892,10.583471944960243],[107.0266925137382,10.583646660415736],[107.02680418183118,10.584130516732115],[107.02686313819677,10.58438597102257],[107.02692443453935,10.585045611482636],[107.02692521104585,10.585053977950368],[107.02696314222369,10.585752008586562],[107.02697910510538,10.585979708751276],[107.02700414862693,10.586336928912138],[107.02695915681446,10.58720995455402],[107.02681420767016,10.58783992796115],[107.02659119762914,10.588454939187324],[107.02629421527884,10.58896679004823],[107.02586821645019,10.589701000979368],[107.0252982298347,10.590659954478163],[107.02479024410817,10.59155998588068],[107.0241122064679,10.592724950184053],[107.02405521151154,10.592828963480232],[107.02399421518942,10.592931999521404],[107.02389224341017,10.593057982499452],[107.02284127103334,10.594251033617587],[107.02225926878856,10.595077952964042],[107.02105326750701,10.597898972530455],[107.02075925474831,10.598899025869056],[107.02028767039842,10.600877299283145],[107.02025127267224,10.601029982381572],[107.01967630099657,10.603054983618994],[107.01916725810638,10.604140970550308],[107.01905428356203,10.604381990470836],[107.0183473050926,10.605467058301997],[107.01792528606299,10.606023023599429],[107.01744331515651,10.606515041782117],[107.01578335801095,10.607772997824194],[107.01429141483246,10.608822474614719],[107.0135143830405,10.609369061907978],[107.01247667420616,10.610093481847391],[107.0121993861042,10.610287055252284],[107.01142840325618,10.610825066155783],[107.00952974799948,10.612082067030883],[107.00794225325488,10.613255837637888],[107.00149541548421,10.617904045635129],[106.99951940218942,10.620135644197289],[106.9972916184428,10.623566010860939],[106.99620061562592,10.626630166677984],[106.99633031591573,10.62995372102202],[106.99733739573658,10.632639268057362],[106.99915319275786,10.634653428864734],[107.00043493044492,10.635422090687838],[107.00337224763508,10.636999467408362],[107.00602727658203,10.637640335821985],[107.00753026789465,10.637550690774702],[107.00852208868258,10.637110094126749],[107.01263433229757,10.632506707897083],[107.01453405172467,10.631744721191984],[107.0158081609419,10.631933548968025],[107.01672368764584,10.632480957417291],[107.01738744518346,10.633404114293901],[107.01605230035423,10.635187485904027],[107.01502996284928,10.63708815889292],[107.01322179595918,10.643395761108842],[107.0155563908714,10.644403794733513],[107.01686864738566,10.645032265608824],[107.01740270394893,10.645156243995391],[107.0182419386726,10.645273546025866],[107.01877599526242,10.645383217966469],[107.01898961786335,10.64546332663289],[107.01911931830841,10.645560601830066],[107.01930242457281,10.646079399745904],[107.02125554931406,10.646890023889236],[107.02612310249653,10.649309494615709],[107.02642064954105,10.649345734771304],[107.02827459302182,10.650248864893939],[107.02843480938593,10.65040049882066],[107.03192144249786,10.651672699254153],[107.03646093345942,10.653847077257398],[107.03735696637905,10.654251536673756],[107.03838353977554,10.65471491990862],[107.03874975105357,10.654912331568038],[107.03833776429829,10.655826905210457],[107.03833782009532,10.655826917636015],[107.04062658272765,10.656324723261426],[107.04435735625287,10.657498696064533],[107.04483037915809,10.657590247784475],[107.04692846289478,10.657852508589599],[107.0486603354778,10.657859184834885],[107.04926305774912,10.65790114611457],[107.05171209331453,10.658196784985932],[107.0526581374517,10.65819583156091],[107.054283198357,10.65828833772981],[107.05458837490492,10.658268310646084],[107.05512243281848,10.658146240959045],[107.056457576351,10.657626487657422],[107.05737310390676,10.65718016844067],[107.05770116744903,10.656972266939514],[107.05806737879993,10.656833030066132],[107.05852514293832,10.65681395733312],[107.06188970559793,10.65737376275597],[107.06298833924703,10.657269812633784],[107.06394964182014,10.657033301911202],[107.06433111149886,10.656879759857265],[107.06464391648734,10.656594610945515],[107.06484228207069,10.656191206965918],[107.06550603847103,10.654411650754536],[107.06587224965747,10.65386805642148],[107.06623083072269,10.653601027638349],[107.06657415375535,10.653478003918208],[107.069381770751,10.653398848830673],[107.0699158290652,10.653417921552018],[107.07267003968703,10.653719282087064],[107.07443242951538,10.653737402486835],[107.07550817535791,10.653628682918335],[107.0767822840535,10.653418875405308],[107.07808691033644,10.65329108291473],[107.07851415654127,10.653299666256986],[107.08052831701926,10.653547621308292],[107.08198553142373,10.653532361659977],[107.08590704028495,10.653368329449306],[107.08835607557936,10.653068876687666],[107.09041601225798,10.653128003529735],[107.09091192341488,10.653142308845544],[107.09362035865767,10.65298113712176],[107.09397893937403,10.652880048617373],[107.09523016070463,10.652233457269487],[107.09590154759215,10.652005528960444],[107.09628301621436,10.651971196074983],[107.09645086351176,10.652005529490301],[107.09657293324513,10.652119970313315],[107.0972443204399,10.653601979160374],[107.09809881267024,10.655114507380896],[107.09909826371357,10.657139158080096],[107.09942632782037,10.65751681299777],[107.10027319104421,10.658263539767091],[107.10057073667126,10.65867934250951],[107.10079198998977,10.659192417974019],[107.10096746608065,10.65994391466385],[107.10105138855856,10.660754537216377],[107.10102850132401,10.663089132032248],[107.10119634672733,10.663276052757494],[107.10135656520387,10.663308477667165],[107.1017761806029,10.663071965104253],[107.10192114039616,10.663094854263774],[107.10205084038097,10.663140630392746],[107.10226446291472,10.663327550650045],[107.10272222592232,10.66383109053417],[107.10327154351845,10.664086675260469],[107.10369878895673,10.664106702051019],[107.10422521670547,10.663915013893433],[107.10448461648835,10.66405520447425],[107.10498052715869,10.664051388981218],[107.10512548639564,10.664144849559625],[107.10520177970992,10.664308881228889],[107.1053467385621,10.664449071254197],[107.10543829131481,10.664495801089329],[107.10569769023415,10.664447164118934],[107.10588842550946,10.664492939832481],[107.1063004119135,10.664920186444965],[107.10649114739346,10.665006971335929],[107.1067276577551,10.665005062819496],[107.10689550511644,10.665050840378115],[107.10698705852617,10.665168141733346],[107.1070633519075,10.665662144953806],[107.10716253445437,10.665779447482976],[107.10735326891977,10.665848111034311],[107.1074677103393,10.665988301184166],[107.10752111637997,10.666177128947842],[107.10812383861747,10.666451787194001],[107.10825353695586,10.666828488796554],[107.10852056633472,10.666960095885875],[107.10868078302445,10.667219495183383],[107.10943609471086,10.66772589594738],[107.10989385783724,10.668152189259596],[107.11000066963156,10.66828188806071],[107.11004644540867,10.668638562053564],[107.11023718015655,10.668974255934335],[107.11047369145452,10.66899332940678],[107.11072546148701,10.669219349900553],[107.11099249010506,10.669306134091139],[107.11106115596479,10.669410085095352],[107.11099249043812,10.669531202353035],[107.11125188993594,10.669718122116123],[107.1113892195956,10.669741009797065],[107.11152654851024,10.669661854997626],[107.11164098939737,10.669647550486745],[107.11173254130308,10.669717167884317],[107.1118088359549,10.66988692175727],[107.1120758649676,10.6699937337483],[107.1123581525411,10.669810627666656],[107.11246496403616,10.669786786390235],[107.11291509743944,10.669816349996884],[107.11304479771357,10.669922208404637],[107.11312872168607,10.670204496089132],[107.11330419766271,10.670484876036365],[107.113372861179,10.670495365784785],[107.1134567846143,10.670399045418813],[107.11351782056806,10.670397137826724],[107.11359411448275,10.670471524159193],[107.11360851953106,10.670471267012706],[107.11361700278202,10.670478200070898],[107.11375433179988,10.670468663423756],[107.11388403193648,10.670601223796956],[107.11397558352418,10.670594547785567],[107.11415868983855,10.670437192085066],[107.11449438238583,10.670544004251918],[107.11511999306381,10.670373296254699],[107.11530309906827,10.670353269028748],[107.11554723980213,10.67038760113306],[107.1156311626409,10.670480107702305],[107.11552435070053,10.670706128230753],[107.11553960997253,10.670793865489614],[107.11600500253725,10.670910215280355],[107.11620336638373,10.670885418719859],[107.11640936027767,10.67067179567879],[107.11654668979183,10.670601224101611],[107.11656194845872,10.670410488805532],[107.11665350208567,10.670382833205606],[107.11685186578552,10.670689916142987],[107.11721044737496,10.670772885868006],[107.117370664641,10.670968388600036],[107.11762243459113,10.671151494198487],[107.11762243473366,10.671239232023696],[107.11752325294465,10.671406124920566],[107.11753851190043,10.67150816815833],[107.11762243504415,10.67158541611062],[107.11800390441864,10.671720837872817],[107.11801153361465,10.672031736120818],[107.1181870101582,10.67238745605154],[107.1185379621385,10.672413204744961],[107.1189346904336,10.672304486230125],[107.11917883131115,10.672343586984232],[107.11933141897516,10.672263478035147],[107.11943060064749,10.672256803124686],[107.11963659482046,10.67254290502661],[107.11967474207911,10.672794674936437],[107.11981970050307,10.672969196340963],[107.11981970125133,10.673287725056],[107.11988073557015,10.673303936788791],[107.12001043482363,10.673211430335996],[107.12009435911911,10.6732152449823],[107.12019354081711,10.673382138004486],[107.12030035218243,10.673462246887158],[107.12032299434526,10.673458787833066],[107.12033849912291,10.673467968655563],[107.12035180458774,10.67345438699052],[107.1203690165738,10.673451757113327],[107.1203714316398,10.673434350840951],[107.12038427587073,10.67342123851617],[107.12039190470607,10.67328677062826],[107.12047582819477,10.673228597049508],[107.12098776160909,10.67321726491619],[107.12125552212034,10.673236952916273],[107.12130493700585,10.673262635834535],[107.1214447623297,10.673424099328024],[107.12146002024842,10.673727368951896],[107.12156683176863,10.67386183646926],[107.12160497866651,10.674007748533471],[107.12155920204619,10.674128864911642],[107.12121587979432,10.674166058874977],[107.1212387676757,10.674264286347086],[107.12147527878462,10.674406384331325],[107.12152868465189,10.674570416959629],[107.12129217398089,10.674925183765795],[107.1212540266766,10.675166462716437],[107.1213711587917,10.67508033542004],[107.12144476169755,10.675105427677055],[107.12143713177883,10.67540583466487],[107.12145216618181,10.675411786013443],[107.12145239069562,10.675421093456329],[107.12147184218468,10.675419573621726],[107.12148290879864,10.675423955116186],[107.12149409921528,10.675417835386897],[107.12151342646311,10.675416326037793],[107.12152364647102,10.675401676785127],[107.12154394419596,10.675390576345864],[107.12162786691371,10.675252293727914],[107.12171178992979,10.675211285873987],[107.12179571433151,10.67525229392887],[107.12192541273289,10.675399160013383],[107.12217718331146,10.675366734656798],[107.12224584793447,10.675533627862366],[107.12240606536704,10.675681447133046],[107.12252813642336,10.676056240972041],[107.12260442991533,10.676113462188091],[107.1227875349748,10.676131581388594],[107.12284857021734,10.676249837089467],[107.12285620058253,10.676393841875592],[107.12269598179113,10.676704739784714],[107.12265783480359,10.676936482566726],[107.12291723541705,10.677319859389828],[107.12294012318189,10.677412365805996],[107.12270361202704,10.67763552590841],[107.12268072365795,10.677750920522124],[107.1228409410181,10.67811617752777],[107.12286382903989,10.678469036806877],[107.1230240459753,10.678695057817006],[107.12284857041038,10.678880070889253],[107.12274938823771,10.679048870759507],[107.12272650049516,10.679383610750842],[107.12297827022823,10.67959246571009],[107.12300856145654,10.679599456302176],[107.12303930530544,10.67962298275903],[107.12305799568738,10.679610864230513],[107.12307745247641,10.679615353406252],[107.12316137546816,10.679543828298247],[107.12327581616464,10.67933115890063],[107.12336736961302,10.679285381411997],[107.12344366296256,10.679315900026019],[107.12351995698448,10.679567670258598],[107.12350469806756,10.67965540801614],[107.12339025706287,10.679716442831477],[107.12339025773046,10.679778431760605],[107.12346655127979,10.679827069136405],[107.12368017401457,10.679830883782838],[107.12377935596068,10.67987666083557],[107.12377935636009,10.679964398402307],[107.12370306269113,10.68005404416684],[107.12371069271404,10.680149410599984],[107.12411505060474,10.6804517254095],[107.12416082612114,10.680549001236649],[107.1241226792632,10.68088564768237],[107.12420660227224,10.680916165941163],[107.12435156125174,10.680783605241073],[107.12445837250061,10.68078074368858],[107.1245880720618,10.680930470845787],[107.1245880728136,10.68103346810111],[107.12435156152331,10.68127188570495],[107.12435156144304,10.681331013748784],[107.12463384833057,10.681470249613987],[107.12469488416592,10.681450222617544],[107.12476354860125,10.681289051645946],[107.12489324826421,10.681265209917598],[107.12504583674311,10.681505535721314],[107.1252670886169,10.681557034499292],[107.12531286543818,10.681670521611677],[107.12528234776684,10.681826924792256],[107.1252060532086,10.681869839952213],[107.12511450075756,10.68179831379249],[107.12505346555318,10.681797361243534],[107.12499243086098,10.681941365176584],[107.12503057752278,10.6823142514351],[107.12515264721571,10.682525968151607],[107.12518972213856,10.682546049710329],[107.12520605361912,10.682569837289275],[107.12538152991466,10.68264994529603],[107.12572485229782,10.682426785421272],[107.12606817586341,10.682340000888209],[107.12625128029582,10.682335232532132],[107.12693029684775,10.682613705519271],[107.12803655850416,10.682769155016935],[107.12867742898199,10.683048580352617],[107.1293030382571,10.683390949824839],[107.12952429057896,10.683714245363252],[107.12963110243234,10.683764790838918],[107.12989050212578,10.683784818113384],[107.1300736077855,10.68374762441736],[107.13084417642371,10.683456753730027],[107.13110357535133,10.683441494379665],[107.13172155709027,10.68385634277312],[107.13183097919044,10.683908061819592],[107.13185888565711,10.683925961277405],[107.1318920485954,10.683936926242447],[107.1319656973295,10.683971737814781],[107.13201655905698,10.683978095914572],[107.13209539668556,10.684004162744728],[107.1321709355836,10.683997392731493],[107.13220220865864,10.684001301124653],[107.13225210638834,10.683990117807292],[107.1324689875397,10.68397067956725],[107.13283544881469,10.684123371639684],[107.13320165998087,10.684412335662028],[107.13327795249735,10.684695576175159],[107.13377386419614,10.6851266376677],[107.13376623469897,10.686137531567775],[107.13380438151124,10.686488484852143],[107.13384252865644,10.688055370682338],[107.1337128293269,10.688994740952225],[107.13368231143441,10.690004682144897],[107.13378149324853,10.690409039342041],[107.13403326449406,10.690925930911916],[107.13407904025642,10.691101406555136],[107.13434606947739,10.693069790920047],[107.13435369864112,10.693525646690677],[107.13430029231407,10.694005346003399],[107.13410192794802,10.69463858487896],[107.13409429892783,10.694764469731444],[107.13488775641206,10.696203564892892],[107.13557440130273,10.697821949948171],[107.13606268231479,10.699085569076075],[107.13634497086495,10.699673031849601],[107.13662725880874,10.700071667777253],[107.13673406948404,10.700370167679289],[107.1366730350985,10.701130246164931],[107.13696295211486,10.70349535937024],[107.13761145104917,10.70534739446965],[107.1377030032231,10.70604643755725],[107.1376953738958,10.706405019294005],[107.13754278592604,10.706994389779355],[107.13716894591093,10.70747313416525],[107.13743597370525,10.70755324334416],[107.13780218546827,10.707946156841654],[107.1379471439548,10.708175039325468],[107.13802343837989,10.70855078652685],[107.1380997323433,10.708703373761699],[107.13826757815403,10.708729123097475],[107.13854986643723,10.708699559157749],[107.13861853145987,10.708741521350685],[107.13869482532577,10.708899830977547],[107.13894659530906,10.708951329557756],[107.1390228892763,10.709079122564669],[107.13906103642233,10.709328984375288],[107.13915258796966,10.70950160052994],[107.13947302311692,10.709555005292449],[107.13969427510847,10.71006617556527],[107.13965612865734,10.710391378346616],[107.13954931788228,10.718254422441941],[107.1395645769868,10.718286847667175],[107.13997656355815,10.718319272245015],[107.14003759845903,10.71857676424653],[107.14063866609587,10.7185912484364],[107.14071661505386,10.718614911463959],[107.14072180320659,10.718691435729603],[107.14071651812583,10.718778635693749],[107.14067846764017,10.719030713625875],[107.14066320845461,10.719658231918258],[107.1397781999206,10.719849920869562],[107.13974005313042,10.720025396614403],[107.13980108813732,10.720183706667495],[107.13951879976607,10.720352506653226],[107.13946143476448,10.720406969383797],[107.13935858290498,10.72047457618242],[107.1391983658149,10.720656728622279],[107.13932043559609,10.72073874504999],[107.13925940072232,10.720815038794829],[107.13932043622795,10.721964215859566],[107.13930517708614,10.722961760116993],[107.13927465987159,10.7230580809457],[107.13932806537309,10.72326788846848],[107.13919836629077,10.723328923594577],[107.13916784827803,10.723652219401073],[107.13919073588671,10.725010252030525],[107.13925940131936,10.725132322389888],[107.13917547713751,10.72653517685724],[107.1391754774397,10.72783312811895],[107.13928991841065,10.72796664252535],[107.13967901766375,10.72779021330874],[107.14044195764734,10.727240895610223],[107.14056402756141,10.727077817744233],[107.14060980389661,10.726798391337681],[107.14066320936475,10.726696347691464],[107.14093023783897,10.726417875825675],[107.14100653204487,10.726196622470093],[107.14117437922204,10.72600874841595],[107.14160162505759,10.725678778050469],[107.1420136122975,10.725168561688951],[107.14213568325435,10.72494730952045],[107.14217382907354,10.724791860356945],[107.14212042407735,10.724356031616322],[107.14223486487494,10.724174833582634],[107.14242560017645,10.7240699283627],[107.14242560012738,10.723730420405719],[107.14357000865766,10.723740911945805],[107.14360815640474,10.723935460205157],[107.14382177892007,10.723963117416679],[107.14426428453095,10.724194860393053],[107.1452484751872,10.724885320553591],[107.14530188090555,10.724953031456925],[107.14532476966089,10.725094175117476],[107.14550024496917,10.725097989199824],[107.14553076353533,10.726403569433623],[107.14526373410855,10.726427411166789],[107.14524847491148,10.726817464220419],[107.14488226543793,10.726848935409945],[107.14470678836142,10.726949071777904],[107.14464575299219,10.727130269917387],[107.14463812392364,10.727373456461892],[107.14440924264328,10.727473592523715],[107.14439398311337,10.72774729805022],[107.14435583675234,10.72783598836915],[107.14418036021051,10.72791705142438],[107.14411169661683,10.728138303660165],[107.1434555687277,10.728132581641278],[107.14344793864767,10.729154920878893],[107.14454657185922,10.729987478973406],[107.14487463515172,10.73015913935702],[107.14521032960616,10.729982709534656],[107.14559942860214,10.729887342453827],[107.14591223362922,10.729842519564787],[107.14626318547039,10.729866361257816],[107.14623266779134,10.73111567505392],[107.14539343494361,10.731511450079168],[107.14423376671978,10.732257222353175],[107.1441956195758,10.732584334037814],[107.13889319019965,10.73249468786901],[107.13894659644903,10.735175467467588],[107.13880163817086,10.737330771012646],[107.13877875009102,10.738571501458868],[107.13886267265454,10.739288664150907],[107.13900000216836,10.74146590351345],[107.13841253895282,10.742103911915773],[107.13829809815503,10.742548323263046],[107.13777929915275,10.742628432668662],[107.13751226955475,10.742758131217085],[107.13750464093658,10.74296317183127],[107.13745123460656,10.743127203663827],[107.13739782985691,10.743207312262825],[107.13729864681463,10.743256903588659],[107.1369248066612,10.743221617481002],[107.13676459012972,10.74328932850864],[107.13681799616803,10.74354491386034],[107.13666540797911,10.743910170961758],[107.13673407226554,10.744036055799981],[107.13681036589776,10.744368887264756],[107.13687903073435,10.744448996886435],[107.1372452418913,10.744551993505109],[107.13791662780707,10.74489340866384],[107.13819041803461,10.744891020332233],[107.1382446921828,10.744890547330106],[107.13830457788217,10.744851670697376],[107.13841877888855,10.74477753166888],[107.13848120454612,10.744737005796033],[107.1386795677767,10.7444833283246],[107.13897711437293,10.744251585152382],[107.13896185505857,10.744159079912917],[107.13873297404928,10.743966437752231],[107.1386643088382,10.743779516940078],[107.1386795679918,10.743637419480738],[107.13885504367587,10.743578291388465],[107.13903052012115,10.743697500156493],[107.13945013691462,10.744262076830237],[107.13980108940812,10.744911528408739],[107.13995367761355,10.744954443411663],[107.14040381161495,10.744888640428968],[107.14070898681507,10.744976378777471],[107.14077002222827,10.744957304529585],[107.1410751984005,10.744630194176429],[107.14128119114389,10.74450812450092],[107.1414642969342,10.74443373736228],[107.14170080853386,10.744415617032361],[107.14189154326674,10.744509077778742],[107.14204413133743,10.744713164407605],[107.14225775403534,10.74532542325422],[107.14235693582735,10.745389319828469],[107.1424866364453,10.745324469768988],[107.1425705591708,10.745201444988815],[107.14260107694527,10.745042181087623],[107.14253241250908,10.744860983111932],[107.14229590114857,10.744567251232736],[107.14236456540405,10.744447089737863],[107.1425476713769,10.74443564473147],[107.1428375881079,10.744512892768343],[107.14295202945554,10.74458060299329],[107.14321142782514,10.744844771018647],[107.14344030994116,10.745198584720352],[107.14358526869239,10.745232916152908],[107.14369970892808,10.745138502602758],[107.14376837432404,10.74476466191192],[107.14387518509585,10.74465403594641],[107.14402014411537,10.74458727924836],[107.14418036161469,10.74457964916945],[107.14434820801583,10.744684553074906],[107.14448553731717,10.744838095013234],[107.14459997852835,10.744836188435892],[107.14472967826975,10.74472174717393],[107.14491278363843,10.744199133197668],[107.14498907723252,10.744079924055622],[107.1450958893396,10.743986464501331],[107.14537054708946,10.743909216382509],[107.1455536518542,10.743923521602525],[107.1460800802341,10.74410185776704],[107.14633948041599,10.744124747442383],[107.147102419657,10.744674063130782],[107.14724737817285,10.744709349154645],[107.14737707824807,10.74470553441951],[107.1474610012158,10.744621610997116],[107.14746100128606,10.744545316976222],[107.14730313194613,10.744182389788007],[107.1473067805547,10.744108967291677],[107.1473390223298,10.74405899245778],[107.14745337153781,10.74399504746261],[107.14755255470895,10.744001723136593],[107.14771277099584,10.744125699955593],[107.14789587587062,10.744651175246132],[107.14799505968152,10.74473223753772],[107.14805609388783,10.74473033046925],[107.14830786408986,10.744501448038443],[107.14897925060708,10.74407134087697],[107.14925390911179,10.743973111887275],[107.14949042063611,10.743956900166323],[107.14957434334322,10.743973112200319],[107.14961001804166,10.744060068672187],[107.14960692190722,10.744108052198392],[107.14942938528894,10.744422292917182],[107.14942938495231,10.744527196889274],[107.14951330852229,10.744569159008813],[107.15016180702412,10.744340276762168],[107.15037543067606,10.744351720829354],[107.15067297658594,10.744432782935021],[107.15091711717282,10.744421338982919],[107.15114599862797,10.74425539992789],[107.15130621617571,10.7439893245178],[107.15146643317306,10.743928289709842],[107.15164953866403,10.743968344077455],[107.15174872142707,10.744048453285126],[107.15193945521052,10.744441365943874],[107.15201574940173,10.744508123886158],[107.15210730230848,10.744564390171357],[107.15226751953236,10.744574880779798],[107.15238196026917,10.744479512581847],[107.15245825420521,10.744097089636908],[107.15255743646723,10.743932103851689],[107.15278631804883,10.743757582189996],[107.15303045982186,10.743692732031906],[107.15309912374877,10.743751860063991],[107.15308386504194,10.743851996065906],[107.1526566196372,10.744208669937798],[107.15264136001292,10.744443274258645],[107.1527558016862,10.744571065884637],[107.15287024261666,10.7445624828478],[107.15299231237383,10.744286871184013],[107.15312964149489,10.744210577257938],[107.1535187405043,10.744201040972536],[107.15381628701871,10.744094228934584],[107.15395361663106,10.744391774957993],[107.1540451688485,10.744464254631747],[107.15412146270813,10.744417524878934],[107.15422827416661,10.744138097806447],[107.15435034419532,10.744153356950218],[107.15444978206341,10.744266162297492],[107.15475470205807,10.744612074013862],[107.15505987840447,10.745262479599125],[107.1551819482155,10.745287275304383],[107.15524298327607,10.745016431370061],[107.15534979571584,10.74499449800558],[107.15559393555193,10.74552760180127],[107.15567785961254,10.74556670129929],[107.15585333597637,10.745477056667427],[107.15594488823147,10.745503759968846],[107.15604407034576,10.746155118949677],[107.1560974761629,10.7461894510211],[107.15625006383603,10.746208524785265],[107.15644842861973,10.746148442757951],[107.15674597481777,10.746227597739916],[107.15690619166969,10.745881414514722],[107.15701300395598,10.745798444494],[107.1572418851821,10.745764113006098],[107.15730292098252,10.745791768518556],[107.15729529028245,10.745946264277896],[107.15713507316393,10.746125554355421],[107.15715033302894,10.746369695450971],[107.15708929732105,10.746620512082218],[107.15715796175287,10.746954297663644],[107.15724188531993,10.746982908833248],[107.15736395536605,10.746672010713823],[107.15750891404,10.746664380425203],[107.15762335457082,10.746811246481776],[107.15802008335287,10.747576093983204],[107.15819555929112,10.747678136686929],[107.15847784760723,10.747727727641992],[107.15859228905411,10.747791623430912],[107.1587982821034,10.748278951969564],[107.15921026837322,10.748263692781324],[107.15961462720387,10.748310422913335],[107.1600418723982,10.748140668523831],[107.16030127296986,10.748181676170157],[107.16077429505654,10.74861845975984],[107.16081244216454,10.748720502685657],[107.16079718410307,10.748920774208397],[107.16061407741415,10.749162053776923],[107.1606217067466,10.749277448373366],[107.16078955428628,10.749393796417495],[107.1609039951985,10.749418592625759],[107.16131598156477,10.749347066146559],[107.16141516410362,10.749362325884965],[107.16156012329736,10.749706601544174],[107.1616440463229,10.74973998028994],[107.16211706857692,10.74982676417944],[107.1622696565859,10.749811506862118],[107.16246802048413,10.749729490740478],[107.16271979071493,10.749516820477476],[107.16277319659844,10.74951395987272],[107.16292578454134,10.749785756121232],[107.16300207850402,10.749860143309057],[107.16305548364126,10.749863004259288],[107.163322512778,10.749726629938486],[107.16345984223994,10.749588346508315],[107.16358954149614,10.749624585054322],[107.16369635285058,10.74975523931987],[107.16374213007575,10.749937391063712],[107.16381079368811,10.75060019444728],[107.1639557531717,10.750697469678782],[107.1640701943126,10.750725126330526],[107.16433722287869,10.750723218744838],[107.16443640534875,10.750817632621056],[107.16466528688254,10.75194487561586],[107.16499335075466,10.752155637682385],[107.16528326808312,10.752240514516643],[107.16571051395493,10.75260481870604],[107.16586310235894,10.753213262646444],[107.16632849549643,10.753477430071502],[107.16637427141575,10.753544187430204],[107.16644293513662,10.753982877094307],[107.16651160034307,10.75406298612769],[107.1667786296677,10.754098272787656],[107.16688544044968,10.754052495195486],[107.16692358680359,10.753978109352445],[107.1669388457637,10.75341353321557],[107.16657263545224,10.752930974664139],[107.16658026508667,10.752817487703846],[107.16671759449132,10.752748822871656],[107.16683203519938,10.752794599481001],[107.16694647603148,10.752956723320427],[107.16714484033278,10.752984380715784],[107.16735083287547,10.753300046201158],[107.16741186883084,10.753315305334109],[107.1674881634389,10.75325903811039],[107.16738898053332,10.752961492509197],[107.16751105148634,10.752961491975238],[107.1675720859998,10.75301775947551],[107.16763312160758,10.753184652603638],[107.16769415658894,10.753215169274224],[107.1677399329282,10.753198003341563],[107.16786963255655,10.752953862702144],[107.1680298500411,10.752784107998561],[107.16812903202357,10.752753591751166],[107.16822821391884,10.752784108525109],[107.16831976758532,10.752853726940264],[107.16828924946356,10.75315890234015],[107.16833502558833,10.753287648719171],[107.16853339027078,10.753413533098628],[107.16946417656408,10.7537492270637],[107.1697693520573,10.754036283737205],[107.17023474571741,10.754589414785983],[107.1710129436679,10.755181645938261],[107.17114264315698,10.755667066128849],[107.17143256038568,10.755802488095004],[107.17147070655388,10.755854940236643],[107.17135626630358,10.756124829895779],[107.17105109035333,10.756382322067523],[107.17103583135982,10.756522512047848],[107.17115790148131,10.756792402456002],[107.17155463056214,10.75742564170738],[107.17173773517887,10.758033132074948],[107.17182165937095,10.758102750651187],[107.1720352829463,10.758179998414047],[107.17253119234276,10.758285856191995],[107.17270666869764,10.758370733554429],[107.17288214460758,10.758505201462105],[107.17306525040901,10.758750295782308],[107.17365271374207,10.759238576790818],[107.17378241409087,10.75943312639484],[107.17389685446743,10.759756420912327],[107.17394263070773,10.760356282393854],[107.1739884079649,10.760521268630098],[107.17418677184958,10.760624265775755],[107.17427069495028,10.760624265575936],[107.17449957691743,10.760479306708055],[107.17464453548395,10.760526036198193],[107.17471319995217,10.760613775322831],[107.17481238153903,10.760909414586331],[107.17489630614328,10.76101908677833],[107.17504126401516,10.761066770545082],[107.1752243696766,10.761028623485753],[107.17532355141282,10.761046743520748],[107.17552191555828,10.761311864542138],[107.17580420367831,10.76151404290857],[107.17604071511393,10.761574125122674],[107.1765595135941,10.761601781298737],[107.17705542362617,10.761804913900297],[107.17720801216136,10.761832570312215],[107.17740637581115,10.761821126522623],[107.17771918193452,10.761633252480037],[107.17778021663761,10.761643743132838],[107.17784888092996,10.761832570598123],[107.17791754588539,10.76187453178465],[107.17799384022442,10.761871671420941],[107.17822272214067,10.761690473321085],[107.17839819747631,10.761651372481625],[107.17845923279569,10.761709546338379],[107.17847449232289,10.762049054256279],[107.17855078591123,10.762132978085523],[107.1787415199458,10.762249325807266],[107.17883307331478,10.762262677457597],[107.17914587809048,10.762196873856706],[107.17923743082409,10.762240743117424],[107.17929083653294,10.762604093031495],[107.17939764814437,10.762725208968957],[107.17964178866148,10.762862539381539],[107.17974860128604,10.76304373700753],[107.17972571177305,10.76318297323172],[107.17959601297967,10.76322493531678],[107.17948920078513,10.76320013881511],[107.1792526903673,10.762866353539682],[107.17916876704032,10.762874936610372],[107.17912298997467,10.76298556288663],[107.17932898436366,10.763398504329919],[107.17971808293136,10.76402029915081],[107.17973334192452,10.76437888136346],[107.179702824183,10.764527654345132],[107.17973334230204,10.764585828414315],[107.18026739932215,10.764616345872886],[107.1805420579455,10.764474248259994],[107.18061072247092,10.764485691923024],[107.18066412771266,10.764519070820556],[107.18071753394025,10.764797544026113],[107.1808243447656,10.764973020447785],[107.18084723341839,10.765123700116723],[107.1805573160526,10.76577792104663],[107.18051916944454,10.765999173439914],[107.1805191686852,10.76608309690394],[107.18071753382404,10.766493176919502],[107.18070990425949,10.76696906065269],[107.18077093953099,10.767112110888565],[107.18106085620727,10.767282819288566],[107.18124396239682,10.767450666129198],[107.18150336084852,10.767445897418115],[107.18176276135493,10.767608022613135],[107.18226630105727,10.767658567624315],[107.18231207759246,10.767747258121414],[107.1822968185206,10.767806386280453],[107.18217474871892,10.768007611385144],[107.18219763631178,10.768163060591753],[107.18225867132423,10.76821646636662],[107.18257147707432,10.768276548246149],[107.18295294628233,10.768184041362945],[107.18328101029311,10.76801047339442],[107.18348700415535,10.767965650397931],[107.18353278009337,10.767983770321353],[107.18357092767982,10.76831755639408],[107.18364722148684,10.768431997130516],[107.1846390421438,10.768486356584582],[107.18501288349218,10.768543576507321],[107.18573004630865,10.769228315311706],[107.18588263403431,10.76931128421269],[107.18636328602837,10.769403791229234],[107.18641669140904,10.769649838716639],[107.18683630885592,10.769759511242604],[107.18698126752119,10.769934986982143],[107.18732458957611,10.770191526433756],[107.18737799595297,10.77029070801922],[107.18736273676087,10.770408009858576],[107.18711859634847,10.770825719040271],[107.18717963142171,10.770977353440882],[107.18735510772457,10.771116590150829],[107.18758398933338,10.77121767948034],[107.18785864767885,10.771242475126826],[107.18881232176008,10.771777486052242],[107.18933874984926,10.772027349033213],[107.18943793288452,10.77197871089465],[107.18950659647385,10.771730756055225],[107.19017798392564,10.771283483212219],[107.1902542774522,10.77127871418389],[107.19039160627615,10.771554325904754],[107.19058997084142,10.771618221866284],[107.19082648194757,10.771580075347138],[107.19131476350444,10.771357868659967],[107.19142157504486,10.771394109088543],[107.19145209284568,10.771543836095793],[107.19127661680653,10.771797513180967],[107.1912232102535,10.771961544727658],[107.19120795174285,10.772177076175748],[107.1912537287927,10.772292469925276],[107.19144446260786,10.772256230519208],[107.19153601607458,10.772149418534632],[107.19159705043367,10.772027349154008],[107.19164489902211,10.771815713690517],[107.19172765987693,10.771562067293782],[107.19177753667515,10.771519862919499],[107.19185645044735,10.771523809126734],[107.19210822098658,10.771837567932042],[107.19223029099527,10.771892881134322],[107.19240576710024,10.771835660016489],[107.19259650129904,10.7715152261807],[107.19276434886244,10.77144942194842],[107.1933212935991,10.771703099267654],[107.19339758747132,10.771871899673906],[107.19364123832061,10.77183448154929],[107.19367878953629,10.771806679705218],[107.19373328136577,10.771713589796677],[107.19366461657151,10.771552418815318],[107.19367224661546,10.771466587467295],[107.19378668629221,10.771394108688007],[107.19388586980847,10.771387432530016],[107.19415289754116,10.771455144202015],[107.19445044450424,10.771677350084778],[107.19459540235144,10.771723126424293],[107.19473273175517,10.771694515931243],[107.19498450207615,10.771529530391335],[107.19515234907435,10.771536205714392],[107.19534308337015,10.771743154115507],[107.19551855954485,10.771806095973771],[107.19641119850202,10.771737432046697],[107.19697577333503,10.771642063926613],[107.19746405581382,10.771750782398215],[107.19779974848626,10.771669720650321],[107.19836432356274,10.771910046757737],[107.198593206014,10.772060726538848],[107.19890601050325,10.77196249845367],[107.19902808186554,10.771980618956714],[107.19985968558437,10.772638653887958],[107.20057684851284,10.773099278289694],[107.20094306031784,10.773177479808984],[107.2016525925533,10.773197506765406],[107.20169837001012,10.773260449473334],[107.20160681735165,10.773452137615195],[107.20163733403851,10.773577068841185],[107.20194251008797,10.773545597170072],[107.20216376317018,10.773762081693128],[107.20224005674642,10.773747776523358],[107.2023850152393,10.77363238230818],[107.20251471489554,10.773623799554606],[107.2026291558826,10.77373728651821],[107.20284277868569,10.774102543700906],[107.20291907339305,10.77414927316849],[107.20314795517271,10.774120663494124],[107.20325476583969,10.774148319090024],[107.20347601946335,10.774392460044284],[107.20412078122634,10.774461422964029],[107.20425382000518,10.774470644491593],[107.20473486907888,10.774458264051779],[107.20489508588959,10.774550770501452],[107.20502478606885,10.774752949375499],[107.20519563541833,10.77479480704121],[107.20547492050737,10.774722431216455],[107.2057038022656,10.774550770408215],[107.20579535451445,10.774524067501362],[107.20625732592045,10.774607893672151],[107.2062780694612,10.774602707395832],[107.20650488807223,10.774434422674387],[107.20658881175892,10.77441534791046],[107.2068329519622,10.77461371229816],[107.20650488746665,10.758051250573699],[107.20668036308368,10.758096072393379],[107.20674139863243,10.758150433000676],[107.2067108813708,10.758551929229935],[107.20679480396292,10.758682582947023],[107.20698553952667,10.758780810405407],[107.20742041546946,10.758825633861159],[107.20789343769283,10.758513782880856],[107.21098334258348,10.75846800545495],[107.21093756508151,10.75258192738139],[107.2126694381314,10.752538058520594],[107.21353918912335,10.752667757633198],[107.21388251203186,10.75304636661684],[107.21397406381837,10.753063533229165],[107.21415717015499,10.753009174282974],[107.21430212780555,10.753200861782847],[107.21438605202813,10.753229471961236],[107.21450049362554,10.753142687739363],[107.21463782173419,10.752799365425751],[107.2147370038733,10.752751681249796],[107.21488235780501,10.752770677177503],[107.2149048509529,10.752773616177036],[107.2149160234897,10.752787209154842],[107.21501929159163,10.75291285212098],[107.2149201088489,10.753324840373558],[107.214935368272,10.753427837333948],[107.2149606702619,10.753442294615736],[107.21498329577288,10.753455224334447],[107.21498877432317,10.75345835388415],[107.21499064144345,10.753454305687479],[107.21516425060088,10.753077837988448],[107.21524817273504,10.753045413357613],[107.21532446726336,10.753076883872964],[107.21535498521567,10.75325045327753],[107.21531683818314,10.753517482223538],[107.21537024382908,10.75358710002269],[107.21559149621325,10.75367960677975],[107.21563727267754,10.753815027756927],[107.21557623746304,10.753933284202388],[107.21527106115143,10.754042003076643],[107.2152075910543,10.754200678374941],[107.2152023968639,10.754213664355794],[107.21521276141118,10.754233313425795],[107.21523480511857,10.75427510636122],[107.21524817340384,10.75430044917638],[107.21530920826156,10.754322382663286],[107.21539313266462,10.754190775633775],[107.21547705530466,10.75419077625461],[107.21578223129036,10.754642818420134],[107.21582037833552,10.75488028313823],[107.21569830813768,10.75542578414207],[107.21571356633751,10.75553259623496],[107.21572972856846,10.755544394020982],[107.2158316013992,10.755618761297391],[107.21590430168662,10.755671832000695],[107.21597379433976,10.755691948365321],[107.21600901024968,10.755702142163178],[107.21604926066931,10.755713793615655],[107.21612555390661,10.75569185883578],[107.21618658967739,10.755586955106676],[107.21608740743177,10.75536093431812],[107.21611029524635,10.755291316096125],[107.2161637013404,10.755263660383198],[107.21628577100809,10.755293224118514],[107.21641547130686,10.755458208918506],[107.21642310069893,10.755562160091445],[107.21620947718039,10.75649485311964],[107.21621710598905,10.756677005089397],[107.21641547144205,10.757047983931482],[107.21631628910507,10.75734457753942],[107.21632765811486,10.757362646359216],[107.21634383468171,10.757388355448827],[107.21636969453475,10.757429454122754],[107.21646750739734,10.757464775127495],[107.21657568862257,10.757503841533842],[107.2167282763027,10.757625910734632],[107.21682745815444,10.757633539695503],[107.21708685705414,10.757552477642326],[107.21720892878066,10.75760683665157],[107.2172204090673,10.757592895363521],[107.21723548984585,10.757574584029465],[107.21726233352885,10.757541988407835],[107.21726996334408,10.757370326097673],[107.21735388605696,10.75733217930339],[107.21743781086523,10.757384630662422],[107.21768958091582,10.757685992254949],[107.2178621499188,10.757780043174149],[107.21788031416818,10.757789943173638],[107.21790394089014,10.757785266889066],[107.21794796063757,10.757776555086942],[107.21797186771367,10.757771823239265],[107.2179788624913,10.757760330930768],[107.21802527308083,10.757684085362474],[107.21794897941358,10.757562014824842],[107.2179413504977,10.757462833476396],[107.21798712657336,10.757409427107387],[107.21807867925942,10.75739512238119],[107.21823889641406,10.757498119248941],[107.21829993129231,10.757738444243708],[107.2183914848718,10.757819507258272],[107.21880347187754,10.75782332060052],[107.21903998260434,10.757729861206839],[107.21936804684421,10.757423732289228],[107.21956641145624,10.757316919577384],[107.21980292221741,10.75727305118493],[107.22035986837516,10.75728449515433],[107.22056586132733,10.75714144409056],[107.22095496056326,10.757119509876752],[107.22115332530383,10.75704703047426],[107.22130591374888,10.757159564149024],[107.2215500532071,10.757200571923642],[107.22164160682996,10.75735220587746],[107.2217331596666,10.757662150871036],[107.22189337634265,10.757784220843389],[107.2223587692938,10.757833811795532],[107.22269446284334,10.757982584925413],[107.2228851972803,10.757948252968975],[107.22320563300214,10.75777468400068],[107.22338110850463,10.757771822646028],[107.22359473133953,10.757835718442209],[107.22476202862032,10.758552882088184],[107.22493750426018,10.758719774469768],[107.22513586943182,10.759168955684206],[107.22540289780258,10.759366367072333],[107.22576910841656,10.759451243653153],[107.22605139718844,10.75945982711393],[107.22725684092353,10.759382578439412],[107.22733313463492,10.759476992451075],[107.22745520601676,10.760251375979115],[107.22768408649944,10.760744425901363],[107.22765357002368,10.76090273547452],[107.22747809404136,10.761174532997451],[107.22747046408838,10.761326167005487],[107.2275314988459,10.761436792930821],[107.22798926280691,10.761589380749527],[107.22804266931207,10.761638971606029],[107.22808081617994,10.761771532907954],[107.22805792830992,10.761887880487107],[107.22795874633856,10.76195082349986],[107.22743994677896,10.76203379373989],[107.22743231662247,10.762112948800782],[107.2275849053411,10.762296054131243],[107.2276001640652,10.76238379170581],[107.2275162405922,10.762465807544164],[107.22724921192373,10.762481066606872],[107.22705084773813,10.762696596390612],[107.22698218329468,10.763075206223762],[107.22711951174969,10.763309809684612],[107.22728735941905,10.763449045759534],[107.22747809437243,10.763528200509858],[107.22760016412052,10.7634976839829],[107.22772223403706,10.763412806404812],[107.22789008126858,10.763497683822157],[107.22800452204572,10.763402316112195],[107.22822577384187,10.763373705687371],[107.22830969843805,10.763249727839435],[107.22843939712091,10.762743326395478],[107.22855383815912,10.762656542515607],[107.22863013198231,10.762703272779408],[107.228645390782,10.76301893900419],[107.22871405633653,10.763140055493178],[107.22940070140865,10.76361784642078],[107.22959143583952,10.763885828271695],[107.2297363949851,10.763954493644729],[107.23008734717429,10.763986919057645],[107.23032385794274,10.764068934729144],[107.23069769799677,10.764075609443315],[107.23092588089521,10.764223770989924],[107.23097235601223,10.764253946830575],[107.23101697895275,10.764253947061205],[107.23113257389498,10.764253946405027],[107.23132330886763,10.764231058996407],[107.23155982031622,10.763894411541528],[107.2321701713514,10.763226839530798],[107.23352057408631,10.762087198577975],[107.23363501505969,10.76203760779454],[107.2342377373837,10.76196226751521],[107.23441321298327,10.76189169507528],[107.23455054250334,10.761786791204297],[107.23492438302154,10.761361452289284],[107.23538977610231,10.761214585948727],[107.2360611628332,10.761123987277468],[107.23627478567212,10.761057229838485],[107.23676306707004,10.760741563771088],[107.23699957835176,10.76075872979095],[107.23745734192595,10.760907503329225],[107.23760993038655,10.760997149452171],[107.23794562318156,10.76132616660837],[107.23828131572719,10.761542650193235],[107.2387467087857,10.761783930143956],[107.23907477274477,10.761831614030125],[107.23964697789168,10.761727662734296],[107.24025733013866,10.76150068928161],[107.24073035194428,10.761237474692242],[107.24149329119264,10.759685846019805],[107.2416916561916,10.759406420262772],[107.24413306222975,10.760023446575453],[107.24427039146323,10.75894197990974],[107.24425513238312,10.758512826417547],[107.24392706841952,10.756429048722755],[107.25710303355021,10.756193489786375],[107.26289374318104,10.756028503750969],[107.29342658119624,10.75541147478231],[107.30046851176803,10.755002348604387],[107.29949957920589,10.750459043620348],[107.30104071659431,10.750036566218746],[107.30421454470451,10.749288885160338],[107.3039475163005,10.748614637514422],[107.30338294037887,10.748415319454084],[107.30319983492684,10.747987120213313],[107.30230719567584,10.7463439390904],[107.30182654358606,10.745848982206876],[107.30173985463193,10.745586591900508],[107.30171973303135,10.745525686284896],[107.30172597165193,10.745479427598443],[107.30191046750929,10.744111387516337],[107.30213934904539,10.741880742785105],[107.30262763009992,10.738242474610031],[107.3028870289439,10.737901059622414],[107.30290108968425,10.73782372870314],[107.3028717698591,10.737681714643479],[107.30274969979226,10.73745473973513],[107.30280722150071,10.736999748596402],[107.30294043553063,10.735946028222466],[107.30323035244778,10.734054890648569],[107.30328375757256,10.733238546203612],[107.30354315684932,10.731586781688293],[107.30392462678266,10.731016484452649],[107.30374152097016,10.730987874473803],[107.30368048555039,10.730857220940969],[107.30377203879493,10.730264989694831],[107.30388647973598,10.730124800024502],[107.30408484419567,10.730013219530054],[107.30489355945987,10.729114858830753],[107.30505377685095,10.728855458428928],[107.30535132374747,10.728557912070672],[107.30532080597699,10.728376714845245],[107.30521399518283,10.728242246684736],[107.30509955374943,10.728173581395321],[107.30413825009576,10.728238431833619],[107.30394751514159,10.728168813110612],[107.30350249270457,10.728104213130102],[107.30330923434111,10.728123371304688],[107.30319983341104,10.728225079184307],[107.30313879904946,10.728527394893586],[107.30307013451477,10.728600827180225],[107.30268103546813,10.728704778802252],[107.30256659495475,10.728773443045961],[107.30235297141613,10.7290633593952],[107.30191046644927,10.72986253837906],[107.30173499049228,10.729988424104258],[107.30159766223503,10.729994145261381],[107.30152899669767,10.729933110980697],[107.30152899659569,10.72983488304123],[107.30171973170374,10.72970422860586],[107.30236060046491,10.72844823975347],[107.3027649584651,10.72799333729],[107.30297858163662,10.727614728365348],[107.30319983398009,10.727425900178815],[107.30356604510376,10.727236119477974],[107.30370337376904,10.727122632495174],[107.303787298131,10.72685083523456],[107.30376440992833,10.726705876809339],[107.30340582725532,10.726295796737936],[107.3033981990124,10.726122228909118],[107.30345923377376,10.725968686245109],[107.30368811586828,10.725798932299869],[107.30375677986602,10.725696889080638],[107.30376440963326,10.725539533108662],[107.30366522794574,10.724889127050485],[107.30355841555648,10.72476038112029],[107.30314642866699,10.724576321442443],[107.30307013432115,10.724470464473914],[107.30298621026047,10.724007932511674],[107.3028031053363,10.723442403425098],[107.30270392311998,10.723238315962098],[107.30213934887337,10.722529736233001],[107.3019715016805,10.721770612636545],[107.30168158403669,10.721685735170203],[107.3014832199637,10.721569386022885],[107.30129248561559,10.72136243975877],[107.30131537374633,10.721221295648514],[107.30126959725088,10.721029607710994],[107.30113226803161,10.720822659095301],[107.30094916198068,10.720681516269957],[107.30086523916832,10.719062177395097],[107.30111700960316,10.718109456694005],[107.3012543383968,10.717759457096886],[107.30416113739736,10.715232220125987],[107.30435950137128,10.714948026243453],[107.30476385928222,10.714719143862371],[107.3051224406205,10.714644757006617],[107.30521399368642,10.714328136695379],[107.30533606394337,10.713093129258674],[107.30527502873845,10.71298822486036],[107.30507666494854,10.712903347994517],[107.30451208906793,10.712023105776693],[107.30215460562907,10.709007588217375],[107.30112463741405,10.707756367436646],[107.30066687375904,10.706051197419942],[107.30018622219688,10.704896298258666],[107.30035406833296,10.704588261110327],[107.30048376833774,10.70443090432337],[107.30030829258715,10.704258289822638],[107.30033118052334,10.704024639807717],[107.29980475274671,10.703975048479188],[107.29978186465316,10.703689899344646],[107.29986578742479,10.703405704328757],[107.30003363453547,10.703139629853784],[107.30061346833409,10.702540722387585],[107.30075842655805,10.702082959060279],[107.30075842601231,10.701843586788838],[107.30077253595353,10.701822813328294],[107.30077368574432,10.70180162437567],[107.30082709167043,10.701742496400756],[107.30098730834037,10.701683368698959],[107.30163580695613,10.701715793834511],[107.30207831125418,10.701553669743461],[107.30215460492198,10.701130237486822],[107.30243689289995,10.700633373611865],[107.30252081659322,10.700558986786993],[107.30290228586142,10.700409260746525],[107.30315405627432,10.700414982032713],[107.3032990149566,10.700373020816839],[107.30339056707972,10.700270023730031],[107.30355078562873,10.699920978529121],[107.30358893194631,10.699695911350721],[107.30368048387093,10.699687328048936],[107.30386359035633,10.699845638437793],[107.30397451029619,10.69986470361742],[107.3039957700195,10.699851083542711],[107.30411536030367,10.699667301829628],[107.30438238921107,10.69942029961647],[107.3046951940895,10.69938119898777],[107.30510718130857,10.69919237129192],[107.30545790036285,10.699190652465449],[107.3055496866761,10.699145641093011],[107.30581802682744,10.698524170484296],[107.3056641270622,10.698299732006173],[107.30566412737149,10.698107090303779],[107.30590063838214,10.6976636315832],[107.30632788415149,10.697335567567468],[107.3065109905184,10.696992245148413],[107.30676276019027,10.696716633447487],[107.30706793481444,10.69623407331623],[107.30715948856373,10.6961854356851],[107.30717651949278,10.696190639932917],[107.30718237641067,10.69618829688531],[107.30730075551038,10.696222516373233],[107.30738837057137,10.696113909908068],[107.30736548197108,10.695979442218853],[107.30725104140956,10.695881214278144],[107.30707556532016,10.69563230521131],[107.3070297894889,10.69536050817769],[107.3069000890005,10.695192661468504],[107.30685431194205,10.694918957285664],[107.30669409538731,10.694719639300192],[107.30668646641917,10.694609966209741],[107.30689245889613,10.694382037964797],[107.30748755159638,10.694060650150462],[107.30776983996111,10.694027270757449],[107.30766302839251,10.69356283232083],[107.30719000622008,10.693495121205292],[107.30680090731975,10.69327482191151],[107.30591589655283,10.69303258930228],[107.3045578649476,10.692469921479963],[107.30487829850574,10.691634502132352],[107.30358893176427,10.691089954105392],[107.30470282224549,10.688509310778711],[107.29941565277629,10.686307276859875],[107.29938513439774,10.686259594416645],[107.29946142822092,10.68615469056569],[107.29946818227153,10.68612204655626],[107.29948874144445,10.686022678662273],[107.29952802853518,10.685832793309576],[107.29953009344928,10.685822811012434],[107.2995540257676,10.685822394003464],[107.29985815740248,10.685817088747307],[107.29992682147117,10.685764637178671],[107.29995733928793,10.685680713452362],[107.29996496826475,10.685315456141794],[107.29992682118997,10.685235348437025],[107.29978186367758,10.68514570198026],[107.29957586922096,10.685115184616848],[107.29949957506179,10.685032214740687],[107.29950450844076,10.685024199427579],[107.2995133736494,10.685009794352839],[107.29953009345111,10.684982624260961],[107.29958134329408,10.684969812062619],[107.29964453466053,10.684954013978842],[107.2997281795335,10.684883438487315],[107.29973608603652,10.684876765985289],[107.29973998036424,10.684876496299147],[107.29977758073017,10.684873884732399],[107.2998047514736,10.684871998272973],[107.29986201827292,10.684912745669676],[107.29990393292509,10.684942570425475],[107.29992073609631,10.684939769199211],[107.29993006216634,10.68493821531661],[107.29994970954019,10.684934939920845],[107.29998785597645,10.684860553608091],[107.29997259848169,10.684707966475246],[107.299949486233,10.684642322393946],[107.29990289830134,10.684510000225805],[107.29984988310763,10.684359424376911],[107.29983526864656,10.684317913085085],[107.29983526843999,10.684015732716666],[107.29983526800314,10.683977450633238],[107.29973608609663,10.683775544324433],[107.29972845721517,10.683760012648156],[107.29973608595613,10.683737317371467],[107.29976122640693,10.683662525623932],[107.29976660451555,10.683646526304075],[107.30002600355753,10.68336900717579],[107.30017096257184,10.683363285102164],[107.30039984454142,10.683487263025834],[107.30041893505145,10.683479978238617],[107.30058265955779,10.683417503911397],[107.30068976098434,10.683376635760327],[107.30071426029737,10.683358873927896],[107.30073326210609,10.683345098197057],[107.30076605500861,10.683321322625757],[107.300791352029,10.683261592520077],[107.30083471924952,10.683159199208669],[107.30088640186754,10.683124959208753],[107.30090143960689,10.683114996560015],[107.3009110136313,10.683108653793871],[107.30092823241851,10.683131408298658],[107.30112463674325,10.683390940972895],[107.30123144845751,10.683407154173887],[107.30132299991415,10.683355655267281],[107.30154425332533,10.682936038733807],[107.30164343557844,10.682621325929777],[107.30175787593919,10.682555522991546],[107.30211645705525,10.682502117125185],[107.30241400464979,10.682244624825602],[107.30276495636771,10.682073916381587],[107.30290228554136,10.681966151641726],[107.30290228488565,10.68185361754658],[107.3027039211406,10.681778277997713],[107.3026199970261,10.681705798768915],[107.30258948001867,10.681586589623713],[107.302627627514,10.681475010192418],[107.30274206835101,10.68138154954234],[107.30291754386033,10.681310977970787],[107.30323034961846,10.680990542872669],[107.30380255446491,10.68071874564214],[107.3040924715621,10.680203761582938],[107.30430609408609,10.679970111921085],[107.3044205349993,10.679902400205794],[107.30464941652097,10.679884280243114],[107.30474096966344,10.679807032934198],[107.30479437525331,10.67965539893276],[107.30492407486595,10.67952569831676],[107.30522924987993,10.679473246600978],[107.30547339094811,10.679354037355875],[107.30615240742894,10.678757991277127],[107.30641180691381,10.678457583876487],[107.30667883542066,10.677862490429712],[107.30683142293584,10.677654589195376],[107.30699927022371,10.677604998324506],[107.30725104019024,10.677739466675792],[107.30746466352568,10.677739465999545],[107.307891909465,10.677542056543087],[107.30804449693066,10.677391375780358],[107.308250491164,10.677345599011282],[107.30829626727721,10.677311267256622],[107.30829916410396,10.677293882900928],[107.3083115264767,10.67721971397553],[107.30815130869478,10.677004184208046],[107.30815653031968,10.676985375567815],[107.3082352323339,10.67670186934508],[107.30841833715837,10.67672857223753],[107.30856903800904,10.67666863404534],[107.30858618380414,10.676661814070142],[107.30871588418965,10.676672305259135],[107.3088532129565,10.67659315029734],[107.30903785352957,10.676656176637945],[107.30905157726465,10.676660861454701],[107.30907915714204,10.676600673970938],[107.3092346831863,10.676261270856621],[107.30920416504439,10.675965632143637],[107.30930334704922,10.675778712330144],[107.30962378166245,10.675721492603904],[107.30976874013554,10.675601329316661],[107.30978502322154,10.675606695481097],[107.30984842007148,10.675627587623792],[107.30985266269805,10.67562898547385],[107.3098755519206,10.675738658290069],[107.309935116252,10.675774231547194],[107.30994421625645,10.675779666086086],[107.30997383839384,10.675775037947203],[107.31002482111656,10.675767071992238],[107.31003576894324,10.675765361529171],[107.31014258036856,10.675680484375741],[107.31021124510511,10.6754582773024],[107.31017309809272,10.675196017527558],[107.31036383326057,10.675102557123617],[107.31042486801199,10.6750052818293],[107.31041723882194,10.67490896117181],[107.31026465110142,10.674589480507326],[107.31024939221594,10.674403513985583],[107.31034094469089,10.674222316276076],[107.31057745583696,10.674016322260293],[107.31058508482329,10.673906649010629],[107.31052404956289,10.673722590334595],[107.31054693808285,10.673583354207185],[107.31063849100596,10.673528040768842],[107.3108597439937,10.673536624477057],[107.31095892603486,10.673498477361107],[107.31097418419094,10.67339166462739],[107.31088263232452,10.673151339214519],[107.3108798407891,10.673103192314215],[107.31087718155638,10.673057334166675],[107.31087500216407,10.67301973196191],[107.31088047486213,10.67301041141185],[107.31097646308655,10.672846932837713],[107.31099707286886,10.672811830751028],[107.31137091323771,10.672604884063844],[107.31144602771302,10.672633052060263],[107.31145483621965,10.672636354971313],[107.3114199229816,10.672817028703646],[107.31141668858803,10.672833765795428],[107.3114700945588,10.672897662305557],[107.31168371796116,10.672982539201904],[107.31190497068542,10.67293962354583],[107.311966006007,10.672788943199937],[107.3119278588841,10.67243322276317],[107.31204992897281,10.672217692000446],[107.31217199874264,10.672128999897488],[107.31225592271021,10.672114695001277],[107.3124424675946,10.672245635955651],[107.31245428697085,10.67225393193901],[107.31247821497848,10.672248615325753],[107.31251572393109,10.672240278923498],[107.31252295207784,10.672238672843775],[107.31252249801244,10.672231176904548],[107.31250769324292,10.67198690292996],[107.31255346935119,10.671927774928275],[107.31261450422573,10.671898211007873],[107.31284338573796,10.671925867818052],[107.31298834525968,10.67167505060136],[107.3131867092851,10.67160448010256],[107.31320959711658,10.671521509422954],[107.31317907969346,10.67119630706342],[107.31343847919823,10.670999849958475],[107.31352240180378,10.670779551104925],[107.31388098397126,10.670672739866758],[107.31417090108086,10.670367563879607],[107.31430822987872,10.670333231789307],[107.314311236913,10.670324962036435],[107.31436926448066,10.670165384676816],[107.31444076945941,10.670158071995425],[107.31445318775158,10.670156801449567],[107.31445882489348,10.670173417344355],[107.3145447405362,10.670426691792514],[107.31462103472933,10.670443858026749],[107.31468207031325,10.670338953827578],[107.31468207002234,10.669922198052689],[107.31477054811471,10.669785793537192],[107.31477362252984,10.669781053818145],[107.31478598327092,10.66978354259228],[107.31491095184049,10.669808710913532],[107.31508642814971,10.670025194795398],[107.3153000508638,10.670030917087889],[107.31548315689113,10.669821108490007],[107.31583410908371,10.669642770659685],[107.31587988521568,10.669555986817405],[107.31585797591796,10.669211822914722],[107.31585699718087,10.66919645180801],[107.3158876440774,10.669189200575053],[107.31607062003425,10.669145906437192],[107.31607532789782,10.669138951370046],[107.31615454261086,10.669021928650768],[107.31621557909254,10.669011438628871],[107.31645971925484,10.669116342239544],[107.31707959295598,10.66909393757098],[107.31709295915412,10.669093454839322],[107.31711558622973,10.66907774132093],[107.3171502616424,10.669053659405296],[107.31716162253096,10.669045770773176],[107.31727510671311,10.668802846704066],[107.317283693512,10.668784464917476],[107.31730090606025,10.668779392224968],[107.31739050530803,10.6687529924084],[107.31762701686574,10.6688264257162],[107.31782538079187,10.668625200097933],[107.31797796913524,10.668557489274137],[107.31801473389478,10.668563836064395],[107.31805814316023,10.668571329041022],[107.31813818549247,10.668585146850765],[107.31838995583834,10.668731058187454],[107.31857306073759,10.668933237344094],[107.318588319813,10.669055307372373],[107.31864172565079,10.669133508407116],[107.31904608363045,10.669202173366335],[107.3191986716802,10.669393861624192],[107.3192140030595,10.669394732822644],[107.3192382793428,10.66939611228596],[107.3192825952818,10.669398630352811],[107.3193771620773,10.669335585402491],[107.31944281231878,10.669291818740561],[107.31948985301817,10.669286473330569],[107.31950951625161,10.66928423980831],[107.3195267356145,10.66928228246747],[107.31954568421901,10.669308899214762],[107.31968695260923,10.669507349513768],[107.31990057634661,10.66949399785192],[107.32007605158742,10.66953500506692],[107.32034308139082,10.669644678410158],[107.32051855730984,10.669791544758668],[107.32086187996887,10.66979631276028],[107.3211060198237,10.669842088339037],[107.32144934337177,10.669799173189926],[107.32192236645493,10.670130098043822],[107.32205206513582,10.670136774377523],[107.32229620575427,10.67033609255751],[107.3227463401704,10.670567835308963],[107.32282263389855,10.670632684645618],[107.32285090376875,10.670686195626054],[107.3228918340005,10.670763668536274],[107.32292944599602,10.670834862951795],[107.32292280305586,10.670916857478938],[107.32290786918527,10.67110120274751],[107.32289892770928,10.671211565598881],[107.32279211719013,10.67155202607452],[107.32285315236292,10.671946848256097],[107.32293707491309,10.672110880684873],[107.3232422511328,10.672412241355937],[107.32347113285242,10.672483766605106],[107.3236847563541,10.672641122917284],[107.32378393845876,10.672754610185414],[107.3239670434785,10.673102701352084],[107.32407385509512,10.6731389413557],[107.32431799599416,10.673117960756953],[107.32463843060414,10.673507058932946],[107.32483679417805,10.673524224980213],[107.32505804689302,10.673458421581772],[107.32519537671125,10.67349466107153],[107.32588965101799,10.674055422631058],[107.32620245678558,10.674183214307718],[107.32674414376656,10.674290024967656],[107.32734686579649,10.674717272661704],[107.32760626544301,10.675147378849893],[107.32773087707696,10.675801597615754],[107.32775885238355,10.675948464907643],[107.32779615229582,10.675997421364492],[107.32786165487344,10.676083392714453],[107.32791144058427,10.67614873759693],[107.3282013572318,10.67634233348445],[107.32836157523987,10.676411951627296],[107.32874304427604,10.676325166558216],[107.32968146052036,10.67643674607507],[107.3302841830071,10.676359498832038],[107.33073431703174,10.676229799444492],[107.33098608645759,10.67621549382568],[107.33110052756723,10.676303232361818],[107.33127600362907,10.67679055913085],[107.33144385039041,10.677046144405017],[107.33169562084916,10.677399003925112],[107.33183294939148,10.677471483565565],[107.33219153141349,10.677457178513324],[107.3329239533258,10.67761644134814],[107.33343512278908,10.677650774121414],[107.33377081539841,10.677609765804918],[107.33400732812784,10.677324616949276],[107.33435827962556,10.677259767358295],[107.33443089726009,10.677260927601207],[107.33477000985118,10.677266350316769],[107.3350144081336,10.677270258265109],[107.33507685254061,10.677293479888837],[107.3356247583028,10.67749723180004],[107.3367005033827,10.677378023284854],[107.3369827907417,10.677504861639482],[107.3377609898542,10.678268755216028],[107.3379975005248,10.678388918024517],[107.33827215859611,10.67801507652453],[107.33849341166406,10.677469575616888],[107.33868414546208,10.677182519868232],[107.33883673399669,10.67720826871372],[107.33919531593178,10.677562081925448],[107.33934790414833,10.677626931679027],[107.33959204356745,10.677631699558635],[107.34008032561388,10.677377069050427],[107.34052283085244,10.677311266064583],[107.34066016017107,10.677137696660527],[107.34088141204444,10.676645600679201],[107.34102637084605,10.676633202615164],[107.34137732297042,10.676737153216921],[107.34149176426935,10.676708542996158],[107.34153753970031,10.676608407741854],[107.34149939299408,10.676493012166633],[107.34124762278223,10.676382386362917],[107.34108740600749,10.676209772023627],[107.34091955841416,10.675893151525173],[107.34090429967955,10.675686205044633],[107.34135443509794,10.67544778567986],[107.34158331574028,10.675224625412445],[107.34201819196839,10.67509778746256],[107.34214789138622,10.675021493275807],[107.34240928518916,10.674741039060654],[107.34242254969729,10.674726807700324],[107.3424435829403,10.674735680932026],[107.34260565444018,10.674804055511354],[107.34272009546856,10.674971902356912],[107.34272772594299,10.67504056658367],[107.34272009567677,10.675052828744914],[107.34262091399637,10.675212227732821],[107.34229063159813,10.675351341810009],[107.34226996215372,10.675360047863824],[107.34226996144892,10.67537939327106],[107.3422699620265,10.675421273662709],[107.34226996160065,10.67545541463262],[107.34233099661071,10.67550595907362],[107.34259039615145,10.67551931113805],[107.3428879424332,10.67545064653138],[107.3433512335007,10.675219637537548],[107.34358221750301,10.675104462018153],[107.34377882257091,10.674967177012173],[107.344024722512,10.674795472494594],[107.34422308650333,10.674704873307178],[107.34429938118883,10.674760186714028],[107.34429175081159,10.674876534748154],[107.3441391637153,10.67524369939077],[107.34413916419366,10.675379120714236],[107.34422308688487,10.675547921469184],[107.34436804444428,10.675623261278753],[107.34532172003794,10.67578920048155],[107.34565741281511,10.675746285475082],[107.34587103557008,10.675765359148674],[107.34597784830702,10.675855958664364],[107.34609991815965,10.676147782694542],[107.34647375779804,10.676152550042493],[107.34756476165256,10.676781022462428],[107.34769446118973,10.676821076573463],[107.34777838455284,10.676822030411772],[107.34797674925976,10.676657998005814],[107.34807593069293,10.676657997960953],[107.34813696619733,10.676753365112702],[107.34812933686916,10.676891648721655],[107.3481903718626,10.676979386716223],[107.34825140683763,10.676983201453197],[107.3484345126197,10.676812493467587],[107.34863287660997,10.67680867801496],[107.34877783482638,10.676936471387311],[107.34895331103392,10.67731603364457],[107.3490143470747,10.677374207506157],[107.34910589914101,10.677392327033356],[107.34922034011228,10.677337967862941],[107.34942633360936,10.677053773523655],[107.34948736857373,10.677022301120303],[107.34997565000123,10.676957451093058],[107.3502432623662,10.676836511276145],[107.35027319691056,10.67682298330639],[107.35030030398376,10.676835084931065],[107.3503511291793,10.676857775360086],[107.35038000767024,10.676870666882353],[107.35038873275182,10.676893571061159],[107.35043353391224,10.677011172467788],[107.35044104339467,10.677030884255016],[107.35043962113623,10.677075850177962],[107.35043503239966,10.677220988953946],[107.35043341419681,10.677272164208704],[107.35039526728164,10.677363717512945],[107.35021216174945,10.67750390729588],[107.35019820428418,10.677540545448343],[107.35017961265547,10.67758934832172],[107.35016638533003,10.677624070255343],[107.35013586852504,10.678320252612341],[107.35024267897774,10.678596818239052],[107.35030371458706,10.678642594099363],[107.35044104298731,10.678646409008872],[107.3508454010519,10.67826684646687],[107.35109717070883,10.678211532760004],[107.3518753697813,10.678294502985304],[107.352211063613,10.678538643096081],[107.35218925476681,10.678567038977674],[107.3518982577339,10.67891343845632],[107.35176305902417,10.679121982450546],[107.3516617472141,10.67925389877299],[107.35156523538491,10.679427126581293],[107.35151678786093,10.679501854900863],[107.35136420049513,10.679787956853417],[107.35121161200102,10.680231415284247],[107.35115057715824,10.680592858461477],[107.35115462315137,10.680646173832182],[107.35114294844753,10.680731141028964],[107.35118375811676,10.681030129066773],[107.35120398347074,10.681296670673799],[107.35129207611399,10.681823708966618],[107.35141760675198,10.682743394218992],[107.35134131253943,10.683113419664751],[107.35119635327752,10.683485352564253],[107.35086066084817,10.684021317190792],[107.35080725480127,10.684166276782541],[107.35080725443544,10.684369408048639],[107.35111243066792,10.68463166913171],[107.35163885827875,10.684892022563966],[107.35182196448103,10.684942567684438],[107.35228735747813,10.684949242164663],[107.35263830924978,10.68486913391147],[107.35354620711195,10.684550606409374],[107.35383612495451,10.684563958502986],[107.35419489810722,10.684995233905715],[107.35439307019905,10.685326897219692],[107.35439307068478,10.685483775332681],[107.354293888871,10.685936295147952],[107.35407263537364,10.686261498659723],[107.35372931217223,10.686475121067634],[107.35282141459186,10.686677300581403],[107.35260779140387,10.686764084240075],[107.35231787419664,10.6869862913394],[107.35195484563404,10.687382323067148],[107.35180140091869,10.687493369618357],[107.35167081207848,10.687559858173167],[107.35150185095166,10.687618898098052],[107.35127327052822,10.68766149775212],[107.35044104372332,10.687725388388085],[107.35038856204923,10.68774480656867],[107.35033423264062,10.687749230834099],[107.35028441223632,10.687783342284426],[107.35025030944307,10.687795960826012],[107.34982306260959,10.688099230033188],[107.34951025762508,10.688380562528002],[107.34940344697868,10.688680970366756],[107.3494339638951,10.688954674574859],[107.3494780058883,10.689053769532586],[107.3494949985237,10.689138734480606],[107.34955367455463,10.689224023641753],[107.3495865514582,10.689297998113071],[107.34976202724864,10.689526879390204],[107.35050208002978,10.690246903365601],[107.35084540189274,10.690793358970286],[107.35095984316153,10.691102349440648],[107.35092169594564,10.691421830358085],[107.3508225142855,10.691542947138993],[107.35067755622448,10.69164308243308],[107.35040289640268,10.691746079890423],[107.3498993564497,10.691855752820008],[107.34978491552542,10.691927277341245],[107.34970099287018,10.692081773171425],[107.34968573353507,10.692275368739924],[107.34969336389074,10.69240125406573],[107.34976965802896,10.692556702925348],[107.34983832178312,10.692602480032756],[107.35050970855258,10.692838037102273],[107.35086066121,10.69311651007127],[107.35100562018748,10.693335855056613],[107.35123450095628,10.693898522696106],[107.35137946006245,10.694066369714653],[107.35153204755673,10.694142664207249],[107.35170752396198,10.694170319721248],[107.35262305084068,10.694118821604018],[107.35272223339688,10.69415315346865],[107.35288245086251,10.694300974059406],[107.35317999704395,10.694727265289634],[107.35350806109223,10.695455873125832],[107.35382849643078,10.696442925999458],[107.3538284965689,10.696614586867017],[107.35379797774688,10.69672330560456],[107.35359198456943,10.696891152833025],[107.35299689243182,10.697007500682902],[107.35280615675025,10.697099053863054],[107.35263831051651,10.697224939230248],[107.35242468674606,10.697594010959966],[107.3524628339941,10.697872484240264],[107.35273749224221,10.698604906204135],[107.35278326947386,10.699088418797952],[107.35275275161966,10.69932302284035],[107.35255438741436,10.699979149804891],[107.35255438709589,10.701128327841447],[107.35247046299,10.701294266813465],[107.35193640601939,10.702005708347526],[107.35170752427105,10.7021039367192],[107.35140997829178,10.70213540826358],[107.35125739056983,10.702237450905955],[107.35118872525288,10.702493035913704],[107.35121924336734,10.703029955140257],[107.35118872575376,10.703217828256548],[107.35114294952662,10.703344667252317],[107.35104376748859,10.70344575687332],[107.35028082734813,10.703816736067852],[107.34983069314252,10.704449021973964],[107.34949499906755,10.704719865865478],[107.34870917217862,10.704848612348849],[107.34851843721552,10.704904878676077],[107.34833533257029,10.705025040946946],[107.34815985567687,10.705215776607993],[107.34803015647937,10.705428446398168],[107.34796149171231,10.705759371575784],[107.34811407994763,10.706253374545419],[107.34819037341997,10.706356371136016],[107.34832007394189,10.706440294463626],[107.34926611899108,10.706559503096535],[107.34954077668802,10.706652010439518],[107.34970099389837,10.70676168264042],[107.34982306373476,10.706955278335903],[107.34989935801498,10.707174623668344],[107.34998328206076,10.707717264005732],[107.35007483378048,10.707949960737691],[107.3502197924892,10.708113039683433],[107.35084540267333,10.708536470113861],[107.35096747383993,10.70874151016209],[107.35099036133039,10.709060991150183],[107.35093695536533,10.71008619159682],[107.35100562081062,10.710339868192458],[107.35109717299176,10.710466707584567],[107.35131079608176,10.710617387784772],[107.35234076494685,10.710939729277811],[107.3532181447806,10.711109483740453],[107.35338599220452,10.71115907469282],[107.35346991509782,10.711224878047151],[107.3535156909747,10.711304033622248],[107.35351569107607,10.7114966755341],[107.35335547355007,10.711888635158505],[107.35330969821825,10.712184274636193],[107.35339362093845,10.71250947749132],[107.35360724422782,10.712775552155065],[107.35392767902457,10.712932909054219],[107.35431677799971,10.712970102288358],[107.35450751331518,10.71294626075534],[107.3545767601893,10.712913231214262],[107.35465247096408,10.71289666931396],[107.35473739326322,10.71283661357456],[107.35479743008514,10.71280797697104],[107.35493463585574,10.712697125016103],[107.35515505158592,10.71254124921079],[107.35525267716501,10.71251074139421],[107.35556799935738,10.712568605670334],[107.35595709817872,10.712749803425309],[107.35624701553591,10.71294816838043],[107.35707861949994,10.713572823901083],[107.35771948860574,10.714165056191812],[107.35791785196594,10.71459897809803],[107.3580551809421,10.71528657723511],[107.35850531547096,10.715975130466758],[107.35859686844252,10.716198289898276],[107.35861525015613,10.716499292115],[107.3586197560997,10.716573084149509],[107.35859913966307,10.716641874089747],[107.3585205741804,10.716904009642247],[107.35776526476464,10.718006456796669],[107.35776526431847,10.718283022739978],[107.3578262991677,10.718434656683062],[107.35799548886958,10.718592025374948],[107.35832983935481,10.718797052188634],[107.35912329611433,10.71904023967895],[107.35932929056486,10.719161356082115],[107.35936876450165,10.719194909458102],[107.35958077615636,10.719375119260379],[107.35963446694667,10.719420755378664],[107.35967355822822,10.719485296987015],[107.35981757195432,10.719723070318722],[107.35989386569244,10.720078790527625],[107.35987097793526,10.720247590964787],[107.35938269628448,10.721319521529985],[107.35929877241108,10.721741045184404],[107.3593292905396,10.721913660192282],[107.35984808984242,10.722812975905255],[107.36045081177055,10.723661745119301],[107.36063391692102,10.723980272510575],[107.36109931112482,10.724531496275135],[107.3613053034906,10.725032175343287],[107.3613434507895,10.725291574148143],[107.36129004512111,10.725782716940703],[107.36112982781904,10.72650369435131],[107.36069495329421,10.727382982671958],[107.36071784057042,10.727742517900158],[107.36077887606595,10.727947557827292],[107.36087805759797,10.728103006935429],[107.36099249901942,10.728225076956537],[107.36166388572991,10.728576029336867],[107.36244971351518,10.729069078746326],[107.36307532418299,10.729341829445929],[107.36375434022088,10.729783380160436],[107.36383063406653,10.72988542311168],[107.36384589315603,10.730000818338851],[107.36358649320154,10.730928743814863],[107.36360938129043,10.731037462798492],[107.3636780463263,10.731128061507526],[107.36378485686495,10.731188142172382],[107.36412817976654,10.731207216139024],[107.36454779740264,10.73107560912766],[107.36551673059651,10.730461443241975],[107.3658295349578,10.730438554609528],[107.36601264127594,10.730481470687081],[107.36618811731165,10.730584467233628],[107.36634070525285,10.730704630242526],[107.36740118995249,10.732202852752401],[107.36798102404501,10.73293908959745],[107.36826331227175,10.733157480283813],[107.36843115902161,10.73318799879389],[107.36865241106037,10.733158434277009],[107.36969000910449,10.732703531492161],[107.36985022608604,10.73248800120682],[107.37013251467269,10.731834733887467],[107.3703766548136,10.731553400217331],[107.37075049519207,10.731286371211304],[107.37110907646537,10.731275881117623],[107.37142188101683,10.731438959511609],[107.37168128135887,10.731765115075392],[107.37178809279972,10.731988275599143],[107.37181098018627,10.732416475634592],[107.37166602257253,10.732808435181395],[107.3709946350426,10.733392084469328],[107.37089545357291,10.733539902987143],[107.37083441847788,10.733823145223525],[107.37086493686998,10.734024370606086],[107.37107092936986,10.734357201933346],[107.37123877675803,10.734484041087535],[107.37146002866307,10.734580362091522],[107.37177283452036,10.734659517539601],[107.37302405464467,10.734716737324659],[107.37354285358157,10.734926546219748],[107.37381751176196,10.735109651030779],[107.37415320555242,10.735424364315449],[107.37440497573547,10.735906922952786],[107.37461859854749,10.736516320886249],[107.3747482981759,10.73669179743696],[107.37509162093532,10.736927354854682],[107.3755036075302,10.737011278465182],[107.37607581318713,10.737325037023176],[107.37633521193786,10.737539613429737],[107.37670142323155,10.738018358532143],[107.37718207526791,10.739066446406703],[107.37747199213908,10.739550912925596],[107.37802893845688,10.740222299615546],[107.37816626736254,10.740634287631824],[107.37818152585558,10.740784013123111],[107.37815863848978,10.74178918599619],[107.37823493205259,10.742021883477706],[107.37833411438582,10.74211248251008],[107.37844855478286,10.742172563253556],[107.37864691900025,10.74219640535431],[107.37888343027876,10.74213727706988],[107.37898261195949,10.742065752571476],[107.37912757094355,10.741754854425315],[107.37925727083162,10.741277063161325],[107.3794403765193,10.74104436715218],[107.37964637005294,10.741015756274411],[107.37992865701949,10.741194092847339],[107.38008887504874,10.741577469840719],[107.38015753867818,10.741858804141392],[107.38020331475151,10.742277467457024],[107.38018805730907,10.742710436390684],[107.38008124475292,10.743081414820733],[107.37954718860627,10.743917787120262],[107.37950141117015,10.744207704135889],[107.37956244591889,10.744461382400726],[107.38027960926341,10.745963419739036],[107.38047034471062,10.746535623599343],[107.38048560296377,10.746894205665143],[107.38036353328768,10.74736913562844],[107.38037116201961,10.747516000500891],[107.38054663806325,10.747728670377237],[107.38112647271771,10.748067224011827],[107.38123328445332,10.748085344610429],[107.38175971270064,10.747947061398976],[107.38231665843288,10.748018587205713],[107.38249213472722,10.74795183020548],[107.38287360453096,10.747663820606121],[107.38302619181125,10.747661913013461],[107.38312537419945,10.747739159976302],[107.38318640945307,10.747830713119162],[107.38318640988302,10.748006189698357],[107.38289649227714,10.748484934649026],[107.38278968037767,10.74883874690309],[107.3830338214068,10.749470079622421],[107.38307196848177,10.749849642624508],[107.38291175196261,10.750361765396384],[107.38289649263959,10.750749910673186],[107.38298041542558,10.751081789697347],[107.38311011613065,10.751276338465443],[107.38359839716675,10.751627290538602],[107.38510901704477,10.752088869095822],[107.38530738059406,10.752275789396688],[107.38553626281424,10.75314935523403],[107.38563544457088,10.753351534163654],[107.3857804039509,10.753497446185236],[107.3861618735373,10.753673876558933],[107.38664252474821,10.75379880740549],[107.3868027433144,10.753896082686431],[107.38719947071243,10.754390084878708],[107.38746649961003,10.754633272324806],[107.38804633399307,10.75482019228768],[107.38854987383483,10.754912698157025],[107.38864905624764,10.75497468757311],[107.38873297960639,10.755064333304535],[107.38877875569271,10.755185449129868],[107.38877875623515,10.755927408739936],[107.38885504964159,10.756140077209238],[107.38900763837242,10.756390894229968],[107.38931281379351,10.756682718473526],[107.38967139470245,10.756772363480078],[107.38990790579038,10.756696069647958],[107.39002997735848,10.756603563477524],[107.39035804154966,10.75614293816845],[107.39048875421909,10.756000622199627],[107.39057929306061,10.755881632270546],[107.39074096442427,10.755726023110931],[107.39088446892083,10.755569780571035],[107.39103705734736,10.755441034081487],[107.39131171470953,10.75536855505518],[107.39157111376966,10.755474413305278],[107.39172370252585,10.755627953960598],[107.39209754348084,10.75614675303434],[107.39250190024596,10.756478632131858],[107.3927384123413,10.756729448243894],[107.39288337061019,10.757102334739185],[107.39305884628921,10.758015955413098],[107.39307410484,10.758477532857032],[107.39301307013434,10.758695924017013],[107.39292151720372,10.758924806258293],[107.3925705656111,10.759478891210769],[107.39253241828536,10.759657227829535],[107.39256293603404,10.759939516202241],[107.39266211807141,10.760159815650082],[107.39289862936008,10.76045068560488],[107.39379126818137,10.761292780484233],[107.39390570982505,10.761487328858088],[107.393974374466,10.761689508304052],[107.39382941521765,10.762304628067207],[107.39383704430274,10.762449587202825],[107.39401252161755,10.762806261114779],[107.39414985010303,10.762927377494048],[107.3943787324933,10.76303323498288],[107.39514930094029,10.763131464693119],[107.39570624685044,10.763108575960404],[107.39718634969967,10.762949311844462],[107.39736945435371,10.763015115317355],[107.39752967149033,10.76314481557504],[107.39759070793852,10.763314569134822],[107.39761359529227,10.763565385980787],[107.397728037051,10.763807619328313],[107.39806372936677,10.764050806296616],[107.39813239456407,10.764140451133505],[107.39820868855703,10.764601076308548],[107.39832312857385,10.76485189173223],[107.39873511658894,10.765112245540442],[107.39887244558221,10.765258156770173],[107.39891059256699,10.765403115811951],[107.39890590499189,10.765532623606534],[107.39890296313466,10.765613878528947],[107.39893348070011,10.765758836551331],[107.39910132752318,10.765941941822517],[107.39965064408352,10.765948618224597],[107.39981849121023,10.765972459334213],[107.39989478524667,10.766023003822985],[107.39994819052895,10.766130769008917],[107.39995581976511,10.766268099517555],[107.39984900767288,10.766635263463831],[107.39987189707905,10.76687272804776],[107.40048987762131,10.767406786276908],[107.40054328258394,10.767586076532286],[107.40037543690116,10.767715775862511],[107.40010077775138,10.767823541005866],[107.40000922590643,10.767895067283055],[107.39999396735038,10.767988527461652],[107.40008551982092,10.76813253226312],[107.40045935960129,10.768255555796994],[107.40058143007968,10.768320406464298],[107.40066535364505,10.768421495300355],[107.40071113037757,10.768522584776195],[107.40071113027241,10.768940294164977],[107.40075690557006,10.769019449486256],[107.40098578770383,10.769120538085298],[107.40161139904978,10.76899942247809],[107.40251929614817,10.769001329076595],[107.40256507343821,10.769167267935085],[107.4025345549169,10.769483887858799],[107.40265662643036,10.769778574480755],[107.40274054889676,10.769822443551181],[107.40288550711166,10.769743288406357],[107.40300757852661,10.769527757434084],[107.40309150131176,10.769456232128752],[107.40323646041271,10.769413316174058],[107.40341956471978,10.769413315680259],[107.40381629402553,10.769579255693959],[107.40395362272356,10.769810045338996],[107.4041519870487,10.769767130492905],[107.40437323896958,10.769652689378695],[107.40456397393557,10.769667946833032],[107.40463263934431,10.769790017753936],[107.40455634498917,10.769948328091882],[107.40422065120742,10.77014955296736],[107.40412146884053,10.770257317962248],[107.40410621152017,10.770494782786907],[107.4041519874198,10.770566309440094],[107.40426642816573,10.770624483047543],[107.4043961277451,10.770646417202656],[107.40454871530041,10.770617806638723],[107.40473945054711,10.770517670612904],[107.40493781513774,10.770474756117078],[107.40518958494145,10.770539606282819],[107.40553290697983,10.770376526598147],[107.40567786620129,10.770406090757568],[107.40573890119613,10.770558678809198],[107.4057389011353,10.770734155107483],[107.40579993632613,10.77096303657896],[107.4059754125683,10.771068895456315],[107.40644080563551,10.771204316987713],[107.40663154051258,10.771403635232888],[107.4069901226267,10.771667803077571],[107.4071884862213,10.771882379443221],[107.40745551512221,10.772405945595098],[107.40776832046532,10.772581423309674],[107.40790564938597,10.772715891007092],[107.4079285377633,10.772888506169865],[107.40781409637982,10.773276650576795],[107.40783698479697,10.77344926574184],[107.40795142573059,10.773522699102188],[107.40827948933372,10.773545587280188],[107.40838630146428,10.774132097074775],[107.40847022447024,10.774263704111066],[107.40870673582026,10.774398171827396],[107.40895850561733,10.774400079390968],[107.40905005865103,10.774351441667173],[107.40921790510612,10.774097765007019],[107.40935523446726,10.774068200568168],[107.40944678749484,10.774186456328941],[107.40948493432073,10.774426781768538],[107.4095535984811,10.774545038048547],[107.40962226361302,10.774592721984742],[107.40979010922074,10.774609887832474],[107.41077430170336,10.774346673963612],[107.41094977786386,10.77427800894653],[107.4112091778848,10.774088228316613],[107.41148383582978,10.774118746175297],[107.41188819379643,10.773965204169674],[107.41238410408053,10.773882233526802],[107.41281135047892,10.773598039089723],[107.41323096694997,10.77340635065865],[107.4134445893187,10.773182237079915],[107.41359717780549,10.773173653523118],[107.4138108004999,10.773359620290126],[107.41396338808957,10.773365342584015],[107.41407020027182,10.773177468293365],[107.41412360607502,10.772804581948591],[107.41469581070413,10.772624337667414],[107.41486365708039,10.772390687543322],[107.4150238743128,10.771953904503402],[107.41518409107145,10.771832787727975],[107.41529090345931,10.771807992347389],[107.41595466018663,10.771849000719735],[107.41613013679529,10.772343957400029],[107.4163819068736,10.77254232136097],[107.41659552956429,10.772596680403751],[107.41693885259458,10.772560441228094],[107.41730506334342,10.772387826602156],[107.4176254987241,10.77228959721766],[107.41807563278981,10.772234284313974],[107.4184342134016,10.772268616617845],[107.4185333962938,10.772208535881457],[107.41864020728947,10.771989190692961],[107.41894538362358,10.771588647667079],[107.41896827127663,10.771487557225598],[107.41889960730647,10.771121346529943],[107.41892249597082,10.771061265311303],[107.41902930662019,10.770984017597263],[107.41915900691788,10.771026932165674],[107.41926581774766,10.771231972404507],[107.41949469977872,10.771422707005176],[107.41944129490315,10.771705948756578],[107.41966254631893,10.771788918172318],[107.41984565178296,10.771917664451509],[107.41990668780106,10.772195183214254],[107.42007453372639,10.772284829780745],[107.42014319896299,10.77236970645311],[107.420150827428,10.772723519356717],[107.42025763995933,10.773200356680073],[107.42021949298655,10.773399674013401],[107.42012793964518,10.773514115638877],[107.42002112854041,10.773591363811386],[107.41970069412356,10.773684823770262],[107.41946418283017,10.773819291482548],[107.41933448294759,10.773959481201521],[107.41929633580364,10.774137818067135],[107.41937262984445,10.774227463712617],[107.41944892348121,10.774250352220525],[107.42006690430716,10.774295174722084],[107.42021186297227,10.77434858064488],[107.42033393372704,10.774726235659202],[107.42071540262434,10.775350892315135],[107.42074592070705,10.7756141065402],[107.4206772559887,10.776001298894942],[107.4207077735794,10.776235901132894],[107.42084510306238,10.776272141516163],[107.42093665610884,10.776199662281948],[107.42105872578284,10.775979363716923],[107.42121894321517,10.775972687253425],[107.42132575506687,10.7760785450879],[107.42139442004822,10.776504838056079],[107.42165381906021,10.776739442413763],[107.42166907779189,10.7769044270166],[107.42163856031473,10.77697786048696],[107.42146308343894,10.77718385405532],[107.4211273913322,10.777327859215758],[107.4207306616149,10.777395569605481],[107.42070014446078,10.777493798318698],[107.42082984355942,10.777586304143282],[107.42120368465349,10.777623498094538],[107.42130286684525,10.777680718340157],[107.42144019581248,10.778279626608532],[107.42153174912833,10.778377854586527],[107.42167670723273,10.778304421684597],[107.4218064069565,10.777995431365929],[107.42187507091805,10.777959191425332],[107.42222602435328,10.778179490161142],[107.42226417136011,10.77827867230016],[107.42229468824813,10.778700196292128],[107.42252357013227,10.779284798643895],[107.422630381162,10.779369675369537],[107.42286689287405,10.779404961405502],[107.42295844526929,10.779478394477811],[107.42297370367157,10.779592835743765],[107.42285163374605,10.77984460563569],[107.42285163421973,10.779943787618246],[107.42287452250493,10.77998479512195],[107.42294318737983,10.779994332377324],[107.42310340445691,10.779879891254543],[107.42317206846462,10.779909455377508],[107.42324073273784,10.780015313162954],[107.42330939772833,10.780338608264044],[107.42345435587158,10.780655228749911],[107.42350013189905,10.78117974978817],[107.4235840561198,10.781265580300252],[107.42391974894474,10.781348550532387],[107.42400367205543,10.781440102754534],[107.42401130182756,10.781609856806144],[107.42372901437591,10.781758629612861],[107.42365272004061,10.781856858314876],[107.42365272058025,10.782080971833805],[107.42372138518085,10.782225930622323],[107.42386634292282,10.782361352373261],[107.42408759590195,10.782473885387827],[107.42429358969328,10.782772385117925],[107.42502601172664,10.783172928133043],[107.4252548936074,10.783378922279196],[107.4252701518977,10.783482873968062],[107.4251862292731,10.783667885611026],[107.42518622911254,10.783757531668828],[107.42551429368248,10.7839110729473],[107.4255982165246,10.784069382335591],[107.42554481029185,10.784154259867375],[107.42522437598318,10.784277283213976],[107.42519385872497,10.784360253683834],[107.42523963441657,10.784440362966391],[107.4254074810804,10.784493767356533],[107.42596442716078,10.784476601275145],[107.42616279181989,10.78456338654716],[107.4261322744233,10.784674012766539],[107.42594153968123,10.784762704932492],[107.42586524533155,10.784844720340573],[107.4257965805791,10.78509935182572],[107.42562873405411,10.785419785840926],[107.42561347551876,10.785687768983463],[107.42563636347543,10.785743081197836],[107.42573554513521,10.785793625974028],[107.42601783332606,10.785716378883466],[107.4260336786753,10.785721754634784],[107.42605431188646,10.785728755667948],[107.42607123881133,10.785734498822203],[107.42603263615241,10.785889509211597],[107.42601020334007,10.785979593010182],[107.42601589581069,10.78601366725664],[107.42607886867768,10.786390626689384],[107.42599494466229,10.786690079803268],[107.42602546231124,10.78681215088701],[107.42621619786044,10.786846482913624],[107.42668921928016,10.786687218839914],[107.42679603149237,10.786728226750284],[107.42684943766412,10.786835992486669],[107.42682654888183,10.78695806266647],[107.42678077259694,10.78699907025658],[107.42639167345,10.787172639622304],[107.42629249189106,10.787270867359009],[107.42623145690997,10.787435854092365],[107.42621619784232,10.787614190277532],[107.42624671498744,10.787726723713266],[107.42635352652913,10.787763917779657],[107.426460338285,10.787739121504272],[107.42680366026191,10.787508332206528],[107.426940989629,10.787462556380644],[107.42720038938496,10.78752454460154],[107.4276276354223,10.787470185701098],[107.42781837091599,10.78756936737524],[107.42795569985056,10.787569367565933],[107.42821509847931,10.787395798278954],[107.42836005748765,10.787345254625636],[107.42839820436205,10.787381493573905],[107.42832953930247,10.787782036965899],[107.42869575045302,10.787744843154659],[107.42876441542865,10.7877763144617],[107.42890937350575,10.788048112492573],[107.42906959049873,10.788139664647737],[107.42912299641092,10.78821309796781],[107.42923743811276,10.78863939067231],[107.42955787292456,10.78888734598293],[107.42990882432568,10.789038979470787],[107.43006904182425,10.789016091796682],[107.4302216297216,10.788763367538015],[107.43044288148698,10.788562142764446],[107.43058021207318,10.78826554959041],[107.43069465173166,10.78824456868423],[107.43074042887726,10.788295113329836],[107.43080146340061,10.78856500348599],[107.43084723978467,10.789357506850854],[107.43103034553825,10.78954156622907],[107.43128211608827,10.789904915363149],[107.43153388545593,10.790053689204402],[107.43192298441937,10.790104233044824],[107.43199164963062,10.790239655134137],[107.43205268487628,10.790254914411832],[107.43244178425837,10.790178620478192],[107.43267066539845,10.790229165034507],[107.4327851065224,10.79035886467177],[107.43272407129386,10.791128480325927],[107.43278510673403,10.79141267559475],[107.43286903000426,10.791513764836894],[107.43308265247786,10.791710221825522],[107.43325049977166,10.791737878856527],[107.4333420518748,10.79170831434604],[107.43355567446159,10.791474663393954],[107.43367011603249,10.791477524680886],[107.43373115080213,10.791556679715985],[107.4337464102602,10.79179891376211],[107.434143138664,10.791935287970885],[107.43417365590969,10.791996323801996],[107.43413550929458,10.792137467336895],[107.43399817973763,10.792467438248975],[107.43400581016381,10.792701089018633],[107.43438727931456,10.793229424274411],[107.43453986729912,10.79326757144417],[107.43481452577272,10.792910897762171],[107.43501289033655,10.792769753660437],[107.43541724762545,10.792783105755863],[107.43573768232122,10.792994819936322],[107.435836864161,10.793268525767587],[107.43579871667804,10.793527923994137],[107.43576057025903,10.793578469503316],[107.43544776548019,10.793554627028032],[107.43524940118597,10.79362615355715],[107.43505103691936,10.793830239566809],[107.43496711338379,10.79399427123435],[107.43496711298624,10.794196450538523],[107.43535621309911,10.794467293672371],[107.43559272370054,10.794520699576415],[107.43579108800544,10.794790589514722],[107.43618781706095,10.79484494813089],[107.43630225671183,10.794939362558557],[107.43630988721807,10.795111024796533],[107.43608863433101,10.79582055724825],[107.43608100557239,10.796139084922334],[107.43614204025891,10.796270692570543],[107.43626410983926,10.796390854567052],[107.43687446220557,10.796647393822237],[107.43692786822209,10.796740853829709],[107.43685157468704,10.79685529483889],[107.43683631562263,10.796965920658135],[107.43730933840975,10.797267281415742],[107.43746955569348,10.797492348210154],[107.43749244351152,10.797627770595703],[107.43743140878807,10.798055970712898],[107.43762977232072,10.798388802254223],[107.43753821921214,10.79851468718611],[107.43719489744957,10.798666321796095],[107.43717963809577,10.798774087168649],[107.43726356102879,10.798904740765058],[107.43758399618736,10.799129807806855],[107.43789680132075,10.79920228660103],[107.43802650122011,10.799300515619318],[107.438156200299,10.799747788703606],[107.43818671876855,10.800173127318281],[107.43824012454012,10.800241791873278],[107.43843848815409,10.800282799128837],[107.43875892293104,10.80001291071792],[107.43894965704959,10.799947106090785],[107.43916328070901,10.799938523482822],[107.43944556873407,10.800011002781748],[107.43965156246257,10.800114953380692],[107.43974311407081,10.80039628768212],[107.4398575553751,10.800541245650287],[107.44019324963081,10.80064614972481],[107.44034583769621,10.80090841025982],[107.44065101234956,10.800949418454358],[107.44091041295172,10.801155411127022],[107.4412689939594,10.8012326597457],[107.44169623999487,10.801741921590557],[107.44184882753748,10.801784836293859],[107.44207008078483,10.801701867185276],[107.44220740991852,10.80170663564134],[107.44222114245774,10.801724183127948],[107.44223792698605,10.801726662472092],[107.44224622839572,10.801756237275331],[107.44227607354533,10.801794373060652],[107.44234473823649,10.802107178795898],[107.44261939690118,10.802122437129169],[107.44277961338241,10.802213035969528],[107.44329841249082,10.802843415096806],[107.44364936507056,10.803119027021163],[107.44383247116971,10.803616845182399],[107.44422156952203,10.803903901304196],[107.44430549295541,10.804056489546149],[107.44437323639814,10.804336870319256],[107.44438441956888,10.804347067716598],[107.4446359574523,10.804503510485114],[107.44470810988808,10.804535359571412],[107.44500739771772,10.804537141605973],[107.44523627867699,10.804273926161168],[107.44561011976809,10.804212891456872],[107.4457321900317,10.804272019677198],[107.44590766594139,10.804505669401529],[107.44631965301902,10.804316841844127],[107.44683845156135,10.80444368021914],[107.44712073973709,10.804216706196899],[107.44731910426508,10.804218613677845],[107.44764716808061,10.804333054606564],[107.44789893810119,10.804364525270882],[107.44796760278997,10.804327332016618],[107.44817359563672,10.803998315033226],[107.44837196064603,10.803895318554464],[107.44860084203411,10.804013573360134],[107.448669507226,10.804278695522397],[107.44889838888223,10.804318749554911],[107.44891528869528,10.80433048518661],[107.4489365355351,10.804334962241775],[107.44904071170389,10.804417585120198],[107.44916550613614,10.804504247408401],[107.4492493408132,10.80443700508981],[107.44931800599785,10.804197631965963],[107.4493461445871,10.804181164194718],[107.44935615184262,10.80415471728588],[107.44947059267115,10.804101311438352],[107.44947860174766,10.80410364701954],[107.44948585164396,10.804099403718087],[107.44963081088521,10.804148040892937],[107.44976197275963,10.804356626173076],[107.44985206293399,10.804344498219637],[107.44998939233236,10.804212891457409],[107.45020301511398,10.80385907814399],[107.45021303928682,10.8038531927804],[107.45021827376266,10.803844773389066],[107.4504535044972,10.803712009676845],[107.45070655478806,10.803563439344359],[107.45071560011046,10.803564085470057],[107.45072181383365,10.803560578091318],[107.45076839421137,10.80356785647636],[107.45086677249142,10.803574883227196],[107.45089104797584,10.803587021000643],[107.45090492025335,10.8035891878074],[107.4509291979173,10.803606095657907],[107.45125587165471,10.803769433290208],[107.45195777595123,10.803743682943013],[107.4521713987817,10.803844773235895],[107.45236758793736,10.80382479117868],[107.45235558681131,10.803719771626646],[107.45222480529294,10.803631149974667],[107.45219428659338,10.803548180414332],[107.45224769255587,10.803511940680956],[107.45235873517551,10.80350777723348],[107.45240342095798,10.803496797934548],[107.45245292432776,10.80334828916969],[107.45246894492351,10.803285919535522],[107.45247617251037,10.803278541123367],[107.45248420357801,10.80325444851334],[107.45250696065843,10.803247112889649],[107.45251472177068,10.80323919018065],[107.45253756956126,10.803237245032916],[107.45262916267289,10.803207718649668],[107.45287330306007,10.803208671855206],[107.45292277628505,10.803115026461585],[107.4528580450842,10.802954995006234],[107.45291907970886,10.802874885820591],[107.45312507334391,10.802810036022136],[107.45361335493489,10.803001724649095],[107.45381171891856,10.802913986966635],[107.45388801281433,10.802595460025943],[107.45407111764814,10.80242665885813],[107.45407874827477,10.80230744960381],[107.45412452428931,10.802239739105291],[107.45407874789936,10.80199750610988],[107.45423133615532,10.801877343107801],[107.45425422362261,10.801649415066178],[107.45428993147857,10.801579783532024],[107.45429237089027,10.801567398407677],[107.45430647525626,10.80154752451625],[107.45433051828665,10.801500640957917],[107.4543519534629,10.801483439755263],[107.45437629418718,10.801449143131691],[107.45447931962808,10.801381239850427],[107.45454852822388,10.80132570580626],[107.45462806380603,10.801093422842873],[107.45481116997641,10.800942741944192],[107.45505531001396,10.80044683045712],[107.45537574516715,10.799995742411573],[107.45540626160351,10.799839340742718],[107.45547492664072,10.799473129659633],[107.4555695695928,10.799335897410701],[107.45563453373953,10.799289998192988],[107.4564362310581,10.798984848615497],[107.45660407672933,10.79883321365701],[107.45674140555224,10.798539482469748],[107.45690162343881,10.797893844589797],[107.45722968730163,10.797450386222524],[107.45768745110874,10.796983085836064],[107.45788581567137,10.796475731200761],[107.45816810243186,10.796099983052681],[107.45816810306043,10.795866333286456],[107.45806892027167,10.795617424448524],[107.45807654959215,10.795543037598462],[107.45843513181171,10.794329963386158],[107.4585266847251,10.793535553372303],[107.45825965559746,10.793048225284341],[107.45822150837753,10.792914711066665],[107.4582367670854,10.792648634825996],[107.45838172515583,10.792443594901078],[107.45841224309302,10.79230912760584],[107.4579010733453,10.791597686266014],[107.45787818571581,10.791426979051177],[107.45793922038843,10.79135831375216],[107.45874030713814,10.791402183086074],[107.45929725362363,10.791371666384247],[107.46035773869677,10.791506134092272],[107.46099860882624,10.791461310993228],[107.46262366995445,10.791654907303117],[107.4635697142221,10.791704498335106],[107.46612556138311,10.791939102006078],[107.4664688835228,10.79205068190932],[107.46710975361084,10.792347273982818],[107.46765907011515,10.792465530121767],[107.46820075667516,10.792667708452447],[107.47094733859342,10.793486914789936],[107.47117622091048,10.793505034193405],[107.47162635503015,10.793615660986331],[107.47190864311014,10.793490729128118],[107.47212989482405,10.793175063894656],[107.47233588864607,10.792683920894612],[107.47274024691374,10.792115531491351],[107.47286994601288,10.791995368303168],[107.47302253409117,10.791937193007385],[107.47355659185651,10.791910491693402],[107.47387702653018,10.79164632325131],[107.47389228504625,10.791418395049774],[107.47404487280743,10.791174254559174],[107.47409827873841,10.790945372707599],[107.47426612533158,10.789818129064658],[107.47462470650518,10.78912766947292],[107.47497565837315,10.78877290201724],[107.47502143524423,10.788548789327722],[107.47501380570142,10.78820546665799],[107.47515113473601,10.787747701805351],[107.47512824651861,10.787556013752992],[107.4750672112992,10.787421546545128],[107.47463996572354,10.787017188084313],[107.47460944788902,10.78688558098555],[107.47463233693773,10.786781630470935],[107.47515876498687,10.78629811731023],[107.47534949913299,10.786037763875008],[107.47532661006704,10.785494170098211],[107.47538001611105,10.785161336965063],[107.47565467480237,10.784495673209719],[107.47563941665987,10.783945403344202],[107.47582252149726,10.78383286873363],[107.47590644468232,10.783652625151731],[107.47596748064439,10.783604940567605],[107.47618873286656,10.783698401059821],[107.47636420828616,10.783650717259242],[107.47658546134201,10.783212027162898],[107.47692115469928,10.78285630721931],[107.47692878324665,10.782739004708674],[107.47684486068448,10.782402358175798],[107.47698981849732,10.782133420787316],[107.47699744848165,10.782004674877772],[107.47673041918853,10.781627020175515],[107.4767456778697,10.781402906859913],[107.47666175498644,10.781187376493818],[107.47676856640925,10.781094869536203],[107.47702796563573,10.781051000507544],[107.47715003591465,10.780982337156138],[107.47726447708018,10.780800184367466],[107.4773178820011,10.780605634440075],[107.47739417600421,10.780524572832983],[107.47753913558832,10.780456861683389],[107.4776154294248,10.780232748641373],[107.47768409350769,10.779721578525868],[107.47798897965653,10.778723440667092],[107.4780757837517,10.778586498811212],[107.4783068957792,10.778307443727034],[107.4784265281052,10.778194789689401],[107.47862909629482,10.778051760193591],[107.47879035575322,10.777967771393676],[107.47892768488722,10.77784093246509],[107.47933204319365,10.77695592347513],[107.47969825376452,10.776377042900132],[107.48012550036086,10.775945028864239],[107.48065192808603,10.775499662282282],[107.48120124415894,10.774852117781979],[107.48306281697207,10.770927746999615],[107.48351295081225,10.77011903120725],[107.48374946160975,10.76981290215388],[107.48406226700972,10.76955541020493],[107.4845200308338,10.769262632259267],[107.48542029853594,10.768881162165284],[107.4858704340122,10.768756230934565],[107.48630530887125,10.768707592824429],[107.48842628097479,10.768745739649496],[107.48965461288668,10.768894514132077],[107.4902420772221,10.768903096621607],[107.4906998401852,10.768854458581453],[107.49157722052476,10.768660862300063],[107.49326331713478,10.767931302753516],[107.49355323387903,10.767756779234537],[107.49378211614032,10.767715771139184],[107.49403388609096,10.767730076586664],[107.49428565626359,10.767799694132222],[107.49505622475405,10.768262227466012],[107.49566657581363,10.767649014156044],[107.49594886402043,10.76746114071706],[107.49621589282742,10.76738484603325],[107.49650580986982,10.76738484606721],[107.49690253808085,10.767455417976127],[107.49797828281577,10.767882663966102],[107.49866492778148,10.768225987007224],[107.49893958691084,10.768547375322939],[107.49926765114976,10.769043285914758],[107.50023658462986,10.769128163571178],[107.50044257729945,10.769252139807179],[107.50239570233998,10.7710765187164],[107.50499732608523,10.771433194369944],[107.50499246975104,10.771417064688974],[107.50251014308786,10.763173419549707],[107.50308234801771,10.762570698165913],[107.50366218199261,10.761754352944617],[107.50398261609897,10.761149722607337],[107.50412757446342,10.759906131713652],[107.50488288497122,10.759161312528615],[107.50535590670295,10.757917720554614],[107.50711829695015,10.756924944923567],[107.50740821368906,10.755965549080573],[107.50618751055659,10.754329044318556],[107.50633246937873,10.753618555985472],[107.50662238620262,10.752729732575894],[107.50619514020558,10.751876193016132],[107.50615699321989,10.75027688218818],[107.50579841111914,10.749672252511404],[107.50558478855983,10.749102909220163],[107.50544745882875,10.747629481714716],[107.50554664146205,10.747515994224024],[107.50564582299134,10.747280436637265],[107.50561318256472,10.747133551593453],[107.50563056534436,10.74700101003825],[107.50588996415414,10.746733027654455],[107.50600440535034,10.746559458550985],[107.5060560518921,10.746208073357561],[107.50607557746828,10.746178088695927],[107.50632483872803,10.745925265934694],[107.50714118473803,10.745374995597894],[107.50844581132884,10.744935352178981],[107.5087738751808,10.744747477803685],[107.50914008588482,10.7444241822008],[107.50955207285477,10.74434693483369],[107.51122291126269,10.743664103681224],[107.51155860386386,10.743230181460538],[107.51174933936286,10.742795306916957],[107.5121842140886,10.742023783816714],[107.51223762031948,10.74175770856817],[107.51243598375738,10.741198855560476],[107.51229102629239,10.740638094226965],[107.51228339734912,10.74049790430245],[107.51235206079703,10.740352946480321],[107.51251990793388,10.74017937754565],[107.51364142927191,10.739517527533872],[107.51371772276998,10.739316302498958],[107.51378638709588,10.739290551971248],[107.51407630424123,10.739312487075544],[107.51426703883014,10.739225703294162],[107.51456458621885,10.73897202504402],[107.5148545025165,10.738872843338463],[107.51541144770894,10.738772706942989],[107.51542670701087,10.738722163366885],[107.51532811577945,10.73842164929945],[107.51534278395647,10.738300638774408],[107.5156174416264,10.738030749188118],[107.51568610705621,10.737877207169726],[107.51555640723147,10.737449960768442],[107.51554877662805,10.737128573255472],[107.5156327010611,10.736561136706747],[107.5156632181063,10.736027078691999],[107.51564032961252,10.735839204713292],[107.51571662387475,10.735779124344461],[107.51583106461867,10.735569314689503],[107.51581580531995,10.735475854864555],[107.5157089944386,10.735332804209603],[107.51575477113411,10.73512013467558],[107.5158600346595,10.735119195236402],[107.5159531344866,10.735250788337167],[107.51609809383437,10.735278444622658],[107.51617438803632,10.735205964816112],[107.51628882842638,10.734967547073849],[107.51660163349267,10.73488553109997],[107.51667792794184,10.734986619592126],[107.51671607451196,10.734980898139874],[107.5167389630693,10.734846430281452],[107.51680762798244,10.734776811579062],[107.51688392039433,10.73478444124476],[107.51692206804165,10.734871226000267],[107.51690681020744,10.735014276723527],[107.51679236906612,10.735246973028143],[107.51679236898595,10.73528438979983],[107.51677710966098,10.735320405721833],[107.51679236886793,10.735392885964952],[107.51694495694822,10.735485391747874],[107.51712043272532,10.735518771015707],[107.51725013164648,10.735453921391574],[107.5174484965527,10.735237437315627],[107.51754767845614,10.73520119733683],[107.51770026706025,10.73520119652984],[107.51831824776512,10.735475855232355],[107.51843268837104,10.735417681123186],[107.518425058557,10.735285120215222],[107.51847083538989,10.735213595240882],[107.51856671148532,10.73520075357227],[107.51859717952405,10.735214210502384],[107.51878364039143,10.735356645977296],[107.51887519296221,10.735173540289423],[107.51898200451905,10.73513443951078],[107.51911170502062,10.735155421180664],[107.51930243944206,10.735391932317933],[107.5194245097361,10.735410051727575],[107.51950080416223,10.735223132196511],[107.51963050345063,10.735148744484794],[107.51985938472735,10.73508484854376],[107.52008826682983,10.735122995714445],[107.52011878513524,10.735081033862786],[107.51997382579887,10.734835940158568],[107.52019507891669,10.734752969690705],[107.52039344246032,10.73483212507215],[107.520515512813,10.7348292637208],[107.52057654754311,10.734784441242912],[107.52063758346537,10.73461945548996],[107.52088935398137,10.734502153892976],[107.52089698326256,10.73445446972125],[107.52084357665834,10.734397249849883],[107.52066047216445,10.734349565580706],[107.52069861921647,10.734254197940102],[107.52151496364232,10.734182673077242],[107.52155311125861,10.734122591034499],[107.52149970469898,10.733982400630776],[107.52152259298316,10.733848887100395],[107.5216141461791,10.733737306583551],[107.52190406304238,10.733631448868532],[107.52218635100107,10.73373063079934],[107.5223923441529,10.733577089695613],[107.52243812090857,10.733427362734604],[107.52249152578216,10.732836084283441],[107.52243049074387,10.732775049188819],[107.52211005716445,10.732734995063531],[107.52204139203039,10.732589082445529],[107.52214820355803,10.732355432494801],[107.52219398000493,10.732283906260244],[107.52271277863595,10.732063608926737],[107.52284247904774,10.731847123255374],[107.52285773714281,10.731626825446655],[107.52294166036154,10.731586770450837],[107.52316291226828,10.731735544489828],[107.523223948,10.731874780100226],[107.52325446573784,10.732400255800037],[107.52332313010584,10.732474641550873],[107.5234528295642,10.732474641216344],[107.52351386442858,10.732431726992704],[107.52354438241586,10.732372598369688],[107.52352149474498,10.73218949376654],[107.52359015848273,10.73195488980055],[107.52393348136609,10.731643991819007],[107.52398688806652,10.73148282057606],[107.5240174046065,10.731275873516468],[107.52399451658151,10.731189088676407],[107.52386481674483,10.731044130151155],[107.52387244645882,10.730963067243543],[107.52440650381665,10.730990724626679],[107.52441413385468,10.7312196065283],[107.52447516850393,10.731352166808811],[107.52463538568199,10.731525735897666],[107.52492530305123,10.731636361222177],[107.52503974332193,10.731608705270355],[107.52517707282239,10.731509523219714],[107.5252915135055,10.731519059674655],[107.52554328398769,10.73175652413481],[107.52561194860488,10.731778459002985],[107.52588660660217,10.731614427438895],[107.52606971301135,10.731138543800466],[107.52626044714626,10.730967836339053],[107.52644355250108,10.730429009913795],[107.5261841522908,10.730104760230283],[107.52613837679026,10.729895906328547],[107.52603918947632,10.72981407695843],[107.52608862711611,10.729765816985275],[107.52615363560355,10.729729965907385],[107.52619178229551,10.729665117191852],[107.52614600612114,10.72952969569817],[107.52617652377806,10.729475335059709],[107.52639014636513,10.729412393480848],[107.52645881133171,10.72930176689839],[107.52629096495356,10.729161577589771],[107.52602393603205,10.729145364529243],[107.52600104766668,10.729006128676062],[107.52625281760699,10.72884877091694],[107.52651984667617,10.728808717029867],[107.52640540527088,10.7286666204376],[107.52619178248632,10.728535966566863],[107.52616126438735,10.728398636892301],[107.52618415291688,10.728302315835121],[107.52623755833977,10.728216485572675],[107.52658851050963,10.728045777989296],[107.52668006321431,10.72805912937157],[107.52677924531696,10.728147821629904],[107.52701575625588,10.728082017059242],[107.52715308621669,10.72792180046189],[107.52731356137333,10.727584133560095],[107.52735092462265,10.72752589106021],[107.52743537399851,10.727464990080426],[107.52779395525398,10.727372484362437],[107.52781684354379,10.727328615348782],[107.52762610838776,10.727011994960167],[107.52760322025968,10.726899461155005],[107.52770240278169,10.726817445063714],[107.5278855072338,10.726920441753537],[107.52796943167986,10.726876572811275],[107.52791602536887,10.726621942407364],[107.52801520751714,10.726391152826587],[107.52801520772692,10.72630532207659],[107.52792365442507,10.725511864862124],[107.52786261973533,10.72528775112922],[107.52788550734931,10.725039796282642],[107.52819831364374,10.723999337042295],[107.52856452443315,10.72390110930403],[107.52896888101328,10.72394593183287],[107.5292816874974,10.723829583139333],[107.52929173788422,10.723822044538817],[107.52929694524155,10.723820047330927],[107.5293808693547,10.723755196985362],[107.52940375745298,10.723666505234561],[107.52932746369027,10.723480539135387],[107.52941901621654,10.72326024021583],[107.52955634551094,10.723173456268496],[107.52986915023814,10.723078088321323],[107.53019721396751,10.722887352665417],[107.53097541240545,10.722804384167045],[107.53115851805516,10.722865418631006],[107.5312348126337,10.722845391717337],[107.53126532982074,10.722773866125863],[107.53121955364989,10.722482994592225],[107.53125007082369,10.722411469909634],[107.53151709897043,10.722224550004462],[107.53175361026929,10.72184880157491],[107.53189856926507,10.721740082801258],[107.53195197534987,10.72164185448535],[107.53195197565229,10.72153027461243],[107.5320628821914,10.72135559628058],[107.53219611553175,10.721319512797178],[107.53234107396072,10.721435860466604],[107.5324173688145,10.721735315075655],[107.53235633344494,10.721844986868463],[107.53236396275487,10.721936539605302],[107.53244025612086,10.722090081392365],[107.53253943809015,10.722176865904077],[107.53266913863547,10.722216919609904],[107.53318030701196,10.722083405446803],[107.53389747048361,10.721689537565268],[107.53418738712415,10.721782997816945],[107.5342560520497,10.721768693039449],[107.53500373337096,10.721371964818163],[107.53506476853383,10.721302346221007],[107.53515632034386,10.720789269495462],[107.53527839099763,10.720559433705882],[107.53559119629863,10.720340088082654],[107.53565986083423,10.720191315389615],[107.535705637784,10.719944313233851],[107.53553016165509,10.71951897528704],[107.5356980075342,10.718737915625116],[107.53556830871518,10.718396500695581],[107.53553779069115,10.718127564085828],[107.53561408418891,10.717999771307898],[107.53621680651014,10.717599228678942],[107.53624732395528,10.717527703742054],[107.53616340004191,10.716780976003331],[107.53635413476637,10.7164309769841],[107.53643042922229,10.716103867143538],[107.53656012900947,10.716056183162909],[107.53670508734174,10.716098145250534],[107.53680426979349,10.716144875011937],[107.53694159876063,10.716312721306192],[107.53703315163554,10.716358497934632],[107.53729255105154,10.716386153917785],[107.53738410418298,10.71634896126474],[107.53765876264592,10.716062859382944],[107.53774268526392,10.716026619600843],[107.53797156751806,10.716065719792114],[107.53808600801742,10.715762450952537],[107.53799445555164,10.715499237037422],[107.53787238481873,10.715492562408826],[107.53778846211881,10.715595558357311],[107.53766639144919,10.715582206862065],[107.53754432088706,10.715339020243963],[107.53738410386025,10.71518929347089],[107.53738410414678,10.715083435409843],[107.53749854517464,10.715028122601504],[107.53767402107809,10.71505387148379],[107.5379257910534,10.714924171982975],[107.53809363744392,10.714882210557311],[107.5384522187472,10.715070084235842],[107.53868110155037,10.715074852046937],[107.538719248178,10.714991883472747],[107.53869635955061,10.714931800920832],[107.5385285127057,10.714804008852811],[107.53846747841341,10.714706734325315],[107.53865821244531,10.714082077007689],[107.53878791183739,10.713884667038569],[107.53924567627061,10.713714913222429],[107.53934485824249,10.713614777356588],[107.53954322188316,10.713134124862696],[107.5396271460372,10.713015869070944],[107.53984076901567,10.712844207571878],[107.53979499179728,10.712716416024683],[107.5396347750857,10.71256382821925],[107.5395889990934,10.712312057888852],[107.53958136908264,10.712145164907966],[107.53974158658419,10.711975410828598],[107.53965766263485,10.711539581981253],[107.53950714576683,10.711462440726205],[107.53924567565602,10.711067513111134],[107.53925911440902,10.71096840657063],[107.53938499361294,10.710879793751783],[107.53941166103868,10.710877085748615],[107.53955766661129,10.710885845777058],[107.53960356063088,10.710897140039952],[107.53984076916751,10.711002663033838],[107.5400315027227,10.710920647022627],[107.5401077971332,10.711054161014001],[107.54013068560145,10.711201980650417],[107.54053504380633,10.711205796260385],[107.54054006186608,10.71120289445458],[107.54055793171447,10.711202934551487],[107.5405960793038,10.711170509880684],[107.54064185533241,10.711079910522715],[107.54064948395629,10.710676506061624],[107.54063422612417,10.710532500679506],[107.54055030198504,10.710353210480662],[107.5405960791441,10.710069016063551],[107.54059476058131,10.710067938256499],[107.54059607885472,10.710059478965885],[107.5404968968583,10.709987952632755],[107.5403137911919,10.710059478741467],[107.54031111984993,10.710068765492377],[107.54030616231367,10.710070923171616],[107.54028394717321,10.7101632560342],[107.54023659305459,10.710327919050485],[107.540195434924,10.710343924760572],[107.54013351668715,10.710330656698458],[107.54011559009984,10.710322037751315],[107.5400476243994,10.71026398373913],[107.54001920201387,10.7102259967982],[107.53993995109492,10.710069968736443],[107.5399834983728,10.709835900072507],[107.54004266334908,10.709766420061342],[107.5404663792354,10.709338500808316],[107.54059607861797,10.709330871855437],[107.54083259031418,10.709432914350776],[107.54100806596031,10.709439590335695],[107.54118747048929,10.70927607066949],[107.5412967135055,10.709271897399883],[107.54144294075302,10.709270789327084],[107.54144464754874,10.70926624729378],[107.54145057134544,10.709266021648746],[107.54145901635529,10.709228019021786],[107.54154975289579,10.708986594692654],[107.54161841828437,10.708995177625784],[107.54170997017917,10.709225013725582],[107.54177100535574,10.70928318764533],[107.5419388519296,10.70935662054204],[107.54194032522825,10.709355884565252],[107.54194648155004,10.709358527829123],[107.54209144039334,10.709280326581032],[107.54209144015105,10.709117248897705],[107.54215247515971,10.708900764780186],[107.54222241030715,10.708790541892856],[107.54247290990676,10.708440139289948],[107.54251105648827,10.70832760579891],[107.54250342689699,10.708289646817782],[107.54250342718308,10.70818169323567],[107.54244978551759,10.708022781214513],[107.54243498200451,10.707949132606089],[107.54243580586953,10.707948445549734],[107.54252631568319,10.707983329636297],[107.54264097750033,10.707950184573502],[107.54285437860172,10.70811207536589],[107.54293830314514,10.708112075168447],[107.54294157266227,10.708106625830995],[107.54296119118717,10.708105399570176],[107.54298407929693,10.708051040333583],[107.54298173894425,10.708039681228007],[107.54298407910079,10.708035781715633],[107.54293926430675,10.707828507300771],[107.54312903776378,10.707763984368404],[107.5431061484789,10.707534148684353],[107.5428391204471,10.707382514777914],[107.54285887619035,10.70730596163192],[107.54289456604369,10.707279938505195],[107.54296633408582,10.70724933196614],[107.54316718480355,10.707258537808398],[107.54332740156072,10.707191779120802],[107.54338080827547,10.707127883421428],[107.54335029015031,10.706860854274069],[107.54342658377435,10.706618621723537],[107.54350287784612,10.706524207239726],[107.54361980343526,10.706467464189693],[107.54393012423343,10.706527068923636],[107.54393012363025,10.706262643234735],[107.54395169664417,10.706245733159918],[107.54420478179117,10.7060778886179],[107.54428870542131,10.705981567491499],[107.54430396400237,10.705827071631923],[107.54423529962204,10.705719306403585],[107.54401404649349,10.705735519398088],[107.54390723592158,10.70566208678448],[107.54378516565248,10.705375030046405],[107.54373938902306,10.70501168038318],[107.54389960717016,10.704705550036264],[107.54412848745456,10.70449574284353],[107.54412988354409,10.704492916068844],[107.54413611736857,10.704487159570137],[107.54416663514245,10.70441849460688],[107.5441320730315,10.704305305849404],[107.54417426471836,10.704162910502559],[107.54417164646698,10.704150599567493],[107.54417426463684,10.704141929458048],[107.54414984978555,10.704048083623414],[107.54411806972945,10.703898619303136],[107.5442505588492,10.703660323541964],[107.54418952359516,10.703247382701164],[107.54400641767106,10.702813460926427],[107.54399630462049,10.702808925440815],[107.54399115893611,10.702797248098483],[107.54373912063265,10.702684202426118],[107.5436478367835,10.702534988103169],[107.54376583786761,10.702115530558164],[107.54377939034065,10.7020975306812],[107.54420413582702,10.701939149885675],[107.54420478155708,10.701938941023107],[107.54420486160583,10.701938879108747],[107.54422004097951,10.701933219357734],[107.54422707402433,10.701921665342779],[107.54428107549032,10.701879813671786],[107.54441476676685,10.701613311899056],[107.5444315225911,10.701585784500304],[107.54452521649657,10.701499297713404],[107.54463202768495,10.701445892444205],[107.54484565069245,10.701425864477901],[107.54487170800058,10.7014121838291],[107.54487616814673,10.701411558984045],[107.5448766563758,10.70140958603836],[107.54488379744835,10.70140583692499],[107.54489905682289,10.701319053189387],[107.54477698662599,10.701176955255741],[107.54432685234977,10.700996711462194],[107.54431424761665,10.700994529172947],[107.54428107539194,10.700981452337315],[107.54399286761657,10.700926994040747],[107.54391260728953,10.700886864587948],[107.54387696613993,10.700858108592803],[107.54388434755808,10.70053799392787],[107.54379279424761,10.700294807369616],[107.54365546571292,10.700187040835523],[107.54340369543196,10.70018990211665],[107.54334266039812,10.699885680690183],[107.5431748137477,10.69966347435012],[107.54315955478398,10.699480369106272],[107.54319770178935,10.69942028743465],[107.54329956047903,10.699395732108245],[107.54357917162673,10.699520422800632],[107.54370887177049,10.699538543258312],[107.54385382980911,10.699637725663003],[107.54386950226413,10.69963652845157],[107.54389960678505,10.69965489085844],[107.54394838332522,10.699630502345963],[107.54399115810041,10.699627235137367],[107.54399927633929,10.699605056034951],[107.54400641752049,10.69960148498088],[107.54404456415988,10.699505164465263],[107.54404411770886,10.699482542995684],[107.5440445646767,10.699481322193444],[107.54404364042173,10.699458407047883],[107.54403693545832,10.699118925988946],[107.54402951702178,10.699107978367373],[107.54402930514117,10.69910271444076],[107.54383857056845,10.698826148642254],[107.5436046525434,10.698690913590212],[107.54355757077168,10.69859461143699],[107.54344713931746,10.698323793086034],[107.54345710172886,10.69825966657737],[107.54354865339648,10.69820912129897],[107.5439246507002,10.698303931510283],[107.54393775286123,10.698311163741357],[107.54394800937793,10.69830982145576],[107.54399115864152,10.69832070095836],[107.54409797009731,10.6982901830451],[107.54417426476999,10.698193861830744],[107.54418485925525,10.698133603277142],[107.54418952306632,10.698125197948901],[107.54418791240734,10.698116239476036],[107.54418952342918,10.698107078111603],[107.54414374627282,10.697870567115917],[107.54424201068367,10.697731673943315],[107.54425165072418,10.69772805869474],[107.54429622703093,10.697716219163436],[107.54449469794187,10.697770431130117],[107.54460151009857,10.697905852778735],[107.54475409824464,10.697976423979663],[107.54475867002316,10.697975056537588],[107.5447617273236,10.697976424368939],[107.544807348693,10.697960495687475],[107.5449677212009,10.697912528248258],[107.54497250898382,10.697902833476792],[107.54498298030776,10.69789917727354],[107.54499072277753,10.697865951295462],[107.54500586811692,10.697835280949704],[107.54500203655034,10.697817396450015],[107.54500586809012,10.697800948168641],[107.54499064999118,10.697764261973823],[107.54498298032914,10.69772846951375],[107.54497036352004,10.697715356660142],[107.54495246201856,10.697672202528109],[107.544715951808,10.69743031654566],[107.54471595121812,10.697323792728039],[107.54472180616453,10.697288908418729],[107.54523475044563,10.696794822069222],[107.54536444924547,10.696560217889976],[107.5453873369043,10.696400954343332],[107.54537207945417,10.696317031220357],[107.54536695513409,10.696315180946106],[107.54536444967226,10.696304633448303],[107.54532630271834,10.696291281621072],[107.54531632087772,10.696296897012429],[107.54530341392415,10.696292235728095],[107.54509742057373,10.696420028462164],[107.54498298065347,10.696435286692928],[107.54489142713717,10.696307494295882],[107.54496009135612,10.69610913040245],[107.54504401536076,10.69597943013458],[107.54514319720023,10.695924116822285],[107.54538733754464,10.695976569034137],[107.54573066000579,10.695928886070998],[107.54614264853674,10.695931747192542],[107.5462876060374,10.695836378722262],[107.5463113707418,10.695731816622661],[107.54632575306621,10.695690466724646],[107.54632405337986,10.695676014094015],[107.54632575372314,10.695668533155757],[107.5463115001102,10.69548769809697],[107.54637555603057,10.695426722360487],[107.54641533314945,10.69539724407624],[107.5464236910985,10.695394564289378],[107.54656226475315,10.695368124850585],[107.54657007371806,10.695347625732822],[107.54657752326808,10.69534523675189],[107.54657752364626,10.695328070370484],[107.54658515264005,10.695308044036702],[107.54657752351967,10.695121123997476],[107.5464936002932,10.694843604021749],[107.54653937600833,10.69458325105633],[107.54652411738023,10.69451840127723],[107.54625708848081,10.69433815653342],[107.54607398322008,10.694137885280137],[107.54599291713521,10.694099663104378],[107.54559975590384,10.693887960795625],[107.5455859854493,10.69387225273707],[107.54558833959396,10.693804576776184],[107.54564075850588,10.693505130828562],[107.54566581888231,10.693422745211866],[107.5457713514349,10.693379873123977],[107.54596717128776,10.693413092574632],[107.54600531786652,10.693372084909928],[107.5459824303146,10.693271948484506],[107.54592139532582,10.693206144752368],[107.54592081639527,10.693206055903318],[107.54591376626631,10.693198515971876],[107.54572982194654,10.69317667208984],[107.54562384908247,10.693160368507371],[107.54561190794618,10.69316267033552],[107.5456085905153,10.693162275513853],[107.54495246226844,10.693198515683706],[107.54484564972965,10.6931508318426],[107.54485258385294,10.693061561042008],[107.54487528973,10.693031556676715],[107.54515845590639,10.692760780242102],[107.5451367681003,10.692447224036622],[107.54519660275683,10.692172363062582],[107.5449585311185,10.692140744294997],[107.54491829878474,10.692112343623135],[107.5448532798462,10.69205982930879],[107.54484042351241,10.692057372791059],[107.54483039181724,10.692050291897477],[107.54457372007758,10.692006422137665],[107.544448922036,10.691982580743751],[107.54428870483227,10.691913917148256],[107.54422138596411,10.691836499988142],[107.54421241098912,10.691799478656817],[107.5442124115219,10.691754789069382],[107.54423560675642,10.6917146086213],[107.54448706944027,10.691528631609321],[107.54448730523163,10.691524907778962],[107.54449469817034,10.691520049283563],[107.54449469843499,10.69140846902876],[107.54443366322785,10.69129975114514],[107.54418952305322,10.691146208721515],[107.5437151384284,10.691035823062046],[107.54364484764592,10.690999031139572],[107.54358813327582,10.69096206448771],[107.5434339585701,10.690703154184808],[107.54342658266847,10.690464331751558],[107.54337317661815,10.690360381209155],[107.54336500910505,10.690359997955383],[107.54335791912365,10.690347983790515],[107.54332133540628,10.690357950668176],[107.54325110724328,10.690354658752371],[107.54306037219047,10.690429046285736],[107.54293067160098,10.690389944768807],[107.5429077841991,10.69026501398016],[107.54300696591838,10.690084768552707],[107.54308840320068,10.689798817738973],[107.54322058929516,10.689655615614871],[107.54316260171407,10.689386517778237],[107.54316610757901,10.689365479514047],[107.54325110727434,10.689276053969039],[107.54339606479392,10.689238859566746],[107.54380805294046,10.689277961275657],[107.54384619948594,10.689186408111691],[107.54356391156628,10.688811613397304],[107.54347998882572,10.68861324980213],[107.54347403970529,10.688610338710514],[107.54347235914882,10.688606573470738],[107.54321544850727,10.688475286246643],[107.54324347751361,10.688392950588794],[107.54349524761442,10.68816406907634],[107.54350287725221,10.688074423710283],[107.54350227313446,10.688073622857942],[107.54350287710746,10.688065840956261],[107.54346472958865,10.68802387923959],[107.54340369519456,10.688000991229897],[107.54282851670568,10.68815140699417],[107.54269491572074,10.688114528206434],[107.5426618466717,10.688104757128064],[107.54230506173948,10.68787892085289],[107.54201348016561,10.687857425491424],[107.54199983823084,10.687821958124013],[107.54198260050025,10.687743312908362],[107.54200279626032,10.687673894157367],[107.5420149077061,10.687653302654107],[107.54221972772662,10.68753235429115],[107.54262549680439,10.68752510770813],[107.54269416037893,10.687453581510708],[107.5426938841672,10.687452447103327],[107.54270179079231,10.68744404488245],[107.54268653195706,10.687373473168751],[107.54267051760539,10.687356791815684],[107.54266364376068,10.687328651056575],[107.5426180643832,10.687302153182461],[107.54259497923,10.687278105416913],[107.54254758194837,10.68726117766259],[107.54218299222309,10.687049223848904],[107.54196173917963,10.687094999866664],[107.54194910333827,10.68710392355371],[107.54194648084756,10.687104536875825],[107.54179319059403,10.687201214175444],[107.54168417583702,10.687190614448971],[107.54167270572435,10.687174270260332],[107.54167605282368,10.687116957019901],[107.54172491036594,10.68703094664227],[107.54196936838775,10.686881376618874],[107.54203040336733,10.686725928414967],[107.54197699752613,10.686542822982691],[107.54177529791343,10.686289827772029],[107.54176183500937,10.686234855861375],[107.54176829836555,10.686202537391154],[107.54180034756052,10.6861835079278],[107.54204566289154,10.686137510892681],[107.5420549625319,10.686131528125637],[107.54206092060602,10.686130836015412],[107.54230506128039,10.68597061807996],[107.54246527872775,10.68565686015662],[107.54265601349994,10.685525252603426],[107.54266364333232,10.685434652872132],[107.54256446094152,10.685325934565705],[107.54222113877539,10.685278251171924],[107.54212195684352,10.685202911202204],[107.54205329164999,10.685071304018996],[107.54200751593986,10.6847632668261],[107.54187018676372,10.68443615560414],[107.54190772090541,10.684347951793203],[107.54211432686799,10.684139563620834],[107.542121956586,10.68381149960244],[107.54209960298846,10.683772379591243],[107.54209906793022,10.683759048063974],[107.54208940434043,10.683754533326626],[107.54208380971299,10.683744742739988],[107.54199289494937,10.683709453892101],[107.54195410959908,10.683691336934233],[107.54194653732762,10.683691459906077],[107.54193885089111,10.683688475590747],[107.54135952172182,10.683696940073416],[107.54134201280587,10.683687273832364],[107.54104621128758,10.683378531900756],[107.540673384873,10.683141198748068],[107.54063139077294,10.683089581374608],[107.5406113352656,10.682900740746874],[107.54053504264597,10.68267853485155],[107.54050112030352,10.682633587735666],[107.54045058155651,10.682511086044395],[107.54044348969124,10.682453467498018],[107.5405350421213,10.682178808296985],[107.5406710435492,10.682149445402121],[107.54076275044544,10.68215379354288],[107.54080970083656,10.682162596987478],[107.5408205843385,10.682156535603616],[107.54084784744252,10.682157828900685],[107.54088599439295,10.682123496027637],[107.54088660123764,10.682119776391193],[107.54089362314751,10.682115866342627],[107.54090125230134,10.68203003558068],[107.54074866512747,10.681745840709612],[107.54082495968107,10.681486441752966],[107.54078681245919,10.681427313965047],[107.54077530457866,10.6814261463329],[107.5407715535507,10.681421591321214],[107.54010016617453,10.681357696047353],[107.53990943144294,10.680981947556532],[107.53990648400362,10.680879170878653],[107.53990239713796,10.680714137883346],[107.53994757827141,10.68058235843665],[107.54003913133832,10.680464102502775],[107.54025275430631,10.680317237062527],[107.54025516895362,10.680312191229184],[107.54026038293932,10.680308653956866],[107.54030616008973,10.680205656845708],[107.54048163607185,10.680027319501214],[107.54048371395668,10.680010176391526],[107.54050452402544,10.679987265842538],[107.54049413046533,10.679924249213993],[107.54049689513892,10.679901434845966],[107.5403595651755,10.679768873863763],[107.53991605506633,10.679669620842484],[107.53975684370313,10.679404570745143],[107.53973829889809,10.67939895541874],[107.53973395547136,10.679391219017148],[107.53941352144776,10.679300619268531],[107.53920496663093,10.679187352706528],[107.53907019868329,10.678847624736878],[107.53898627406309,10.678753210257382],[107.53897220109286,10.678758377955717],[107.53896338608831,10.678750349927482],[107.5388642043555,10.67879803400338],[107.53880316894288,10.679222419011026],[107.53864295240916,10.679491354439103],[107.53849298867026,10.679680683389364],[107.53837368344688,10.679669914128846],[107.53832251725323,10.679478956539612],[107.53840644024152,10.67910034851142],[107.5383148879357,10.678834273947134],[107.53826382911352,10.678757685317578],[107.53820390963007,10.678613709681942],[107.53820595197217,10.678584844408618],[107.53824802202872,10.678427834348112],[107.53833014767196,10.678318335827164],[107.53866583997369,10.67807419431433],[107.53865058078588,10.677759482376077],[107.538702370975,10.677653128910794],[107.53959662629265,10.677153898995869],[107.53961188526807,10.677092863687346],[107.53960368921257,10.677077086209106],[107.53960425531035,10.67707092943151],[107.53958010003353,10.67703167752751],[107.53957373836172,10.677019430380275],[107.53957200614757,10.677018524814926],[107.53956610777871,10.677008940130978],[107.53903205127058,10.676736189279875],[107.53895575708842,10.676188780347182],[107.53899390368969,10.676074339718628],[107.53909308635218,10.675990416822817],[107.53924567407203,10.675931288550585],[107.53948981389614,10.675912214704901],[107.5395966259683,10.675847365622598],[107.53975684306863,10.675667120883745],[107.53984839640717,10.675474478711607],[107.53989417216523,10.675291372801006],[107.53988408204596,10.675258579790333],[107.53988654321279,10.67524368930536],[107.53987496619438,10.675228952408371],[107.53987128427703,10.67521698634247],[107.53951270346546,10.674767805049786],[107.53955085045433,10.674562765792398],[107.53961951432694,10.674474074098931],[107.53963533830878,10.67445994577914],[107.53969458047426,10.674428473818981],[107.53974640289744,10.674433456745653],[107.53977490128688,10.674444539667977],[107.53987128387382,10.674741102661349],[107.53993994905618,10.674840284879274],[107.54028360192164,10.674982864835991],[107.54039580099787,10.675110647527987],[107.54046637675934,10.675198866276379],[107.54047339030062,10.675199012271856],[107.54048163574114,10.675208403653057],[107.54055793021082,10.675200773791769],[107.54076392268428,10.674924208438721],[107.54123694572729,10.674591375547301],[107.54127509294777,10.674516989229593],[107.54123694576971,10.674432112132193],[107.54100806363479,10.67431671702449],[107.54098517582808,10.674100233684742],[107.54103095241798,10.673906637169328],[107.54125983432473,10.67361004571265],[107.5415116037831,10.673404051660805],[107.54170996761992,10.67332680323189],[107.5419235908973,10.6733725803054],[107.5419338001098,10.673372501906085],[107.54193884976922,10.673373533043202],[107.5426712717688,10.673366857833788],[107.54277808373404,10.673396421931487],[107.5429154135283,10.673492743341045],[107.5429764480684,10.673624350251847],[107.54296415109793,10.673685064962221],[107.54284674796878,10.673796965379786],[107.54283148895459,10.674076390838444],[107.54306037118562,10.674118353416018],[107.54306891166193,10.674106996907216],[107.5430756296982,10.674107863011585],[107.54314429365999,10.674006773290612],[107.54313755718897,10.673859392102157],[107.54325110581559,10.673550917183412],[107.54322099278525,10.673102056943394],[107.54331655650444,10.67307184191449],[107.54358679883852,10.67309410686278],[107.54367835175726,10.673066450616377],[107.5437241284864,10.672960592091787],[107.54378864221093,10.672451654715962],[107.54379748237069,10.672414912399354],[107.54391486331912,10.672314954723669],[107.54424292694937,10.67229683486501],[107.54446418011169,10.672182394142192],[107.54465491486255,10.671922040833243],[107.5446593213517,10.671903620947877],[107.54467780304573,10.671877218027195],[107.54470827058701,10.671698980525315],[107.5447200907514,10.671649566116074],[107.54490668488938,10.671447110685852],[107.54492194256956,10.671362233922965],[107.54491399115268,10.671345335467759],[107.54491431440299,10.671341253255536],[107.54486853842717,10.671248746872743],[107.5446930618057,10.671129537630673],[107.5446835787749,10.67113314825007],[107.54467780317202,10.671129538448751],[107.54464625561684,10.671147355874213],[107.54452521516146,10.67119343424252],[107.54449427874093,10.671233195320111],[107.5444718087656,10.671245886170864],[107.5442276678525,10.6715758567553],[107.54400888540985,10.671610497841398],[107.54380805198697,10.671585393886229],[107.54366783677881,10.671522297931956],[107.5436360416046,10.671478580534835],[107.54360405302027,10.671415743940392],[107.54363880810888,10.67113510053097],[107.54400641605316,10.670675589337423],[107.54425055679013,10.670275998945083],[107.54438788617318,10.67018349283384],[107.54473883772339,10.670278859776788],[107.54474115297958,10.670278387392374],[107.54474646713517,10.670279813711828],[107.54482276071343,10.670261694288497],[107.5449219432892,10.670168233862505],[107.54499060834374,10.66994126018833],[107.54492957300542,10.669785811370218],[107.54478461386576,10.669716191880793],[107.54477912283949,10.669716854200184],[107.54476935576824,10.669712378029578],[107.54434973887918,10.669768643953008],[107.54424292690634,10.669743849215838],[107.54409796860122,10.669458699672752],[107.54405982224755,10.668982816982611],[107.54394538072667,10.668673826136347],[107.54399115703487,10.668337179292285],[107.54421361994467,10.66797478014901],[107.5444511857894,10.667864689076701],[107.54447943887156,10.667853665912528],[107.54448305609716,10.667849919969024],[107.54450995577729,10.667837454074286],[107.54452263393769,10.667808928180255],[107.54453284352367,10.667798352854453],[107.54453102411878,10.667790049845271],[107.54453284392164,10.667785956335086],[107.54452904512739,10.667781020245897],[107.54451758520965,10.66772873449975],[107.54446212160639,10.667694070065572],[107.54428107346979,10.667458844610904],[107.54418952141246,10.667080237076089],[107.54418952198091,10.666933371253979],[107.5444336615896,10.6666644348659],[107.54465491465835,10.666613889508367],[107.54497623675795,10.666373832539863],[107.54506690186997,10.666356398014107],[107.54518134271905,10.666170430724803],[107.54526526548693,10.665872884659574],[107.54511267762038,10.665735555892327],[107.5450897895369,10.665652586200977],[107.54510504882035,10.665542913703838],[107.54527289568917,10.665194821958455],[107.54518897180824,10.664823842777677],[107.54522307592981,10.66470021604955],[107.54527286576513,10.664691062921971],[107.54624182835907,10.66480763106587],[107.54637152760868,10.664738965440087],[107.54643256406555,10.664614034473388],[107.54649359877006,10.664338422283556],[107.5464173048984,10.664211583982313],[107.54635107147263,10.664169596336913],[107.54633338047528,10.664148641824879],[107.546322809792,10.664151680313621],[107.54631049248195,10.664143872282624],[107.54626471696993,10.664153410094706],[107.54610449961841,10.664429975737365],[107.54599327160263,10.66449949317057],[107.54593515192778,10.664489807095316],[107.54587561796227,10.664469075563426],[107.54582352133558,10.66442686115945],[107.54566199484995,10.664293600071016],[107.54565912710063,10.664293644545019],[107.54565436434542,10.664289785824787],[107.54535681863214,10.664298368923461],[107.54528052422141,10.664257360570486],[107.5453034130058,10.66405708837835],[107.54542548230373,10.66373093177324],[107.54543267163841,10.66347663229073],[107.54567725230119,10.663228345973884],[107.54579169323053,10.663007093298242],[107.54587459200732,10.66293887549055],[107.5459671696991,10.662918401480738],[107.54616553423017,10.663075757875923],[107.54617349397414,10.66307682829691],[107.54618079233504,10.663082433832988],[107.54626471701991,10.663089109650672],[107.54652411583164,10.662958455330926],[107.54664618658003,10.66294701180333],[107.5466995915166,10.663017584053758],[107.54668433340656,10.663193060045266],[107.54647070965501,10.663327527553802],[107.54643256383562,10.66338665549781],[107.54643781579492,10.663423747090036],[107.54643256371746,10.663439107268857],[107.54644521433994,10.663476006364176],[107.54644782127477,10.663494420324197],[107.54645285174067,10.663498281110828],[107.54645545177,10.663505864771995],[107.54660803931614,10.663647008543757],[107.54670262384482,10.663689945849661],[107.54672248047271,10.66370518263943],[107.5467394623994,10.663706668465917],[107.54675299790395,10.663712812943384],[107.5468052811948,10.66371242776262],[107.54687506734955,10.663718534792354],[107.54687826639757,10.66371189205861],[107.54688269748887,10.663711858478619],[107.54697425107808,10.663512540376713],[107.54717261506106,10.663471532957402],[107.54719751158942,10.663449747369377],[107.54721839094877,10.663443875187204],[107.547216136952,10.663433450922986],[107.54722602047795,10.663424802367702],[107.54721092929171,10.663409368338288],[107.54720313140385,10.663373304480881],[107.54705817362596,10.663253141643771],[107.5470276557198,10.663143469074546],[107.54723364995829,10.662769628158028],[107.54727942533552,10.662611318646437],[107.54736334943345,10.662539792382686],[107.54746673328762,10.66251318642682],[107.54758460173004,10.662542653378209],[107.54774481832956,10.662935567921805],[107.54786688964896,10.662981343748593],[107.54793555344618,10.662915540690907],[107.5480164749909,10.662698527874362],[107.54807643745156,10.662654588185905],[107.54821021177013,10.662570310101088],[107.54821158970633,10.662555554173851],[107.54823310070738,10.662539792377926],[107.54823310036554,10.662325215581033],[107.54830939431919,10.662328076690313],[107.54838568905534,10.662446332646539],[107.54859168146056,10.66254551456068],[107.54871375194537,10.66254932978228],[107.54874956286329,10.66252893727545],[107.54878241620214,10.662525487765167],[107.5488057551962,10.662496938462283],[107.54885108205052,10.662471128499575],[107.54886034529204,10.662430164202203],[107.54888922874356,10.66239483485609],[107.54890176456563,10.662247012537788],[107.54891211694881,10.6622012386436],[107.54890901388546,10.662161539262954],[107.54891211638478,10.662124944679293],[107.54890244140401,10.66207747844542],[107.548891015237,10.66193131394373],[107.54890374202584,10.66187197674626],[107.5489578925339,10.661735845383387],[107.5489578923672,10.661619496202198],[107.5488205639488,10.661245656048719],[107.54851538728546,10.66095573936724],[107.5484619818722,10.660712552739017],[107.54839331768443,10.660609555782969],[107.54798895989452,10.66040737689764],[107.54786688911102,10.660215688790078],[107.54788214768611,10.659996343846043],[107.54807288245435,10.659565282056244],[107.54833991182309,10.659329724685735],[107.54850012812719,10.65930588372269],[107.54862219912074,10.65935356635099],[107.54869086378127,10.659513784010523],[107.54872901089887,10.659807515486001],[107.54875936793287,10.659832391590262],[107.54878241605535,10.65985996757028],[107.54879014544997,10.659857612307519],[107.54879767549104,10.659863782193016],[107.54890448668381,10.659822774228186],[107.54925543887792,10.659411740567693],[107.54924780944513,10.659350705689084],[107.54907233355898,10.659165692759322],[107.54904181535183,10.659068418714384],[107.549057074501,10.658939672086147],[107.54920966251952,10.65870697515056],[107.54920966268055,10.658643079479788],[107.5491409988699,10.65856201712393],[107.54890868176156,10.658550774985697],[107.54889509635935,10.658528942064796],[107.54885871037179,10.6584451230269],[107.54885871084649,10.658292127468526],[107.54906470458337,10.658017468915828],[107.54921657568268,10.657961421456987],[107.54923327819891,10.657962370178097],[107.54927212421119,10.657981099084399],[107.54928961655777,10.658014006461123],[107.54935462145367,10.658186269169637],[107.54941565600625,10.658251119005312],[107.54954535543854,10.658304525088857],[107.54955947531765,10.658296961020394],[107.54956824451155,10.658299756462815],[107.54959800783146,10.65827631788322],[107.54959876104779,10.658275914103763],[107.54959899639593,10.658275539509525],[107.54964453853168,10.658239675182498],[107.54969794316665,10.658117604750558],[107.54974372072627,10.657788587400763],[107.54963690814127,10.657668423972577],[107.54931647459641,10.657554936914837],[107.54913336791924,10.657404256205705],[107.54910559449029,10.657208967440345],[107.54910922624758,10.657178323602777],[107.54912152500685,10.657156416045583],[107.54928667306463,10.656987018530355],[107.54960639097922,10.656742406007357],[107.54977423705895,10.656730008098902],[107.54986579037792,10.656863523324683],[107.54988320812011,10.65686258995368],[107.54988867793473,10.656869245221376],[107.54989825021852,10.656861784109104],[107.54991919626714,10.656860662358367],[107.55001837804812,10.65676815551551],[107.55005652546919,10.656668019604496],[107.54990393748636,10.656121564235427],[107.55000311898782,10.655927967787933],[107.5502320010498,10.655734372147476],[107.55030066657955,10.655604673223722],[107.55014807865109,10.655069660978704],[107.55023200142308,10.654685330160904],[107.55037695945988,10.654435468074217],[107.55053717685799,10.654349636810723],[107.55078894679448,10.65439636707347],[107.55083472350752,10.654338192714281],[107.55080420654113,10.65414269042138],[107.55091101755463,10.653898549461655],[107.5511780464772,10.653859449286546],[107.55124671060885,10.653829884626596],[107.55141455679642,10.65361530783297],[107.55140110649494,10.65330342796725],[107.5513992985913,10.653261495287854],[107.55136115125929,10.653195690793583],[107.55101019931398,10.653023075658162],[107.55089575812755,10.652857137115763],[107.55089065614605,10.652836727656613],[107.55084998260297,10.65267403135331],[107.55091864615322,10.652150463575484],[107.5508881295581,10.65206177238478],[107.5508880340445,10.652061687983169],[107.55079464640909,10.651978514038595],[107.55071316635723,10.651905945579008],[107.55070502350054,10.65189869385319],[107.5506805383199,10.65181676492074],[107.55060966526293,10.651579611062267],[107.55060584146618,10.65156681541392],[107.55061434442445,10.651539256938058],[107.55071265282972,10.651220631529212],[107.55091476146994,10.65105726063583],[107.55094153517005,10.651035618681076],[107.5509644231939,10.65092690011199],[107.55113226997356,10.650796246883326],[107.55119330518974,10.65069229576763],[107.55123145161717,10.65053398575598],[107.55123908084843,10.650145840667761],[107.55118567514826,10.649940800914088],[107.55119534159357,10.64993261084916],[107.55125434028469,10.649882626946086],[107.55181891458673,10.649870229196939],[107.55193335623281,10.64980156429437],[107.5521469791063,10.649426770085874],[107.55221564438159,10.648988079915602],[107.55239874920122,10.648825002073542],[107.55281073630049,10.64874203162367],[107.55329138785532,10.648766827591164],[107.55348212259018,10.648652386570859],[107.55354315812305,10.648518871434646],[107.55347718219102,10.648242136641182],[107.55347449378789,10.648230862711289],[107.55358130507297,10.64802868343859],[107.5536323455641,10.647685981466573],[107.55363471069292,10.647670101957537],[107.55364129349833,10.647669203715067],[107.55377017358653,10.647651629866301],[107.55380255815243,10.64764721398537],[107.55381333920684,10.64765116087229],[107.55412299219829,10.6477645152374],[107.55422217364556,10.647745442099115],[107.55427558040826,10.64768154540291],[107.55438239227699,10.647241901782515],[107.55431372725366,10.647017788850295],[107.55420691580521,10.646844219739801],[107.55419165664952,10.64666969783511],[107.55422980384397,10.646449398159056],[107.55429846775694,10.646385502215894],[107.55441290934716,10.646356892726761],[107.55487830233449,10.646435093860529],[107.555175849131,10.646426510787636],[107.55535895412541,10.646339726365918],[107.55554968926907,10.64614708378141],[107.55554968869963,10.646090817565018],[107.555450506742,10.646016430901211],[107.55550391322905,10.645862888594335],[107.55550092151452,10.645857984116887],[107.5554481139258,10.645771395613586],[107.55538947146016,10.645675239481903],[107.5553742130585,10.64565021995386],[107.55538947208179,10.64550526143268],[107.55526740109164,10.645235371569367],[107.55525977182643,10.645171475711122],[107.55526740090274,10.645155410442321],[107.55535895429507,10.644962620859086],[107.555427618735,10.64491970484051],[107.55553442965719,10.644927334283503],[107.55590064065994,10.645152401313231],[107.55618292863332,10.645168613370926],[107.55625922329195,10.645150494023737],[107.55631262829654,10.645086597119146],[107.55629736986857,10.644955944311054],[107.55612189384651,10.644720387150047],[107.5560837465297,10.644612621215998],[107.5560848394035,10.644605518833227],[107.55610663514304,10.644463848389092],[107.55625922290994,10.644276928229338],[107.55625726923148,10.64426569257281],[107.55624222999904,10.644179220015983],[107.55623633403934,10.644145321655762],[107.55623105003806,10.644145681062447],[107.5561524110971,10.644151043269089],[107.55603034092208,10.64425022516753],[107.55587012386951,10.644276928079332],[107.55550391254485,10.644218754454846],[107.55534369483276,10.644115757386192],[107.55535895341964,10.64398701178299],[107.5556412417896,10.643343281150285],[107.5556412420681,10.642864536533812],[107.55552680026872,10.642517399711526],[107.55562598277825,10.641672443692247],[107.55570227644017,10.641586613549068],[107.55603034070262,10.641492199127903],[107.55654913951662,10.641557049529306],[107.55667883848844,10.64153892885676],[107.55673224506556,10.641406368409843],[107.55666358044304,10.641059231274282],[107.55676301572943,10.641009513471625],[107.5567703913905,10.641005825323763],[107.55679309526714,10.641002898350393],[107.55701453244833,10.64097435397429],[107.55706754738226,10.64094254441867],[107.55711371444649,10.64091484381791],[107.55712897328937,10.640905689657856],[107.55711371465578,10.640778851523475],[107.55692297947719,10.640356373678435],[107.55696112635489,10.639702151923256],[107.55704187020092,10.639490199466039],[107.55705267989646,10.6394618260396],[107.55700690213081,10.639225315420616],[107.55711371486703,10.639079402795662],[107.55735022580399,10.639008831265771],[107.55738837286313,10.63873989471274],[107.55744940739206,10.638627361210432],[107.55759436668647,10.638591122103847],[107.55781561845829,10.638616870947082],[107.55782312429034,10.638614355075102],[107.55798346563984,10.638560604129754],[107.55807501890112,10.63840801574594],[107.55811316551791,10.638254475469036],[107.55805975989118,10.637980770005294],[107.55810553519571,10.637810061894275],[107.55821234718199,10.637709927441989],[107.55835730528703,10.637694668138],[107.55836505021279,10.637702654920247],[107.55837941683899,10.637717470053877],[107.55841834093825,10.637757609762499],[107.55853278171367,10.638057063752345],[107.558876104252,10.638105702473167],[107.55893713965125,10.638084721011419],[107.55902106232418,10.637909245246718],[107.55918890979116,10.637735675715211],[107.55961615527545,10.637523959726977],[107.55970007924581,10.637084315920651],[107.55996710777283,10.636707614882717],[107.5602951710722,10.635880778678438],[107.56031806026846,10.635310481777056],[107.56065375301722,10.635092090616912],[107.56084079071151,10.634899657444988],[107.56085211698847,10.634888003561223],[107.5611344050604,10.634856532844031],[107.56114966478661,10.634497952188642],[107.56122595882961,10.634357761060047],[107.56150824547923,10.634362529575926],[107.56164557451685,10.634295772587755],[107.56163031516286,10.634188960574138],[107.56150824553485,10.634034465587666],[107.56159216840565,10.633779834708289],[107.56159216805484,10.633604358815473],[107.5614929865892,10.633445094592059],[107.5612793637183,10.633397410947968],[107.56125647502334,10.63327629444064],[107.56133276964789,10.63324387015804],[107.56143958091768,10.633282017096928],[107.56165320394484,10.633271525883995],[107.56186682741324,10.633359263383186],[107.56204993201527,10.633551906340486],[107.56222540815598,10.633594822095885],[107.56243140200579,10.633484195317884],[107.56260687878222,10.633297275857647],[107.56269080145786,10.632796596993206],[107.56279761377107,10.63267834082852],[107.56279723365186,10.632665330257552],[107.56278998301417,10.632417033349052],[107.5627365780458,10.632372211556431],[107.56246191928581,10.632458041840122],[107.5622711854755,10.632433246313465],[107.56221014950074,10.632281611762005],[107.56221777916024,10.632029841648585],[107.56225592637165,10.631854365990595],[107.56233222041753,10.63172657389629],[107.5624771780897,10.631594012969833],[107.56269843119391,10.631491969358514],[107.56281287248085,10.631292651847062],[107.56282050161198,10.630893062744068],[107.56314856568507,10.630444835626255],[107.56324774711466,10.630029033446464],[107.56317908322623,10.629813502633565],[107.56294257138879,10.629633258622533],[107.56285101906103,10.629396747921287],[107.56297308878753,10.628814052419493],[107.56237036748139,10.628168414625332],[107.56230933220915,10.628037761769185],[107.56231696075398,10.627764056351952],[107.56250769614591,10.627573321425617],[107.56279761271259,10.627411197754046],[107.56288153636879,10.627323459126258],[107.56304938299161,10.626865695372036],[107.56318671197108,10.626833269961871],[107.56340033471133,10.626857112681126],[107.56376654646111,10.626978229281546],[107.56385809886393,10.626955340297354],[107.56392676330282,10.626886676019968],[107.56398779761321,10.62669498719735],[107.56401068697936,10.626383136035797],[107.56392676318033,10.626308748978051],[107.56372839937828,10.626287768174375],[107.56349951713,10.626169513728607],[107.56340796392854,10.626079867759493],[107.56335288626974,10.625932224953843],[107.56333929974905,10.625895808209647],[107.56334569883217,10.625875632592463],[107.56340796411745,10.625679324112573],[107.56351477642636,10.625552485396671],[107.56365210462145,10.625483821332622],[107.56412512685206,10.625321696432547],[107.5643845272766,10.625143358978134],[107.56448370860053,10.625019381938543],[107.56452948493201,10.624929736112442],[107.56459052003176,10.624497721934109],[107.56471259074394,10.624223063471211],[107.56488806702339,10.62405903148174],[107.56493384268609,10.623960802945774],[107.56497962034892,10.623546908123535],[107.56523901859414,10.62298805533408],[107.56542975396754,10.62290603943447],[107.5656815235503,10.623046229430635],[107.56638342801652,10.623112987295723],[107.56649786872187,10.623085330153664],[107.56653601612612,10.62297851773655],[107.56650549845997,10.622552226003718],[107.56649023952166,10.622455904779965],[107.56633765142065,10.622166941593534],[107.56626898710932,10.621809314060613],[107.56629187502524,10.621709178084807],[107.56654364502458,10.621418307380845],[107.56685645048061,10.62141926076408],[107.56697852107925,10.621351549668423],[107.56725317893465,10.620968172722455],[107.56734473142404,10.62065918248593],[107.56733710241078,10.620086024175688],[107.56744391399667,10.619819948551369],[107.56754309533683,10.619363138783102],[107.5677109428845,10.619191478263696],[107.56771739311623,10.619189750070898],[107.56819159454103,10.619062731905098],[107.56826788900088,10.618989299150291],[107.56822974147961,10.61877186041261],[107.56804663613593,10.618515323120159],[107.56804976011813,10.61849720251833],[107.56819922391601,10.61763031290131],[107.56815344766235,10.61727840685411],[107.56795508295117,10.616920778328895],[107.56756598398368,10.616615602627862],[107.56751257851069,10.616512606650128],[107.56755835469697,10.616371462774723],[107.56769568370137,10.61621505948965],[107.5677003305961,10.616196794521091],[107.56776434880605,10.615945169481503],[107.56759650132479,10.615495990059308],[107.56733710229987,10.61593467943721],[107.5671616258027,10.61599571518239],[107.566970891708,10.615954707175948],[107.56685645048002,10.61585457087764],[107.56665808528203,10.61576969382126],[107.56607062223534,10.615807840426672],[107.56600195745075,10.615840266218514],[107.56592566487811,10.616030046851149],[107.56594092214824,10.616161654228195],[107.56606299388523,10.616250345375304],[107.56652075663756,10.6163724163723],[107.5665512742096,10.61655933658138],[107.5661392877824,10.617003748711799],[107.56596381204419,10.617058108086967],[107.56555182337638,10.617101977196663],[107.56503302438007,10.61727268452987],[107.56485754874065,10.617371867294196],[107.56481177238055,10.617455790612848],[107.56478888431225,10.617652246657677],[107.5647888849699,10.6181700930508],[107.56472784993971,10.61821872993],[107.5646057786626,10.618219683537534],[107.5644837087972,10.617873500145787],[107.56436163891962,10.617841075369206],[107.5642777145695,10.617877315069586],[107.5641937920104,10.618367503256195],[107.56386572767003,10.618377040335034],[107.56357581086651,10.61850578626343],[107.56347662880128,10.618683169472293],[107.56343848190085,10.619035075247357],[107.56322485832892,10.618865321238896],[107.56293494128313,10.61815197312289],[107.56280524161686,10.617571185269211],[107.56270605963205,10.616723369306941],[107.56270605916839,10.616236041206374],[107.56286627674689,10.615778277006187],[107.56320959959463,10.615379641915075],[107.56362158618676,10.614444087090583],[107.56434637952744,10.613776514476703],[107.56533820031528,10.613057445060186],[107.56682593268899,10.612661669382188],[107.56716162518114,10.611945459912938],[107.56748968944257,10.611531565461242],[107.56769568315896,10.61080200476224],[107.5679016770723,10.610640833416522],[107.56826025852344,10.610104868430842],[107.56837469892325,10.609778711693183],[107.56862646918741,10.60928756907538],[107.56893164552527,10.608876535450733],[107.56926733802817,10.60830337751505],[107.5696411788506,10.607925722046296],[107.56987769033913,10.60761482392699],[107.569664067498,10.606529542887445],[107.56992346581524,10.604677507377525],[107.5702667889268,10.603778192298893],[107.57019049483777,10.602217028244954],[107.57030493585252,10.602006266314238],[107.570449893766,10.601844140704806],[107.57136542173754,10.60094577964745],[107.56797796999393,10.585547753090012],[107.56810766864004,10.585390397894724],[107.5684509919412,10.58514434904743],[107.56852728632276,10.584927865610025],[107.56850439827362,10.5848267757626],[107.56821448059262,10.584541627423413],[107.5681915926212,10.584409066137503],[107.56828314493316,10.584000894641145],[107.56827551625645,10.583810159160224],[107.56842047445394,10.583490678570174],[107.56835180951947,10.583028145983178],[107.56833655053042,10.582223245421993],[107.5685425446138,10.581905671180627],[107.56862646743336,10.581497498550286],[107.56866461499386,10.581452675911983],[107.56877142712446,10.581418343383554],[107.56903845572877,10.581447907003314],[107.56923681952577,10.58141643586514],[107.56938177737477,10.580292054546003],[107.56963354730055,10.57969219339597],[107.56964117775097,10.579409905579894],[107.56930548387317,10.579047509053474],[107.56916052588858,10.578622170464923],[107.56826025677009,10.57851631345961],[107.56811529877143,10.578720399474385],[107.56792456318941,10.57858497678432],[107.56777960431975,10.578580209440046],[107.56771094102919,10.578292199606885],[107.56765753486873,10.578225441856809],[107.56735998850864,10.578117677600948],[107.56726080627412,10.577868767942547],[107.56711584778043,10.577734299913304],[107.56652838459416,10.577673264320426],[107.56623846761018,10.577544518226226],[107.56616980285264,10.577446289840497],[107.5660782491182,10.575515099312932],[107.56726080652528,10.57478172368066],[107.56924444864798,10.571903534728317],[107.5707169207172,10.568414993303355],[107.57009894043254,10.567838020970107],[107.5695419954043,10.56752235495753],[107.56901556609104,10.567036934650544],[107.56878668431676,10.566922493377698],[107.56820685062173,10.566509552595171],[107.56768042209983,10.566191025427495],[107.56726080622431,10.56581623159581],[107.56670386009274,10.56550151834169],[107.56636053726567,10.565115280987442],[107.56614691409689,10.564934082415945],[107.56548315715789,10.56467659061095],[107.56523138670003,10.564505882444356],[107.5649796167733,10.564192123568747],[107.56477362281043,10.564006157977364],[107.56461340602529,10.563946076230222],[107.56441504108454,10.563680954878558],[107.56384283665265,10.563091583726527],[107.5633698139114,10.56278926916648],[107.56256872762172,10.562467880525842],[107.56237799276586,10.562327690590399],[107.56134039430138,10.561244317265325],[107.56083685474736,10.560824699685202],[107.56011206262926,10.560097999492658],[107.5593262341031,10.55915672375541],[107.5589142472868,10.558752365837126],[107.55883032419823,10.558646507824223],[107.55875403013636,10.558422395126883],[107.55863195905931,10.558340379054368],[107.5584488539687,10.55828983421402],[107.55835730115874,10.558203049614697],[107.55762487902199,10.557186433335016],[107.55742651508955,10.556794473148354],[107.55689245738468,10.556418724506312],[107.55683142170962,10.556163139771513],[107.55671698133106,10.555957147340532],[107.5566254292635,10.555875131038711],[107.55658728217854,10.555647201522879],[107.55607611234271,10.555054970663797],[107.5553589486081,10.554128952727732],[107.55527502575087,10.55395538373403],[107.55525976674879,10.55377132501962],[107.55516821380874,10.553594894954214],[107.55501562567004,10.553587266030343],[107.55486303803758,10.553669282108588],[107.55477911475943,10.553622552116128],[107.55471045095611,10.553548164708767],[107.55471045082895,10.553272552650993],[107.55458838037929,10.553002664238326],[107.55453497523591,10.552963562725555],[107.55440527510608,10.552972145907868],[107.55433661026036,10.55305416150677],[107.55419928136952,10.553078004357737],[107.55416113397533,10.553022691224173],[107.5541687637738,10.552901574253356],[107.55426031588806,10.552604028153427],[107.55418402183089,10.552305527958795],[107.55362707724996,10.551835366309525],[107.55309301868917,10.551694221563283],[107.55204016215127,10.5504048547829],[107.55195623909292,10.550019569692147],[107.55201727355727,10.549724884755234],[107.55201727345202,10.549578972893693],[107.55196386909267,10.54942924621408],[107.5518723158099,10.549360580706962],[107.55173498695916,10.54939300594891],[107.55167395135074,10.549651451942093],[107.55163580497756,10.549695320729132],[107.55155951052438,10.5496991355119],[107.55133062869957,10.549458809526893],[107.55120855748784,10.549212762331006],[107.55107122902118,10.548772164155713],[107.55094152954912,10.548579522281889],[107.55040747194793,10.548269578150247],[107.55013281349763,10.547734566993066],[107.55002600198524,10.547622032590777],[107.54971319668911,10.54710418760994],[107.54968267962936,10.546922035847592],[107.54971319682522,10.546751327763983],[107.54994970743965,10.546390838960642],[107.54992681923652,10.546343156102886],[107.5498505256126,10.54632122104808],[107.5496903086443,10.546361275618116],[107.54953009139771,10.546467133068447],[107.54937750345941,10.546496696872751],[107.54917913962589,10.54638034868787],[107.54855352868657,10.545696564984977],[107.548538269074,10.545478173047204],[107.54862219325352,10.545135804336047],[107.54861456371526,10.545023270860957],[107.54856115817775,10.544972725751526],[107.54835516470273,10.545016595199339],[107.54798895374914,10.545300790240105],[107.54779821794584,10.545164414138009],[107.54769140714438,10.544910737259606],[107.54707342635969,10.543815919132468],[107.5467911378935,10.542822189737226],[107.54665380950155,10.542678185322067],[107.54630285744445,10.542479821241809],[107.54563909872178,10.541848489348151],[107.54531866482323,10.541437455212744],[107.54485327242189,10.54063064657696],[107.54442602598151,10.540165254273154],[107.5439987796727,10.539406129186357],[107.5438614514237,10.539262123984619],[107.54369360377336,10.539206811314115],[107.54362493921857,10.539143868190772],[107.54357916313238,10.538873025277644],[107.54346472149757,10.538725204651158],[107.54303747626298,10.53855068328125],[107.54261785872049,10.538501091921901],[107.54247290071609,10.538446731513936],[107.54197698982226,10.537278480713473],[107.54193121364061,10.537026710730688],[107.54183966108891,10.536839791226656],[107.54170233182006,10.53668243465575],[107.54142004349565,10.536563225775854],[107.54122167979793,10.536341020242476],[107.54112249760382,10.536271400534787],[107.54103094447312,10.536265679187897],[107.54103094457322,10.53637916661659],[107.5410843508393,10.536479301784752],[107.54131323257864,10.536764451120067],[107.54176336681402,10.537081071271071],[107.54171759077241,10.537262268585316],[107.54158026198144,10.53732997986998],[107.54147344994203,10.53729278731771],[107.54116827404124,10.5370429237116],[107.54046636984273,10.536137886840027],[107.54036718791619,10.535921403269805],[107.54029852274915,10.535641975788897],[107.54029852230819,10.535506555385624],[107.5404205934264,10.535113640654233],[107.54040533490114,10.534956284157957],[107.54020697052216,10.534864731771531],[107.5401459346634,10.534775085865503],[107.53993994187509,10.53462345221789],[107.53976446532926,10.534550972807413],[107.53971868852527,10.534612961779843],[107.53983312948247,10.534825630587417],[107.53981024195528,10.535128898848276],[107.53970343077776,10.535154648515478],[107.53952032481786,10.535033532030951],[107.53895574916156,10.534226724383313],[107.53890997347393,10.533864327138618],[107.53900915548842,10.533613511110339],[107.53868872009686,10.533338853049978],[107.53853613225674,10.533380813751164],[107.53845220965643,10.533460923022337],[107.53836828591358,10.533453294144575],[107.53827673312486,10.533145256953548],[107.53830725031489,10.532729454678579],[107.5382080685152,10.532512016526214],[107.53809362706433,10.532431908834358],[107.5377197875713,10.532418556812534],[107.53765875239053,10.532346077740112],[107.53759771715869,10.532177276710135],[107.5375977174519,10.531585046011736],[107.53757482832317,10.531463928927684],[107.53750616443396,10.531373330307897],[107.53689581223725,10.53102809978648],[107.53668981926852,10.530783958765626],[107.53639990200925,10.530298539301029],[107.53606420816034,10.529973335904083],[107.53593450950852,10.52977878705982],[107.53576666240316,10.529639550057793],[107.53559881539525,10.529572793296529],[107.53508001615118,10.5292313783195],[107.53489691141642,10.529069252626957],[107.53469091737645,10.528784104180875],[107.53431707731794,10.528654404614972],[107.53373724335857,10.528682060953471],[107.53359228485017,10.528646775356549],[107.53338629120485,10.52855903741627],[107.53303533890094,10.528310127908997],[107.53211218167515,10.527223892809895],[107.53144842459295,10.526637382796052],[107.53080755632644,10.525908776235132],[107.5302200918127,10.52514488282222],[107.5292664181105,10.524023361713454],[107.5288773188273,10.52364856850352],[107.52861028958986,10.523330041046064],[107.52852636632174,10.523216553900115],[107.5284500731875,10.522931404730613],[107.52825933757052,10.522738762886807],[107.52812963747603,10.522121734926902],[107.52797704981063,10.521952934746764],[107.52788549689735,10.521949120309188],[107.52771002111588,10.522055931875178],[107.52764135631274,10.522045442223105],[107.52752691555226,10.521829910930622],[107.5275345445899,10.521450348606],[107.52742010353407,10.521221467038632],[107.52719885180328,10.521059342402486],[107.52678686427214,10.520529098842683],[107.52669531153836,10.520492860164829],[107.52653509430743,10.520613023345684],[107.52647405841826,10.520552940735849],[107.5264893178215,10.520274467754499],[107.52629858285657,10.51974994741629],[107.52610784735516,10.519504852784058],[107.52586370749576,10.51903087699058],[107.52560430771987,10.518815346852458],[107.52551275529181,10.518550224833124],[107.52516943278323,10.517964669020834],[107.52488714465048,10.517536469099602],[107.52465826326619,10.517278024126453],[107.52436834628209,10.516591378092723],[107.52404791159523,10.516312905250134],[107.5238953235241,10.51595813827598],[107.5235596301538,10.515719720327953],[107.52328497240634,10.51543743234253],[107.52294927835668,10.514674493295615],[107.52227789099051,10.51350242675219],[107.52197271602577,10.512759515104712],[107.52182012787479,10.512583084754263],[107.52171331630352,10.51204425872109],[107.52117162863875,10.511406251155183],[107.52081304792044,10.510628053162895],[107.52050024207718,10.510288544618248],[107.52030950746563,10.509875604209753],[107.51998907251586,10.509564706052892],[107.51963812063457,10.50902778716017],[107.51939398021081,10.508810349068847],[107.51912695070583,10.508497544117699],[107.51910406245065,10.508363075683905],[107.51876836997825,10.507773704954595],[107.51847082411003,10.507495232091076],[107.51832586499519,10.507290192715741],[107.51823431167996,10.506926843286829],[107.51815801750705,10.506805726080904],[107.51808172384219,10.50675708903464],[107.51792150689133,10.506735153673455],[107.51782995343336,10.506655045172574],[107.5175781838726,10.506261177832599],[107.5174561135173,10.505923576895013],[107.51701360847008,10.505236932288266],[107.51647955176689,10.50424606355608],[107.51572424166746,10.503146477652976],[107.51564031733669,10.503047294529503],[107.51540380675522,10.502903291343902],[107.51478582551427,10.502724953908892],[107.51460272035423,10.502519913509492],[107.5145340557357,10.502362557169075],[107.51439672665629,10.50218994199606],[107.51409917901732,10.501978226687816],[107.51362615749856,10.501760788950545],[107.5135269754842,10.501674003530692],[107.51342779312066,10.501446075678802],[107.51316076461794,10.501324960391058],[107.5129166233074,10.501151391148776],[107.51257330082015,10.50080806825181],[107.51237493611342,10.500740357217547],[107.5122833839055,10.500766107280764],[107.51205450264486,10.501241035800764],[107.51195531999794,10.501295395911429],[107.51184087967427,10.501302070753178],[107.5117340675681,10.501282997655409],[107.51149755660153,10.501144715449021],[107.5107117280105,10.500977821807421],[107.51060491737655,10.500910110747618],[107.5104752173416,10.500648805103124],[107.51036077648875,10.500534364042155],[107.51004034183747,10.500541993039947],[107.50932317906816,10.500400848976444],[107.50875860316442,10.500515289747309],[107.50820928700354,10.50052292016931],[107.50798040507513,10.500697442567303],[107.50759130605327,10.50072509880603],[107.50718694773694,10.50107414362261],[107.50702673076862,10.501120873438898],[107.506805477938,10.501100846674367],[107.50622564378251,10.500920602759177],[107.50568395731764,10.500887223794564],[107.50489049960451,10.500559158954236],[107.50434881300052,10.500216790779398],[107.50414282013733,10.500129051998124],[107.5034561742662,10.500083276586679],[107.50322729170146,10.500008889191857],[107.50248724094062,10.499526330105654],[107.50177770648139,10.49962741916406],[107.5015793426805,10.499594041132235],[107.50137334867762,10.49950058136092],[107.50112920882422,10.499507256268124],[107.50052648715635,10.499561616496791],[107.50022894013365,10.49960834615765],[107.4999695412869,10.499722787637143],[107.49974828765129,10.499722787631514],[107.49894720161205,10.499522515322637],[107.49873357864199,10.499515839842093],[107.49802404440028,10.499697038442406],[107.49768835205442,10.499677964849017],[107.49745184057964,10.499590226646097],[107.49719244082614,10.49943000937396],[107.49700933618257,10.499203034949309],[107.4968491178006,10.49912960154325],[107.49589544348056,10.499197313119286],[107.49551397334274,10.499097177048137],[107.49503332295272,10.498890229908483],[107.4945984464731,10.49884349946287],[107.49312597402567,10.498407671122921],[107.49234777579485,10.49803287720392],[107.49141698982956,10.497731516388074],[107.48951726936201,10.49744446018072],[107.48856359570317,10.497351000062414],[107.48665624602386,10.497376749512673],[107.48647314132472,10.497412035069456],[107.48632055304628,10.497486422481138],[107.48593145480042,10.497556993514692],[107.48554235515579,10.49777156983606],[107.48406988273359,10.498314211342715],[107.48358160045191,10.498567888279753],[107.4822846033576,10.499081919220039],[107.48181921057957,10.499226877273463],[107.4807282076068,10.499321291440921],[107.48006444907378,10.49942238080486],[107.4793243986858,10.499674150889923],[107.4790497401584,10.49971229802304],[107.47869878817663,10.499642679588721],[107.47832494865531,10.49964935526357],[107.47795110770197,10.499725649935353],[107.47571569522033,10.499393770462424],[107.47541814843316,10.499306032882867],[107.4751282316923,10.499167749750189],[107.47432714497927,10.49869186709441],[107.4740753752123,10.498673746747484],[107.4734955413061,10.49878055864503],[107.47326665952534,10.498743364906014],[107.47277074854273,10.498580286702186],[107.4712982753982,10.498511622202974],[107.47090917577246,10.498399088586106],[107.47011571900792,10.49804813677857],[107.4696350673794,10.497602770869994],[107.46844488248381,10.496815036190968],[107.46818548244049,10.4967015494259],[107.46755224166515,10.496124576141394],[107.46726995474617,10.495942423892751],[107.46691900264999,10.495538066347585],[107.46669012068438,10.495360682357205],[107.46640020431687,10.495030711352419],[107.46613317515524,10.494788478071445],[107.4654999347537,10.494321177504615],[107.46506505968065,10.493824313073288],[107.46411138571142,10.492944071950436],[107.46385961436624,10.492636035554298],[107.46342473936627,10.492114375582858],[107.4632340049579,10.491813014573669],[107.46288305232244,10.491444896149902],[107.46242528891514,10.491124461365976],[107.46131139761056,10.489787410549201],[107.46090703933402,10.489421199008902],[107.45932012495817,10.487672160541058],[107.45872503195203,10.48707992813214],[107.45838933927436,10.48663837726977],[107.45780187540406,10.486024211018616],[107.45705419481662,10.485091517445044],[107.45626836671077,10.484154056152045],[107.45534521028172,10.483249972288277],[107.45481878175995,10.482355426560188],[107.45405584247847,10.481299708476023],[107.4534073435624,10.480330775468378],[107.45317083294076,10.479914020501353],[107.45271306895351,10.479482959478112],[107.45243841090473,10.479020426880988],[107.4523621165342,10.478654216429122],[107.45222478777973,10.478319475987623],[107.45191198280337,10.478147814963169],[107.4515152537461,10.477846454513639],[107.45129400164666,10.477555582781697],[107.45106511977053,10.476994823300673],[107.45085912519798,10.4766934615395],[107.44951635287977,10.474890063324443],[107.44876104215155,10.474086116172558],[107.44844060738261,10.473504375420847],[107.44718938602396,10.47201092105391],[107.44690709880604,10.471557925236166],[107.44643407607725,10.471062968399263],[107.44598394215674,10.470513652356967],[107.44563298964727,10.470050166110033],[107.44539647926608,10.469554254856886],[107.44519811432173,10.469328234846225],[107.44487005147893,10.469145129085888],[107.44465642719716,10.468882869271566],[107.44427495817071,10.468645403857067],[107.44336706019578,10.468182872132445],[107.4426880437442,10.467763254931944],[107.44248967858799,10.467698405639839],[107.44226079789071,10.467708896527173],[107.44212346757641,10.467806169959067],[107.44201665681152,10.467946361277656],[107.44210820956309,10.468247722762873],[107.44209295097575,10.468409846202608],[107.44201665705778,10.468567203778695],[107.44065862504924,10.469139407354396],[107.44029241356417,10.469333003848725],[107.4397202085631,10.469474147077838],[107.43885045763157,10.469614337816328],[107.43847661819798,10.46962482764745],[107.43803411312352,10.469528506675333],[107.43759160762173,10.469507525166513],[107.4372711742441,10.469528506453855],[107.43670659784145,10.469637225729027],[107.43610387574321,10.469647716674217],[107.43585210547899,10.469723056756362],[107.43545537829175,10.469917606024614],[107.43517308967942,10.469928096405583],[107.43406682813345,10.469735455039602],[107.4335251405181,10.469735455186912],[107.4325409483854,10.469336818983802],[107.43164067935939,10.46914322299246],[107.43078618777645,10.469144176754858],[107.42963415004952,10.46920902617651],[107.42812352950122,10.468940090429385],[107.42752843703322,10.468908619324566],[107.42599492713092,10.468489002189633],[107.42328649250335,10.467606853929396],[107.42222600708752,10.467521023281485],[107.42186742505059,10.467435192022625],[107.42134862666347,10.467187237026216],[107.42080693928997,10.4670584911851],[107.41885381407377,10.466919254536812],[107.41825872133144,10.466811489105874],[107.41669469665916,10.46674759320101],[107.41621404399176,10.46669418784799],[107.41461950060227,10.466737103460972],[107.41417699492702,10.46688873741718],[107.41311650941557,10.46695358751219],[107.41244512332801,10.467115711640957],[107.41147618985498,10.467212986971328],[107.41049199777224,10.467503857897858],[107.40951543500685,10.467558216701265],[107.40853124322493,10.467709850843875],[107.40798192703643,10.467666935824248],[107.40740209357047,10.467678379847431],[107.40553289078098,10.46781857020621],[107.40452581069762,10.467830014340374],[107.40093236562329,10.468219113297364],[107.40038304996563,10.468219113316035],[107.39877324755295,10.468327832756922],[107.39762883913188,10.468339276641847],[107.39689641724313,10.468425107330484],[107.39558416051217,10.468404126312896],[107.39464574486357,10.468436551690932],[107.39424138681609,10.468393637005791],[107.39344030045254,10.468469931208714],[107.39299016697372,10.468588185606436],[107.39256292062308,10.468632055169358],[107.39175420451684,10.468599630734781],[107.3913498472847,10.46867497074346],[107.39036565440672,10.468664479722705],[107.38924413351197,10.468773198691524],[107.3885574874214,10.468783689840622],[107.3882065353631,10.468708349421371],[107.38762670211366,10.468795134043367],[107.38717656813581,10.468805624292257],[107.38618474640394,10.468687368882907],[107.38581853575444,10.468688321895266],[107.38488011991326,10.468806578440613],[107.38459783270687,10.468893362050535],[107.38430028571439,10.468839003528744],[107.3837204520956,10.46861298246171],[107.38343816422706,10.46854813193589],[107.3828430715774,10.468549086696058],[107.38167577474937,10.468473745738455],[107.38067632356824,10.468312575061846],[107.37982183175453,10.468355490479516],[107.37836461660751,10.468324019649158],[107.37705236145626,10.468216253213594],[107.37367253902319,10.468239142454784],[107.37274175325865,10.468028381259039],[107.37145238570984,10.46784527495916],[107.36964421848481,10.46752293257959],[107.36904149622076,10.467512443194492],[107.36846166185371,10.467404678217719],[107.36798101065393,10.467253997365754],[107.36749272914996,10.467167213129361],[107.36674504914029,10.46684105598336],[107.3662949139357,10.466744735135611],[107.36512761689707,10.46662647890943],[107.36417394299961,10.466346098833442],[107.36243444097295,10.465689971409947],[107.36046605657542,10.464850738470894],[107.35958104671698,10.464397742290322],[107.35913091321154,10.464021041833908],[107.35864263225471,10.463740661418166],[107.35808568615163,10.463221862843495],[107.35691838816514,10.462478950166043],[107.35624700133188,10.461929633898466],[107.35552220846678,10.4615739136429],[107.35472112282369,10.460841491400451],[107.35403447659938,10.460366561655798],[107.35355382453956,10.459870650843316],[107.35284429137984,10.459353759850709],[107.35216527566405,10.458987548161424],[107.35042577355152,10.457724883570062],[107.34969335156543,10.457444503887213],[107.34871678786931,10.457197501374376],[107.34830480149482,10.457014396529608],[107.34764867310531,10.456648185467847],[107.34568791943136,10.455421760615135],[107.3446503208185,10.455055549463959],[107.3441772984863,10.45493634101605],[107.34375768183362,10.454850510074776],[107.3432541420903,10.454840019301185],[107.34270482513841,10.454710320228802],[107.34181981619047,10.454333617943083],[107.34147649338541,10.454268768672794],[107.34086614114013,10.454302146761833],[107.33981328510737,10.454646423873818],[107.33947759071782,10.454646424309857],[107.33902745670335,10.454474761720645],[107.33840184698427,10.454399422006139],[107.33774571893598,10.454474762223233],[107.3373184725202,10.454604461942184],[107.33621221048114,10.455459908631092],[107.33610539923409,10.455214813496212],[107.33557134041375,10.45447857711393],[107.33533482974603,10.454078987442497],[107.33517461300285,10.453712776578989],[107.33512120712292,10.453457192142878],[107.33487706655897,10.453101471392507],[107.33472447921102,10.453094795556515],[107.33462529655358,10.45320637531517],[107.33451085559106,10.453232125699424],[107.33450322608897,10.453366593047358],[107.33446507904364,10.453367546312213],[107.3342819737267,10.453229264183346],[107.33430486213832,10.453179672649483],[107.33443456165125,10.45317967186345],[107.33449559714353,10.4530585563942],[107.33433537951025,10.45309670338908],[107.33425145568194,10.452954605095806],[107.33416753249608,10.452995613270408],[107.33415227404957,10.452811553986757],[107.33412175546881,10.452786759670323],[107.33403020384623,10.452863053527123],[107.33402257356839,10.452532128025421],[107.33424382639713,10.452333763108436],[107.33425145608294,10.452247933015627],[107.33399968542726,10.452307060656983],[107.3337173984641,10.452541664148562],[107.33369450974217,10.452408150005233],[107.33362584596017,10.452380493675708],[107.33346562898213,10.452475861225698],[107.33333592855617,10.452458694999622],[107.33335881666916,10.452404334874485],[107.33329015192365,10.452317551246814],[107.33334355767052,10.452141121025747],[107.33325963512102,10.452122048169795],[107.33315282286107,10.452181175025947],[107.33318334041952,10.452107743132078],[107.333641104978,10.452046707687716],[107.33379369302179,10.451959922842558],[107.33385472764056,10.45190365599179],[107.3338165804782,10.451809242593296],[107.33382420978882,10.451689080243696],[107.33393102207573,10.45151741825997],[107.33384709794566,10.451361969184905],[107.33395390981183,10.451127364901339],[107.33396153858946,10.451028183325901],[107.33389287442147,10.450994804821402],[107.33360295787666,10.45101578516889],[107.33338170501716,10.450973824668104],[107.33335118736407,10.450879410359642],[107.33347325794102,10.450690583034351],[107.33345036963564,10.450593308179426],[107.33333592900257,10.450584724856743],[107.33325200548327,10.450629546917913],[107.3331223053529,10.450949028294323],[107.3330536402373,10.45091851114764],[107.33297734617642,10.450655297307312],[107.33293157090169,10.45063240790497],[107.3327026888946,10.450602843812204],[107.3323746241746,10.450632408016459],[107.33203130200945,10.451025322589954],[107.33206944884247,10.451270416909724],[107.33232121865106,10.451351479706537],[107.33248143696458,10.451555565009683],[107.33288579464956,10.451659516459289],[107.33301549329825,10.45176346668544],[107.33301549409292,10.451795890944647],[107.33293157049533,10.451812104708655],[107.33265691278045,10.451824501667252],[107.33248906580728,10.451742485072009],[107.33210759563804,10.451690987704557],[107.33171849625113,10.451552704116715],[107.33174138422372,10.451453522751477],[107.3320313012585,10.451185539601767],[107.33200078420938,10.451065377478105],[107.33132176828954,10.4513085632435],[107.33124547449421,10.45118267797101],[107.33087926388458,10.451129273090052],[107.33087163373543,10.450984314448796],[107.33078771041068,10.450913741976573],[107.33026891145887,10.45087941054719],[107.32956700764744,10.450743988571912],[107.32916264909557,10.450592354171526],[107.32888799131315,10.450436905722869],[107.3284760043421,10.450341538657613],[107.32811742203234,10.450036362502594],[107.32771306467129,10.449852303484747],[107.32749181196698,10.449606255255862],[107.32736211228458,10.449566200247919],[107.32693486673274,10.449549988782934],[107.32677464927889,10.449427918069842],[107.32673650203071,10.449359253869737],[107.32673650212604,10.449167565651578],[107.3266220612086,10.449053124770005],[107.3264847319642,10.449028328630783],[107.3262100734394,10.44888527726682],[107.32604985594485,10.448871926348296],[107.32585149236624,10.448725060440438],[107.3256683863475,10.448671654783745],[107.32514195798305,10.448834732825029],[107.32494359457739,10.448508576796247],[107.32471471260205,10.44825013059941],[107.32444768289463,10.447854355702372],[107.32418065453463,10.44777806123226],[107.32407384335171,10.447785691442546],[107.32405095559665,10.447843865304069],[107.32422643148989,10.448046997496354],[107.32422643159093,10.448084191464826],[107.32411961881114,10.448104218799196],[107.32398228991644,10.448064163746789],[107.32389073744768,10.447922066918935],[107.3237305198464,10.447865799456768],[107.323616079224,10.447776155057438],[107.32353215652465,10.447579697780387],[107.32308202195297,10.446878746421309],[107.32295232237529,10.44677670390329],[107.32270818094871,10.44674237175332],[107.32250218836349,10.44664128165895],[107.32246404129576,10.446583107649177],[107.32245641157488,10.446338967809044],[107.32231145340873,10.44622643333202],[107.32199864771647,10.44606430837651],[107.32173161896266,10.446062401387005],[107.3215561427649,10.445938423219522],[107.32152562499212,10.446013765050607],[107.32164769465739,10.446188286995021],[107.32170110139414,10.446451500338755],[107.32168584216183,10.44655449782171],[107.32164769477649,10.446551637035231],[107.32152562537115,10.446409539554745],[107.3214874781772,10.446196869808766],[107.3213272611176,10.445815399323052],[107.32118993194227,10.445630387314363],[107.32097630930944,10.445528343909926],[107.32086949681856,10.44568283925894],[107.32090764417245,10.445817307781537],[107.32083897964336,10.445803955251558],[107.32079320315835,10.445746735933175],[107.32062535743661,10.445354775421654],[107.32057957983828,10.445102051242763],[107.3205032862067,10.445021943073586],[107.32008367018734,10.444828346331855],[107.31990819314994,10.444785431849137],[107.31968694101828,10.444642380537477],[107.31960301833327,10.44465573176394],[107.3196030179966,10.444819763950003],[107.31956487128038,10.444874123387258],[107.31950383594985,10.444852188983806],[107.3194351706799,10.444763498064319],[107.3193588770755,10.444424942789208],[107.31916051319493,10.443990067545222],[107.31909947781287,10.44389946894872],[107.31887822503022,10.443781212976697],[107.31873326689103,10.44355042393006],[107.31822972696982,10.443351105943949],[107.31806187964919,10.443351106182318],[107.31801610391356,10.443422631673661],[107.31819158019434,10.443796471708838],[107.31815343316617,10.443826035849582],[107.3177567036375,10.443414047538607],[107.31755833995409,10.443040207465026],[107.31750493359866,10.442816094909249],[107.31734471658788,10.44249375272164],[107.31695561791891,10.44218380843716],[107.31670384791936,10.442122772803195],[107.3164215594726,10.441976861122933],[107.3162994898053,10.441980675907171],[107.31622319561626,10.442056015990673],[107.31629186003272,10.44232209097395],[107.31649022506733,10.442529039018673],[107.31636052509772,10.442573860769036],[107.316261343048,10.442522362763311],[107.31608586684283,10.442276314927277],[107.31601720165905,10.441889122859072],[107.31595616698414,10.441762284704149],[107.31549840284441,10.4412978446155],[107.31542973902509,10.44129116834946],[107.31540685030487,10.441330269740103],[107.31548314512833,10.441699341435942],[107.31545262644474,10.44176800705624],[107.31520848556293,10.441586808102466],[107.31508641570318,10.441398934903146],[107.31488042186103,10.44129593823128],[107.31486516339064,10.440928772512617],[107.31476598138445,10.440695122865685],[107.3147049452497,10.440233545198648],[107.31462102300773,10.440125778776846],[107.31455235864678,10.440141037712763],[107.31452184034985,10.440207795237631],[107.31459050483382,10.440445259645678],[107.31457524682176,10.440505341617234],[107.31449895308678,10.440600708709573],[107.3143616232203,10.44062264363294],[107.3140945942789,10.440490083211106],[107.3139343773078,10.440330818597086],[107.313758900633,10.4400113387769],[107.31361394270724,10.43958981339032],[107.31350713011436,10.439450577393991],[107.31331639630105,10.439444856185396],[107.31315617899477,10.439327553907015],[107.31303410854869,10.439323738844415],[107.31301122091902,10.439386681739153],[107.31311040268885,10.439636544480832],[107.31308751481387,10.439781503285875],[107.31298070219506,10.439874008736352],[107.31273656236911,10.439754799563145],[107.31266789717182,10.439510659626317],[107.31241612750026,10.43946965212582],[107.31202702881717,10.43906147864616],[107.31197362261744,10.438974694920327],[107.31195836382621,10.438689546279116],[107.31175237088601,10.438412027017048],[107.31171422300517,10.438137368220605],[107.31166844639401,10.438079193617455],[107.31147771271867,10.437921838216011],[107.31138615907143,10.437919931299989],[107.31136327168583,10.438152626509533],[107.31126408827639,10.438309983973888],[107.3111420187766,10.438368157567021],[107.31101994834674,10.438335733110291],[107.31095128346546,10.438247995156996],[107.31092076652813,10.438124970738555],[107.31076817817436,10.438063935809161],[107.31061558995957,10.437925652588898],[107.31020360301729,10.43728192252184],[107.31006627430041,10.437143640327603],[107.30992131506804,10.436769800219677],[107.30976872709056,10.43654377904616],[107.30961613963412,10.436468438218501],[107.30943303430473,10.43645699378016],[107.30941014647117,10.43648941898256],[107.30947881041409,10.436600044628854],[107.30952458734073,10.436793641337571],[107.30953984500903,10.437072113731986],[107.30947118102617,10.437162712648908],[107.30942540394605,10.43716938872201],[107.30905919360796,10.436912851328247],[107.30899052923974,10.436832742203274],[107.30892949452199,10.436638192165047],[107.30902104592394,10.436291054555372],[107.30898290044041,10.436207132251388],[107.30892186473407,10.43615754133836],[107.30859380051626,10.43606122023032],[107.30834966015595,10.436102226784064],[107.30825810748875,10.436055497051266],[107.30821996021774,10.435980156670785],[107.30822758938749,10.435861901518486],[107.30811314913126,10.435738878362098],[107.30786900842136,10.435738877822985],[107.30773930854328,10.435658768632125],[107.3075485734618,10.435418443408059],[107.30738835658876,10.435286836014832],[107.30713658582893,10.434923485981159],[107.30699925692524,10.434820489278536],[107.30689244534274,10.434593514673828],[107.30666356388515,10.43448384160783],[107.3063355002822,10.434200600912519],[107.30606084115428,10.43392594295809],[107.30574040726054,10.433480577004998],[107.30551915407715,10.433366135953358],[107.30537419576484,10.433167772381635],[107.30525975532986,10.433102922365233],[107.30483250905834,10.43250878257798],[107.30477147400066,10.432122544539526],[107.30443577979028,10.431645706595912],[107.30432896857947,10.431594208660321],[107.30420689901521,10.431647615243074],[107.30419163955963,10.431834535170893],[107.30424504581356,10.432174042623894],[107.3041763809416,10.43234188985495],[107.30412297535943,10.432379082728607],[107.30403905234512,10.432363824452825],[107.3038330580369,10.43218071914056],[107.30368810037277,10.432029083623785],[107.30364995249317,10.43190415271001],[107.30334477654205,10.431654289948805],[107.30328374235233,10.431466416691023],[107.30298619525736,10.43124421128887],[107.30293279008875,10.431044893345526],[107.30268864850132,10.430738763106225],[107.30251317279887,10.430317238835304],[107.30245213758327,10.430284814107086],[107.30242162026052,10.430310563016779],[107.30242161970986,10.430404023014786],[107.30233006688813,10.4306109714484],[107.30223851486686,10.43063481321168],[107.30216984969152,10.430585222496177],[107.3020706679226,10.430317238715334],[107.30189519192714,10.430229500761554],[107.30180363861753,10.430054978691617],[107.30147557452445,10.429709749160246],[107.30127721031597,10.429410295268951],[107.30124669263706,10.429136589943512],[107.3011780286071,10.428963974803871],[107.30108647562987,10.428974466301394],[107.30073552356573,10.429309205045953],[107.3006668584359,10.429468468749869],[107.30059056605775,10.429470376326297],[107.30043034809147,10.429049805857641],[107.30062871284528,10.42883427643802],[107.30049901299977,10.428765610898708],[107.30035405352412,10.428605394039913],[107.3001404306142,10.428129509871999],[107.30003361939468,10.428095177988709],[107.29994969542511,10.428151444783337],[107.29993443790072,10.428486184444981],[107.2998505140519,10.428606347243147],[107.29963689104196,10.428570108076865],[107.29954533722808,10.42835839248811],[107.29939275033738,10.428311661797665],[107.29935460352286,10.428264932240767],[107.29936223265315,10.428169565058912],[107.29943089752284,10.428057030734449],[107.29943089771359,10.427932100272928],[107.2990875742627,10.427463845868427],[107.29899602205342,10.427373246236433],[107.29896550382063,10.427434282129452],[107.29903416827217,10.427660302096218],[107.29895787430091,10.427817659201759],[107.29890446903853,10.427822427289088],[107.29855351668954,10.42751152921663],[107.29862981062168,10.427323655411103],[107.29861455196905,10.427246408349166],[107.29850774053723,10.427172975222593],[107.29846196389295,10.427000360427574],[107.29815678889427,10.426493005405685],[107.29810338273583,10.426472977937973],[107.297996570654,10.426949814759608],[107.29793553571851,10.42694790850176],[107.29776768959285,10.426723793709844],[107.29764561878412,10.426641777912844],[107.29757695490974,10.426518754232537],[107.29740910765658,10.42639191638142],[107.29734044211652,10.426287011277216],[107.2973099253444,10.425956086572754],[107.29723363183986,10.425794915512329],[107.29704289648204,10.425585106850892],[107.29701237844623,10.425576524189855],[107.2970200085192,10.425882654038483],[107.2968903087006,10.425916986259526],[107.29672246205395,10.425833062015625],[107.29666905640555,10.425735788245467],[107.29665379781821,10.425459222324838],[107.29659276289038,10.425308542379355],[107.29622655134993,10.424808815700167],[107.29608159232117,10.424704865722296],[107.29599003999216,10.424564675945623],[107.29587559947493,10.424472169320257],[107.29579930574964,10.424457864070217],[107.29565434660591,10.42463334030793],[107.2957077528452,10.425051050421386],[107.29574589911755,10.425113038512785],[107.29572301135906,10.425152139605338],[107.29527287694752,10.424852685628991],[107.29515843652071,10.424728708339149],[107.29515080672044,10.424270943976262],[107.29496770094417,10.423961953095194],[107.29480748328976,10.423485116008017],[107.29454045532336,10.423083619305837],[107.29443364364262,10.423017815714442],[107.29437260869801,10.423036888937855],[107.29447942008642,10.423301056980252],[107.29453282510426,10.42358906717383],[107.29444127304183,10.423656777798092],[107.29428868493675,10.423613862119943],[107.29415135589731,10.423485115862597],[107.29392247463433,10.423055963484371],[107.29360203947174,10.422907190144361],[107.29354863330757,10.422848061926867],[107.29341130391872,10.422439889401005],[107.2932358281527,10.42223294258269],[107.29315190531726,10.422204331948274],[107.29310612822098,10.422320680112868],[107.29305272327736,10.422309236462374],[107.2927856944873,10.421938257395729],[107.29243474199612,10.42111618886526],[107.29222111913847,10.420813875040334],[107.29189305543694,10.420573549524589],[107.29183202026263,10.420630769451503],[107.29190068366215,10.420999841585076],[107.29186253675405,10.42106850608793],[107.29179387292056,10.42111237488178],[107.29166417343804,10.421106653138773],[107.29148106720166,10.42101796167453],[107.29134373798968,10.420884446034616],[107.2913895152216,10.420813875638583],[107.29136662710941,10.420733766007396],[107.29080968117003,10.420227364893446],[107.29070286896227,10.419972734305663],[107.2906647223443,10.419708566295515],[107.29035954593307,10.419107751173101],[107.29032139899292,10.419076279978123],[107.29022984699245,10.419100122492969],[107.29012303487038,10.419253663210656],[107.29001622366289,10.419320421024747],[107.28987889483051,10.419259384807587],[107.2897644537882,10.418846443820888],[107.28949742466556,10.418711975889131],[107.28924565529326,10.418395355943092],[107.28914647253141,10.418333368439047],[107.28888707260144,10.417896585394173],[107.28869633803474,10.417469339248434],[107.28826146250485,10.417307214660529],[107.2879333986798,10.416979150277871],[107.28781132895206,10.416689233526109],[107.28775792236998,10.416325883654286],[107.28758244714597,10.416068391658857],[107.28744511779055,10.415947273800239],[107.28727727031566,10.415877656047812],[107.28718571774026,10.415963486879626],[107.28713994144525,10.416158037088602],[107.28704838873422,10.41616375897713],[107.2868881717376,10.416063623575734],[107.2867661019115,10.416091279432832],[107.28668217757927,10.415950136467536],[107.28662877290718,10.415500954921448],[107.28652958997993,10.415327386021373],[107.28645329540161,10.414957361188401],[107.28633122534178,10.41470082212083],[107.28585820366513,10.414203004665525],[107.2856064337123,10.414013222847545],[107.28549962179197,10.414263086343567],[107.28562932202037,10.414559678079495],[107.28559880370823,10.414578752202242],[107.28550725193983,10.414522485159747],[107.2853012577054,10.414318399577843],[107.28524022267412,10.414176301161381],[107.28509526378909,10.41403801910766],[107.28484349331804,10.413631753377109],[107.2847748295993,10.413190202275478],[107.2846451297392,10.412987068994429],[107.28458409483851,10.412779168526084],[107.28440861875532,10.41259034118388],[107.28427891865297,10.412370996064055],[107.28427891802923,10.412267999510682],[107.28417210641116,10.412218408682357],[107.28412633003201,10.412251787032087],[107.28401951976673,10.412623719935114],[107.28395085490334,10.41265423696526],[107.28387456073014,10.41261418285971],[107.28380589640376,10.412417726322339],[107.28357701399435,10.412052469668657],[107.28345494362912,10.411711052958854],[107.28340916745516,10.411465004843416],[107.28343205509569,10.411224679186034],[107.28338627903815,10.411178902824926],[107.28317265677549,10.411115960631644],[107.28294377426228,10.410740213068937],[107.28266911611215,10.41059525451461],[107.28256230417861,10.410600022974403],[107.2825851921959,10.410890893033631],[107.28247075243023,10.410930948526556],[107.28233342269777,10.410885170912357],[107.28211217074058,10.410529451763292],[107.28204350485791,10.41018422104626],[107.28195195366041,10.410046890907847],[107.28186802883496,10.40966542233003],[107.28170781202333,10.409553842544693],[107.28148656060638,10.409262971074648],[107.28143315391875,10.408980684241545],[107.28131871361019,10.4089310934666],[107.2811661247667,10.408689813533963],[107.28108220180836,10.408621148089209],[107.28099064962197,10.408632592104441],[107.2809372435157,10.408800439457554],[107.28088383679906,10.408851938251004],[107.28071599090642,10.408684091035779],[107.28059391986727,10.40810902544506],[107.28015904491815,10.40711624994623],[107.2799759401072,10.406937913425894],[107.27981572177403,10.406953172143016],[107.27970891100573,10.406906441986962],[107.27941899420226,10.406597451363268],[107.27932744094495,10.406580284911138],[107.2792664061462,10.406645135533779],[107.27926640649814,10.406756715416519],[107.27934269983385,10.406863527406141],[107.27934270042793,10.406902627542701],[107.27929692350234,10.406917886372486],[107.27899174839813,10.406606988702785],[107.27881627172191,10.406207399356271],[107.27869420106067,10.405476884401429],[107.27838139624916,10.404954270926357],[107.27799992589023,10.404519395191254],[107.2778931153426,10.404530839545156],[107.27787022702276,10.404774026142432],[107.2777939329796,10.404725388930167],[107.27770237962137,10.404329613953939],[107.27759556792437,10.404198007550686],[107.2773361692621,10.403999643501306],[107.27701573351872,10.403486565913319],[107.27649693564753,10.40286858521171],[107.27645115899367,10.40284569695195],[107.27639012334882,10.402875261127685],[107.27635960575206,10.40294869441366],[107.27639012420113,10.40305932011893],[107.27635197642998,10.403107003455343],[107.276397752727,10.403186158085758],[107.27639775292836,10.403287247900776],[107.2765350829218,10.403377847592992],[107.27650456438582,10.403426484328362],[107.2763138298084,10.403454141036365],[107.27609257747386,10.40333111721446],[107.27599339558108,10.403119401477431],[107.2757416253372,10.402860002334508],[107.27561955507977,10.402604417049595],[107.27540593200084,10.402354554241738],[107.2752686024319,10.401959733469926],[107.2749710563018,10.401727989958745],[107.2746811398689,10.401229219371139],[107.2745666988428,10.401194886459738],[107.27452855127028,10.401070909626174],[107.27435307522154,10.40086777668835],[107.27422337530581,10.40050347308263],[107.27401738139078,10.400311784227027],[107.27385716497722,10.400076227243867],[107.27376561147594,10.399881677400762],[107.27366642988017,10.39924271486275],[107.27333836510297,10.398999528626549],[107.27320103654124,10.398945169387414],[107.27309422535056,10.398833589656595],[107.27305607865128,10.39864857635954],[107.27307896685207,10.398456888142782],[107.27304081964121,10.398411111517193],[107.27268223787925,10.398391084405626],[107.27250676165623,10.398229913774747],[107.27242283849097,10.398093538686986],[107.27236180311583,10.397734002776009],[107.27204899801592,10.39752133367725],[107.2719116681634,10.397382097246354],[107.27167515745063,10.397310570952346],[107.27157597582284,10.397188501140507],[107.27140049972671,10.397073105966157],[107.27133946402088,10.39696152605265],[107.27115635864553,10.396804170632453],[107.27103428844092,10.396529512023193],[107.27097325302839,10.396486595932604],[107.27084355351964,10.396508531600903],[107.27072911274506,10.396457986189235],[107.27026371899042,10.39591534508235],[107.27015690836447,10.395899133634611],[107.27013402014911,10.395929651809734],[107.27009587313705,10.396196679107396],[107.27001957934208,10.39614327438635],[107.26995854336299,10.395885782176471],[107.2697906969571,10.395648317039452],[107.26964573778037,10.395261125489736],[107.26944737425745,10.395251587963442],[107.26931004535949,10.39512570381592],[107.26908116354565,10.39506562275244],[107.2690124992864,10.395092325577746],[107.2690124988734,10.395141916191712],[107.26913456941257,10.395262078994302],[107.26886754027741,10.39531071657526],[107.26869969320413,10.395470933751612],[107.26860051121314,10.395423250055194],[107.2685928819751,10.395318345513424],[107.26866154617494,10.395208673272862],[107.2686081414766,10.395131425110144],[107.2685699938842,10.395134286650894],[107.2685547354479,10.395224885640292],[107.26832585295045,10.3952515887571],[107.26805119539183,10.395110444420363],[107.26777653697387,10.395325975502919],[107.26751713700729,10.395172433333636],[107.26747136111706,10.395040826448597],[107.26717381373994,10.394751863668914],[107.26702122689795,10.394556360630661],[107.26663975702158,10.393844919137718],[107.2663269523224,10.393593149276036],[107.26622777015446,10.393443422616974],[107.26609806978385,10.393350915797479],[107.26603703473205,10.393259363286251],[107.26600651666435,10.393098192541206],[107.26555638270287,10.392655687779667],[107.26535801899017,10.392250375471093],[107.2653427595439,10.3919614123807],[107.26525120706911,10.391803102250302],[107.26514439621806,10.391708688070306],[107.26493077195985,10.391292886615444],[107.2647934429085,10.391167001827547],[107.26456456155228,10.391070680035742],[107.26425938609088,10.390833215875261],[107.26407627952662,10.390833215229586],[107.26403813276923,10.390788392592196],[107.26403050341605,10.390741662459739],[107.26416783330998,10.390540437737302],[107.26419835070651,10.390415506541546],[107.26408391027176,10.38985951424698],[107.26403050421963,10.389756517433165],[107.26383213990775,10.389539079875084],[107.26348881634073,10.389390306019289],[107.26334385795462,10.38912232305849],[107.26309971795962,10.388951616640801],[107.26295475906944,10.388751344045156],[107.26288609492114,10.388758020235755],[107.26287083548269,10.388799981089317],[107.26302342378219,10.389131860803992],[107.2630539411493,10.38935120512511],[107.26300816491835,10.389341668276895],[107.26272587709555,10.38895352330689],[107.26246647731134,10.388240175525576],[107.26226811352414,10.387039499741183],[107.26202397290685,10.386775331202134],[107.26197056676641,10.38664944608582],[107.26166539165939,10.386336641024814],[107.26157383885594,10.386298494242645],[107.2614899157889,10.386356668500245],[107.26147465614477,10.386442498609014],[107.2615204329845,10.386602716201187],[107.26173405559678,10.38698513939674],[107.26174931426532,10.387081460655232],[107.26168827938827,10.387095765411635],[107.26115422192466,10.386366205376095],[107.26099400439998,10.386064843194621],[107.26084904554918,10.385643319104169],[107.26090245190265,10.385329561346067],[107.26084141632099,10.385061578329022],[107.26090245171919,10.384709672085203],[107.26087956321334,10.384630517684755],[107.26077275106063,10.384440736002286],[107.26060490557292,10.384267167714942],[107.26041417061498,10.384237603135409],[107.26028447060597,10.384163217563385],[107.26013188263796,10.383893327659477],[107.2600632185618,10.383906678191664],[107.25996403617688,10.384017305789415],[107.25988011280943,10.383965806689728],[107.25972752465898,10.383569078217546],[107.25986485439407,10.383238153538946],[107.25981144828712,10.382981614287955],[107.25981144838701,10.382762269365333],[107.25948338437095,10.382296876356213],[107.25937657233233,10.382211046301503],[107.25912480207063,10.382129983181422],[107.25886540324488,10.382158593413063],[107.25864414986593,10.382087068719464],[107.25854496786253,10.382020311222549],[107.25821690419544,10.381627397048224],[107.2580414279105,10.381528215278406],[107.25778202882061,10.381450013220011],[107.25772099428993,10.381372766696305],[107.25756840659736,10.380926446598664],[107.25734715318428,10.38079483961207],[107.25706486626022,10.380412416203534],[107.25677494894808,10.380297021091026],[107.2565842145455,10.380009012517],[107.25613408001394,10.380074815648397],[107.25592045712688,10.380045251402258],[107.25568394485343,10.379906968147186],[107.2551498878334,10.37965043040718],[107.25484471241694,10.379564599137476],[107.25476078921112,10.37950642511814],[107.25473027140498,10.37941868732192],[107.25460820134762,10.379353837947242],[107.2542725074065,10.379480676651816],[107.254119918678,10.379469232559957],[107.25348668002447,10.37956936815618],[107.25309758146197,10.379812555567826],[107.25293736305531,10.379872636685828],[107.25263981678205,10.379756288949613],[107.25248722873404,10.379892663533893],[107.25225071817296,10.379995661105788],[107.25198368886956,10.38017495172833],[107.25180058430514,10.380209284086556],[107.25122075001156,10.38020260802518],[107.25118260325289,10.3802913000321],[107.25124363804764,10.380417184595045],[107.25165562496187,10.380608874054385],[107.25163273664407,10.380695658065687],[107.25155644291934,10.380715684984605],[107.25131993193405,10.380668954402669],[107.25097660902514,10.380467729414493],[107.25074009766064,10.380454377531585],[107.25059513889767,10.380392389472485],[107.25030522196472,10.380386667891461],[107.25005345238124,10.380234079879104],[107.24983982885696,10.380230264711253],[107.2498093120095,10.380197839764937],[107.24961094703346,10.380225496575658],[107.24941258336574,10.380069093678852],[107.24887852504283,10.380196885943452],[107.24881748953064,10.380328493020539],[107.24874119590943,10.380374269770165],[107.24828343332281,10.380201654667214],[107.24780278069646,10.380221681872499],[107.2477341159957,10.38051922796757],[107.24758915823608,10.380630807817244],[107.24731450019067,10.380650835194555],[107.2470474710543,10.380477267273065],[107.24696354663428,10.38033707701645],[107.24680333023169,10.38030083737444],[107.24664311274195,10.38021214484812],[107.24646763726155,10.380000429034993],[107.24582676766805,10.379785853237765],[107.24564366213349,10.379688577800772],[107.2454376680234,10.379483538461932],[107.24505619841365,10.379288988384971],[107.244979905082,10.379190759615433],[107.24488835136684,10.378929453089292],[107.24423222349037,10.378280954654032],[107.24411778274082,10.37822945636461],[107.24407200647173,10.378244715270322],[107.24398045349064,10.378444032946991],[107.24385838395924,10.378439265236057],[107.24381260636405,10.378396348799209],[107.24378971880918,10.378278094406014],[107.24385838397593,10.378013926135301],[107.24384312440044,10.377912836130818],[107.24375157130328,10.377781229080165],[107.24365238938508,10.377743082187207],[107.24353031954051,10.377773599862742],[107.24337773137644,10.377889947850777],[107.24327854978556,10.378078776107271],[107.24312596131124,10.378112154420457],[107.24305729628213,10.37806351697197],[107.24301152039826,10.377880410857053],[107.24313359112091,10.377684907775865],[107.24312596200146,10.377611475212216],[107.24304203890995,10.377561883685097],[107.24290470906202,10.377549486377234],[107.24263768056151,10.37769158416919],[107.24250035211223,10.37762673378207],[107.2425232397956,10.37746842447924],[107.24228672892951,10.377482729174265],[107.24188999990486,10.377629594988152],[107.24154667671438,10.377622919190262],[107.24131779484199,10.3776810945282],[107.24101262007309,10.37782509823707],[107.24066929659014,10.378121691584935],[107.24018864438169,10.378450709527135],[107.24005894436975,10.378511744663193],[107.23956303508228,10.378609019446127],[107.23938755864306,10.378693895860579],[107.23904423572891,10.379195528123706],[107.23889164763264,10.379329996146772],[107.23804478503101,10.380557375194075],[107.23793797405305,10.380859690749052],[107.23781590248781,10.38107140620178],[107.23754124471343,10.381388026928516],[107.23754124471021,10.38178761558183],[107.23688511702633,10.381950693301453],[107.23666386515181,10.382125216720173],[107.2364426117774,10.382232027704827],[107.23641972391825,10.382459956494076],[107.23601536592557,10.382872897640302],[107.2358246304919,10.383338290622191],[107.23565678448126,10.383594828410228],[107.23451237495532,10.384530383089473],[107.23371891788908,10.385400133979532],[107.23318486109044,10.385819750687633],[107.23280339068346,10.386329967162524],[107.23236088590933,10.387051898368952],[107.23220829844453,10.387446719672859],[107.23202519328308,10.38770325798134],[107.23141484083078,10.388387996082596],[107.23101048334665,10.388992625982706],[107.23062901366724,10.389333087333151],[107.23026280285625,10.389547663958403],[107.22977452126455,10.38993199551119],[107.22923283437248,10.390428859265969],[107.22825627178716,10.391230899664583],[107.22756962598403,10.392239887454881],[107.22734837397734,10.392408687135193],[107.22650914130651,10.393353778428434],[107.22500615056839,10.394832928062574],[107.22474675043286,10.395158130819054],[107.22370152339593,10.39612324868518],[107.22361760064648,10.39636834374354],[107.22352604716015,10.396487552932857],[107.22282414322761,10.397087413891605],[107.22206883361278,10.39823086985228],[107.21950535624588,10.400190670484502],[107.21899418709295,10.400688488458677],[107.2186966411656,10.401123364606129],[107.21817784238148,10.401493390017187],[107.21779637269928,10.40182526815469],[107.21755223147647,10.401937802006469],[107.21724705661059,10.402230580624312],[107.21691136267091,10.402383168654385],[107.21631627065963,10.402364094301541],[107.21617131158418,10.402400334575514],[107.21594242943252,10.402584393433091],[107.21571354726264,10.402880986003],[107.21553044273276,10.403032620719253],[107.21485142688739,10.403165181317476],[107.21296696554573,10.403788884787241],[107.21129612842165,10.404120762500515],[107.21103672983004,10.404228527508897],[107.21068577665812,10.404448827149903],[107.21047215311552,10.404988607006523],[107.21020512562735,10.405272801846705],[107.21006779570476,10.405333836463413],[107.2096329207187,10.405438740422968],[107.20941166786488,10.40543874065578],[107.20912938009373,10.405289967514884],[107.20889286911671,10.405043919718741],[107.20870213458252,10.405015309750718],[107.20851902802656,10.405022938900695],[107.2083816991023,10.405081112914244],[107.2081451886,10.405278524174125],[107.20777134830348,10.405205090724913],[107.20774845943224,10.405247053086448],[107.20780186520612,10.405331930201077],[107.20806126550622,10.405548414243682],[107.20808415365693,10.405626614874247],[107.20794682410684,10.405750592775846],[107.20746617208046,10.405814488570966],[107.20713810828424,10.405939419814871],[107.20698552053524,10.405923208448023],[107.20681004479887,10.405960400751407],[107.20571904166934,10.405874570382297],[107.20384983927582,10.405673345121855],[107.20331578137595,10.405551274745893],[107.20306401123449,10.405560812228458],[107.20152287403072,10.405273756079376],[107.20111088606384,10.405139287700548],[107.20080571018752,10.40512402928972],[107.20056156980684,10.405027707975494],[107.1999283305853,10.40489514722734],[107.19951634300212,10.40472634680736],[107.19875340297627,10.404556592220063],[107.19863896219704,10.404492696524475],[107.19780735837114,10.404247602309262],[107.19732670707282,10.404142698878571],[107.19718937733008,10.404233297293437],[107.19727330143118,10.404309591825234],[107.19741063024347,10.404332479870387],[107.19750218309453,10.40454228735488],[107.19795994605549,10.404687246852218],[107.197921799337,10.404824575068918],[107.19744114763799,10.40483029760179],[107.1972198953474,10.404658636419324],[107.19705204803768,10.404679616514741],[107.19684605526363,10.404618581400186],[107.19692997817998,10.404430707787768],[107.19683079647315,10.40436776568142],[107.19586949213509,10.404233297346318],[107.19490055866684,10.403961500160234],[107.19348149225496,10.40336068577881],[107.19247441193096,10.403145154521962],[107.19184880138923,10.403089841806215],[107.1914215550947,10.403096517723583],[107.18936924809235,10.402325948965073],[107.18876652618714,10.402280172603838],[107.18820195092424,10.402096113886296],[107.18795018050848,10.402110418988306],[107.1882400982102,10.402364096267554],[107.18813328554945,10.402366956537104],[107.18766026412248,10.40221055463607],[107.18755345169971,10.402029356887759],[107.18713383524717,10.401716550929287],[107.1866302943275,10.401562055816225],[107.18629460186315,10.401621184041913],[107.18571476814208,10.40165265467193],[107.18263249277685,10.400640807077897],[107.18235783363788,10.400517782997126],[107.18229679872645,10.400379499816783],[107.18214421028662,10.400232633753758],[107.18190007067821,10.400135358691902],[107.18148045317383,10.40012582323998],[107.18107609514884,10.400204023889415],[107.17881016567608,10.399906477691964],[107.1785278770772,10.399909339530867],[107.17776493822377,10.40009149001197],[107.17730717493102,10.400277457388038],[107.17694859326006,10.400565465978547],[107.1767349702729,10.400916419275271],[107.17161564654036,10.400399527537035],[107.16605381765373,10.39977868608442],[107.16596226487898,10.399316153792585],[107.1657104949844,10.398924193734803],[107.1643143147142,10.397901855360937],[107.16381077518136,10.397606216053235],[107.16265110740069,10.396566710902931],[107.16117863384035,10.394991240825265],[107.16072087098726,10.394463859251227],[107.16037754815109,10.393995605191567],[107.16008763102998,10.393516860970744],[107.15962223788273,10.39253552950318],[107.1594162434304,10.391789756332734],[107.15925602633439,10.39084084990622],[107.15895847976765,10.389985404884026],[107.15863041594694,10.389494261696104],[107.15711216626293,10.388036094083422],[107.15653233271672,10.387545905620483],[107.15493015889162,10.386837325618721],[107.15484623641527,10.386748634423775],[107.15482334789084,10.386617981365013],[107.15501408264231,10.386448227279626],[107.15483097706745,10.386364302743763],[107.15477757108269,10.386247954766086],[107.15470890757332,10.386240326235582],[107.15449528414058,10.386382423057826],[107.15406040851423,10.386479697620903],[107.15382389721617,10.386463484843866],[107.1529465175329,10.38626893608255],[107.15226750057266,10.386000953025693],[107.15209202461507,10.385832153294086],[107.15183262498307,10.38571485066231],[107.1515808548746,10.385707222155402],[107.15138249071029,10.385616623456805],[107.15126041993307,10.385473571094222],[107.15100864997025,10.38544400689715],[107.15050510970266,10.385255180162527],[107.15037541131072,10.385239921332811],[107.15032200505803,10.385176025454284],[107.14967350569302,10.384835563096875],[107.14831547371337,10.384270988343022],[107.14768223427265,10.383899054838745],[107.14671330087369,10.383480392255702],[107.14592747356656,10.383079849105044],[107.14533238127888,10.382856689439762],[107.14490513470513,10.382787071106168],[107.14467625296285,10.382523857047964],[107.14309696751148,10.381950698820315],[107.14251713351776,10.381643615555896],[107.14213566443746,10.38149007410851],[107.1419907054766,10.381317459254886],[107.14181522981369,10.381199203358914],[107.14161686552634,10.381195388173225],[107.14160160696358,10.381391845179888],[107.14153294143817,10.381417595237144],[107.14115147259288,10.381000839696277],[107.14083866671801,10.380838714621085],[107.14057163850471,10.380410514206266],[107.1403732735363,10.380209289404293],[107.1401291340271,10.380091034160577],[107.13986210418032,10.380114875690573],[107.13982395758835,10.380212150264153],[107.13990025120006,10.380452476681084],[107.13974003453126,10.38048013308568],[107.13951115234619,10.380231224443625],[107.1393814526215,10.379913650747287],[107.13921360561855,10.379720054963135],[107.13895420664754,10.379529319158065],[107.13866428927032,10.379172645820612],[107.13850407210349,10.379146896373882],[107.1383133375268,10.37903245546073],[107.13797764383612,10.37900670684397],[107.1378937209216,10.379200302469274],[107.13800816184418,10.379393898535499],[107.13801579031096,10.37948258946073],[107.13789372070667,10.379454933883405],[107.13774113256784,10.37927659622581],[107.13764958029796,10.379064880653],[107.13749699251709,10.378845535758346],[107.13687901176199,10.378097854962627],[107.13671879373392,10.37807592087632],[107.13654331726957,10.378186546907793],[107.13636021273018,10.378179871046063],[107.13589481911842,10.37771066235244],[107.13574986007757,10.377658210741052],[107.1354217962146,10.377621971610198],[107.13533787339128,10.37763436927848],[107.13531498517413,10.37767537749509],[107.13555912558203,10.378005348750051],[107.13554386765931,10.378045402970566],[107.13547520279197,10.378038726384977],[107.13535313268277,10.377978645326039],[107.13494114412859,10.377654396393542],[107.13489536810629,10.377581917015652],[107.13484959269722,10.37723954774801],[107.13475041072992,10.377036415866204],[107.13458256315688,10.376925788582561],[107.13432316470559,10.376650177718023],[107.13396458235388,10.376520477723007],[107.13391880648447,10.376523338802638],[107.13388828797129,10.376618705273795],[107.13373570065674,10.376633964558618],[107.13356785326978,10.376540504783996],[107.1333389718906,10.376313530608735],[107.13320927187974,10.376386009411082],[107.13316349626213,10.376536689922801],[107.13310246031818,10.37653096791175],[107.13301853768064,10.376242004947041],[107.13293461458255,10.376151405894548],[107.1328278020324,10.376018845132247],[107.13269047339895,10.37561925538013],[107.13245396233069,10.37542279879344],[107.13233189194015,10.375413261693273],[107.13243107415204,10.375645004522509],[107.13241581505336,10.37583001733076],[107.13234714992606,10.375864349884582],[107.1321869335514,10.375730835448122],[107.13201145698734,10.37550004538091],[107.13142399404504,10.374996506074744],[107.13134770056391,10.375008904174468],[107.13121799991512,10.374957406074824],[107.1310654125435,10.37502416298321],[107.13098148941866,10.374992691357104],[107.13085941850667,10.374832473981751],[107.13064579545619,10.374217354074982],[107.13043980230248,10.373941743022401],[107.13039402536438,10.373938881752531],[107.13030247347979,10.374057137140092],[107.13003544447774,10.374066673561204],[107.12963108577804,10.373513542845915],[107.12954716306878,10.373455368987155],[107.12925724564909,10.373422943593765],[107.12892918239757,10.373118722000699],[107.12880711087423,10.372917495475564],[107.12857822935312,10.372701011612625],[107.12834171764297,10.372681938455765],[107.12817387171283,10.372713409787522],[107.12770847796759,10.372901284177033],[107.12755589069742,10.372872673989415],[107.12759403834217,10.372517907005477],[107.12757877881653,10.372387252889258],[107.12750248511453,10.37228616371692],[107.12743381956248,10.372306190658414],[107.12744907897641,10.37245019569495],[107.12741093218355,10.372603736438068],[107.12735752586778,10.372639976661464],[107.12725834435811,10.37262757878626],[107.12709812722943,10.3722470632202],[107.12684635734571,10.372058235633007],[107.12675480382303,10.37191232382958],[107.12651829255833,10.371722541993963],[107.12644962742331,10.371704423258622],[107.12638859277487,10.371756875271842],[107.12641911084782,10.371842704709822],[107.12654880951055,10.371973358652335],[107.12654881029071,10.37203725499885],[107.12649540454261,10.372061096900767],[107.1262360047723,10.371840798003095],[107.12611393510413,10.37163385104752],[107.12595371791178,10.3715766301317],[107.12582401753517,10.371479354994175],[107.12561802400148,10.371445022816554],[107.12525944316911,10.370948158938075],[107.12504581974042,10.37086518915609],[107.12489323207012,10.37072118384612],[107.12477879115755,10.370504699738733],[107.12457279714384,10.370300613948084],[107.12429050998283,10.37020715437088],[107.12389378046538,10.369860016326374],[107.12368015766674,10.369760833652466],[107.12346653491718,10.369589172547386],[107.12313847025693,10.369489036739138],[107.12297062401855,10.369222962056881],[107.12274174280152,10.369010293128595],[107.12239841940794,10.368766151761374],[107.12201694918649,10.368569694705656],[107.12192539642133,10.368338906373479],[107.12171940338186,10.368085229119533],[107.12111668144527,10.367585503247161],[107.12103275772483,10.36759313324999],[107.1209869818255,10.367658936111837],[107.12097935125975,10.367799126429064],[107.1209259462425,10.367901169362296],[107.12082676430956,10.367918335699606],[107.12061314130092,10.367774331473903],[107.12030033506178,10.367271744125869],[107.12007145444441,10.367075287445111],[107.11999516025563,10.366786323667897],[107.11984257283542,10.366728150151223],[107.11957554363147,10.36675103803919],[107.11953739621347,10.366814934388344],[107.11994938356172,10.367510162714392],[107.11994938364374,10.367570243786211],[107.1198959778525,10.36760266912495],[107.11982731313053,10.367577874238536],[107.11953739679697,10.367300354866657],[107.1193695498683,10.367061936003243],[107.11922459103091,10.366789185237288],[107.11918644476161,10.366400085634528],[107.11895756219866,10.366035782006756],[107.1188660091782,10.365981422960667],[107.11876682757821,10.365996682226093],[107.1187820866797,10.366262756842298],[107.11894993305364,10.366498315215214],[107.11894993338524,10.366584145484692],[107.11885838031351,10.366597496675903],[107.11867527441841,10.36647542577313],[107.11840061605422,10.366191230659485],[107.11827091630396,10.365899406636952],[107.11821751137015,10.365598045979302],[107.11801914637873,10.365358674016722],[107.11761478836824,10.3652270671668],[107.11753849556817,10.365351043987427],[107.11747745950092,10.365376794247146],[107.1172790951455,10.365243279418106],[107.11709599066309,10.365029656147858],[107.11686710862085,10.364610993072802],[107.1166000791658,10.364313446939322],[107.11645512166521,10.36405023353956],[107.11620335042137,10.363924347960396],[107.11609653896079,10.36403974210825],[107.11608128054206,10.364126525866897],[107.1161575740177,10.364383065552948],[107.11614231491733,10.364443146471757],[107.11588291662517,10.364321075996754],[107.11560825829736,10.364028297859962],[107.11561588720592,10.363903367425245],[107.11566929324597,10.36380799889649],[107.11543278222548,10.363528573104357],[107.11534885796968,10.363322579583555],[107.11507420031472,10.36299546881487],[107.11464695442082,10.36267503441172],[107.11444859038048,10.362644517058543],[107.11431888968656,10.362710319873303],[107.11429600210424,10.362844788215755],[107.11441807241602,10.363127076110448],[107.11441807211686,10.363203370137702],[107.11418919005457,10.363167130125245],[107.11404423184003,10.362974488402182],[107.11407474934654,10.36289914782902],[107.11420444933012,10.36278947487864],[107.11420444926505,10.362594926582501],[107.11371616807604,10.362127624867348],[107.1136475031804,10.361974084093655],[107.11351017380653,10.361899697408814],[107.11350254546565,10.361837707775003],[107.11325840445298,10.361546836934963],[107.11313633365447,10.361535393548507],[107.11307529939343,10.36160501226381],[107.11317448148074,10.362000786325167],[107.11317448119402,10.362040841096361],[107.11309055832928,10.362038933348572],[107.11290745177233,10.361924492182101],[107.1128464168077,10.361828170820807],[107.11276249380671,10.361586892479503],[107.1127472346678,10.361296021249773],[107.11236576485388,10.360725723900314],[107.11209873618144,10.360632264258118],[107.11203007185476,10.360667550520796],[107.11211399458813,10.36092122742192],[107.1121063656213,10.361011825927083],[107.11178593075338,10.36084397938428],[107.1117630431766,10.360736214335406],[107.11170200769237,10.360663735553233],[107.11165623054457,10.360374772242396],[107.11132053822675,10.359781586391135],[107.11112980282081,10.359570823961553],[107.11099247380389,10.359274231764127],[107.1109161796974,10.359259926265533],[107.11073307461425,10.359350525827729],[107.11048130450783,10.359220825832779],[107.11035923361341,10.35911496788217],[107.1100998350716,10.358650529429179],[107.10973362374466,10.358348214025373],[107.10960392345719,10.358404481132478],[107.10959629474984,10.358533227218683],[107.109687847886,10.358752572419888],[107.10967258904074,10.358821235959422],[107.10962681189801,10.3588326806043],[107.1094055602578,10.35871347092775],[107.10925297199218,10.358174645309644],[107.10897831407055,10.357488953329606],[107.1088715015247,10.357381188010331],[107.10868839681727,10.357315385141826],[107.1084137382926,10.357521378472374],[107.1083221856828,10.357491814224556],[107.1081772263407,10.357158982449954],[107.10805515666196,10.35700830123489],[107.1079025684738,10.356927239125945],[107.10779575797406,10.356782281242907],[107.10762028161113,10.356356942384407],[107.10755924545447,10.35594018611282],[107.10749058180915,10.355812394539486],[107.10733036502353,10.35570653604154],[107.10720829354726,10.355721794856665],[107.10717777660146,10.355799042212487],[107.10721592341207,10.356043183364514],[107.10716251797307,10.356129966977472],[107.10711674161604,10.356127106558555],[107.10699467081733,10.355869613919],[107.10676578838658,10.355779969167408],[107.10671238392354,10.355723702391078],[107.1066208305086,10.355471932020963],[107.10659794244013,10.355038009849597],[107.10648350123606,10.354607903040327],[107.10627750710566,10.354389512375974],[107.10610203125049,10.35437043855093],[107.10607151486245,10.3544181219232],[107.10616306621218,10.354844414113737],[107.10607151470724,10.354844413897192],[107.10600284971167,10.354799592633347],[107.10581974415204,10.354528747843094],[107.10540012740417,10.353856408234707],[107.10537723913284,10.353566491584154],[107.10545353378824,10.353342377331082],[107.10527042721594,10.353050553656958],[107.10523991055503,10.353013360706127],[107.10497288113253,10.352971398133105],[107.10485081036559,10.352899872383585],[107.10466007636047,10.353073441345694],[107.10456089385058,10.353059136427747],[107.10445408274133,10.352734887142766],[107.10419468332505,10.352401101466624],[107.10370640094705,10.351856553261491],[107.10335544959976,10.351528489358648],[107.10324863804969,10.351274811060769],[107.10294346195795,10.350850426600903],[107.1027374678505,10.350341164518323],[107.10249332784075,10.349988305002785],[107.10224155807445,10.349828087688413],[107.10193638203047,10.349516236745204],[107.10185245847372,10.349481904366655],[107.101722759118,10.34951242138699],[107.10163883511677,10.349460923306752],[107.10154728357281,10.349205337893691],[107.1015167648968,10.348984086099245],[107.10132602965564,10.348487221082793],[107.1011887008668,10.348354660943128],[107.1006012376134,10.348160111657062],[107.09998325725472,10.347839677478834],[107.09978489160291,10.34750302972499],[107.09974674517689,10.34728177699567],[107.09978489186952,10.346762025535034],[107.0997620036887,10.346636140513834],[107.09963230523884,10.346231782309937],[107.09949497534573,10.346035325009373],[107.09928898199203,10.345877015535706],[107.09915928145158,10.345855080740451],[107.09912113517625,10.345881783567402],[107.09899906508106,10.34618219138667],[107.09902958174462,10.346498810327956],[107.09899906509008,10.346538865713208],[107.09889225289392,10.34649404233709],[107.0986938892115,10.346285187009581],[107.0986938885837,10.346190774032225],[107.09880832970077,10.346028649202445],[107.09883121777582,10.345919930572467],[107.09879307101862,10.345834099265131],[107.09872440680601,10.34582360919794],[107.09865574200991,10.345902764764165],[107.0985870774525,10.345839821304137],[107.09859470646911,10.345504128674358],[107.09870151754971,10.345212304427777],[107.09868625980698,10.345021569052461],[107.09834293649149,10.344731652661743],[107.09793094980867,10.344478927971016],[107.0977173271746,10.344164216446691],[107.09767917966288,10.343854272069898],[107.09763340263177,10.343754136095484],[107.0973511152987,10.3435166713378],[107.09715275068199,10.34319814414352],[107.09697727509959,10.343033158008526],[107.09680942884452,10.342580163147085],[107.0963440358122,10.342273080557247],[107.09624485279681,10.342029893152224],[107.09614567049306,10.341570221855164],[107.09606937619756,10.341415726651466],[107.0957489424629,10.341270767928215],[107.09553531922218,10.340782487418613],[107.09524540218956,10.340514504585236],[107.09513096116729,10.3402427075602],[107.09497837379334,10.340133034671378],[107.09490970888587,10.33998330711604],[107.0946579382329,10.339645707041178],[107.09463505060171,10.339381539315813],[107.09457401525844,10.339221322203244],[107.09433750406443,10.339041077265051],[107.09402469919422,10.33844026233069],[107.09396366303527,10.338246667273589],[107.09393314635167,10.33793100063355],[107.09387211166649,10.337837540633346],[107.09336094126913,10.337484680937926],[107.09321598368537,10.337270104319229],[107.09314731832349,10.337061248936836],[107.09308628343479,10.337087952348996],[107.09305576548762,10.33756383642972],[107.09302524874185,10.337619149669333],[107.09295658291303,10.337613427290421],[107.09288791958143,10.337433182265517],[107.0928650314774,10.337169968737278],[107.09288791907294,10.337007844048964],[107.09294895469208,10.33690675409809],[107.09275821930224,10.336684547954542],[107.09278110726792,10.336172425238805],[107.0927124434375,10.335917794433044],[107.09259800186615,10.335732780925026],[107.09238437932504,10.335551583625842],[107.0921783854834,10.335305535040629],[107.0920334274286,10.334837280980741],[107.09188083881293,10.334596955006779],[107.09180454551507,10.334635102174659],[107.09175876769413,10.334731423440836],[107.09188083871636,10.335235917675442],[107.09199528035191,10.335380875451168],[107.09212497905607,10.335683189907487],[107.09213260912924,10.335924469863745],[107.09220127328274,10.336196267473017],[107.09211735064616,10.336256347951418],[107.09201053784192,10.336166703733179],[107.09191135651866,10.33545526243949],[107.09157566340834,10.335017525074086],[107.09149174005353,10.334707581365846],[107.09151462829536,10.334269845073473],[107.09147648109143,10.334191643449202],[107.09138492791064,10.334161126000089],[107.09140781567193,10.334092460982843],[107.09149936884039,10.333882652818566],[107.09143070370118,10.333653771021371],[107.09118656409262,10.333453499106387],[107.09110264021638,10.333290421154352],[107.09106449370911,10.33298524490944]]],[[[107.09868626252525,10.396297777982515],[107.09870915081105,10.396237696049074],[107.09832768061943,10.395751322325495],[107.09822849842105,10.395420398606158],[107.09801487582492,10.395255412126495],[107.09769444007627,10.395132388301391],[107.09753422376154,10.394943560000623],[107.09745792975522,10.39481672209133],[107.09739689442064,10.394581164057268],[107.09725956514835,10.394358003949012],[107.09725956534012,10.394286479589967],[107.09710697790852,10.394076670354131],[107.097030683123,10.394083346371419],[107.09689335488011,10.394193972153749],[107.09687046617081,10.394399966378847],[107.09674076690442,10.394702280932139],[107.09667973148748,10.394766177559477],[107.0966034372165,10.394762362481078],[107.09646610881532,10.394596423464616],[107.09643559020387,10.39450487048969],[107.09651188441697,10.39414915010165],[107.09652714326867,10.393873538280811],[107.09645084907456,10.393726672565613],[107.09629063253693,10.393678988549492],[107.09609226820011,10.393715228181348],[107.09599308514382,10.393942201975237],[107.09616856135521,10.394293153963936],[107.09613804443318,10.394392337463698],[107.09604649132656,10.394437158990844],[107.09587864415148,10.394349421139944],[107.09583286886244,10.394262637071987],[107.09588627397227,10.393954600226694],[107.09580235096982,10.393637027436988],[107.09549717562523,10.393613185017955],[107.09532169975316,10.393501605093341],[107.095130964724,10.393637027558626],[107.09503941158331,10.393637027386026],[107.09480290069118,10.393541659325836],[107.09378819052343,10.393658961094],[107.09320835591377,10.393570269406746],[107.09249119304279,10.393617953697227],[107.0917892891808,10.39378293907696],[107.09115604964065,10.394069995709893],[107.09072880303655,10.394100512825611],[107.090217634523,10.394360865955012],[107.0901871161459,10.394448603530115],[107.09030918643256,10.394460047844046],[107.09040073915165,10.394521083753363],[107.09035496354471,10.394839610217398],[107.09016422865548,10.395001734945394],[107.09015659960615,10.394855822432186],[107.09002689921131,10.39476140998676],[107.08995823428828,10.394820536598063],[107.08990482964205,10.394975033003089],[107.08981327604198,10.395053233295874],[107.08979801698361,10.395122851945175],[107.09009556364143,10.395289744494498],[107.09010319328911,10.395422305924352],[107.08995060513347,10.395475711573894],[107.089965864357,10.39554532924208],[107.09025578144974,10.395723666512907],[107.09047703302451,10.396001185262191],[107.09031681632639,10.396375979951342],[107.09034733304601,10.396573390489431],[107.0905304394321,10.396748866396196],[107.0906906565222,10.396766032836018],[107.09085850328403,10.39684804881209],[107.09117130869855,10.397092189556327],[107.09130863774617,10.39725622191814],[107.09157566619956,10.397821749561007],[107.09181980773315,10.397998179474172],[107.0918350652946,10.398091639989088],[107.09174351376778,10.398156489792084],[107.0917358835307,10.398208941628278],[107.09187321283851,10.398388232910515],[107.09189610118169,10.398550357559587],[107.09197239434809,10.398673381436605],[107.0920639478803,10.398705806329113],[107.09245304660122,10.399053898113998],[107.093215986278,10.39928945451157],[107.0938492269354,10.399705256921157],[107.0939865555569,10.399862612275513],[107.09461979490456,10.401147213030255],[107.09538273516887,10.402522410550882],[107.09561161696834,10.403092707956786],[107.09564213375334,10.40340074490406],[107.09568791074038,10.403483715110163],[107.09595493916729,10.403740252379382],[107.0959930861233,10.40407213177365],[107.09605412240923,10.404238070978634],[107.09604649198339,10.404566134642618],[107.09626774501955,10.404838885967074],[107.09637455602774,10.405148829369832],[107.09636692698282,10.405407275935435],[107.09644322117396,10.40580114270516],[107.09642033183222,10.405914630552894],[107.09632115037225,10.406074847707943],[107.09635166768915,10.406124439188844],[107.09634403944196,10.406298960397546],[107.09643559118268,10.406441058386987],[107.09635166769174,10.406609858419253],[107.09635929730169,10.40666707944171],[107.09656529110971,10.406803454433046],[107.09658817954131,10.407053318213617],[107.09680180171306,10.40703710477164],[107.09687809617355,10.407096232683445],[107.09691624305906,10.407224026183387],[107.09725193579192,10.407479609560596],[107.0973129723079,10.407613124390442],[107.09729008279295,10.407810534860891],[107.09748081820611,10.40805563009928],[107.09754185324769,10.408211077797004],[107.09760288962111,10.408221568693877],[107.09766392427834,10.408131922326966],[107.09781651214504,10.408035602043684],[107.09794621150083,10.408218707441245],[107.09829716422384,10.408384646807416],[107.09822849917289,10.408492412112192],[107.09822849954983,10.408569660059934],[107.09846501070069,10.408593501549216],[107.09860233924931,10.40908655060071],[107.09868626371826,10.409167614018441],[107.09881596275459,10.40921911145313],[107.09888462748292,10.409307804058233],[107.09881596246613,10.409503306597834],[107.09881596263595,10.40961679392426],[107.09902958546684,10.40972551256046],[107.09909062152168,10.409849490445733],[107.09894566256936,10.410147037119277],[107.0989609211928,10.410265292557236],[107.09909062168528,10.41055807090425],[107.0996704557317,10.411026324473092],[107.10005192435182,10.411426867503355],[107.10032658276721,10.411622370522979],[107.10084538139239,10.411841716642577],[107.10214237866793,10.412168826296922],[107.1028442834252,10.412498797266178],[107.10365299819742,10.413255061387769],[107.10397343331158,10.41371663956332],[107.1041946870159,10.41390642036355],[107.10448460243195,10.414036120232057],[107.10465244947333,10.414033259502746],[107.10491185010693,10.41393407748084],[107.10498051387543,10.413806285335005],[107.10504154835405,10.413452471619363],[107.10502629098455,10.413349475963718],[107.10482029619514,10.41310724140869],[107.10482029671698,10.412930812171915],[107.10470585522454,10.412441577215361],[107.10458378522029,10.4123175995737],[107.1044617144481,10.411875094464161],[107.10440067931685,10.411945666402213],[107.10430912692534,10.41192373213345],[107.10439305054042,10.411636676941178],[107.10424046287717,10.411166514953853],[107.1041260217903,10.4109280965928],[107.10388951059915,10.410802211655072],[107.10382084551412,10.410703028467355],[107.10375218113376,10.410141314956183],[107.10361485244418,10.409678782141413],[107.10250096043458,10.407703723384962],[107.10215000830578,10.407447184528158],[107.10212711998824,10.407204951744024],[107.10173802001471,10.40661939543513],[107.10158543312177,10.40602811759201],[107.10135655140513,10.405680026069083],[107.10113529772362,10.40551790159183],[107.10094456321195,10.40513357028566],[107.10057072317652,10.404824580323078],[107.10048680027367,10.404712046124997],[107.10014347728576,10.403835620541445],[107.09945683165624,10.401520098002266],[107.09934239106427,10.401140536574239],[107.09913639722137,10.4001325025489],[107.0992279498502,10.39978441094832],[107.099250837851,10.399372424011315],[107.0995789017997,10.398868884177528],[107.09941868484808,10.398658122492959],[107.09929661409629,10.398331012718451],[107.09899906780798,10.398195590033295],[107.09901432663176,10.398159350577833],[107.09921269104046,10.39811071326719],[107.09931187298159,10.397986735041641],[107.09921269052333,10.397757853721862],[107.09911350830355,10.397273387300139],[107.09891514390155,10.396936740040777],[107.09866337348555,10.39670976502034],[107.09838108642603,10.396622027409883],[107.09826664535137,10.396639193423567],[107.09808353921737,10.39674791246474],[107.09804539346587,10.396732653628804],[107.09808353918157,10.396599139228085],[107.09868626252525,10.396297777982515]]],[[[106.66288349900003,8.760570532000088],[106.66295477800003,8.75990524000008],[106.66280237800004,8.759019262000038],[106.66250183600005,8.758207840000068],[106.66249921000008,8.757616762000055],[106.66301719200004,8.757245049000062],[106.66375951200007,8.757241781000062],[106.66524252000005,8.756865822000066],[106.66627979100008,8.756417931000044],[106.66723954900004,8.755231519000063],[106.66812472700008,8.753971548000038],[106.66819369200005,8.752789066000048],[106.66789150100004,8.75160821600008],[106.66721783400004,8.750355122000087],[106.66580383500008,8.749548589000085],[106.66379304000003,8.748079717000053],[106.66200888700007,8.747496460000093],[106.65963351500005,8.747506877000092],[106.65896805500006,8.748100890000046],[106.65837879100008,8.749137878000056],[106.65801548800005,8.750912749000065],[106.65750534600005,8.753057702000092],[106.65721037800006,8.75350231100009],[106.65676630000007,8.753799807000064],[106.65602430800004,8.75387694400007],[106.65231497100007,8.754187006000052],[106.65209034000003,8.753968024000073],[106.65179079900003,8.753378238000039],[106.65073982500007,8.750722902000064],[106.65066234100004,8.74998436900006],[106.65095536200005,8.749096445000077],[106.65095080500004,8.74806205100009],[106.65087168900004,8.74695409800006],[106.65071932500007,8.746068108000088],[106.65023291800003,8.745183588000089],[106.65023129600007,8.744814156000075],[106.65060211500003,8.744738658000074],[106.65164362200005,8.745251318000044],[106.65290586400005,8.745319701000085],[106.65357394100005,8.745316782000089],[106.65409191700007,8.74494509300007],[106.65460642000005,8.744286592000037],[106.65524891200005,8.74387435500006],[106.65638815200003,8.743826759000058],[106.65861374500003,8.743521470000076],[106.65957840400006,8.743443352000043],[106.66061368900006,8.742552181000065],[106.66201881300003,8.741363823000086],[106.66268228900003,8.740326508000066],[106.66275193400003,8.739291790000038],[106.66274636500003,8.738035746000037],[106.66166518200004,8.733557945000086],[106.66115236700006,8.73286629000006],[106.65939169500007,8.730769799000086],[106.65883270400008,8.730255037000063],[106.65534272200006,8.729974734000052],[106.64993813500007,8.730062065000084],[106.64770055000008,8.730746876000069],[106.64636737200004,8.731417652000061],[106.64547890200004,8.731938716000059],[106.64473661900007,8.731941937000045],[106.64264671300003,8.731250893000038],[106.64049722400006,8.730039230000045],[106.63829029400006,8.727564493000045],[106.63706277300003,8.725473051000051],[106.63598323000008,8.722614418000092],[106.63514523700007,8.719791969000084],[106.63498843000008,8.717871565000053],[106.63505268900008,8.715580775000092],[106.63504563100003,8.713955269000053],[106.63548583900007,8.712771175000057],[106.63755737400004,8.711210619000042],[106.64062510800005,8.709490224000092],[106.64370385800004,8.707531213000038],[106.64922478200003,8.702616057000057],[106.65375460500007,8.699459705000038],[106.65720468000006,8.696888080000065],[106.65811646100008,8.695826258000068],[106.65841174600007,8.694857348000085],[106.65808418900008,8.69354011900009],[106.65774727500008,8.69287660100008],[106.65648715600003,8.693251520000047],[106.65522671800005,8.69355254800007],[106.65314628900006,8.693044375000056],[106.65113717300005,8.691870900000083],[106.65039238200006,8.691283028000043],[106.65002129000004,8.691284634000056],[106.64905868600005,8.691806016000044],[106.64869146700005,8.692694248000066],[106.64814050300004,8.69399640000006],[106.64625639900004,8.695955818000073],[106.642778,8.698261363000086],[106.64062878700003,8.699009496000087],[106.63729170200003,8.699688854000044],[106.63432667000006,8.70058825500007],[106.63317600600004,8.70054323000005],[106.63153949300005,8.699713553000038],[106.63010631600008,8.698525152000059],[106.62835187300004,8.696568691000039],[106.62758946300005,8.695000667000045],[106.62727821200008,8.692638564000049],[106.62741964000003,8.691012411000088],[106.62637163000005,8.688948034000077],[106.62554727800006,8.687878499000078],[106.62517806000005,8.687549248000039],[106.62414183900006,8.688218661000064],[106.62293070200008,8.690342803000078],[106.62207765400007,8.69147853000004],[106.62163455000007,8.691997635000064],[106.62104046800005,8.691926274000082],[106.62048384100007,8.69168764300008],[106.61832429200007,8.69068511100005],[106.61547541700003,8.688726203000044],[106.61285335200006,8.686864152000055],[106.61181718000006,8.685839219000059],[106.61021450700008,8.684220449000065],[106.60842473400004,8.682233006000047],[106.60745767500003,8.681719864000058],[106.60619374300006,8.681207959000062],[106.60307119000004,8.679964990000087],[106.60031693800005,8.678055438000058],[106.59829520500006,8.67631192500005],[106.59732846000003,8.674999555000056],[106.59624849800008,8.67269781400006],[106.59561149800004,8.67105569000006],[106.59564174900004,8.66943],[106.59563831800006,8.668617231000042],[106.59630065500005,8.667284463000044],[106.59740736400005,8.665728155000068],[106.59807344400008,8.66528204000008],[106.59918481700004,8.664834062000068],[106.59977604800008,8.664240469000049],[106.60080694800007,8.662315035000063],[106.60241999500005,8.657653268000047],[106.60343039700007,8.656405567000093],[106.60682942300008,8.652399036000077],[106.60839668000006,8.64988629600009],[106.61038567100007,8.645462093000049],[106.61166828100005,8.642171662000067],[106.61181262100007,8.641210503000082],[106.61181042500004,8.640693294000073],[106.61129528800006,8.640286398000057],[106.60982927300006,8.639770927000086],[106.60758618900007,8.639920088000054],[106.60441458800005,8.64054262400009],[106.59956614600003,8.64273495100008],[106.59510525600007,8.644437173000085],[106.58943263300006,8.645862339000075],[106.58754143700003,8.646165745000076],[106.58687320700005,8.646094628000071],[106.58613015200007,8.645876036000061],[106.58531040500003,8.645066641000085],[106.58412269000007,8.644997663000083],[106.58159943900006,8.645008096000083],[106.57778865300003,8.64512370400007],[106.57581294400006,8.64554918500005],[106.57492422400003,8.64599618200009],[106.57477764100003,8.646440123000048],[106.57500181900008,8.646808655000086],[106.57544801800003,8.647028482000053],[106.57641249400007,8.646950623000066],[106.57759991300003,8.646945732000063],[106.57826814200007,8.647016870000073],[106.57879040800003,8.647679726000092],[106.57879317900006,8.648344724000083],[106.57820223900006,8.64901216800007],[106.57450288600006,8.651761337000039],[106.56962521200006,8.656732006000084],[106.56771089000006,8.660434372000054],[106.56391346100003,8.666435042000046],[106.56177975300005,8.670951076000051],[106.55964782900003,8.675910454000075],[106.55908874200003,8.678241954000043],[106.55926127300006,8.681158249000077],[106.56030677600006,8.682705665000071],[106.56253922900004,8.684100439000076],[106.56410431000006,8.685645726000075],[106.56529768300004,8.687044731000071],[106.56619294800004,8.68814941100004],[106.56664503100006,8.68977312900006],[106.56664963700007,8.69088146100006],[106.56676587900006,8.692063229000041],[106.56706461100003,8.692505330000074],[106.56765900600004,8.692650674000049],[106.57017798000004,8.691531945000065],[106.57232766700008,8.690858073000072],[106.57277330600004,8.69093012400009],[106.57322049200008,8.691371609000043],[106.57389836700003,8.693733289000079],[106.57547794100003,8.698477069000091],[106.57593317800007,8.700650633000066],[106.57635093200003,8.70395903900004],[106.57682146900004,8.705996785000082],[106.57730702900005,8.706733668000084],[106.57767939000007,8.707027681000056],[106.57834742600005,8.707024905000083],[106.57930832600005,8.70606035500009],[106.58056674300008,8.705242343000066],[106.58145589500003,8.704869203000044],[106.58227299100008,8.705013584000085],[106.58435253400006,8.705300478000083],[106.58665505700003,8.705660323000075],[106.58754793600008,8.706173832000047],[106.58814454100008,8.70683635000006],[106.58814953600006,8.708018554000091],[106.58830639900003,8.710012913000071],[106.58690639600007,8.712457103000077],[106.58669212600006,8.714453011000046],[106.58699825100007,8.716570258000047],[106.58788944400004,8.71955196600004],[106.58993596400006,8.722979253000062],[106.59081660000004,8.72448369600005],[106.59250623000003,8.725185148000037],[106.59450993000007,8.725065900000061],[106.59684812500007,8.725056075000055],[106.59829134000006,8.724052504000042],[106.59906978800007,8.72382755500007],[106.59951751800003,8.724379830000089],[106.59996619100008,8.725153779000038],[106.59996949300006,8.725929594000092],[106.60030635700008,8.726593172000037],[106.60755881000006,8.730109164000055],[106.60856517900004,8.731102401000044],[106.60968811900005,8.733314284000073],[106.61069211500006,8.733753350000086],[106.61191690300006,8.733748149000064],[106.61369508500007,8.732964761000062],[106.61562084900004,8.731447109000044],[106.61709800600005,8.730253345000051],[106.61776607200005,8.730250497000043],[106.61873358600008,8.73083746900005],[106.62007385600003,8.731792290000044],[106.62119462900006,8.733486937000066],[106.62246706600007,8.73591979300005],[106.62277101400008,8.737544023000055],[106.62240369900007,8.738432260000081],[106.62195991600004,8.738803591000078],[106.62129184000003,8.738806453000052],[106.62054986200008,8.738883514000065],[106.62010830200006,8.739772061000053],[106.61996303300003,8.740511557000048],[106.61996750700007,8.741545980000069],[106.62026826000005,8.742431345000057],[106.62056806200007,8.743095055000083],[106.62220402100007,8.743753040000058],[106.62614564400008,8.745435569000051],[106.62733333800003,8.745430465000084],[106.62785103800007,8.744984903000045],[106.62851526400004,8.74409539900006],[106.62888641400008,8.744093805000091],[106.62985271000008,8.744385193000085],[106.63141477000005,8.74511735100009],[106.63283063800003,8.746367335000059],[106.63439625600006,8.74791222500005],[106.63581827600007,8.750566021000054],[106.63686204500004,8.751595939000083],[106.63782996900005,8.752256733000081],[106.63950278300007,8.752840594000077],[106.64202765400006,8.753051304000053],[106.64418006400007,8.752968070000065],[106.64566438000003,8.752887727000086],[106.64715065000007,8.753250696000066],[106.64952997700004,8.754126977000055],[106.65064607200003,8.754713206000076],[106.65139458400006,8.756113786000071],[106.65132686900006,8.757591819000083],[106.65222941200005,8.760247808000088],[106.65304793500007,8.760687549000068],[106.65468074000006,8.760606523000092],[106.65594107400005,8.76023156000008],[106.65712913100003,8.760300243000074],[106.65913604300005,8.760882539000079],[106.66054779000007,8.761171885000067],[106.66140244800005,8.761389798000039],[106.66221803400003,8.761164545000042],[106.66288349900003,8.760570532000088]],[[106.08109697800006,8.57753604900006],[106.08069337600006,8.57751460500009],[106.08016888700007,8.577575652000064],[106.07978092400003,8.57768873200007],[106.07952471600004,8.577801530000045],[106.07925660100005,8.577958807000073],[106.07897318300007,8.578175957000042],[106.07864098800007,8.578523244000053],[106.07846010100008,8.578775291000056],[106.07832666800005,8.579020469000056],[106.07816277100005,8.579454937000037],[106.07808402000006,8.579818021000051],[106.07805954900005,8.580149314000039],[106.07807131900006,8.580441849000067],[106.07811371300005,8.580717489000051],[106.07821624500008,8.58107464200009],[106.07837730800003,8.581443770000078],[106.07852294500003,8.581681981000088],[106.07873353800005,8.58195052700006],[106.07897584700004,8.582191120000061],[106.07930079600004,8.582430490000093],[106.07965599900007,8.582622621000041],[106.08000753500005,8.582747572000073],[106.08043454400007,8.582830955000077],[106.08080732600007,8.58285150200004],[106.08108650900004,8.582827982000083],[106.08139251600005,8.582771508000064],[106.08166021100004,8.582689249000055],[106.08202750200007,8.58252114000004],[106.08236777700006,8.58230388700008],[106.08258170300007,8.582123834000072],[106.08277481600004,8.58192180900005],[106.08294655900005,8.581701498000086],[106.08309335800004,8.581463992000067],[106.08321543900007,8.58121301400007],[106.08330954000007,8.580950362000067],[106.08339418600008,8.580556911000087],[106.08342377200006,8.580186565000076],[106.08340512100006,8.57987735900008],[106.08334517400004,8.579541964000043],[106.08326448100007,8.579274934000068],[106.08315524300008,8.579018157000064],[106.08296835800007,8.57869654500007],[106.08276172000006,8.578424991000077],[106.08256628100003,8.57822520500008],[106.08235166600008,8.578045968000083],[106.08209169300005,8.577875686000084],[106.08172774900004,8.577700504000063],[106.08140275000005,8.577593719000049],[106.08109697800006,8.57753604900006]],[[106.15006414200008,8.607187813000053],[106.14963432300004,8.607163593000053],[106.14918466100005,8.607264529000076],[106.14878428200007,8.607655339000075],[106.14842903400006,8.608103855000081],[106.14838548600005,8.608856440000068],[106.14846446100006,8.609533211000041],[106.14893367200006,8.609966514000064],[106.14929080400003,8.610270221000064],[106.14997707900005,8.610496613000066],[106.15065915100007,8.610305466000057],[106.15112411400003,8.609915448000038],[106.15144983900007,8.609277642000052],[106.15154822900007,8.608586179000042],[106.15122654900006,8.607970579000039],[106.15093782300005,8.607758942000089],[106.15054375000005,8.60744558600004],[106.15006414200008,8.607187813000053]],[[106.13765204500004,8.610997118000057],[106.13730973200006,8.610996696000086],[106.13693995300008,8.611047836000068],[106.13660932400006,8.611136050000084],[106.13632185000006,8.611254831000053],[106.13602303100004,8.611421029000041],[106.13579591600006,8.611584350000044],[106.13556643500004,8.61179364600008],[106.13532445700008,8.612076598000044],[106.13513871000004,8.612362763000078],[106.13498254100006,8.612700161000078],[106.13484172400007,8.61320677000009],[106.13480072700003,8.613629587000048],[106.13481258100006,8.613922142000092],[106.13485505600005,8.614197790000048],[106.13494579700006,8.614526289000082],[106.13507661400007,8.614841118000072],[106.13528421100006,8.615186430000051],[106.13553798500004,8.61549970200008],[106.13578957200008,8.615730734000067],[106.13606790500006,8.615929067000081],[106.13639870000003,8.616101321000087],[106.13677953100006,8.616236553000078],[106.13721981200007,8.616319339000086],[106.13754969500008,8.616331216000049],[106.13782891300008,8.616307626000037],[106.13816498700004,8.61624283100008],[106.13848961500003,8.616134713000065],[106.13879833700003,8.61598751200006],[106.13915782800007,8.615743077000047],[106.13947502600007,8.61544650400009],[106.13973911500005,8.615102099000069],[106.13996687700006,8.614662169000042],[106.14009788300007,8.614249119000078],[106.14015906300006,8.613820179000072],[106.14015348100003,8.613417807000076],[106.14007712200004,8.61299129400004],[106.13993559100004,8.61258160300008],[106.13979449300007,8.612305476000074],[106.13962020800005,8.612048807000065],[106.13932874500006,8.61172702400006],[106.13901693700006,8.611470851000092],[106.13872387100008,8.611294804000067],[106.13841119600005,8.611156135000044],[106.13805239200008,8.611053492000053],[106.13765204500004,8.610997118000057]],[[106.55609560800008,8.627951585000062],[106.55576291100004,8.627870207000058],[106.55536825100006,8.62787181400006],[106.55499451400004,8.627914686000054],[106.55445561800008,8.628206411000065],[106.55422839500005,8.628517570000042],[106.55414666600007,8.628848813000047],[106.55423169700003,8.62932414900007],[106.55469046000007,8.629756623000048],[106.55508649100005,8.630085920000056],[106.55539234800005,8.630291508000084],[106.55564819000006,8.630290468000055],[106.55606338000007,8.630226735000065],[106.55647755300004,8.629914823000092],[106.55660117200006,8.62966613900005],[106.55662033600004,8.62927310200007],[106.55661881200007,8.628900835000081],[106.55657590300007,8.628570097000079],[106.55636699500008,8.628281402000084],[106.55609560800008,8.627951585000062]],[[106.62876869100006,8.632611428000075],[106.62794179600007,8.632353326000043],[106.62760398300003,8.632354759000066],[106.62737956700005,8.632542571000045],[106.62697197100005,8.633777611000085],[106.62653035400007,8.635834991000081],[106.62653275100007,8.636395569000058],[106.62660943000003,8.636768974000063],[106.62711457100005,8.637460785000087],[106.62759512800005,8.639044535000039],[106.62789621400003,8.639230127000076],[106.62827157200007,8.639228527000057],[106.62857154600005,8.639152503000048],[106.62894529600004,8.638777187000073],[106.62954474600008,8.63851302800009],[106.63010761800007,8.638473262000048],[106.63329429100003,8.637562751000075],[106.63378129400007,8.637336428000083],[106.63385524000006,8.637074514000062],[106.63374133600007,8.636776018000091],[106.63328994900007,8.636553703000061],[106.63208592400008,8.635886116000052],[106.63140804300008,8.635365787000069],[106.63072887200008,8.634546474000047],[106.62940823800005,8.632945057000086],[106.62876869100006,8.632611428000075]],[[106.61697276400008,8.634754237000038],[106.61640957700007,8.63471922900004],[106.61592161200008,8.634721285000069],[106.61543508300008,8.635059700000056],[106.61502345200006,8.635360424000055],[106.61494950100007,8.635622340000054],[106.61511690900005,8.636011602000053],[106.61533058900005,8.636966163000068],[106.61552461700006,8.638460274000067],[106.61601498700003,8.639018800000088],[106.61642915000004,8.63931604000004],[106.61676729800007,8.639389356000038],[106.61736660000003,8.639087845000063],[106.61818888100004,8.638262164000082],[106.61833695200005,8.63777568800009],[106.61829528000004,8.636804173000087],[106.61810408800005,8.63598277300008],[106.61765047600005,8.635237226000072],[106.61734891700007,8.634939512000074],[106.61697276400008,8.634754237000038]],[[106.55273303900003,8.657498014000055],[106.55323602400006,8.656570958000088],[106.55433092400006,8.655809675000057],[106.55542790600003,8.655552947000047],[106.55584952500004,8.655383051000058],[106.55635318700007,8.654624175000038],[106.55643419900008,8.653782936000084],[106.55643006000003,8.652773849000084],[106.55659517900006,8.651848166000093],[106.55785829300004,8.650918023000088],[106.55870117100005,8.650494129000037],[106.55929274400006,8.650575808000042],[106.55988640000004,8.65116203100007],[106.56031181800006,8.65191711500006],[106.56098993400008,8.65250300100007],[106.56175008200006,8.652499898000087],[106.56385814800007,8.651650371000073],[106.56554215100005,8.650382108000088],[106.56764845300006,8.649112125000045],[106.57000846000005,8.647925184000087],[106.57279214900007,8.647072842000057],[106.57363535900004,8.646733012000084],[106.57388663900008,8.646227432000046],[106.57396830500005,8.64555437200005],[106.57345875200008,8.644883734000075],[106.57235694900004,8.643963259000088],[106.57133682100005,8.642369708000047],[106.56981065700006,8.640946415000087],[106.56786428800007,8.640029396000045],[106.56516092100003,8.639872263000086],[106.56338626200005,8.639627230000087],[106.56109690000005,8.637450190000038],[106.55905885200008,8.63476754900006],[106.55820703600006,8.633005093000065],[106.55819978500006,8.631239188000052],[106.55777439000008,8.630484097000078],[106.55726697500006,8.630317982000065],[106.55675988600007,8.630235949000053],[106.55617041000005,8.63065879700008],[106.55591979300004,8.631332541000063],[106.55558920000004,8.633099816000083],[106.55542304100004,8.63377322000008],[106.55415825100005,8.634282906000067],[106.55196338000007,8.634544068000082],[106.55095297500003,8.635304980000058],[106.55078646800007,8.635894301000064],[106.55095985000003,8.636986790000037],[106.55163724200003,8.637404511000057],[106.55222982000004,8.637738478000074],[106.55231703300007,8.638410864000093],[106.55181578200006,8.63975836600008],[106.55165993600008,8.642954480000071],[106.55175608500008,8.64581320800005],[106.55142306500005,8.646991850000063],[106.55100419600006,8.647834456000055],[106.55032851600004,8.647837198000047],[106.54973557000005,8.647419141000057],[106.54914125300007,8.646664722000082],[106.54837698100005,8.645658708000042],[106.54786370900007,8.644063034000055],[106.54701738600005,8.643645990000039],[106.54634205000008,8.643732813000042],[106.54583837700005,8.64449167400005],[106.54584318000008,8.645668950000072],[106.54533950000007,8.64642780400004],[106.54373680500004,8.646938829000078],[106.54255435100004,8.646943589000045],[106.54128538300006,8.646444146000078],[106.54044043300007,8.646363453000049],[106.53993571900003,8.646870038000088],[106.53935030600007,8.648301966000076],[106.53855036000004,8.651053007000087],[106.53780926900004,8.653605975000062],[106.53781780200006,8.65570824200006],[106.53808314900004,8.658650409000074],[106.53834507200003,8.660751667000056],[106.53893940000006,8.661506103000079],[106.53978403800005,8.661502699000039],[106.54164157800005,8.661327031000042],[106.54282201900003,8.660817719000079],[106.54391661400007,8.659972369000059],[106.54492331300003,8.65828646600005],[106.54568004800007,8.65744249000005],[106.54618648200005,8.65735634400005],[106.54669394600006,8.657522487000051],[106.54788536400008,8.659704049000084],[106.54823560400007,8.662729941000066],[106.54824145300006,8.664159476000066],[106.54858137500003,8.664662650000082],[106.54942602600005,8.664659234000055],[106.55043890000007,8.664486938000039],[106.55136664000003,8.664146801000072],[106.55203959700003,8.66347133700009],[106.55229022900005,8.662797578000038],[106.55265927000005,8.66010514900006],[106.55273303900003,8.657498014000055]],[[106.67872582600006,8.669424991000085],[106.67919402200005,8.669236140000066],[106.67956966100007,8.669327881000072],[106.68088000900008,8.67101198000006],[106.68315507900007,8.673981661000084],[106.68391054200004,8.675099027000044],[106.68437999300005,8.675190343000054],[106.68494158500005,8.674907688000076],[106.68643583900007,8.673406834000048],[106.68857920400006,8.67022206200005],[106.68904573700007,8.669659657000068],[106.68979451700005,8.669282774000067],[106.69045157600004,8.669373264000058],[106.69111113900004,8.670024081000065],[106.69215052800007,8.671700505000047],[106.69338380500005,8.674776937000047],[106.69367946700004,8.677950904000056],[106.69368532300007,8.679258356000048],[106.69387503900003,8.679724472000089],[106.69453170100007,8.679721551000057],[106.69858246000007,8.678494343000068],[106.70073692400007,8.676629197000068],[106.70163712800007,8.674366666000083],[106.70153742400004,8.673059643000045],[106.70136480100007,8.671809932000087],[106.70180497300004,8.669976573000042],[106.70256627400005,8.669348415000059],[106.70349262300005,8.66978226100008],[106.70490307600005,8.670523093000043],[106.70621635100008,8.670517224000037],[106.70743455100006,8.670231604000037],[106.70818161800003,8.669481141000063],[106.70901910100008,8.66798315300008],[106.70864008900003,8.667144334000056],[106.70444070600007,8.664176206000093],[106.70361063200005,8.663517592000062],[106.70299459600005,8.663340549000054],[106.70252599100007,8.663436027000046],[106.70178060400008,8.664560032000054],[106.70112564900006,8.664936512000054],[106.69990620400006,8.664941934000069],[106.69934170000005,8.664570885000046],[106.69649212500008,8.66210884800006],[106.69477729300007,8.660946865000085],[106.69404637900004,8.660629158000063],[106.69341879100006,8.660740607000037],[106.69126366800003,8.662178564000044],[106.68995459200005,8.663118257000065],[106.68929838500003,8.663214561000075],[106.68864174800007,8.66321746500006],[106.68779625400003,8.662941022000041],[106.68657972000005,8.663600129000088],[106.68461814000005,8.665476610000042],[106.68293753900008,8.667258443000037],[106.68222048300004,8.667924700000071],[106.68118841800003,8.668371796000088],[106.68004849400006,8.668238619000078],[106.67871670200003,8.66737041500005],[106.67798992800004,8.666283066000062],[106.67692811500007,8.66287391600008],[106.67685712600007,8.659910035000053],[106.67651799900005,8.656851772000039],[106.67637398900007,8.656105278000041],[106.67571695100003,8.656014764000076],[106.67496651800008,8.656018047000089],[106.67278643600008,8.65711659100009],[106.66963291500008,8.659029918000044],[106.66823449100008,8.660997244000043],[106.66731002000006,8.664083212000037],[106.66619504900007,8.66651627200008],[106.66479618600005,8.66839021700008],[106.66274104600006,8.670360409000068],[106.66133845300004,8.67139383500006],[106.65993667000004,8.672614026000076],[106.65937875100008,8.673737163000055],[106.65920424600006,8.676726472000041],[106.65945436200008,8.680274299000075],[106.65992751700003,8.68120616300007],[106.66124414500007,8.68194757000009],[106.66613398700008,8.681794831000047],[106.66855510100004,8.681742025000062],[106.67014887000005,8.681510142000093],[106.67174032900004,8.68075603200009],[106.67407562800003,8.67850439600005],[106.67574969100008,8.675228336000089],[106.67779604500004,8.671296900000073],[106.67872582600006,8.669424991000085]],[[106.55764494800007,8.683714571000053],[106.55678055100003,8.683409615000073],[106.55532237900007,8.683652197000072],[106.55400722400003,8.683783995000056],[106.55336582200005,8.684147843000062],[106.55330676100004,8.685087756000087],[106.55329316100006,8.685604628000078],[106.55315351100006,8.686075033000066],[106.55287266300007,8.686639975000048],[106.55278283200005,8.687110160000088],[106.55311342700003,8.687589095000078],[106.55402963200004,8.688718184000038],[106.55601419600004,8.689289540000061],[106.55650067900007,8.689239850000092],[106.55689845400008,8.68869395900009],[106.55681761400007,8.687922529000048],[106.55689929800008,8.68724945100007],[106.55790598700003,8.685563512000044],[106.55807249600008,8.684974195000052],[106.55790043300004,8.684218077000082],[106.55764494800007,8.683714571000053]],[[106.73923802300004,8.695382747000053],[106.73941977800007,8.695030863000056],[106.74002610400004,8.694985966000047],[106.74036437100006,8.694928245000085],[106.74092534500005,8.694223589000046],[106.74140141900006,8.693463149000081],[106.74137138500004,8.69307010700004],[106.74119824300004,8.692228386000068],[106.74123536600007,8.691104863000078],[106.74134132700004,8.689615937000042],[106.74133614700003,8.688492606000068],[106.74116416600003,8.68790363000005],[106.74056825600007,8.687148084000057],[106.74002514900008,8.68560595100007],[106.73947971400003,8.683558316000074],[106.73888420500003,8.682887017000041],[106.73826114000008,8.682356261000052],[106.73796499900004,8.682371656000043],[106.73764491600008,8.683313923000071],[106.73745081200008,8.684044993000043],[106.73743861200006,8.684773779000068],[106.73749797700003,8.68509793800007],[106.73767131000005,8.685981785000081],[106.73767266600004,8.686276657000064],[106.73746283400004,8.686656754000069],[106.73695719300008,8.687122437000085],[106.73628190200003,8.687504648000072],[106.73467702300007,8.688185973000088],[106.73366301000004,8.688527607000083],[106.73315502700007,8.688487781000049],[106.73205097100004,8.68765028200005],[106.73141565400005,8.687526794000064],[106.73099376000005,8.687802527000088],[106.73095328500006,8.688202907000061],[106.73125413300005,8.689212569000063],[106.73172501100004,8.690389963000086],[106.73193852100007,8.69081024600007],[106.73227898300007,8.691229960000044],[106.73270388400005,8.691607160000046],[106.73354133600003,8.692747428000075],[106.73394026900007,8.693609533000085],[106.73419881900003,8.694619369000065],[106.73448337900004,8.695151673000055],[106.73468201600008,8.69540352200005],[106.73500649900006,8.69541608700007],[106.73552743000005,8.69520308300008],[106.73583852500008,8.695370171000093],[106.73589622900005,8.695650751000073],[106.73620991500007,8.696379504000049],[106.73706270900004,8.697779809000053],[106.73743268600003,8.69848021900009],[106.73765940800007,8.698703850000072],[106.73808308600007,8.698814247000087],[106.73853458900004,8.698840269000073],[106.73892863800006,8.69864188400004],[106.73932190400006,8.698274994000087],[106.73951795000005,8.697965182000075],[106.73954434700005,8.69757188300008],[106.73949982700003,8.697094658000083],[106.73927064300005,8.696337438000057],[106.73923802300004,8.695382747000053]],[[106.54434791600005,8.708715863000066],[106.54495454000005,8.708713396000064],[106.54561653100006,8.708765614000072],[106.54649821300006,8.708597329000042],[106.54699363600008,8.708375724000064],[106.54710213200008,8.707936101000087],[106.54649009400003,8.70662105000008],[106.54538017700003,8.704923738000048],[106.54482532600008,8.704102531000046],[106.54438324700004,8.703884738000056],[106.54377596100005,8.703722505000087],[106.54184717000004,8.704059715000085],[106.54024881100003,8.704285774000084],[106.53865089200008,8.704621632000055],[106.53760287800003,8.704570972000056],[106.53655530700007,8.704630100000088],[106.53534363600005,8.705019279000055],[106.53468366500005,8.705461125000056],[106.53434342900005,8.706035616000065],[106.53419650800004,8.707713900000044],[106.53419852100006,8.708207973000071],[106.53442113200003,8.708701156000075],[106.53469889000007,8.70919411500006],[106.53541737500007,8.70957549600007],[106.53685255900007,8.709899093000047],[106.53817565600008,8.709783945000083],[106.53905734800003,8.709615683000038],[106.54010380600005,8.709282055000074],[106.54093079300003,8.709223806000068],[106.54186830200007,8.709220006000066],[106.54363167300005,8.708883465000042],[106.54434791600005,8.708715863000066]],[[106.58635813600006,8.735319939000078],[106.58531627700006,8.735033334000093],[106.58434691800005,8.735045884000044],[106.58305786800003,8.735145419000048],[106.58215329700005,8.735315126000046],[106.58181442400007,8.735649805000037],[106.58177732100006,8.735967563000088],[106.58189574800008,8.73620044200004],[106.58215812100008,8.736459430000082],[106.58257770500006,8.736821783000039],[106.58352049400003,8.737337986000057],[106.58420069700003,8.737543207000044],[106.58519421000005,8.73769509500005],[106.58603073600005,8.737795625000047],[106.58660532700003,8.737741206000067],[106.58691776000006,8.737479823000058],[106.58707298100006,8.737115077000055],[106.58707034500003,8.73649090500004],[106.58699194300004,8.735887579000064],[106.58635813600006,8.735319939000078]],[[106.71524550000004,8.782073572000058],[106.71379881900003,8.781101239000066],[106.71263488200003,8.781383087000052],[106.71194976500004,8.782534980000037],[106.71136087800005,8.78378381400006],[106.71154855300006,8.78474841700006],[106.71164060100006,8.785519741000087],[106.71221867800006,8.78600502800009],[106.71289480600007,8.786298228000078],[106.71386208300004,8.786496874000079],[106.71483354100008,8.78602113900007],[106.71522692900004,8.785060114000089],[106.71542899700006,8.783712550000075],[106.71524550000004,8.782073572000058]]]]}}]}