{"type":"FeatureCollection","name":"gis.vn","features":[{"type":"Feature","properties":{"ma_tinh":"74","ten_tinh":"Bình Dương","loai":"Tỉnh","cap":1,"stt":47},"geometry":{"type":"MultiPolygon","coordinates":[[[[106.61424386153811,11.011579605594273],[106.6129994099125,11.011586424033217],[106.61150087658028,11.011594635678055],[106.61049416801016,11.011669991873323],[106.61034001383915,11.011681530354831],[106.60833488366417,11.011831621674103],[106.60487190939985,11.013071634483598],[106.60111692184707,11.014140643834429],[106.59930597583099,11.014631683780191],[106.59829196631694,11.015379699398753],[106.59750397278366,11.01682669154904],[106.59621902171394,11.020570730812166],[106.59581318053696,11.022155319027043],[106.59556900218963,11.023108703126999],[106.59524143686794,11.025267494942971],[106.59518405522165,11.02564566351586],[106.59518671437347,11.026149900818474],[106.59518701205216,11.026206381506995],[106.59519904449367,11.028487736634373],[106.5955610628967,11.029971659744154],[106.59614209157859,11.031017736061592],[106.596238334749,11.031130273001901],[106.5963507353092,11.031261704345221],[106.59750009779295,11.032605651643705],[106.59805246534212,11.033145612917684],[106.59834507061845,11.033431646208921],[106.59865257135263,11.033809963009109],[106.5995480507383,11.034911668694775],[106.60146208300424,11.037043640245527],[106.60248349149951,11.038112639679815],[106.60270806604068,11.038347677568193],[106.60273165454234,11.038397164004246],[106.60329009305201,11.039568680756698],[106.60329294832573,11.040035866851944],[106.60329410215225,11.040224701018683],[106.60298910906094,11.04110065930515],[106.60247811202048,11.041780450628297],[106.60180214779115,11.04267970326414],[106.60032177525207,11.044611299575987],[106.60022110388918,11.044742653843901],[106.60009727654459,11.04481527107529],[106.5989421305226,11.045492686310654],[106.59780665621254,11.045729948069976],[106.59743914328362,11.04580674267351],[106.5961771641216,11.045747706935424],[106.5961770688449,11.04574767194439],[106.59489218171429,11.045273738747797],[106.59445991127788,11.044881397369467],[106.59400545876686,11.044468923675565],[106.59364715017126,11.044143711867383],[106.59355403551747,11.044043224650322],[106.59329614973375,11.043764919579244],[106.59280115530201,11.043230732398234],[106.59217314804113,11.041703696181388],[106.59185413026817,11.040000762283587],[106.59153309440418,11.03790471991887],[106.59103310159273,11.036899726344684],[106.59002108714843,11.036469730266738],[106.5886041286487,11.036258746701735],[106.58860082565401,11.036258967390618],[106.58715037143229,11.036356003977724],[106.58648111999716,11.036400776542813],[106.58526918205793,11.03680655536247],[106.58490881408126,11.036927213748816],[106.58488910427526,11.03693381241097],[106.58373816118433,11.037423764083162],[106.58367974380248,11.037470905967337],[106.58359374567644,11.037540305246058],[106.58276415160726,11.03820977710427],[106.58254830507322,11.038544617239488],[106.58218718456621,11.039104821163557],[106.58164719486852,11.040158797707186],[106.58146965668811,11.040676825028529],[106.58114818984387,11.041614817364719],[106.58101776453762,11.042435355805944],[106.58077020855525,11.043992802277648],[106.5805681695067,11.045481819007744],[106.58049235655214,11.045730437970127],[106.58031053286449,11.046326706672547],[106.58020316542513,11.046678798952325],[106.57961722558365,11.047692846328637],[106.57946499767512,11.047882211403143],[106.57926518047486,11.048130776744866],[106.57855154709014,11.048917807356423],[106.57832120355673,11.04917184110974],[106.57645626979595,11.05077480262461],[106.5750272682298,11.052327834790983],[106.57395623296561,11.053861802628932],[106.57357719465469,11.054129305265745],[106.57323629066131,11.054369894366697],[106.57321677297402,11.054378299917452],[106.57265128331224,11.054621838363735],[106.5726448273771,11.054621117323215],[106.57206025587527,11.054555816858487],[106.57200813289637,11.054519957834762],[106.57167225981347,11.05428888832669],[106.57110829207429,11.053637819306589],[106.57007588837862,11.052347883460168],[106.56950526108051,11.051634912964941],[106.5689982419472,11.050746893976878],[106.56891052313303,11.050335217714915],[106.5687412608866,11.049540849061728],[106.56861220387864,11.047561880150642],[106.56852002929409,11.047115940717717],[106.56841625720702,11.046613888896642],[106.5680942517279,11.045965865541318],[106.56756922174235,11.045437918052231],[106.56637226411326,11.045007888449433],[106.56636512587883,11.045007568685689],[106.56460221458258,11.044928933801852],[106.56226022518024,11.045267949581042],[106.560998230245,11.045450891867965],[106.55877576811648,11.04554435358007],[106.55677782834653,11.045628372696333],[106.5562642337506,11.045649970128776],[106.55338264364418,11.045702752330747],[106.55299027151457,11.045709940142636],[106.55112526511493,11.04588594204159],[106.54987831914013,11.046279011006519],[106.54980930895542,11.046300983587342],[106.54904528738312,11.04687694398606],[106.54857529355087,11.04756903355325],[106.54815832114242,11.04846802719048],[106.54774633879119,11.049846019409298],[106.5473543476706,11.050940962399004],[106.54625429978441,11.052127007000996],[106.54506330664965,11.052876050752474],[106.54287731757229,11.053827059457346],[106.5400513616178,11.054934060948957],[106.53662441584622,11.056239070669266],[106.5343124071193,11.057542058399386],[106.5329494178765,11.05912312494224],[106.53167638992535,11.061271119025044],[106.53071546738629,11.063636109484417],[106.52970846729608,11.06565212992931],[106.52867443987516,11.066816157967477],[106.52726345023049,11.067828173523258],[106.52640846710658,11.06844509365266],[106.52563251972568,11.069148155258045],[106.52521151982991,11.069787103147744],[106.52488747373349,11.070550120311417],[106.52404536949109,11.072740583897486],[106.52392749808268,11.07304718597826],[106.52382650633065,11.073657194259566],[106.52385752628089,11.07394218945026],[106.52388953020731,11.074227181202545],[106.52416150338611,11.075537119868217],[106.52487952026391,11.077457109025472],[106.526051537314,11.07976416666405],[106.52717954501348,11.081522155914408],[106.52790853529004,11.082410126230279],[106.52869257134589,11.083185119110688],[106.53065358369015,11.084734002576146],[106.53149057885093,11.085395092107348],[106.53169656660265,11.085648587386844],[106.53170866609258,11.085663477323074],[106.53305159695188,11.087316125844453],[106.53347438424002,11.088104922032665],[106.5340630613054,11.089203219386617],[106.53407961639505,11.08923410556597],[106.53410704861255,11.089772719130986],[106.53412109514059,11.090048523326761],[106.53412861047515,11.090196067601273],[106.53391161416793,11.090983135628964],[106.53347158317173,11.091510124141207],[106.53300368429821,11.091790779464537],[106.53279857855516,11.091913806737198],[106.5325895887413,11.09203916284166],[106.53202424358551,11.092220009844901],[106.53162487921578,11.09234776030661],[106.53161762143581,11.092350082634288],[106.53159745156316,11.092350787649844],[106.53015663869179,11.092401154975656],[106.53015409270341,11.092400624560616],[106.5285176503722,11.09206010391379],[106.5274812022058,11.091719162007871],[106.52728361610899,11.091654166028055],[106.52637159951401,11.09111114209757],[106.52622144470594,11.090965002493002],[106.52532258100551,11.090090179203502],[106.52442964703101,11.089537153391255],[106.5244239646007,11.089537776409427],[106.52380063110805,11.089606126119811],[106.52315163690986,11.0898581471315],[106.52289876845397,11.090053153126677],[106.522181644183,11.090606183360318],[106.52197204200574,11.090848190516022],[106.52135367304864,11.091562164286074],[106.52063163105998,11.092781159429027],[106.51969241681947,11.094288496290286],[106.51956862103569,11.094487175134349],[106.51869167354766,11.096065232347135],[106.51798905799015,11.096765873326074],[106.51797764970928,11.096777250020812],[106.51743769107381,11.097506185193257],[106.51674472964905,11.098828259491892],[106.5165826803103,11.099136258231786],[106.51619267704673,11.100799235020633],[106.51637271334137,11.10136521886717],[106.51652871971696,11.101605230223827],[106.51668570760775,11.101845240789535],[106.51735068260597,11.10223621384386],[106.51912671708192,11.102764220980202],[106.52093608462432,11.103061388130595],[106.52111770743937,11.103091218738486],[106.52271167637515,11.10334517317222],[106.52415767687619,11.103718212521098],[106.5252926839209,11.104375131473743],[106.52601971918818,11.105273143502382],[106.5261556943027,11.105573683324968],[106.52637529491501,11.106059058581565],[106.52669069783073,11.106756182715278],[106.52729074349658,11.111474210672176],[106.52747536840816,11.112628506228013],[106.52779377338,11.114619203547653],[106.52765073354033,11.115803175425672],[106.52728173730434,11.116655189610347],[106.52685981443891,11.117880202994735],[106.5269108183811,11.11923518713318],[106.52694472491953,11.11997554737304],[106.52696082630948,11.120327159672028],[106.52678781312666,11.12102821942098],[106.52666480467111,11.12111578477245],[106.52619287212944,11.121451736128009],[106.5261698298528,11.121468138942037],[106.52616259617399,11.121467747175675],[106.52616110933596,11.121467666032931],[106.52395681583502,11.121348167622829],[106.52395659252694,11.121348187182521],[106.52256684753,11.121470184476555],[106.52134685528182,11.121798169173456],[106.51983792279258,11.122692025908135],[106.51896486757406,11.123209204236504],[106.51871124946703,11.123367574627535],[106.51736184460651,11.124210199054817],[106.51683569164449,11.12475328383296],[106.51530687918911,11.126331294734117],[106.51523700797684,11.126415302245166],[106.51431886765631,11.127519218670221],[106.51372588801331,11.12878724010418],[106.51350435394318,11.129719532782795],[106.51340390204979,11.130142271229884],[106.51300888702032,11.131348305189677],[106.51252889911315,11.132661242011434],[106.5116999551397,11.13489529179321],[106.5115486551708,11.135126544847084],[106.51067595084731,11.136460423453762],[106.51029395803769,11.13704427748133],[106.50952340928818,11.137892065509858],[106.50936594388304,11.13806531412253],[106.50928753546157,11.13818505828932],[106.50887332425265,11.138817630019958],[106.50859395997897,11.139244269198544],[106.508495480747,11.139469884548891],[106.50829488610704,11.13992943707839],[106.50811294009793,11.140346269526207],[106.50797578579876,11.141089115163265],[106.5078429978473,11.141808306150102],[106.50763466740585,11.141964573298106],[106.50750702039265,11.1420603213387],[106.50705201388725,11.142128285567246],[106.50704588065146,11.142127754989447],[106.50660201478236,11.14208927581629],[106.50614998944481,11.142025316939462],[106.50609134608287,11.141999890020395],[106.50500599560996,11.141529294324563],[106.50430439505102,11.141201557487086],[106.50287598072097,11.14053430689438],[106.50243442461377,11.140313155119124],[106.50231897233262,11.140255331238889],[106.5014569649502,11.140148361245295],[106.50145495440727,11.140148652861079],[106.50083800626881,11.14023833305554],[106.5003619800207,11.140413389069503],[106.4998010044383,11.14088331348874],[106.49938686651285,11.141212636951549],[106.4978580436974,11.14242835741068],[106.49651203218986,11.14304435194774],[106.4949060589967,11.143613427565876],[106.49326604406008,11.14410138735249],[106.49236003156761,11.144302360845185],[106.49145401604898,11.144503418472722],[106.49003707934423,11.144554383717194],[106.49003297859291,11.144553910160987],[106.48870888853924,11.144400898597667],[106.48839307411984,11.14436440349047],[106.48813403167763,11.144334363487692],[106.48786705333974,11.144303402554106],[106.4874020413219,11.14420082442226],[106.48671961530893,11.144050286836721],[106.4859630859502,11.143883402387194],[106.48567046694087,11.143729591893363],[106.48405305302624,11.142879421853882],[106.48342316667548,11.14273155506378],[106.48265601603363,11.142551466115828],[106.48241302602224,11.142494465486333],[106.48019906080904,11.14233051369324],[106.47962351952144,11.142284515420057],[106.47944809459558,11.142270494973728],[106.47944676011389,11.142270612127245],[106.47876403049042,11.14233047424753],[106.47837815935118,11.14243142534964],[106.47781206767156,11.142579525448616],[106.47640104158421,11.142789539552613],[106.47535509577564,11.142900474906641],[106.47421807792671,11.143070484876063],[106.47304208855384,11.143116538238772],[106.4722761104811,11.143338541415712],[106.47159708106336,11.143880489385054],[106.46992511003407,11.145855535524454],[106.46855809131102,11.146867564090595],[106.4677803349764,11.147288719223429],[106.46749815873734,11.14744151770564],[106.46723516175338,11.147879570133767],[106.46728619513375,11.148312597406855],[106.46729526885618,11.148389589489815],[106.46730410510743,11.14846456699988],[106.46734238150239,11.14851201976473],[106.46781712024898,11.149100579759608],[106.46797833887621,11.14926613966436],[106.46870710618651,11.150014528142155],[106.4690170172197,11.150317472973915],[106.46964112146036,11.150927549701636],[106.47016964051673,11.151878602648754],[106.47048912935713,11.152453514797603],[106.4710964244425,11.15352038740961],[106.47115912810362,11.153630543033756],[106.47133016644155,11.154271531182253],[106.47126313752631,11.15465052826663],[106.4709461620733,11.1552485658154],[106.46984315331589,11.155910516558599],[106.4682511706512,11.156355554661632],[106.46679320453167,11.156886520109017],[106.46628917643224,11.157211588912345],[106.46580520110093,11.157738593971928],[106.4646801915983,11.15917054616824],[106.46432225073046,11.159637983248667],[106.46418321557489,11.159819549632678],[106.46384323855315,11.160004623171904],[106.46345380219203,11.160102891856898],[106.4633122294887,11.160138615350396],[106.4633085816168,11.160137344793124],[106.4630703822203,11.160054333440195],[106.46279114098091,11.159957019694081],[106.46269223892102,11.159922552696184],[106.4626401943155,11.1598847268944],[106.46179231071096,11.159268481286599],[106.46078123147971,11.158533624561706],[106.4602392254857,11.158336630694746],[106.46023353137808,11.15833684850198],[106.45966520447718,11.158358605321464],[106.45921920730386,11.158515624992011],[106.45863819012803,11.15873661604338],[106.45800924934993,11.159374618563893],[106.4573232095034,11.160041597671098],[106.45685023910137,11.160257628501],[106.45614223029146,11.160304596030793],[106.45613959375179,11.160303931432146],[106.45599211432179,11.160266774049047],[106.45588218680568,11.160239076805167],[106.45512220842025,11.160047598136414],[106.4537912615696,11.159310683906963],[106.4527602113227,11.158171620010037],[106.45264097549169,11.157970550508344],[106.45196323150655,11.1568276671164],[106.45162920785896,11.155342666904902],[106.45147286194874,11.153666060232116],[106.45145519943091,11.153476647135706],[106.45151174163242,11.152982192195731],[106.45152165927226,11.152895469826417],[106.45155216626362,11.15262869319112],[106.4516670460646,11.152333852491752],[106.45180622037996,11.151976662596871],[106.45216715389498,11.15155665586659],[106.45268344719469,11.151441011153302],[106.45268520769761,11.151440615571985],[106.45335418460218,11.15153163402483],[106.45440715798223,11.152125625946079],[106.45561921373141,11.153050611949617],[106.45632898710984,11.153396475249473],[106.45632920984674,11.153396585019879],[106.4567551531847,11.153411582449579],[106.45716917236427,11.153305635514975],[106.45774318603377,11.152909622626526],[106.45804816864887,11.151902590656405],[106.45819615127056,11.150612569641712],[106.45816417419077,11.149131566396218],[106.45827716240852,11.147954647615542],[106.45816204291056,11.14738069113555],[106.45813514497726,11.147246583482051],[106.45799795905684,11.14605250467659],[106.45796212350268,11.145740597221872],[106.45786522129795,11.145499687486375],[106.45763712461131,11.144932606620372],[106.45661811563117,11.142758640499421],[106.45630913417139,11.141481628347089],[106.4558891402028,11.140700621380052],[106.45547312871659,11.140254589479838],[106.45442113428936,11.139453635514977],[106.45361850961478,11.138588412283418],[106.45357510159,11.1385416195713],[106.45249394308773,11.137546364628378],[106.4523541071649,11.137417639111552],[106.45177608282913,11.13698264995816],[106.45089113400596,11.136431649309728],[106.45047910810617,11.136288671671926],[106.44956413084323,11.136220642015278],[106.44781914517516,11.136090616680379],[106.44644011824516,11.135943637784866],[106.44573909165804,11.135886675766777],[106.44577003386358,11.135826282485892],[106.44441230166105,11.135858920486685],[106.44353492131322,11.135995295616533],[106.44310004573735,11.136132624577446],[106.44229896032547,11.136752513375205],[106.44121558569111,11.137931255200147],[106.4403305763065,11.138604548999782],[106.43861396188784,11.13954868702668],[106.43727118926118,11.140041735901479],[106.43655402498865,11.140502361450535],[106.43584449222857,11.141297724793931],[106.43524177049716,11.142262844399582],[106.43494422275248,11.14302483016507],[106.43457801242766,11.143627552778703],[106.43318946240346,11.144904522498562],[106.43164069567617,11.14653339756821],[106.43010718771991,11.148068814113858],[106.42985541764217,11.148600963332095],[106.42983252927525,11.149016765367499],[106.43005378142625,11.14960327598327],[106.43031318129233,11.149882702991425],[106.43073279775285,11.150107770216751],[106.43135077868907,11.15013542561682],[106.43199164887704,11.150217441368376],[106.43247229947852,11.150414853078804],[106.43299872897572,11.150891689243394],[106.43393714347043,11.152498631032621],[106.43440253635403,11.15321674734497],[106.4351120703722,11.153932003382232],[106.4361496691696,11.154781727395358],[106.43647010237126,11.155217556774263],[106.43662269043615,11.155568509090738],[106.43706519635853,11.157163051904444],[106.43711097221886,11.158134845360992],[106.43705756717678,11.15884151894674],[106.43681342572256,11.159784703255424],[106.43632514475053,11.160875706228472],[106.43588263996205,11.161703495991917],[106.43485267091347,11.162844089825542],[106.43392188491156,11.163778690835999],[106.43323524035956,11.165002255310409],[106.43293769374024,11.165986446815525],[106.4328232536532,11.166659741030534],[106.43268592333601,11.16800728330824],[106.4326554064778,11.168950466993996],[106.43279273537267,11.17011967275988],[106.43281562325176,11.170754819730158],[106.4327698474257,11.171401410428281],[106.43255622423726,11.172136693279016],[106.43231208397269,11.172624974899538],[106.431808544088,11.173375516608141],[106.43048865910887,11.174625784021421],[106.43006141274523,11.17476311254892],[106.4297409778588,11.174789815783454],[106.42928321381676,11.174559979434694],[106.42852027497803,11.173704533308912],[106.42789466489235,11.171971707279894],[106.42720801828105,11.171243100433413],[106.42655952021677,11.17071095037293],[106.42618567977095,11.170557409049673],[106.42563636315218,11.17043629317761],[106.42507178828433,11.170414358213232],[106.42346198502436,11.170798688652374],[106.4214478255578,11.172059445878686],[106.42008979347919,11.172520071166236],[106.41912086034401,11.172596364851131],[106.4184647320427,11.172925382287833],[106.41754157520859,11.173670201887893],[106.41689307709905,11.174087911153762],[106.41611487945711,11.174252897546344],[106.41568000341844,11.17426338824054],[106.41284186864137,11.173858076270257],[106.41243751033811,11.173687368209265],[106.41204078259162,11.173336416680554],[106.41165931249455,11.172843366249399],[106.4114685774545,11.17253056117962],[106.41119391944042,11.172245413987197],[106.41093452002974,11.172092825575556],[106.4106217139576,11.172125250331465],[106.4102631335639,11.172328382555794],[106.41007239819122,11.172745138202316],[106.40996558747689,11.173347860997387],[106.41007239871634,11.175129325177844],[106.41062171456511,11.176949888930377],[106.41067512050921,11.177460105118067],[106.41062171468631,11.177980810952189],[106.41020209837247,11.178830535292715],[106.40978248147148,11.1794332571468],[106.40969855879099,11.17972985034374],[106.4096451527471,11.18024483422482],[106.40975959333997,11.181045919612153],[106.41065986138146,11.183166892110073],[106.4107132680157,11.183583647748593],[106.41060645662641,11.18373718929813],[106.41033942825588,11.183835417737923],[106.40859229676329,11.183786780431726],[106.40804297969697,11.184028059881932],[106.40710456454512,11.184955030880218],[106.40588386128047,11.18673554136563],[106.4053421740902,11.187953383087798],[106.40521247477714,11.1880849907502],[106.40505225725718,11.188155562238107],[106.40483863401361,11.188172728199918],[106.4045410875267,11.188084990208944],[106.40436561197225,11.18796482724151],[106.404167248227,11.187734038686498],[106.40407569491512,11.187514693270533],[106.40407569457855,11.187137038486963],[106.40460212285168,11.18603935973182],[106.4047852289371,11.185458571328937],[106.40491492751728,11.18487778405595],[106.40495307495348,11.18459263548664],[106.40491492734992,11.184362800084067],[106.40459449337281,11.183835418488362],[106.40366370755781,11.18301907200778],[106.40280158592057,11.182404906713776],[106.40198524095875,11.182032973578563],[106.40113837720902,11.18182984104],[106.39902503548598,11.181456954956518],[106.39865882430013,11.181505591384962],[106.39814002540422,11.18172589015536],[106.39548499659298,11.18426361790546],[106.39488990401671,11.18453255475141],[106.3945465808078,11.18462601487018],[106.39267737955201,11.18458119201655],[106.39220435631994,11.184626015429313],[106.38986213255565,11.185173424562333],[106.38886268186974,11.185184868393177],[106.38850410080332,11.18526688440623],[106.38810737196293,11.185480506874415],[106.38770301347814,11.185831459345481],[106.38746650275245,11.186198624242547],[106.38733680290618,11.186708839733662],[106.38731391496167,11.187137039323849],[106.3873596920815,11.188347252489248],[106.38724525052469,11.188795479691896],[106.38677222768446,11.189734848463333],[106.38599403000096,11.190886887778051],[106.38417823336903,11.192086609321793],[106.38384254086527,11.19269600726505],[106.38368995296425,11.193314941582027],[106.38369758152452,11.194016846874934],[106.38404853347001,11.194652946473608],[106.38428504566183,11.195244224341874],[106.38436133862885,11.196324738064193],[106.3841248281354,11.197389038571016],[106.38421638084614,11.198062332560712],[106.38453681594005,11.199282082785437],[106.38454444552362,11.199976357340812],[106.38462073966141,11.200558098739696],[106.38483436247887,11.200909051014934],[106.38629920646271,11.202086839257442],[106.38670356397047,11.20264092324759],[106.3870163692282,11.204017075784154],[106.38709266325839,11.20470753635863],[106.38713081092111,11.206818970769875],[106.38729865691847,11.208260925792583],[106.3877945678274,11.20964375441494],[106.38873298415983,11.21134129408085],[106.38919837679282,11.211977395205555],[106.38925178164297,11.212136659386513],[106.38925178187601,11.212388428911716],[106.38906867675136,11.21277275955345],[106.38868720716899,11.213298234327716],[106.38821418544714,11.21350136743549],[106.387725903266,11.213650140248221],[106.3865662364133,11.213841828458673],[106.38439948697881,11.214745912945594],[106.3838349117564,11.215031060145877],[106.38336188968331,11.21544304862949],[106.38256080347759,11.216237458791031],[106.38163001682298,11.216982278784645],[106.38124091827821,11.217152986440643],[106.38046271998736,11.217296038182146],[106.38019569074338,11.217448625755184],[106.38004310346214,11.217585954848392],[106.3799286624574,11.217799577942909],[106.37989051513284,11.218095216819544],[106.37998206812382,11.218994531579085],[106.38047797884059,11.220322046109098],[106.38154609474356,11.222497377201542],[106.38229377516089,11.224504861703572],[106.38282783249683,11.225535784412658],[106.38359840178347,11.226253901066665],[106.38378150656261,11.226533327232977],[106.38392646552484,11.22741070813388],[106.38391120636291,11.227684411990348],[106.38371284255062,11.228166970951666],[106.3834534432459,11.228643808437822],[106.38317115561208,11.228907023052741],[106.38262184011809,11.22930184419097],[106.38224036944729,11.229405794114228],[106.38185127093377,11.2294448948479],[106.38113410733666,11.229252253044656],[106.38036353854436,11.228594217178562],[106.38018806239053,11.228474054643897],[106.37990577488134,11.228392037924062],[106.37966163317147,11.228392038555922],[106.37915809319952,11.228512201003088],[106.37888343587795,11.228721055853182],[106.37851722469978,11.229181681655064],[106.3783264892559,11.229641352156671],[106.37825782557492,11.230113421209941],[106.37825019544907,11.231379900831113],[106.3783570075237,11.232289705592432],[106.37815864388486,11.233775530335164],[106.37794502072428,11.23454896064499],[106.37736518678322,11.236133013758497],[106.37680824089307,11.236675653235007],[106.37570197937747,11.237382326624404],[106.3752213269339,11.237865839858602],[106.37397010609406,11.239504252832694],[106.37283332601139,11.241450701930296],[106.37217719863455,11.242783938122372],[106.3716889171503,11.243923579235672],[106.37153632900932,11.244378482336762],[106.37141425954121,11.244553957945023],[106.3712769306139,11.244659816100803],[106.3710556777498,11.244767581542078],[106.37055976766244,11.244689380055467],[106.3694229873402,11.243997966738446],[106.36751563783893,11.242725763949363],[106.36592872422197,11.241792117402964],[106.36550910776414,11.24139157403014],[106.36502845609373,11.240287219318493],[106.36484535004485,11.239956294749952],[106.36441810415303,11.239479457505997],[106.36368568207784,11.238990222017833],[106.36314399456839,11.238368426191888],[106.3628453440824,11.238214435458515],[106.36255138001547,11.238118552780781],[106.36233815162265,11.238080417481207],[106.36191566281249,11.238080417201678],[106.3614502698278,11.238180553135978],[106.36019142002147,11.238706027870476],[106.35926063321287,11.239244853878297],[106.35890205152077,11.23961678712266],[106.35822303601743,11.240614329360858],[106.3570328495501,11.243760501850316],[106.35630042784179,11.245943462627936],[106.35615547054195,11.246220027736442],[106.35569007723502,11.246850406964368],[106.35568860214987,11.24684968400003],[106.35543067718146,11.247197543951007],[106.35491187891303,11.247626698275896],[106.35422523319471,11.24804726862899],[106.35383613451941,11.248166477147263],[106.35287482995321,11.248341953674359],[106.35177619709707,11.248336231175717],[106.3515167976973,11.248442089756782],[106.35131843457171,11.248628056375242],[106.35124213972307,11.248825466712868],[106.35119636317818,11.249111569636563],[106.3512345105808,11.249701893070254],[106.35130317504989,11.24997655150311],[106.35198982013439,11.25126496530575],[106.35246284341726,11.25191441724953],[106.35285957157632,11.252262509739765],[106.35351569927222,11.252628719059098],[106.35459907311473,11.253344929291362],[106.35561378343249,11.254413998218967],[106.35620887640357,11.254971897447705],[106.35662849220088,11.255256092465512],[106.35691840943504,11.255399143652106],[106.35801704266628,11.255709088101495],[106.36056526058694,11.255693829177178],[106.36096198887815,11.255804454963481],[106.36108405984183,11.256020938836695],[106.36110694756356,11.25618783231951],[106.36085517823425,11.257104313524705],[106.36083991904563,11.257367526964822],[106.36090095418834,11.258034145623524],[106.3609925065727,11.25827923990131],[106.3614121234475,11.258861935176073],[106.36219795095413,11.259299671615308],[106.36250312669486,11.259380734373046],[106.36370857086796,11.259399807141218],[106.36407478153393,11.259466563752964],[106.36440284641681,11.259757435467446],[106.36450965838463,11.259981547885399],[106.36454017469472,11.260315333910878],[106.3645020292597,11.260692035991266],[106.36437232920892,11.261124050081028],[106.36398323022802,11.262088215616842],[106.36354072538325,11.262479221579774],[106.36283119140722,11.262946522278177],[106.36257179178284,11.263046658168554],[106.36237342678729,11.263063824823725],[106.36212165725767,11.263018047243268],[106.36183174030933,11.26282922068179],[106.3609009539012,11.261711514053708],[106.35997779804369,11.261040127227428],[106.35951240422905,11.26086560536049],[106.35886390608493,11.260851299717205],[106.35761268496057,11.261135494660438],[106.35597999526968,11.261619007562846],[106.35425575159891,11.261753475485925],[106.35384376359048,11.261834539008705],[106.3521729269073,11.262420095117474],[106.35162361104486,11.262526906017925],[106.35100562990287,11.2625383499325],[106.35063178895281,11.26273862195936],[106.35055549493542,11.26285210927847],[106.3505478659082,11.263158238644868],[106.35064092896619,11.263318917754226],[106.35066993547902,11.263369000557242],[106.35208137373678,11.264721311247612],[106.35284431438029,11.265987789900787],[106.35298927215719,11.26643410973228],[106.35313423145158,11.26730767560834],[106.35323341294772,11.269241727004829],[106.35332496676993,11.269972241901558],[106.35346229529256,11.270440495866497],[106.35422523464224,11.272324956410097],[106.35433967576729,11.272877133897472],[106.3542710100955,11.273663915208749],[106.3542862692135,11.274310506444737],[106.35393531761865,11.275544560831518],[106.35392768894897,11.276184475964811],[106.35410316429375,11.276851094338205],[106.3546677400304,11.277848638440455],[106.35514076176923,11.27888146741451],[106.35536201524843,11.279613889666166],[106.35537727345789,11.280023969391385],[106.35530860899578,11.280202306438735],[106.35520179747276,11.280311979672481],[106.35431678805163,11.280387319415931],[106.35398109391171,11.280530370877402],[106.3537674707643,11.280697263356192],[106.35363014195865,11.280937589713584],[106.35345466626805,11.281559385062781],[106.35343177780578,11.281943715175155],[106.35345466556315,11.282980359305457],[106.35350044344011,11.283235944390707],[106.35357673675576,11.283358014464547],[106.35363374045458,11.283394235623389],[106.35375984165366,11.283474363171026],[106.35464485216609,11.283546842221332],[106.35558326749614,11.28370896619924],[106.35617836003408,11.283958829766057],[106.35636909491737,11.284135259901035],[106.35647872032125,11.284362122742255],[106.35650642453245,11.284419454408445],[106.35650642378164,11.284708417473235],[106.35623939537773,11.285241521679167],[106.35584266752946,11.285675443370017],[106.35542305048271,11.286386884611552],[106.35533912733727,11.286747373346143],[106.35533149695986,11.28746930479186],[106.35536964448339,11.28805390731088],[106.3552475742784,11.288175977616142],[106.35492713917408,11.28819791143389],[106.35472114644134,11.288103498683315],[106.35425575332711,11.287598050964018],[106.35302741987867,11.286008275939839],[106.35286720339391,11.285952962699847],[106.35272224406881,11.285958684452645],[106.35263832141442,11.286036885901297],[106.35268409755463,11.287008680826112],[106.35263832165502,11.28727570857401],[106.35239418020137,11.287892736507098],[106.35213478086652,11.288175977681266],[106.35135658302292,11.28869859053259],[106.35027320961657,11.289065755842188],[106.3493729407074,11.289176381625678],[106.34812934929379,11.28960267544392],[106.34780128520691,11.289648450977426],[106.34753425627599,11.289636052984875],[106.34692390544589,11.28935948790028],[106.3462143714579,11.288714803852356],[106.34529884339022,11.287674345577111],[106.34475715638197,11.286765493701491],[106.3443756874421,11.285975850903684],[106.34423835787427,11.285180487479636],[106.34427650511869,11.284866728361726],[106.34445198122194,11.284445203957265],[106.34473426771959,11.28399602323787],[106.34538276714446,11.283246435134318],[106.34546668987448,11.283041394929317],[106.34548957814991,11.282835402294445],[106.34541328357007,11.28264657358173],[106.3452530667741,11.282553114326793],[106.34500892566976,11.282507337523798],[106.34468849183173,11.282535948309219],[106.34432990951414,11.282624639996781],[106.34352119515367,11.283002295489286],[106.34218605124032,11.28436128078893],[106.3410797881723,11.28555909636505],[106.3409195711554,11.285931029383121],[106.3408585357185,11.286192335479635],[106.34091957135045,11.287087836525489],[106.3413925929404,11.288641371220173],[106.34159095859687,11.290232100264605],[106.34147651707153,11.291665472768454],[106.34100349424013,11.293037810720426],[106.34098060672959,11.2932933948119],[106.34099758775939,11.29339077066816],[106.34099586565945,11.293493666990425],[106.34104164155109,11.29364339334138],[106.3411942297404,11.29383889657393],[106.3417206574102,11.294094481949855],[106.34245307922326,11.294099249531314],[106.3445816799878,11.29347650054971],[106.3447647865241,11.293482222049537],[106.34493263319834,11.293543257792022],[106.3450394439777,11.293699660391088],[106.34506996207087,11.293976225661686],[106.34492500372897,11.294236578003332],[106.34445961011332,11.294838347880804],[106.34407051180952,11.29559365742993],[106.34285743797955,11.296783842761839],[106.34264381498372,11.296938338605614],[106.3414307407504,11.297322668743393],[106.34044654999877,11.29803410982021],[106.340210037188,11.298111358145826],[106.33997448127252,11.29806753341516],[106.33970649749318,11.297944464583095],[106.33848579413245,11.297038474150833],[106.33823402459466,11.296699919573953],[106.33809669567853,11.29621640714604],[106.33811958306978,11.295811095915873],[106.33818824821537,11.295581259368292],[106.33830268918683,11.295369543485338],[106.33936317531897,11.29415265604884],[106.34001930220056,11.292781271334814],[106.34024818396877,11.292411247007792],[106.340347366273,11.292196669598148],[106.34035499598914,11.291985907962859],[106.34031684883793,11.291886725379541],[106.3402252960472,11.291805662693623],[106.33998115559884,11.291787543895643],[106.33967598066694,11.291820921809402],[106.33840950061378,11.292066015486311],[106.33810432465762,11.292182364506354],[106.33778389066939,11.292503752786628],[106.33747871408166,11.293289581174351],[106.33729560902924,11.293539442584013],[106.33592994705555,11.2946437976878],[106.33566291796828,11.295038618841321],[106.33551796005622,11.295388618071042],[106.33545692500097,11.295782485013607],[106.3354416664739,11.299039283223754],[106.33549507252773,11.299628653857846],[106.3358078780448,11.300472655938734],[106.33598335397437,11.300817886269975],[106.33628852981772,11.301139274431293],[106.33748634382661,11.302134909911864],[106.33788307312776,11.302578368122],[106.34004219209072,11.308083929792774],[106.34071357814923,11.309789099813882],[106.34176643506538,11.312179008415564],[106.34196479927375,11.312847533369371],[106.34215553475276,11.314400114946876],[106.34230049228324,11.314857879156227],[106.34262092718426,11.315422454412703],[106.34417732400637,11.319244781682288],[106.3443528011847,11.319937148831217],[106.3444062054213,11.320504585148852],[106.34469612323325,11.322158256439986],[106.34461220014691,11.323128143322057],[106.34378059626096,11.326908508392805],[106.34093483238773,11.330720344931692],[106.33638008300623,11.33561650941513],[106.33345802597871,11.339833657213132],[106.33182533581767,11.343505303728174],[106.3310776554695,11.34833375707537],[106.33107765564195,11.35316221042025],[106.33526619394158,11.36026231491147],[106.34307869446152,11.367167871470773],[106.34597023424188,11.370315950525988],[106.35067757213018,11.376698892153717],[106.35656746469861,11.398552340071317],[106.35656855324771,11.398552324262992],[106.35868843777595,11.406416337613395],[106.36242684126661,11.423279208187116],[106.36271977186964,11.424566650239221],[106.36323958648738,11.426851268978304],[106.36632546330193,11.440413874887993],[106.37000283180356,11.44769994700432],[106.37474068666803,11.454137247598354],[106.37978371664205,11.457319659854797],[106.39160164925214,11.461820048338215],[106.40224465425105,11.465411584448415],[106.40587624626924,11.467685144352401],[106.40928658575388,11.470321101077376],[106.41201790974307,11.472866456591001],[106.41415413999201,11.476912897584281],[106.41738900359232,11.484943788937645],[106.42301186815558,11.491197031180784],[106.42364510851102,11.49515191875854],[106.42866525041815,11.496612948095347],[106.4295731477138,11.497110765441292],[106.43045815765882,11.498063487065824],[106.43124398608478,11.499232690457392],[106.43163308473338,11.499687593308963],[106.4322586948441,11.500141543105963],[106.43340310501524,11.500596444576361],[106.43418893186075,11.500676553163116],[106.43516549535889,11.500666063800665],[106.43617257522438,11.500589769255905],[106.43716439632561,11.500439088498464],[106.43869790406431,11.500016611348363],[106.44174966202108,11.498881738098206],[106.4433823525378,11.49853555380525],[106.4441147742939,11.498535553840194],[106.44476327256663,11.498654764318902],[106.44533547841337,11.498881737789496],[106.44593056967554,11.499519746073554],[106.44618996969741,11.499692360879584],[106.44648751623762,11.499779146161934],[106.44739541432537,11.499822060522211],[106.44892892177155,11.499649445449988],[106.4507218299103,11.498773973036274],[106.45176705730684,11.498412529318752],[106.45339211780802,11.498051087755739],[106.45413979914153,11.49783841711477],[106.45433053410912,11.497821251351835],[106.45465096829324,11.497948090494765],[106.4547348924725,11.498046318163771],[106.454757780292,11.498219887606448],[106.45490273836663,11.498494545869466],[106.4551621381764,11.498552719471796],[106.45537576131983,11.498538414031199],[106.45552834931046,11.498480240491697],[106.45607003649832,11.498126427313695],[106.45628365910726,11.498028199512442],[106.4566193523971,11.49798814412933],[106.45692452800581,11.498032013595077],[106.45748147463803,11.498322884395602],[106.45903024096573,11.498282830001164],[106.45950326283794,11.49831239411875],[106.45970925715821,11.498709122232178],[106.45992288008112,11.49880353643633],[106.46085366672041,11.498789230744494],[106.46115884243868,11.498701493406],[106.46158608787736,11.498490731218121],[106.46167001086928,11.498483101408473],[106.46289071424017,11.498867432313611],[106.46364602412093,11.498881736609702],[106.46501168668087,11.498730103242996],[106.46611031899545,11.498419205247933],[106.46735391072123,11.497889915864606],[106.46839150877206,11.49722901915901],[106.46906289577223,11.496680656615514],[106.4695511767246,11.49652139275714],[106.47015389881497,11.496369758344573],[106.47083291409538,11.496390739228474],[106.47198495374668,11.496629157771157],[106.47250375233044,11.496606269211041],[106.47333535639092,11.49642793238262],[106.47433480637345,11.49598065920547],[106.47492989989613,11.49587098665194],[106.47502145261507,11.495806136798793],[106.47518929811645,11.495823303548443],[106.4754486985838,11.49602262016936],[106.47557839763168,11.496065536292488],[106.47572335631084,11.49604360150729],[106.47642526056838,11.49565450266072],[106.47659310723765,11.495644965271866],[106.47685250620304,11.495713630661083],[106.47712716514131,11.495882430010159],[106.47721871726962,11.496212402298521],[106.47741708207666,11.496404090156954],[106.47781381069377,11.496447959538814],[106.47808083973295,11.496716894964804],[106.47821816831917,11.496800819425157],[106.47864541412027,11.49694768554968],[106.47881326115147,11.497059264599425],[106.47894296071703,11.497200408621977],[106.47901162535955,11.497343459100321],[106.47911080744564,11.497416892313149],[106.4794083545517,11.49745217788329],[106.4796753821756,11.497404495157966],[106.48008737104301,11.497216621463602],[106.4805222453524,11.497315803240744],[106.48057565135542,11.497352995936426],[106.48070535138902,11.497624793452522],[106.48086556854766,11.497761168992607],[106.48084268103224,11.49827710688441],[106.48089608607118,11.498549856812069],[106.48098763834406,11.498649992779033],[106.4813309618822,11.498833099042853],[106.48194894263732,11.49930326021047],[106.48205575355315,11.499327102386301],[106.4822846357995,11.499296583870128],[106.48254403572277,11.499217429290859],[106.48294076378826,11.49900952854335],[106.48363503914713,11.498535552223283],[106.48369607375412,11.498485960673195],[106.48379525609315,11.498215118005447],[106.48387154981273,11.498155035583153],[106.48439034843543,11.498080650202265],[106.48465737797993,11.497895636939662],[106.48472604267532,11.497885146102584],[106.48541268762855,11.498211303364045],[106.4855576465238,11.498204627331367],[106.48577889861473,11.498042502987442],[106.4860077806186,11.49806157587158],[106.48651132074181,11.49823991281538],[106.48689279107234,11.498642364005391],[106.48760232418758,11.498949447083465],[106.48873147454263,11.49962846317693],[106.48887335576372,11.499619594658217],[106.48892983862561,11.499616064911159],[106.4892350144971,11.49943963583165],[106.48941811961609,11.499430099244657],[106.48955544854151,11.499334730767593],[106.48959359622243,11.499247946461503],[106.48962411395397,11.498839773407187],[106.48977670197202,11.498464027192792],[106.48998269491274,11.498115936091452],[106.49005898853623,11.497764983069807],[106.49022683603722,11.497753538411633],[106.49033364745384,11.49779550064269],[106.49069222889783,11.498038687490569],[106.4911194752598,11.49811498159325],[106.49141702195209,11.498027243391235],[106.49169167985455,11.49816934047421],[106.49180612119784,11.49808160232626],[106.49192819089237,11.49778214981395],[106.49208840822284,11.497667708392928],[106.49250039565568,11.497579970568964],[106.49296578864488,11.497616209368399],[106.49324044679399,11.497519888814574],[106.49329385326554,11.497455992274853],[106.49330911049542,11.497300543405077],[106.49313363504854,11.497064985831013],[106.4931412649346,11.49692479564347],[106.49328622279651,11.496861853521393],[106.49360665772625,11.49697534065514],[106.49381265087548,11.496957220714245],[106.49391183364659,11.496881880640151],[106.49412545696364,11.496599592577006],[106.49468240186418,11.496167578818653],[106.49495706046304,11.496072211409537],[106.49504861245066,11.496080794370991],[106.49530038286885,11.496285834492168],[106.49576577622668,11.496348776666157],[106.49593362303341,11.496327795794981],[106.49621591079192,11.496135153120347],[106.49681100316566,11.49596444512573],[106.49719247298718,11.495786108585166],[106.49747476104851,11.495571532116546],[106.49771890119686,11.495253957793587],[106.49793252359086,11.495055594554746],[106.4983902877081,11.49472943734746],[106.49845132258672,11.49463407009998],[106.49845132281725,11.49429074701397],[106.49848946955768,11.494160093712093],[106.49874887020101,11.493810095324655],[106.49884805182344,11.493763365313637],[106.49909982220709,11.49373856906932],[106.49944314474821,11.493306555201443],[106.5005265191454,11.49260083581869],[106.50059518267886,11.492470183283668],[106.50066384799173,11.492110646938402],[106.50070962409133,11.492038167895817],[106.50080117677359,11.492019094880856],[106.50111398211224,11.49209157419846],[106.5013428640683,11.49209538882743],[106.50141915804717,11.492049611972291],[106.5017243336556,11.491677679026175],[106.50201425095499,11.491467871135889],[106.50211343263751,11.491327680720966],[106.50222024385427,11.49080697495469],[106.50276193021706,11.489775098427602],[106.50280770799446,11.489707387844815],[106.50320443566612,11.48949281102032],[106.50329598882041,11.48937455542194],[106.50344857638014,11.489029325908092],[106.50351724082536,11.48897401269827],[106.5036545696487,11.488964475585053],[106.50379952847263,11.489095128950632],[106.50389871092818,11.489106572475961],[106.50440987939223,11.489014066560436],[106.50467690905903,11.488909162853611],[106.50511178441661,11.488646901330618],[106.50559243655603,11.487959302895781],[106.5058060593001,11.487909711237553],[106.50608071742965,11.487962163355999],[106.50639352248274,11.487947858680366],[106.50650796354094,11.488027967874713],[106.5068283978022,11.488432325309118],[106.5069123216723,11.488465703871837],[106.50717172083968,11.48843041795506],[106.50773629553251,11.488170064227178],[106.50801858394611,11.488173879671978],[106.50833138906357,11.488237775804306],[106.50845345970434,11.488207257500749],[106.50859841773764,11.488126195104588],[106.50868234078455,11.488027967557143],[106.50869368242977,11.487997437974464],[106.50872048797099,11.487961209852166],[106.50881665040913,11.487666448321754],[106.5089097803286,11.487415773224946],[106.50955972205581,11.487059987287195],[106.5096741630564,11.48695985115853],[106.50979623222779,11.486651814952035],[106.50984963899347,11.486120618555985],[106.50993576278353,11.485866730450052],[106.50997388856157,11.485854815477994],[106.51001619597513,11.485860104092547],[106.51015481442576,11.486000455608993],[106.51020821987252,11.486010945067884],[106.51044473154313,11.485740102152386],[106.51066826692762,11.485592010075631],[106.51132974042997,11.485513128303072],[106.5114670698097,11.48543492586828],[106.511695951551,11.48508397441953],[106.51174935773098,11.48482743572543],[106.51191720420532,11.48460809084784],[106.51207742110702,11.484295284909765],[106.51248177933294,11.484068311055651],[106.51296243161318,11.484010136829053],[106.51322946021224,11.483783162233618],[106.51342782493256,11.483571447179658],[106.5140092104906,11.482566290147691],[106.5140429496883,11.482537611950233],[106.51437386938578,11.48232022626213],[106.51466378672336,11.482250607775773],[106.51530465544742,11.482350742537582],[106.51561348606413,11.482363840741469],[106.51565560714435,11.482368863269755],[106.51567139890956,11.482366296881956],[106.51573190132426,11.482368862833926],[106.51588448923007,11.482331670259873],[106.51612862981803,11.482375539014654],[106.51615094879138,11.482364976525357],[106.51616677664995,11.482366955460423],[106.51618343314252,11.48234960504064],[106.51623544178025,11.482324993754657],[106.51625279282501,11.482277355723017],[106.51628121779054,11.482247746531277],[106.51644906460817,11.481738484421253],[106.5166855757615,11.481493389946495],[106.51683053444589,11.48142663270051],[106.51717385645422,11.481566822484012],[106.51742949757713,11.481505651887566],[106.51794442563835,11.481584942540222],[106.51821908467201,11.481522953688808],[106.51839304517716,11.481702587525605],[106.51836404220809,11.481928265372176],[106.51840981809768,11.48206654846874],[106.51853188990432,11.482267774086523],[106.51866256095526,11.482360332972567],[106.51923379337255,11.481830990362257],[106.5193736675458,11.48171964336926],[106.51948556340523,11.481687939729733],[106.5197373338061,11.48166409732921],[106.51986703349343,11.481690800873977],[106.5201425091734,11.4817850426758],[106.52024850294953,11.481886303934887],[106.52056893775658,11.481744206578412],[106.52088937243748,11.48182526846262],[106.52124344288869,11.481786542698396],[106.52156075820339,11.481797611591457],[106.52169808749454,11.481506741704761],[106.52185830551505,11.481305515835304],[106.52201089347052,11.481196797280093],[106.52208718793032,11.481024181533058],[106.52227792140025,11.480922138488522],[106.52228046995928,11.48090616846688],[106.52228555112237,11.480903065060726],[106.52233132732431,11.480587399340031],[106.5224152515286,11.48050061407922],[106.52265176264645,11.480505383155094],[106.52301034375552,11.480645573478467],[106.52303363840181,11.480637355653926],[106.52304086119383,11.48063985151707],[106.52335366677089,11.480524456483911],[106.52345646122123,11.480396881047344],[106.52363595467322,11.480339443525105],[106.52371601567971,11.480255212085957],[106.52400216562857,11.480343258315141],[106.52443704010459,11.480286038709329],[106.52450570600693,11.480215466387474],[106.52463540408836,11.479853069246888],[106.52469643921789,11.479796803446604],[106.52518324652762,11.479468208585034],[106.52539071480808,11.479418194612176],[106.52539428261389,11.479415062631414],[106.52541360393622,11.479410565300903],[106.52608498912775,11.478808795809178],[106.52643594175046,11.478691494495227],[106.5265656416952,11.47849980630536],[106.52690896442896,11.47823277672915],[106.52691066032813,11.47822819604317],[106.52692422341478,11.478217517763392],[106.52700814691576,11.47796479400335],[106.52719888148592,11.477646267562502],[106.52721414015824,11.477394496816325],[106.5273112371271,11.477121877396518],[106.52747353912257,11.476982510144447],[106.52781686258416,11.476793682263182],[106.52819833278132,11.47645035942737],[106.52835091941915,11.476186191771443],[106.52861794838468,11.47596970804376],[106.52875527766525,11.475771343239591],[106.52889260671395,11.475742733329605],[106.52889475221001,11.475730663402391],[106.52891549507929,11.475724612567605],[106.52890909375655,11.475649994315855],[106.52892312479932,11.47557107172786],[106.52888497693897,11.475368892675402],[106.52896127110516,11.475249684267123],[106.52948007066438,11.474847232814868],[106.52990731632039,11.474707996664526],[106.53072366104202,11.474152004259361],[106.53137216054608,11.473890697941343],[106.5320282879285,11.47344628513716],[106.53340920840617,11.472938930951909],[106.5334183245387,11.47292976952795],[106.53342446719377,11.472927486660003],[106.53359994327654,11.472747241694938],[106.533828825501,11.472310458684253],[106.53417214692824,11.472130214826008],[106.53515633910628,11.47124711125139],[106.53535470475072,11.471245204639114],[106.53544625673304,11.471374904505893],[106.53545990621424,11.471363556655705],[106.53546914503106,11.471373950672413],[106.53577432036899,11.471102153274597],[106.53646859506942,11.470832263239396],[106.53662118309937,11.470631038043027],[106.53688058360042,11.470515643131131],[106.53743752801962,11.470402156156254],[106.53744148214355,11.470396636379983],[106.53746041718206,11.47039261937731],[106.53746613904968,11.470362220647324],[106.53748330493325,11.470338260246821],[106.53749093411074,11.47023049552753],[106.53741464027839,11.470096027150937],[106.53742227004767,11.46991768898335],[106.53781899856483,11.469638263255066],[106.53813576866811,11.469118798822288],[106.5383301684065,11.469011698960081],[106.53854379094945,11.468962108012025],[106.53885659600331,11.468751346595319],[106.53885838657176,11.468747610858125],[106.53887948406614,11.468733226023872],[106.5389178324739,11.468623573894549],[106.53895186779677,11.468552556872584],[106.53901048103357,11.468520807480822],[106.53910836595087,11.468478595503367],[106.53910918430749,11.468467342731634],[106.53912362507107,11.46845952098841],[106.53913760182773,11.468239377236651],[106.53915601135708,11.468200639854658],[106.53919929330554,11.468153752406689],[106.53966790705664,11.467860379090176],[106.54010656040707,11.467600044060324],[106.54033669807718,11.467607890379682],[106.54104623196581,11.467981731181299],[106.54142770204525,11.468135272103616],[106.54148215763698,11.468132488426882],[106.54150399608392,11.468140040214566],[106.54153137430673,11.468129971158586],[106.54159554804843,11.468126689227136],[106.5419007241956,11.467994127951478],[106.54254159297831,11.467558299313563],[106.54302987501771,11.46763554720171],[106.54317483364602,11.467567835649213],[106.54325875613749,11.467437182732551],[106.54335030911562,11.46739903570195],[106.54348000917402,11.467506800813663],[106.5435944502546,11.467748079793186],[106.5436554852186,11.468047533877431],[106.54372414951825,11.468131456577732],[106.54433450175492,11.468316469749494],[106.54460153014222,11.468306932873203],[106.54484567076283,11.468433771809456],[106.5449448529143,11.468415651996578],[106.54506692325593,11.468297396493442],[106.54541787546026,11.468239222798777],[106.5454403817289,11.468226000768798],[106.54558572213328,11.46819821490779],[106.54578859795741,11.46838613442411],[106.5460828850036,11.468704765680538],[106.54621743352128,11.468860426655128],[106.54624721719286,11.46890293028179],[106.54631907001949,11.46909379111424],[106.54632577296925,11.469118509567945],[106.5463299280564,11.469122633231802],[106.54633340273655,11.469131861949617],[106.5465828205245,11.469386003646223],[106.54666146679176,11.469648752569787],[106.54687508985747,11.470098887502886],[106.5468843550135,11.470107110509304],[106.54689797869942,11.470135126912485],[106.54710397169721,11.47030202016461],[106.54722604246517,11.470471773961526],[106.54724657527458,11.470482948560763],[106.5472565595539,11.470495615564838],[106.54732637502794,11.470526378638166],[106.54764608187661,11.470700373052027],[106.5476761763177,11.470725451557952],[106.54769356011587,11.470726212269858],[106.54772195215054,11.470741663984203],[106.54776835215138,11.470729483928453],[106.54782876417127,11.470732126781952],[106.54802712842105,11.47066155484073],[106.54815159058006,11.470745001148224],[106.54897317341486,11.471798334907591],[106.54916390901025,11.471962366372916],[106.54946908430547,11.472359095618296],[106.54994270397565,11.472737990500134],[106.55005654762006,11.47319070022806],[106.55022439506783,11.47352925409573],[106.55020913588451,11.47397366604411],[106.5501175823885,11.474295054695311],[106.55013284191156,11.474345599121284],[106.5503693531254,11.474605952236212],[106.5503617237283,11.474862490609496],[106.5504075000179,11.475053226307466],[106.55068215739374,11.475279245609325],[106.5512085858558,11.476116571538068],[106.55142983866641,11.476328287646144],[106.55151376222372,11.476560030450198],[106.5513840627894,11.476788912764466],[106.55156716799726,11.477097902891707],[106.55162820321219,11.477103624959643],[106.5516739803417,11.477027331071836],[106.55174264394766,11.477000628490536],[106.55186471359555,11.477101717826471],[106.55197152624599,11.477288637756939],[106.55216226058202,11.477285776744047],[106.55226907152895,11.47722188089909],[106.55243691915008,11.477457439063295],[106.55270394793075,11.477986727688897],[106.55280312954459,11.478008662128659],[106.55338296389925,11.477967654136283],[106.55382546879389,11.478019152733262],[106.55391702171288,11.478049669762026],[106.55400857444015,11.478244220096819],[106.55419167968974,11.47821274845492],[106.55429849085465,11.478268062136843],[106.55437906244181,11.47853815709654],[106.55434426770744,11.478659067881754],[106.5543137501092,11.479198847623417],[106.55435952651429,11.479439174189894],[106.55444345019804,11.479534541040689],[106.55458077905413,11.479607973774511],[106.55458840804405,11.480042849938524],[106.55462655554155,11.48009625452801],[106.55464594454885,11.480093193395252],[106.55466470226376,11.480109606564897],[106.55477151409642,11.480073366424897],[106.55490121336508,11.480141077697533],[106.55496224938037,11.480374727428245],[106.5549241016969,11.480553064450593],[106.55468759007013,11.480770503148818],[106.554664702183,11.48093930315637],[106.55454263180057,11.481266413578537],[106.55459603797655,11.481398020705733],[106.55478677278231,11.481611644037319],[106.55484017796307,11.481787119513058],[106.55532846058556,11.482034121443016],[106.55582436981835,11.48238221317088],[106.55603036420797,11.482591067217962],[106.55612954661726,11.482828531907474],[106.55604562351844,11.483127985686973],[106.55627450405001,11.483422670654983],[106.55635079799703,11.483724032107018],[106.55648049847794,11.483900461550876],[106.55648689544799,11.484019595259277],[106.55626687562929,11.484420215191058],[106.55629739294307,11.484798823118327],[106.55632631370727,11.48483163587408],[106.55632791060137,11.484842692121061],[106.55635009528216,11.484858620164085],[106.55640462156894,11.484897767095958],[106.56335458255903,11.4731582742618],[106.57323464686043,11.456625375007713],[106.57321175908723,11.45636216098388],[106.57324227736322,11.456202896775519],[106.573135465084,11.456051263089112],[106.5731354654384,11.455727966962202],[106.57308206040724,11.45561447973086],[106.57312783642632,11.455416116359793],[106.57310494795351,11.455147179871751],[106.57302865391661,11.454967888603212],[106.572601407675,11.454438600354255],[106.57250985512933,11.454249771965682],[106.5724488197845,11.454071434708023],[106.57247170784768,11.453649910573052],[106.57217416178301,11.45327130159521],[106.57193765000626,11.45318737935391],[106.57180795064679,11.453093918645903],[106.57175454481104,11.452968987138195],[106.5714569994352,11.452568444043893],[106.57140359268418,11.45236245106642],[106.57108315799768,11.452225121179985],[106.57099160625948,11.451995285960864],[106.57076272419386,11.451727303266653],[106.57074746525421,11.451596649622477],[106.570823759229,11.451430711123628],[106.57077798175199,11.451309593712566],[106.57066354153277,11.451216133882992],[106.57050332403924,11.451221855573674],[106.57039651333007,11.451156053427788],[106.57022866586941,11.4508804408921],[106.57016000167556,11.450632485203958],[106.57009133644978,11.450523767137609],[106.5698853431167,11.45047894391],[106.56970223787104,11.450188073269192],[106.56955727902255,11.450119408872222],[106.56940469045371,11.449934396121922],[106.56919106791219,11.449957283856634],[106.56903848078512,11.449897201592798],[106.56901559157801,11.449768455830778],[106.56877145205667,11.449727447745817],[106.56873330488543,11.449641617690183],[106.56854256934501,11.44946137320666],[106.56847390520099,11.449448022228088],[106.56832131661632,11.449502380975481],[106.56790170101425,11.44919434507317],[106.56785592377379,11.449121865048175],[106.5676194123681,11.449002656064462],[106.56755837813981,11.448868187625868],[106.56752785976937,11.44862976947213],[106.56736764306368,11.448444756927694],[106.56721505478092,11.448349388903841],[106.5670929842718,11.448085221389977],[106.56689462080656,11.447887810689757],[106.56676492048057,11.44769516761563],[106.56652078009033,11.44747963769914],[106.56638345046372,11.447432907984856],[106.56605538660646,11.446986588087308],[106.5658341344431,11.446608933012813],[106.5656052525584,11.446337136047571],[106.56555947613221,11.446132095730945],[106.56535348255592,11.445681962268809],[106.56535348273101,11.445533188836166],[106.56551063073901,11.445352981445533],[106.56550402440323,11.445293522666036],[106.56541451777507,11.445155534069977],[106.56510171219774,11.444971474884133],[106.56464394824988,11.444846543023704],[106.56432351433911,11.444463166216636],[106.56414803845448,11.444153222449296],[106.56384286269399,11.443983468352709],[106.56354531523614,11.443619164079367],[106.5632248813177,11.443439873597754],[106.56295785190854,11.44336739435078],[106.56253060662,11.442988785911412],[106.56235513065192,11.44271603492047],[106.56208047231458,11.442719849909505],[106.56174477809006,11.442378434273943],[106.56153878533094,11.442304047750609],[106.56130990300443,11.442317399049598],[106.56121835021811,11.442286880857296],[106.56108102096847,11.44216671851489],[106.56077584487929,11.442010316023092],[106.56069955122177,11.441913041448325],[106.56070339246229,11.441901637449336],[106.56069955093825,11.441895875017892],[106.56076058667279,11.441731843358735],[106.56069955143293,11.441609773552115],[106.56054696357543,11.441584977542725],[106.560340970464,11.44135037338726],[106.55999001806111,11.441168220926887],[106.55985268844641,11.441152009381032],[106.55983162227209,11.441141823301962],[106.55982980049133,11.441141519166651],[106.55957803025505,11.441028031460299],[106.55957745084234,11.441018917828467],[106.55956277078874,11.441011819377515],[106.55955514207201,11.44066754172108],[106.55924233755209,11.440162094670553],[106.55915841450108,11.439859779994302],[106.55893716154627,11.439633758927483],[106.55856332084505,11.439539345996051],[106.55841073266434,11.439568910243265],[106.55821236930662,11.439528854694364],[106.5580445223199,11.439569863282179],[106.55803852173462,11.439565363356376],[106.5580216341074,11.439568910329188],[106.5578995632956,11.439461144415896],[106.55782326961271,11.439457330222304],[106.55757912903063,11.439510736131584],[106.55748757616664,11.439601335549282],[106.55737313534013,11.439647111626906],[106.55706795910433,11.439657601611051],[106.55664834265193,11.43994656562987],[106.55652627193815,11.439948472207481],[106.55650001043999,11.439845883048704],[106.55647399284727,11.4398288090576],[106.55641425213771,11.439827564238545],[106.5564018197342,11.439832614891987],[106.55633553848472,11.439978990256137],[106.55619057901113,11.440109643475985],[106.55592326430299,11.44009733350411],[106.55588993032475,11.440107560237674],[106.55578622091679,11.440216453850285],[106.55557259778193,11.440166863127752],[106.55546578746802,11.440226945325076],[106.55513772314579,11.439977082206841],[106.55493172887176,11.43992081551863],[106.55477914108972,11.43974247836699],[106.55462655312948,11.439399156356375],[106.5544892242726,11.43929425140735],[106.55429848928415,11.439260873706914],[106.55414590125363,11.439356240362095],[106.5540467194235,11.439365777151805],[106.55397805504901,11.439299020213488],[106.55393990768155,11.43917885757835],[106.55385598380586,11.439134034283994],[106.55364980027367,11.439048716427],[106.55345925578968,11.439084443749017],[106.55337533337085,11.439061555482128],[106.5533219268968,11.438902291387015],[106.55309304479118,11.438657197151416],[106.55320645281061,11.438461391437045],[106.55319230229173,11.438418054395559],[106.55305489829851,11.438247117365803],[106.55272683391394,11.438203247925468],[106.55272683408563,11.438199730376853],[106.55271157520266,11.438197526616305],[106.55272683411566,11.438088806922936],[106.5526505399129,11.437973413385643],[106.55249795161288,11.438004884737326],[106.55226906955838,11.437807473281254],[106.55208596478138,11.437841805174234],[106.5519486356774,11.437817964357889],[106.55184182356729,11.43775788265801],[106.55183419448154,11.437625321513057],[106.55180367643094,11.437611016662597],[106.55163583093747,11.437669190747023],[106.55150613103321,11.437631997219095],[106.55150613120335,11.437773141254691],[106.55137643098165,11.437778863401393],[106.55132783519187,11.437708246724451],[106.55119332596267,11.43766060758673],[106.55101021962194,11.437473687562042],[106.55101049868308,11.437468639643788],[106.55100259059714,11.437460336135842],[106.55101784948495,11.437335404659741],[106.55094918452811,11.437179002291726],[106.55079659665377,11.437118920617436],[106.55048379216126,11.437207612410472],[106.55027779801276,11.43689194663853],[106.54995686381079,11.436562615770043],[106.54983529274226,11.436589631842237],[106.54971322264237,11.436551484585802],[106.5494843406262,11.436628732624795],[106.54927834816489,11.436498078746869],[106.54895028379441,11.436529550657362],[106.5489197659492,11.436435136437282],[106.54902657727264,11.436179551803734],[106.54901894726683,11.436110887702014],[106.54880532467877,11.435886773811855],[106.54874428989247,11.435929688788017],[106.54868325504364,11.436075601757665],[106.54864968869971,11.436100308923379],[106.5486374788844,11.436122331663803],[106.54862410698416,11.436119140766548],[106.54861458962715,11.43612614577316],[106.54855355466601,11.436102303165375],[106.54834756210391,11.43576947114041],[106.54817971500229,11.435694131733843],[106.54820260283994,11.435629281667273],[106.54816445523419,11.435514840525963],[106.54799660907435,11.435419473277639],[106.54775246904173,11.435358438789107],[106.54766854493654,11.435285958612475],[106.547515957833,11.435019883552648],[106.54753884536584,11.434689912545112],[106.54750832754574,11.434592637795095],[106.54720315120541,11.43463364512549],[106.5470429348157,11.434581193078008],[106.54691323437585,11.43446675222803],[106.54672250057149,11.434390458953057],[106.5465851706318,11.4339937303529],[106.54647072937253,11.433870706566811],[106.54629525385242,11.433489236535095],[106.54615792442755,11.43349591265557],[106.54612740733266,11.433600816186448],[106.54608163050143,11.433623704802615],[106.5459748192554,11.433624658606563],[106.54596504864521,11.433615132341435],[106.5459519314435,11.43361416722944],[106.54594879890358,11.433599287381526],[106.54593667225168,11.433587464969703],[106.54594151874652,11.433564706575309],[106.54593667274166,11.433541688845034],[106.54599007855674,11.433336648661903],[106.54582223189703,11.433278474257731],[106.54579934348631,11.433134469468849],[106.54589089506645,11.432969483292723],[106.54583749045803,11.432879838066535],[106.54574593709862,11.432834062936237],[106.54581460238266,11.432662400358453],[106.54582223157865,11.432499322746116],[106.54574593752058,11.432349595897568],[106.54560860841659,11.432258996092276],[106.54556283223926,11.432167443384275],[106.54556283262903,11.432123574741205],[106.54576119640873,11.431929025360853],[106.54575356678475,11.431766900441199],[106.54543313240451,11.431522759422858],[106.54541024475601,11.431158456683784],[106.5452118792687,11.431051644137579],[106.54520425003594,11.430899056620548],[106.54530283709445,11.430798709108615],[106.54529580355839,11.43073979309392],[106.54519662145563,11.430564317381146],[106.54505929178312,11.430549058573993],[106.54504255439775,11.43052946859531],[106.54503640341774,11.430528077720227],[106.54497536858945,11.430450829062972],[106.54492196225276,11.430301103100346],[106.54489144551064,11.429976853821623],[106.54476174545992,11.429622087021052],[106.54463204570416,11.429477128690538],[106.54436501699753,11.42933598421205],[106.54430398084584,11.429220590096683],[106.54431924022984,11.429081353465493],[106.54420479899436,11.428951653252184],[106.54417428192097,11.428772363144],[106.54396065949653,11.428633126537795],[106.54387673478938,11.42842141179668],[106.5437165178776,11.42829552648449],[106.54374703653109,11.42796841583603],[106.54371651806828,11.427880677070217],[106.5433960834208,11.427591714564091],[106.54336556578824,11.427515420693883],[106.54339716252088,11.427134952522527],[106.54338845381245,11.427065286679458],[106.54340596543925,11.427028952648872],[106.54341022234837,11.426977685665491],[106.54339180984083,11.426968191723901],[106.54335023750446,11.426976695406957],[106.54333504795093,11.426998528025107],[106.5432434958978,11.426998528115742],[106.54307250576414,11.426754124111342],[106.54297646744122,11.426777276562412],[106.5426331439919,11.4270509819059],[106.54260618280492,11.427046487686257],[106.5426026262159,11.427049073773617],[106.54259893368642,11.427045279624627],[106.54258736828395,11.427043351879204],[106.54246529680222,11.42690792913665],[106.54172524578289,11.426714334364828],[106.54170156916302,11.42669011893109],[106.5416794698523,11.426683816097746],[106.54165961770609,11.426647214233778],[106.54164132264715,11.426628503329091],[106.54163642847004,11.426604457741472],[106.54161843508271,11.426571282530912],[106.54156502927208,11.426253709123722],[106.54147347592722,11.426089677898785],[106.54142770008879,11.425653848259046],[106.5412369653066,11.425292405226353],[106.54122933519912,11.425019654433545],[106.54129799979944,11.424840363708565],[106.54116067126978,11.424715432012622],[106.54112252355753,11.4246181570281],[106.54116829999455,11.424406442868728],[106.54111489532599,11.424096498338505],[106.54113778313084,11.423839959303223],[106.54122933473178,11.423659715464838],[106.54126674897317,11.423634629954263],[106.5412827412851,11.423609170133556],[106.54129938410553,11.423612750354],[106.54131325860855,11.42360344845947],[106.54137179977087,11.423628328317442],[106.54161080507195,11.423679742246035],[106.5419083517717,11.423567208463632],[106.5421524920041,11.423294345278451],[106.5421524920686,11.423269942036166],[106.54190835231866,11.423152360558012],[106.54187783424719,11.423020753701707],[106.54193886845846,11.42295208818299],[106.5422211566601,11.42278996439232],[106.54267892007017,11.422705087707376],[106.54283150746305,11.4226097191122],[106.54288491371962,11.422398956857412],[106.5427628441637,11.422176751326731],[106.54275521364018,11.42207184724343],[106.54277578841793,11.422044071508521],[106.5427781032124,11.422020349067942],[106.54282834231876,11.421973124396706],[106.54290780212831,11.421865853133937],[106.5429486700632,11.421860015622935],[106.54296883678917,11.421841057931639],[106.54303586523878,11.421847559206304],[106.54306802024368,11.421842965676726],[106.5434113417228,11.421883972791907],[106.54353341324867,11.421784790997624],[106.54357918888785,11.421595962851342],[106.54349526619372,11.421229753571083],[106.54349526626828,11.421040925446551],[106.5438309587991,11.420776756822358],[106.54399117620082,11.42053547829133],[106.54439553373585,11.420259866250957],[106.54444131118494,11.420100602308313],[106.54466256304383,11.419765861893968],[106.5446778216887,11.419556054346616],[106.5447464856285,11.419424446643324],[106.54482277959882,11.419324310841994],[106.54483431656656,11.419327326137642],[106.54484566815385,11.419314774635613],[106.54488208572619,11.419339812332879],[106.5448971981365,11.419343761736847],[106.54493379978585,11.41932795601217],[106.54497268978498,11.419301705311305],[106.54493722056675,11.419191750951324],[106.5445099746835,11.418820770619684],[106.54450997470249,11.418562325390946],[106.54460152734308,11.418131265413708],[106.54541024350142,11.417043122305984],[106.54557036963757,11.41700309089581],[106.54595193095795,11.41659584876276],[106.54611214721028,11.416295441565715],[106.54612740618876,11.416109474902814],[106.54622658846212,11.41595593382994],[106.54688271617474,11.415511521259075],[106.54700478683172,11.415369424205103],[106.54704293368586,11.415260704780243],[106.54698952723498,11.415057571893845],[106.54718789215408,11.414606483594723],[106.54717263327558,11.414366157679742],[106.54722603989462,11.41413346138744],[106.54707345111552,11.413928421978575],[106.5470658215815,11.413850221102917],[106.54708108017671,11.413621338570204],[106.54716500310981,11.413319977391776],[106.5471650030387,11.413130196482632],[106.54724892761563,11.412979515333198],[106.547256556268,11.412785919506964],[106.54739388547716,11.412570389495187],[106.54741677309627,11.412453088011494],[106.54738625681675,11.412351044217235],[106.54738978080574,11.412343424565314],[106.54738625605988,11.412329109878439],[106.54746255030365,11.412186058587999],[106.54755410345128,11.412150772511461],[106.54775246788158,11.412156494602895],[106.5478669085193,11.412022980937415],[106.54787177174566,11.411926314872522],[106.54777535528339,11.411681564735014],[106.54758461998593,11.411478432722964],[106.54783639080603,11.411116035611112],[106.54784767676483,11.410949569544407],[106.54782447209834,11.410872221931957],[106.54764565510148,11.410748872016136],[106.54779061423294,11.41053334102378],[106.54778360003658,11.410348361460555],[106.54776621035626,11.410336623867165],[106.54763039659639,11.410373123228654],[106.5474015154129,11.410347374767296],[106.54736336804405,11.410128029194818],[106.5472718153035,11.409905823704383],[106.54738625598166,11.409394653137944],[106.54747780968508,11.408661278548877],[106.54759224906078,11.408488663275019],[106.54774483704423,11.408418091823165],[106.54782113169027,11.40821781934998],[106.54786690783294,11.407872589033358],[106.5476914323068,11.407633217361028],[106.54763802637588,11.40742913158447],[106.5476914323848,11.407329948782122],[106.5479508307495,11.40710011341298],[106.54809579019879,11.40664521023435],[106.54764565538805,11.40620556606312],[106.54750832603582,11.405666739960404],[106.54755410321476,11.405501754972368],[106.5474930668415,11.405278595025548],[106.54756936081137,11.404970558359597],[106.54775246676456,11.404803665265595],[106.54781350221701,11.404605301075092],[106.54769143159801,11.40428772700919],[106.54769772173324,11.404282381600515],[106.54769143186394,11.40426483891133],[106.54780587338949,11.404190453133051],[106.54779061398457,11.404033096661042],[106.54784401937587,11.403893860136993],[106.5477219490691,11.403866203161758],[106.54770668959682,11.40376034535034],[106.54789742498654,11.40355053731953],[106.54792031267658,11.40334454373095],[106.54767617316695,11.403103264632025],[106.54763802562859,11.403017433457617],[106.54766091351739,11.402701767200824],[106.547401514998,11.402291687244476],[106.54724892661817,11.402174385695204],[106.5469284920254,11.402076157027857],[106.54656991129912,11.401389511132217],[106.54614266454436,11.40112725104622],[106.54602822401841,11.401021393397167],[106.54589852401399,11.400801093998076],[106.54589852378353,11.400191695979297],[106.54603585248874,11.399909409000358],[106.54595192979612,11.399623306277158],[106.5460434815349,11.399369629169755],[106.54589852371326,11.398934753612076],[106.54593667071873,11.39870014879203],[106.54605874050117,11.398588570495484],[106.54585274806259,11.398400696244872],[106.54566201309925,11.398356827023376],[106.54560860685035,11.398045929032914],[106.5457306762927,11.397826583809787],[106.54585274740056,11.397781761559488],[106.54591378222928,11.397711188914537],[106.54584511781918,11.39745751190731],[106.54599770520353,11.397008331281667],[106.54582985825175,11.396411330844389],[106.54566964163884,11.396180542104682],[106.54546364737399,11.395615967170661],[106.54525002487972,11.395438583377091],[106.5449372199526,11.395394713891317],[106.54481514964796,11.395325095986513],[106.54457863891969,11.39504662301387],[106.54444893873887,11.394823463207878],[106.54438790335226,11.394449622723439],[106.54426583240978,11.394149215758576],[106.54436501576414,11.39402619181458],[106.5444489380905,11.39380398591521],[106.54438790348836,11.393503578518306],[106.54439850669311,11.393498695239934],[106.54439553198472,11.393480690561884],[106.54447834322464,11.39346192786386],[106.54453142511855,11.393437482346103],[106.54453286100242,11.393435867490172],[106.54453286095854,11.393331917158132],[106.54448708574093,11.393275650467519],[106.54412850294558,11.393095405699013],[106.54405983971846,11.392926605224392],[106.5437928103341,11.392706305663406],[106.54373177490102,11.392591865281496],[106.54373940428206,11.392290503816284],[106.54341134057688,11.392106444722575],[106.54331215853192,11.391969115994746],[106.54331215826129,11.391863258129169],[106.54311379435298,11.391739280948533],[106.54293068788509,11.391741187921756],[106.54272469531467,11.391544730828986],[106.54261025433121,11.391546637740658],[106.5425263315819,11.391601951771056],[106.54246529507036,11.391584785230293],[106.54247292546172,11.391521843510397],[106.54261788322873,11.391472251951635],[106.54267891863762,11.391335875895061],[106.5425415890263,11.391164215352077],[106.54244240740202,11.391078384145738],[106.5420838263851,11.391037376581208],[106.54196938515756,11.390891464025401],[106.54183968481229,11.390863808471266],[106.54170998554204,11.390463264432618],[106.54167183805112,11.390440375954132],[106.54145821486674,11.390518578112108],[106.5413666636465,11.390462311142729],[106.54130562728258,11.3903059079364],[106.54106911587041,11.390067489898456],[106.54101571056962,11.389916809361809],[106.541015710132,11.38985863523136],[106.54121407529527,11.389681251199828],[106.54136616493933,11.389428671706598],[106.5413590330933,11.389376076538968],[106.54103859933814,11.389315041019469],[106.54074105191522,11.389391333997867],[106.54048928191274,11.389172943571278],[106.5397797476752,11.389043242980687],[106.53956612524402,11.388933571503216],[106.53952797778823,11.38884678607257],[106.53957375522346,11.388619811966619],[106.53951272033257,11.388507278009754],[106.53949746143368,11.388312728911947],[106.53940590830572,11.388155372922316],[106.53918465624294,11.387986571984257],[106.53892525591064,11.38788739021303],[106.53887185061312,11.387662323074315],[106.53869964734139,11.387587812191713],[106.53867348569857,11.387576492517066],[106.53868844871742,11.38754581850861],[106.53871163259699,11.3874982912656],[106.53854378720197,11.387354285939326],[106.53869653640923,11.38738119148515],[106.53871163340067,11.387383850419528],[106.53874977962725,11.38744774601945],[106.53903969719737,11.387523086443293],[106.53914650886233,11.387638480975149],[106.53918630187374,11.387724036202357],[106.53922280255917,11.38780251358795],[106.53924787459319,11.387808432763686],[106.53928012644326,11.387816048509436],[106.53929146689758,11.387818726535565],[106.53930415242053,11.387803134173504],[106.5394287959097,11.387649924930608],[106.53974160233416,11.387601288165161],[106.5399475949237,11.387399108755181],[106.54011544171625,11.387312324115179],[106.54021462358585,11.38734188779338],[106.54027565942646,11.387499245085698],[106.54038247123718,11.387488754256548],[106.54055794697615,11.387345703006767],[106.5405808353494,11.387181670835341],[106.540542688419,11.38696900245744],[106.54058846360178,11.386888892881473],[106.54080971687536,11.386916549730412],[106.54098519344271,11.386792572321893],[106.5411606687205,11.386925133293232],[106.5412293333488,11.38692227172824],[106.54129799803036,11.386825950928472],[106.54133614485255,11.386663825843236],[106.541512430573,11.386549973779724],[106.54158028603997,11.386548430579834],[106.54177102011893,11.386393936013341],[106.54180916659573,11.386287124677832],[106.54175576197153,11.385922820829837],[106.54187783240998,11.385784537654168],[106.54208382628008,11.385736854201074],[106.54222878404761,11.385599524474255],[106.54228981858479,11.385439307518322],[106.54244240665062,11.385341079812443],[106.54272469462992,11.385009201176144],[106.54293068803713,11.384918602116283],[106.54306038768209,11.384977730156546],[106.54313668237043,11.385153205756541],[106.54325875161803,11.38521328723122],[106.54365548071408,11.385192305752012],[106.54402932080096,11.385023505771308],[106.54417428023066,11.384917647938428],[106.54424294435589,11.384821326534041],[106.54425820303982,11.38471451617674],[106.54447182573135,11.384695441945187],[106.54447484499366,11.384685629622165],[106.54448708505346,11.384683997336975],[106.54452523167416,11.3845218728538],[106.54460152548553,11.384447486858907],[106.5448075186545,11.384460837837233],[106.54488381278364,11.384399802436404],[106.54490670203612,11.38430634289336],[106.54472359625152,11.384149939364098],[106.54471596728871,11.384076507822822],[106.54490670186533,11.383954437031715],[106.54493357260087,11.383916929581845],[106.54494484864705,11.383908660714658],[106.54494569870359,11.383900004171922],[106.54495247821973,11.383890540581248],[106.54496010670461,11.383753211903691],[106.54505166013942,11.383643538384502],[106.54531868851674,11.383648307579303],[106.54542550005773,11.383466155776377],[106.54579171053918,11.38338127887073],[106.54599770453682,11.383138091709947],[106.54613503352938,11.383123786313725],[106.5462418463154,11.383237273437134],[106.54632576885122,11.383252532231651],[106.54640969231744,11.383195311601455],[106.54654116147866,11.3829834993883],[106.54655770328264,11.382973678457018],[106.54658430523739,11.382972728612817],[106.54660540147336,11.382981958546162],[106.54663041889766,11.383031271420217],[106.54666146234594,11.383125693342059],[106.54668911107194,11.383146961615676],[106.54669960909845,11.383167655271144],[106.54676064409063,11.383201987597998],[106.54687508524398,11.383181960793992],[106.54689386533364,11.383152030951692],[106.54691323166314,11.383144767975118],[106.5469157404587,11.383117165781375],[106.54693612051338,11.38308468586484],[106.54694374988789,11.382809073736455],[106.54685982720757,11.382640273502133],[106.54700478510753,11.382471473394855],[106.54692849088991,11.382212073603437],[106.54705819065282,11.381913573499878],[106.54701241379635,11.381732375181219],[106.54685219652833,11.381726653667146],[106.54682167970967,11.381672294958834],[106.5470353028961,11.381189734731535],[106.54710396650862,11.381172568386203],[106.54719551971928,11.381307990248343],[106.54727181397475,11.381315619608465],[106.54730996046091,11.381246955794449],[106.54725655520807,11.381092460514145],[106.54730996078243,11.380974204773787],[106.54770668868743,11.380794913311398],[106.54780587164943,11.380786330057528],[106.54806527105669,11.380929381162135],[106.54814919404389,11.380866439417952],[106.54821245959933,11.38071530448608],[106.54824717319654,11.380706987287502],[106.54843148215089,11.380735785765097],[106.54873665824819,11.380369574591924],[106.54873244454762,11.380356761519034],[106.5487366581165,11.380351455200948],[106.54872723747435,11.380340923559896],[106.54871376839273,11.380299956219337],[106.54859932907088,11.38019791303156],[106.54861458655844,11.380104453194718],[106.54879006237061,11.37999478048354],[106.54899605667129,11.380050094508395],[106.54907235112744,11.380022437482701],[106.54911812680012,11.379731566696002],[106.54910286909326,11.37946358434713],[106.54917916237223,11.379357726356094],[106.54940041488598,11.379224212776496],[106.54943093291631,11.379097373692948],[106.5493622674766,11.37902203338933],[106.54937752698534,11.378933341352747],[106.54953011511343,11.378718763989268],[106.54987343645547,11.378471763311465],[106.55005654293953,11.378218085004633],[106.55017098336198,11.37817040110169],[106.55038460703514,11.377943426824336],[106.55061348869187,11.37736549976826],[106.55063637646975,11.376637846865425],[106.5510941404605,11.375812919068563],[106.5513611682306,11.375426680398666],[106.5519104852406,11.374767692019464],[106.55245980177625,11.37376156508312],[106.55273390514503,11.37341417555371],[106.55310067024844,11.37305107783458],[106.55380257505627,11.372942358967366],[106.5543213736338,11.372953802758138],[106.55440529749299,11.372927099996865],[106.55445870395789,11.372848898730913],[106.55443581475524,11.372580915992325],[106.55448159133005,11.372438819181665],[106.55482491327142,11.372185140779711],[106.55496987218947,11.372129827687093],[106.55509194220146,11.371832282111887],[106.55519112436231,11.371812254335929],[106.55548867145635,11.371881873091299],[106.55556496584539,11.371764570524377],[106.55555533602956,11.371745763317048],[106.55555733560631,11.371741682501648],[106.5555039303431,11.371645361902532],[106.55554207743245,11.371600539039825],[106.55603798779116,11.371508985541332],[106.55635842265377,11.371293455620494],[106.55681618576392,11.371240049399058],[106.55696877365659,11.371118934012808],[106.55725869063943,11.371086508425453],[106.5573807617731,11.370937734695318],[106.55760964220526,11.370816618637535],[106.55778511940574,11.370826155717129],[106.55785378329267,11.370868116591728],[106.55793007748373,11.371035009887413],[106.55801400029068,11.3710817391666],[106.55811318356862,11.371050268193754],[106.55815283552589,11.370914789832252],[106.55819007042176,11.370889771818637],[106.55859383476852,11.370836645795972],[106.5587540522709,11.370945364939347],[106.55899819211984,11.371006399383754],[106.55910500446436,11.370942503276776],[106.55920418660003,11.370711714473892],[106.55968483878958,11.370392233657963],[106.55974587330813,11.370377928701165],[106.55989083143209,11.370429426475814],[106.55997475584945,11.37059441239612],[106.56004341986012,11.370622068368506],[106.56042488936082,11.370577246813212],[106.56056984828545,11.37046757301793],[106.56073769441018,11.370492369387708],[106.56088265356178,11.370409399413004],[106.56108864661216,11.37040653859883],[106.56114914141025,11.370380252004612],[106.56118782920127,11.370376020373316],[106.56121283891684,11.370352574323366],[106.56124886492525,11.370336920442309],[106.56127205718488,11.370297055991902],[106.56138619349439,11.370190054052038],[106.56196602741926,11.370165258606946],[106.56197512532648,11.370154643786615],[106.56198891525308,11.370153814742443],[106.56199038073915,11.370136846695118],[106.5620118036894,11.370111851935524],[106.56201180385418,11.369888693660826],[106.56208805829597,11.369769111567864],[106.56211188317407,11.36976375100009],[106.56240090274183,11.369882971120935],[106.56298073665258,11.36995831151379],[106.56310280752504,11.370015530959213],[106.56313332474073,11.370095639914457],[106.5630265139871,11.370390325579518],[106.56307228991555,11.370638281333294],[106.56314858393657,11.370711714228804],[106.56334694763318,11.370797544031877],[106.56353768258629,11.370836645006047],[106.56385048764646,11.370752722581194],[106.56443032127116,11.370882421603891],[106.56505593243016,11.371230512300581],[106.56539162559464,11.371001630787083],[106.56575783628064,11.371026426339757],[106.56588753633751,11.370854765498617],[106.56607827068191,11.370867163582483],[106.56622322971629,11.370926289904489],[106.5662995232145,11.371038824529133],[106.56638344653234,11.371478468572954],[106.5666428463133,11.371510893437527],[106.56694802206752,11.371759802131],[106.5671540160155,11.37183514219885],[106.56740578533905,11.372012524956288],[106.56792458438134,11.372229963421812],[106.56816872540657,11.37243881850124],[106.5684357533162,11.372544675943638],[106.56845864250309,11.372615248097746],[106.5683823485628,11.372708708270066],[106.56846627159064,11.372856526710663],[106.56884774137166,11.373052030245182],[106.56886726449245,11.373050402945983],[106.56887062974164,11.373052029866074],[106.56898507096389,11.373040585737026],[106.56916054697493,11.373152166459445],[106.56938179917721,11.373137861157627],[106.56947335181536,11.373175054548172],[106.56958026678802,11.373297005120566],[106.56958779253691,11.373427778075069],[106.56967934610007,11.373551755693104],[106.56978615725566,11.37358799523567],[106.57002266777552,11.373587041835808],[106.57011422098475,11.373519331404776],[106.57030495562579,11.373468785903247],[106.57079100890869,11.37374989910494],[106.57088478953932,11.373954205983912],[106.57092293671765,11.374239355518792],[106.57115181872754,11.374495893232762],[106.57125100072645,11.374726682661015],[106.57128513796626,11.374764287832452],[106.5712967767105,11.374787718336108],[106.57132021637011,11.37480292819005],[106.57137307112406,11.374861150673784],[106.57156502403694,11.374961793089478],[106.57164937058349,11.375016528501552],[106.57168587575215,11.375269322992693],[106.57187661079595,11.375375181164058],[106.57196053460936,11.37552300112031],[106.57233437514776,11.375887304498535],[106.57241066885501,11.376064688123805],[106.57256325669962,11.376171499445567],[106.57263232045692,11.376178314399981],[106.57264491999652,11.3761795583753],[106.57272512623875,11.376217511911355],[106.57284554440675,11.37644329629437],[106.57329567884955,11.376699835389571],[106.57448586378256,11.377150923311929],[106.57514199214188,11.37753525316319],[106.57554440274795,11.377912514165835],[106.57579812042385,11.378304868601203],[106.57587441415312,11.37835255221218],[106.5761338136875,11.378597647130208],[106.57650002399907,11.378598599526068],[106.57699593539655,11.378714948583605],[106.57722481758164,11.378866582925708],[106.57727822335163,11.378999142935559],[106.577507103867,11.378973393844813],[106.57758339824406,11.379052548625697],[106.57775124508578,11.379122167001468],[106.57816323233084,11.379087834791836],[106.5786438840617,11.379147917041093],[106.57885750724805,11.379243283416992],[106.5794983766051,11.379179387665522],[106.57953541122559,11.379186178222373],[106.57957273826855,11.379193020383164],[106.57961281724815,11.379200369167645],[106.58045968064569,11.37978306350037],[106.58091744457177,11.379972844684014],[106.58117684309032,11.37997284520293],[106.58161171972395,11.379809767182563],[106.58186348973918,11.379813581025838],[106.58208474165718,11.37990131877304],[106.58217629429718,11.379901318407192],[106.58274086985388,11.379799275596495],[106.58338936883086,11.37992420739762],[106.58373269089643,11.380036740662375],[106.58411416015524,11.380038647293448],[106.58435830181052,11.379920392912341],[106.58494576439188,11.379991917638046],[106.58530434677321,11.380218892400631],[106.58550271075659,11.380272298180866],[106.58640297815842,11.38085880759225],[106.58676156029625,11.38104763537826],[106.58758553569119,11.38137951428155],[106.58812722283155,11.381699948348361],[106.58934792600799,11.381575970833543],[106.58982094777234,11.38144436380143],[106.59033974694252,11.3814024023248],[106.5920411019476,11.380698590001556],[106.59323891635016,11.381934552589616],[106.59776314793257,11.385594754416351],[106.59847268236207,11.386066823539753],[106.59906014482526,11.386328130441987],[106.59922731169112,11.386370966348224],[106.59951790901225,11.386445432384285],[106.60745247905983,11.387008098429583],[106.61035927819235,11.38725605493832],[106.61322793177762,11.387425808718834],[106.61315926658246,11.384918598640802],[106.6130371963927,11.380328563227849],[106.61309823132308,11.378793148040597],[106.6133881475232,11.376155285411533],[106.61562355995169,11.365696337504163],[106.61610421139243,11.36327114424598],[106.61611947032344,11.36321392330834],[106.61627968685279,11.363218691966408],[106.61629494609679,11.363037493834685],[106.61634072344584,11.362984088495857],[106.61635500882242,11.362984938754234],[106.61666115755561,11.363003161022075],[106.61694344531712,11.362703707269471],[106.61720284387584,11.362544444374482],[106.61730965583168,11.362426188032908],[106.61782845520298,11.36226692489808],[106.61804970685914,11.36206093135832],[106.61817177763058,11.36199989625042],[106.6188355350218,11.361978915033685],[106.61901863989313,11.3618654278465],[106.61917122838143,11.36188068593582],[106.61942299824628,11.361834909872544],[106.61988839164897,11.361887362193015],[106.62017067909085,11.361798670564706],[106.62034615495666,11.36179104139441],[106.62039092936908,11.361803879006567],[106.62169655850732,11.362178232819963],[106.62220009860448,11.362087634439813],[106.6223069091523,11.362038996161639],[106.62290200185528,11.361518289969053],[106.62317665993768,11.361395265725363],[106.62380227044771,11.36098900115281],[106.62421425809745,11.360864069937918],[106.62464913310563,11.3608259230877],[106.6248322395583,11.360752490111121],[106.62496956793291,11.360678102704345],[106.62515267314444,11.360467341272484],[106.62536629620564,11.360412027759901],[106.62560280857068,11.360029604870919],[106.62596901808864,11.359996225415934],[106.62625130636327,11.35979213940398],[106.62692269308553,11.359693910677157],[106.62729653299185,11.35982074996922],[106.6275025268594,11.35983600844631],[106.62835701936079,11.359668161277375],[106.62841042518117,11.359593774752874],[106.62842471318572,11.359435710305968],[106.62842568441397,11.359424975003817],[106.62843697163443,11.359430194566562],[106.62865456566355,11.359530833067819],[106.62901314756091,11.359469797277145],[106.62929543570505,11.359482195395168],[106.62949379886314,11.359261896619618],[106.62966164552093,11.359293367847924],[106.62989052709923,11.359235193261576],[106.63020333255679,11.359332468194324],[106.63049324892894,11.359269525733229],[106.63093575403046,11.359552766715218],[106.63114937683923,11.359546091171634],[106.63127907696901,11.359501268617073],[106.63152321793531,11.359179880073352],[106.63172921147601,11.359123613106417],[106.63181313533434,11.35905304186611],[106.63191231714758,11.359029199298313],[106.63237771047784,11.359100725639227],[106.63255318597665,11.358857537997048],[106.63287362149387,11.35879554962851],[106.63327034958478,11.358938600216925],[106.63355263716379,11.358886148816744],[106.63436898215731,11.359074976220667],[106.63444527678219,11.359142687168715],[106.6344376459259,11.359310532958913],[106.6344910527244,11.35936870747472],[106.63465126900223,11.359366800114172],[106.63486489328879,11.35944690942804],[106.63513955141727,11.359326746557501],[106.63520058623546,11.359362984859233],[106.63530739707564,11.359549905011827],[106.63551611047917,11.35947005705038],[106.63555916752989,11.359453584117954],[106.63555238539674,11.35944171587973],[106.63546761566519,11.35929336693169],[106.63549050365599,11.359195139121182],[106.63562020356011,11.35913601149334],[106.63573464356973,11.359140778881219],[106.6360550785005,11.359288599287954],[106.63612374329428,11.359575655070188],[106.63639840145919,11.359617615898703],[106.63675698233574,11.359782602673832],[106.63690957020786,11.359689141900624],[106.63693134437864,11.359696369011129],[106.6371308234403,11.359762574858676],[106.63735207563361,11.359691049052438],[106.63768776832345,11.359704401077106],[106.6380082033735,11.359530831774187],[106.6384201907211,11.359492685009329],[106.63882454812416,11.359508896973283],[106.63901528384352,11.35969104879352],[106.64027413388698,11.359750176961454],[106.6403427986219,11.359710122707764],[106.64038857482929,11.3595174814796],[106.64044960932696,11.359507944231794],[106.64120491948721,11.359527016725345],[106.64212807617143,11.359693909642981],[106.6424713991169,11.359562302721974],[106.64252480510827,11.3595899600063],[106.64252650209245,11.35960449129793],[106.64255532257614,11.359851266597868],[106.64290627497968,11.360026742533961],[106.64302834547787,11.360014344873093],[106.64321145064392,11.359826470776577],[106.64324959762045,11.35982647087891],[106.6436081799081,11.360033417511929],[106.64379891431363,11.360082055973312],[106.64389809618181,11.360046770119737],[106.64416512427016,11.359823609770997],[106.64452370617242,11.359765435479764],[106.64490517683346,11.35958805227262],[106.6452713873129,11.359358216601434],[106.64553841573236,11.359397318167888],[106.6460266976173,11.359183694683525],[106.64620980281342,11.359155083969604],[106.64635476160078,11.359151269421806],[106.64659890175543,11.359222794912906],[106.64677437714906,11.359034920311547],[106.64698800075618,11.359060670875223],[106.64717873557038,11.358931924034097],[106.64735421137524,11.35895767383187],[106.64758309325629,11.35905113364602],[106.64794930435949,11.359062577570842],[106.64808663336862,11.359236146803108],[106.64816292792669,11.359228516846724],[106.64835366250276,11.359100724811316],[106.64859780376015,11.359105492323227],[106.64867409791253,11.359158898881802],[106.64871987407638,11.359257126856054],[106.64848336258362,11.359397317890403],[106.64850625093119,11.359517480849812],[106.64882668601341,11.359609032405904],[106.64916237860972,11.359806443989019],[106.64921578509114,11.359804535418244],[106.64957436541236,11.35957565446151],[106.65009270428071,11.35921336487763],[106.65011605294696,11.359197045890156],[106.65012888077167,11.359200596519877],[106.65065011063189,11.359344864576963],[106.65094765658127,11.359536553465153],[106.65122994478514,11.359519387614863],[106.65144356746464,11.359673882357466],[106.65209206609853,11.359316254639134],[106.65231331862255,11.359117890558432],[106.65261849442477,11.359012032873329],[106.65264901162367,11.358980561419623],[106.65263375276884,11.358810807157665],[106.6528550053439,11.35869541225745],[106.6531449228282,11.35864677547557],[106.65366372176574,11.358733559076473],[106.65374001558096,11.358721161787674],[106.65386208596786,11.358552361540244],[106.654098597048,11.358526612462649],[106.65409951761333,11.358509698431117],[106.65410622653977,11.358386422294183],[106.65417489046997,11.358243371773694],[106.65431984998024,11.358190919726054],[106.6544648072179,11.3582118989758],[106.65455636038982,11.35814705044736],[106.65487679445793,11.357172393935134],[106.6549378305799,11.357075120147144],[106.65525826492764,11.3570674901027],[106.65544137019424,11.356847191505654],[106.65551766436805,11.356808091324886],[106.65571602819249,11.35682239622523],[106.65601357465374,11.356995010913028],[106.65657052040358,11.357211495400234],[106.6566704859321,11.357281356734942],[106.6567383676215,11.35732879708208],[106.65688096589874,11.35737310481074],[106.65692815233636,11.357387766321212],[106.65700539611042,11.357411766815693],[106.65703934140836,11.357406298013629],[106.65734871858544,11.357356453798916],[106.6575013064092,11.357372665681549],[106.65768441296832,11.357208633694919],[106.6578980360362,11.35718383806755],[106.65797433013587,11.35713901583202],[106.6580506238792,11.357047462929362],[106.65811165867753,11.356377030489707],[106.65821846980128,11.356274986610757],[106.65868386229833,11.356024169666322],[106.65888222760314,11.35599079170913],[106.65913399789481,11.356005096933684],[106.6596680543811,11.35609092818416],[106.65982064290459,11.356038476254106],[106.66001900666228,11.355904961127335],[106.66016396557856,11.355871582636201],[106.66036232979516,11.356009864831385],[106.66059121152577,11.356001282325064],[106.66085824086676,11.355883980308223],[106.66100319881498,11.355932617975851],[106.6613083745043,11.355935478878534],[106.66193398441558,11.3556293484754],[106.6624146367287,11.355307961126142],[106.66259011304415,11.355245018369676],[106.66297921184018,11.355218315492762],[106.66342171637845,11.354867363640327],[106.66365059836659,11.35490932430986],[106.6642380621012,11.35480728206744],[106.66437539164258,11.354738617625452],[106.6644364266371,11.354858779950092],[106.664512720497,11.35487022484204],[106.6645890147706,11.354819679579688],[106.66490944900107,11.354411506699265],[106.66519173629716,11.354195022596151],[106.66557320635602,11.354090118620556],[106.66587838209004,11.354177856181899],[106.66600808199051,11.354042434307216],[106.66613015200636,11.353994751377622],[106.66668709757882,11.35405387879331],[106.66689309159706,11.354244613656123],[106.66689309181166,11.354609870957129],[106.66694649773973,11.354771995752092],[106.6671219740281,11.354872131353524],[106.66724404350292,11.354831123100984],[106.66734322573446,11.354474449951311],[106.66738137311263,11.354455375262848],[106.66844948783702,11.354303741562079],[106.6687090680111,11.354173119248848],[106.66874703467542,11.354154014220013],[106.66892251073129,11.353927993281184],[106.6692047975263,11.3538421635718],[106.66936501546913,11.353937530682362],[106.6693573854615,11.35413303383583],[106.66942605076888,11.354187393374326],[106.66964730297866,11.354154014734847],[106.66986092591313,11.354032898425329],[106.66996773803525,11.354030037616877],[106.67033394871706,11.354194068447642],[106.67042550050319,11.354163551092702],[106.67067727085306,11.3539070133571],[106.67131814119087,11.353749656494346],[106.67163094545164,11.35388507821122],[106.6717759037731,11.354006195086606],[106.67201241440696,11.354399108032677],[106.67208870907281,11.354396246950959],[106.6722336677966,11.354236984257525],[106.67239388524293,11.354208374130236],[106.67243709167754,11.354220032557683],[106.67301949583367,11.354377173941046],[106.67375954669129,11.354477310339856],[106.67387398765933,11.354459190000057],[106.67391213516728,11.354537391213885],[106.67417153373412,11.354775810099799],[106.67415816804706,11.354937873164703],[106.67411978288933,11.354984256568168],[106.67401086776505,11.355054193242307],[106.67375191674044,11.35519351912411],[106.67359932948095,11.355318450811714],[106.67361458791092,11.355415724931058],[106.67388924710554,11.3555759436111],[106.67395791116931,11.355745697577037],[106.6741155487554,11.355984969566387],[106.67416646778061,11.356077002562781],[106.67411812759842,11.356144332117344],[106.673873988183,11.356212997602853],[106.67384347009201,11.356320762323305],[106.67388924717946,11.356428527516693],[106.67446908138868,11.357165718692338],[106.67487343799485,11.357361221221742],[106.67497262082426,11.357479477694405],[106.67498024978734,11.357545280284455],[106.67491158545845,11.35767402637509],[106.67493447443914,11.357823753594088],[106.67504128535185,11.357851408965768],[106.67522439129239,11.357767486467308],[106.67532357283865,11.357771301003497],[106.67554482494377,11.35784759550423],[106.67567452490174,11.358007812640771],[106.6756974133331,11.358168028870272],[106.6756516368517,11.358275795541886],[106.67516335492316,11.358683013552549],[106.67503365638834,11.358870887479743],[106.67501076823883,11.35914840755944],[106.67508706069998,11.359374427397135],[106.6751786137336,11.359454536303414],[106.67536172035703,11.359468841306711],[106.67547616146163,11.359336280234883],[106.67559060195696,11.359287643701359],[106.6756592665395,11.359274292051692],[106.6757431893238,11.359343910322526],[106.67579659517655,11.359610939411322],[106.67563637808371,11.35970916765009],[106.67562111888356,11.359753990651473],[106.67579659502101,11.360140228183093],[106.67581948330502,11.360280418071458],[106.67576607856512,11.360501670560973],[106.67577370734078,11.360635185341383],[106.67579659546394,11.360716247358472],[106.67617043622593,11.361211204544249],[106.6762009537052,11.361301803229907],[106.67620095345224,11.361706161045882],[106.67605599532544,11.361883544579698],[106.6760254774036,11.36205425220319],[106.67620095312014,11.362258338941029],[106.67662819945666,11.362492942110809],[106.67683419301707,11.36253585795073],[106.67713173975838,11.362670326428647],[106.67716988680398,11.362733268438564],[106.67704018605222,11.363198661785695],[106.67704018608183,11.363418960825078],[106.67756661540473,11.364138984088964],[106.67752083864843,11.36425914755926],[106.67739113965469,11.364332580844053],[106.67713936984448,11.364376449682327],[106.67708596369896,11.364440345119645],[106.6771469986919,11.36472740129227],[106.67711648060936,11.364815139084213],[106.67688759927044,11.364995384349243],[106.67680367566217,11.3651994702254],[106.67695626313031,11.365463638424766],[106.67737588066815,11.365744972753218],[106.67734536280332,11.365909004413739],[106.67713936955093,11.366190338902232],[106.67733010327247,11.366414451729566],[106.67732247442359,11.366745376208852],[106.67750558018732,11.367160224888606],[106.67754372737171,11.367621803794776],[106.67733010379604,11.367989921918884],[106.67732247427958,11.368344688419151],[106.67722329243534,11.368535423400425],[106.67775735061122,11.369131469621387],[106.67782601495146,11.369318389945429],[106.67784890286337,11.369575882251215],[106.67819985451192,11.369853401129935],[106.67822274381362,11.369930648831444],[106.67816933736594,11.370057487168037],[106.67799386207534,11.370064163879924],[106.67787942109771,11.370134735310968],[106.67791756763881,11.370750808163248],[106.67788705013693,11.370853805514766],[106.67765816804062,11.37104835559644],[106.67757424455382,11.371208572486731],[106.6777344621339,11.371704483749484],[106.67751321027256,11.371915245528172],[106.67745217480768,11.372048759419666],[106.67745217447974,11.372296714318832],[106.67771157420577,11.372557067503088],[106.6777420918818,11.372658157633103],[106.6775513565633,11.372784996492783],[106.67768105646847,11.37313308806993],[106.67783364447882,11.37319984476898],[106.67796334398628,11.373122597070365],[106.67802437885793,11.373129272352738],[106.67808541453728,11.373346711086514],[106.67825326089779,11.373470687705234],[106.67821511402539,11.37359848048706],[106.67776498005185,11.373661422792042],[106.67770394485257,11.373754882402421],[106.67771920384602,11.373812103483361],[106.677986231981,11.373965644790445],[106.67813119099355,11.374347115082255],[106.67826852022652,11.374370957114033],[106.67839822037664,11.374317550326454],[106.6785431782611,11.374381446903971],[106.6787491720884,11.374852562644731],[106.67871865446115,11.374952698009315],[106.6784745143148,11.375153923319987],[106.67841347897561,11.375244522826977],[106.67842873668008,11.375317956145505],[106.6788636133076,11.3752273568874],[106.67897042398513,11.375291252448827],[106.67903908920566,11.375404739626035],[106.67903145877855,11.375515365986564],[106.67882546612142,11.37583866181641],[106.678474513644,11.376188659704006],[106.67856606590904,11.376490975001008],[106.67881020753487,11.376770401355648],[106.67879494788953,11.376987839190402],[106.67868050703217,11.377052688790078],[106.67854317852925,11.377313042150844],[106.6784058488429,11.37747612081983],[106.67799386245647,11.37778034255163],[106.6779982281996,11.377794806305415],[106.67798623181672,11.377804185140551],[106.67800205492865,11.377807480939701],[106.67800912123137,11.377830886656877],[106.67819569361312,11.377859590490544],[106.67827614926276,11.37814941503784],[106.67820748510597,11.378247643027944],[106.67821511391104,11.37859764225516],[106.6780930445619,11.378830338347411],[106.67792519704592,11.378930473740835],[106.67790230955877,11.37898387995711],[106.67801675063555,11.37927856484626],[106.67779549793583,11.379717254753823],[106.67779549790433,11.379791641993187],[106.67790049013446,11.380030189522786],[106.67791407469579,11.380124146141409],[106.67788705054639,11.380216026879404],[106.67780312755319,11.380239868685042],[106.67761239206271,11.380112076217362],[106.67751320981338,11.380073929217586],[106.67749222931978,11.38008704184588],[106.6774750629562,11.38008346640777],[106.6774773118262,11.380096364787507],[106.67745980400342,11.380107307721085],[106.67759713291998,11.380783462676378],[106.67757424563105,11.38085594231794],[106.67722329356958,11.380954171343642],[106.67692574703136,11.380821610175776],[106.67682656439253,11.380832099839566],[106.67626961885898,11.381286048825986],[106.67585000246848,11.38173523005249],[106.67567452592607,11.382233047944018],[106.67567452629645,11.382624055018367],[106.67593020652927,11.382643231414859],[106.67600531678737,11.38267726554195],[106.67610940172712,11.382800484530494],[106.67627724839214,11.382793808876121],[106.67654427738158,11.382950211076329],[106.67709359313761,11.383106613908238],[106.67767342725737,11.383560563238388],[106.67826852045388,11.38410034193773],[106.67928322983369,11.385125541798729],[106.67804726849403,11.388384247589523],[106.67775735166748,11.389291192532374],[106.67691048849848,11.392405892335674],[106.67661294197181,11.393164063554721],[106.67633828392562,11.394039536472391],[106.67606362617202,11.39514198476604],[106.67534646292766,11.39745750548128],[106.67485818238313,11.399242783676522],[106.67427834821552,11.401142502547904],[106.67608651456563,11.401660348510884],[106.67841348011397,11.402255440432945],[106.67901620260486,11.400318528577],[106.67923745458184,11.399310494319137],[106.67967995915893,11.398129845172027],[106.68293771012729,11.399330521850356],[106.6855774817142,11.397142791953948],[106.6859665805505,11.396606827314624],[106.68647012049064,11.395458602695914],[106.68736275910422,11.395926857888675],[106.68918618567602,11.39716377291222],[106.68970498373884,11.39762821319289],[106.69038400041592,11.398404502777163],[106.6904984400302,11.398481750596694],[106.69165810848804,11.398581886540876],[106.6920243192814,11.398686790641356],[106.69216927821792,11.398771668136312],[106.69268807778018,11.401643180970469],[106.69423684472383,11.402014160912044],[106.69682320964758,11.402953530280262],[106.6972428256407,11.40303554591292],[106.69758614927052,11.403051757886999],[106.69758614844947,11.402810478984433],[106.69778451265155,11.402320289605644],[106.69824990612034,11.401749038722569],[106.69869241031583,11.40106143974663],[106.69911202815513,11.400564575857263],[106.69945535041084,11.40027942689949],[106.70021066049172,11.399518394251963],[106.70027932463213,11.399344825555106],[106.70023354856575,11.39919033061656],[106.70006570145159,11.398930931798471],[106.7000504423785,11.398837471414813],[106.70011910796327,11.398729705155487],[106.70043191312362,11.398543739501129],[106.70059212923218,11.398497009117659],[106.70092782399828,11.398186111509053],[106.7010651523023,11.39814414939336],[106.70141610450301,11.398186111735495],[106.70157632146264,11.398168945853458],[106.70189675622764,11.39798679328825],[106.70237740856494,11.397929573268907],[106.70253762527992,11.397869491740277],[106.7029419837704,11.397533798053077],[106.703193753989,11.39746608696446],[106.70339211774777,11.39728775050373],[106.70370492226148,11.396855735385609],[106.70423898056275,11.396384619931368],[106.70445260348696,11.396788024119354],[106.70471200222615,11.397106551993092],[106.70509347259296,11.397415542547664],[106.7054596836966,11.397664451475881],[106.70644387616737,11.398044014607038],[106.70862588300051,11.399153136732975],[106.70914468180551,11.399501228198075],[106.70972451586448,11.399994278102493],[106.71006020900361,11.400373839829072],[106.71029671992166,11.400732421077677],[106.71036538516222,11.400964164509759],[106.71040353210122,11.40129985788295],[106.71025094425126,11.402063751425072],[106.70964059165043,11.403005027411096],[106.70906075811368,11.403703117489714],[106.70891579998084,11.404022598486248],[106.70883187701607,11.404509925272356],[106.70891580047532,11.40502395647612],[106.70909890549596,11.40554561603411],[106.70934304609048,11.406077766543497],[106.70977029195903,11.406670951227722],[106.71079263168988,11.407749557785671],[106.71229562211852,11.408958816417123],[106.71358498953353,11.409823799013548],[106.71488198673396,11.41081943503257],[106.71701821778026,11.412556076461296],[106.71802529818838,11.413751983407277],[106.71841439726263,11.414126777316854],[106.71869668498536,11.414465332680981],[106.7187882371556,11.414646529876787],[106.71891030794121,11.415460014652082],[106.7188874193201,11.41579093894774],[106.71866616694656,11.416508102432278],[106.7182160325691,11.417612457083518],[106.7179490037094,11.418634796770476],[106.71778115703582,11.41974678086899],[106.71767677993796,11.420685608586703],[106.71763378643985,11.421072323530515],[106.71760568157053,11.42132511181895],[106.71762093993976,11.421503448511189],[106.71779641651241,11.422064209896725],[106.71798920612598,11.422404083923041],[106.71801766949744,11.422454261470754],[106.71806240496477,11.422492314374987],[106.71833047431059,11.422720336262616],[106.71860513269887,11.422850990474263],[106.71901711925958,11.422995948105823],[106.71929177719979,11.423030281140335],[106.71954354728803,11.423023605302335],[106.72077188053042,11.422823333589808],[106.72380075059823,11.42271556849288],[106.72473916570056,11.422975921573029],[106.7254868463296,11.423358345501985],[106.72614297464307,11.423771286034086],[106.72635659741466,11.424230003242462],[106.72637948526844,11.425409698002415],[106.7259980155684,11.427233123251883],[106.72576150505003,11.42812004004808],[106.72573098704758,11.428861045143814],[106.72576913332165,11.429332161680744],[106.72599038673853,11.430736923661753],[106.72625741556456,11.431394004131006],[106.72644932375428,11.43177526829834],[106.72661599683228,11.43210639928429],[106.72687539735064,11.432367706510657],[106.72705087298942,11.432483100456318],[106.72735604765376,11.432574653890809],[106.72798165891749,11.432636642101494],[106.72906503309535,11.432671928050633],[106.72963723662667,11.432595634620574],[106.73036965861985,11.432417297693107],[106.73287973023845,11.431955719626012],[106.73392495662982,11.431698226904949],[106.7345581966087,11.431673431326255],[106.73651132183224,11.431744003251573],[106.73872384573028,11.432272337904694],[106.74097451868634,11.433199310044941],[106.74156198123413,11.433699034792522],[106.74177560394082,11.43442382759564],[106.74188241643047,11.434996031415563],[106.7412568058915,11.438528442201966],[106.74120339958306,11.439248466420466],[106.74121102968425,11.439438247120373],[106.74134072958331,11.439875984370476],[106.74150857589629,11.440386199862223],[106.74160775793094,11.440566444436428],[106.7417756050599,11.440738105402998],[106.74206552145259,11.440906906450033],[106.74825296104216,11.44363155328645],[106.7514267891515,11.445282362690232],[106.75337991390074,11.44664516378549],[106.7554398515974,11.449217223573957],[106.7563782661032,11.450683975023054],[106.75672158942041,11.451763533974347],[106.7567826247392,11.452505492572431],[106.756630036229,11.453075789668864],[106.75617227370941,11.453607939649288],[106.75540933406319,11.454292677896335],[106.7544938065737,11.454794310765198],[106.75299081547772,11.455761336700936],[106.75271615784469,11.456100845190099],[106.75252542225256,11.456615829088843],[106.75239572309825,11.457283401533402],[106.7523270585564,11.459660911553959],[106.75257882846819,11.46044864629387],[106.75263986364943,11.461339378506194],[106.75260171679555,11.461746596956818],[106.75247964705663,11.4622577665339],[106.7520676589088,11.46309223154671],[106.75112924370525,11.464653396411244],[106.75059518643258,11.465678596336295],[106.75054508296623,11.465809999707663],[106.75042419283534,11.466127050641514],[106.75019082786385,11.466739082886532],[106.75017580390244,11.466840494269738],[106.75015322005984,11.466992936486267],[106.75013742264606,11.467099571872529],[106.75009164617842,11.467930221662515],[106.7501297930644,11.468426132532857],[106.75016794031635,11.468653106483746],[106.75031289891373,11.469045066893269],[106.7507935501573,11.469779397191239],[106.75185403617542,11.470909500793665],[106.7523957231682,11.471620941293116],[106.75293741071994,11.472093963869755],[106.75307473962467,11.472340965710654],[106.75320443969025,11.47273292591163],[106.75328844301238,11.4733236495901],[106.75347146853733,11.474610710519366],[106.75365457363077,11.475360299182206],[106.75368509185107,11.476353073925244],[106.75369795353957,11.476381531968041],[106.75376138539306,11.476521873506385],[106.7539292328796,11.476625824455269],[106.75476846546688,11.476945305175311],[106.75616464458142,11.477333450582618],[106.75679788480237,11.477372551337071],[106.7579956998997,11.477275276307616],[106.75867471611934,11.477472686538004],[106.7593461032832,11.477813148759873],[106.75993356630974,11.47822132151904],[106.76041421795291,11.47870006516958],[106.7615891447964,11.47947444936683],[106.76200876099088,11.479697609480418],[106.7624283782008,11.480044746679413],[106.76291665901476,11.480332756592961],[106.76393136956585,11.48063030242941],[106.76424417405099,11.480672264171982],[106.76528177229109,11.480553054241005],[106.76605997047139,11.480296516265772],[106.7667695045211,11.47992458343693],[106.76714334442518,11.47977867172278],[106.76728429733755,11.479797700693167],[106.76748666700334,11.47992744422684],[106.76759347793576,11.480099105246223],[106.76786050682983,11.481031799521684],[106.76772317785367,11.481235884933305],[106.76744088996976,11.481359863466082],[106.76744415325493,11.481363344119474],[106.76766977189996,11.48160400380075],[106.76795206067497,11.481736564202855],[106.76806650151853,11.481965446682505],[106.76799783645654,11.48221530916627],[106.76801309551757,11.482345962600148],[106.76808938977439,11.482448005767376],[106.7685395234771,11.482767486365896],[106.76866922328453,11.482736969328474],[106.76900491630538,11.482338333725165],[106.76942453350186,11.481948280645561],[106.76961526864967,11.481885337037829],[106.76974496733871,11.481926345171031],[106.77014932541353,11.48240032224603],[106.77035531978527,11.482505226055917],[106.7707673061722,11.48250045737142],[106.77172098139039,11.482018852214065],[106.77188882743744,11.482004547566863],[106.77210245081709,11.482079887148366],[106.77220163233653,11.482525252769708],[106.77227792598211,11.482635878793232],[106.77238473826054,11.48269309990198],[106.77272043120858,11.482686424462658],[106.77314767736198,11.48259296397696],[106.77413186908254,11.482516669961807],[106.77468118660566,11.482656860148976],[106.77492532665748,11.482685470076754],[106.77527627852056,11.482653044639097],[106.77533048015805,11.48270555271645],[106.77523813246086,11.482860946475833],[106.77524254496207,11.48287528686937],[106.77523813287841,11.48288288123411],[106.77524690553966,11.48288946111534],[106.77525339074673,11.48291053691445],[106.77542886618129,11.483025931688745],[106.77577981946607,11.482837103973953],[106.77588663022544,11.482839964597767],[106.77595529549122,11.482910537179855],[106.77580270722171,11.483188057333736],[106.77582559589908,11.48353137938774],[106.77591714813927,11.483578108905236],[106.77600870084358,11.483542823292083],[106.7759812351609,11.483340263191037],[106.77600870097942,11.483233832980092],[106.77607736582446,11.48315849262907],[106.7762375828476,11.483117484690624],[106.77633676447887,11.483133697351139],[106.7764435765188,11.483228110598725],[106.77648935248413,11.483528518447873],[106.77665719986963,11.484012030827024],[106.77674112251341,11.484042548961082],[106.7768021575717,11.484007262936553],[106.77695474540924,11.483806037094366],[106.77698526333127,11.483625792634236],[106.77725992121701,11.483682060216175],[106.77738391086632,11.4838306650306],[106.77740488097909,11.483953856936493],[106.77722940331793,11.484140776973408],[106.77740488098124,11.484285735536725],[106.7774659156216,11.484527015169489],[106.77759561491612,11.484693907763864],[106.7777100559964,11.484734916178839],[106.77773294349315,11.484728241105191],[106.77780160871572,11.484708213152416],[106.77810678454648,11.484524154138283],[106.77837381396033,11.484815978541342],[106.77851877195386,11.48489894780525],[106.7789078705362,11.484934234077851],[106.7793274874548,11.484895134161011],[106.77950296351463,11.484960936474117],[106.77952585180054,11.485035323485391],[106.7794877049488,11.485124968816526],[106.77925119376538,11.485187912263253],[106.77917490012814,11.485281372213048],[106.77917489973323,11.485481643134058],[106.77937326385216,11.485768698944343],[106.77929696956633,11.486127281247082],[106.77941904099534,11.486191176618028],[106.77970895741531,11.486219786999248],[106.77984628685148,11.486207388754346],[106.77999887513067,11.486122511740843],[106.78011331615546,11.486154936883725],[106.78015146254795,11.486273192708754],[106.78007516835955,11.486429596009668],[106.77998361576093,11.48650588861356],[106.77996835648541,11.486571693341622],[106.77997059240747,11.48657588617329],[106.77996835668131,11.486587905059267],[106.78000650371065,11.486643218681039],[106.78018197982949,11.486783408699786],[106.78075418487452,11.486940765040698],[106.78127298370762,11.487307929548294],[106.78179941234772,11.488058471020643],[106.78192911231858,11.488175772497192],[106.78202829395367,11.488148117241543],[106.78224191666429,11.487903022142909],[106.7827073101957,11.48786964343011],[106.78283700876325,11.487904929573915],[106.78332529052247,11.48817005102981],[106.78354654306128,11.48823013266989],[106.78404245432971,11.48862781474901],[106.78414926540941,11.488579176924087],[106.784355258904,11.48822917890418],[106.78442392437891,11.488204382760157],[106.78452310592809,11.488240622485044],[106.78500375803486,11.488607787594662],[106.78529367395522,11.488704109017068],[106.7854844091115,11.488645935132492],[106.7858506203418,11.488414191464019],[106.7865143777385,11.488432311261844],[106.78665170747212,11.488561057348544],[106.78649148898297,11.488922500050277],[106.78648386028796,11.489103697763099],[106.78654489544337,11.489181899647406],[106.78667459501713,11.489173316440295],[106.78687295921273,11.489226721482341],[106.78691110571975,11.489283942318943],[106.78695688313942,11.489759825707068],[106.78704843548734,11.489879035704377],[106.78723154146414,11.489999197281632],[106.78759775255209,11.490059279707571],[106.78775034036737,11.49000778204441],[106.78810129241192,11.4897045122701],[106.78833017387765,11.489756011435857],[106.78863534917659,11.489987753746975],[106.78934488317921,11.490415953690169],[106.78940591852977,11.49049892328271],[106.78935251194737,11.491265677766625],[106.78936225096732,11.49128220002838],[106.78936014232345,11.491320036581142],[106.78940591792824,11.491356276865739],[106.79000101092342,11.491464995745691],[106.7908631336178,11.491965674571219],[106.79098520323404,11.491988562732116],[106.79115304885462,11.491957091199906],[106.79171762507039,11.491679572828758],[106.79232034737605,11.491582297261482],[106.79242715842193,11.49151935485531],[106.79267129892288,11.491217040304234],[106.79292306950408,11.491059683831569],[106.79326639184322,11.491068266159472],[106.79433450708048,11.49138870109141],[106.79463205368297,11.491320036823502],[106.79521188694747,11.490982436172157],[106.79611978499415,11.491348647672643],[106.79644022045926,11.491414450429644],[106.79656229071043,11.491391562368111],[106.79663858416853,11.491328619579223],[106.79691084159315,11.491016957016116],[106.7969742779131,11.490979575519038],[106.79708108895443,11.491052053871286],[106.79715738335382,11.491035841209445],[106.79724893630393,11.490847968527163],[106.797401524185,11.49081458943148],[106.79740915353557,11.490624808018335],[106.79747781814169,11.49051513508028],[106.79779825270967,11.490245245209815],[106.7981263166091,11.489864728938729],[106.7981873517073,11.489489935393664],[106.79802713426848,11.489317320599238],[106.79803476306643,11.4892515173894],[106.79856882107325,11.48874416229492],[106.79879770294967,11.488670729431304],[106.79917154303294,11.488148115844911],[106.79927072513432,11.488114737311829],[106.799369907509,11.48816146680531],[106.79960641901522,11.488161467139147],[106.79974374781104,11.487969778894993],[106.7997056008802,11.487874411005972],[106.7998200425974,11.487745664708193],[106.79979715307066,11.487603567724323],[106.80008707022354,11.487459562619572],[106.80024728778764,11.487199210119876],[106.80038461751762,11.487221143678205],[106.800445652207,11.487188719357455],[106.8004837995598,11.487113378798952],[106.80036172945282,11.48691215401568],[106.80036172924487,11.486700437514237],[106.80065927495328,11.48630370965254],[106.80080423391183,11.486033819972354],[106.8011017799167,11.485310934843712],[106.80133829107496,11.48527564880051],[106.80143747289304,11.485168836445327],[106.80154428499083,11.484952352543504],[106.80186471873162,11.483914754763893],[106.80224618950108,11.483160398535254],[106.80253610633552,11.482407949665465],[106.80280313459193,11.482020757628474],[106.80292299763856,11.48172927264056],[106.80297098185761,11.481612585387243],[106.80306253420092,11.481216810549718],[106.80289468790463,11.48000278265224],[106.80275735896701,11.47954788030855],[106.80272684116521,11.479115865913577],[106.80293283464977,11.47877540376174],[106.80285654099437,11.478583715892867],[106.80288705737372,11.47821559737373],[106.80282602286889,11.478040121185048],[106.80259714048648,11.477658651209136],[106.8025284770512,11.477193258137879],[106.80255136477149,11.4770149218968],[106.8027039525148,11.476788900451234],[106.80297861060018,11.476458929752432],[106.80341348706216,11.476066968354289],[106.80347452185394,11.475959203065859],[106.80342111531063,11.475661657608875],[106.80289468765291,11.474211117989759],[106.80283365291123,11.473004720210104],[106.8038865088472,11.470821760607324],[106.80540475776138,11.4678701377391],[106.8058167456826,11.466911695288823],[106.80648050233934,11.465059659209597],[106.80763254097118,11.462397953987223],[106.80792245800974,11.461326023434731],[106.8069077478177,11.459608456559193],[106.80632791412482,11.458060643256882],[106.8061676965709,11.45660915091519],[106.80616006769911,11.453237912157048],[106.80596170284045,11.451849362069344],[106.8052674278273,11.450377842006018],[106.8049393632622,11.449954411306178],[106.80432901269738,11.449634929922315],[106.80262765689724,11.447954556140663],[106.8010636313636,11.446889302790643],[106.79968271083592,11.44605865130984],[106.79821786722401,11.444284817766167],[106.79723367469079,11.443519017548772],[106.79624948299241,11.442671200508425],[106.79568490740323,11.441395184595864],[106.79309091349062,11.43817748707376],[106.79222116219483,11.436514279661353],[106.7908173532831,11.43505801799877],[106.7891541454646,11.43413676983517],[106.78790292370213,11.432628056357784],[106.78558358835362,11.431434056657004],[106.78453836103448,11.430200001564431],[106.784523102614,11.429773709910027],[106.78472146706038,11.429188153246859],[106.78470620751935,11.42894973411523],[106.78459176675399,11.42875613856079],[106.78436288444117,11.428586384085648],[106.7841797797024,11.42850627616781],[106.78366098075898,11.428444287333654],[106.78347024569352,11.428524395334685],[106.7832489936939,11.428852459899568],[106.78286752355068,11.428826710967407],[106.78265390078414,11.428701779702255],[106.78228006111564,11.428274533551493],[106.7820435485756,11.42835273451964],[106.78157052678228,11.428015133332968],[106.78163919167763,11.427786251749355],[106.78163156174047,11.427671811773738],[106.7815394215699,11.427604738911798],[106.78131875665774,11.4275812114158],[106.78100595169718,11.427663228066951],[106.78063974082283,11.427401921328755],[106.78028115895256,11.42729510990761],[106.7797623594936,11.42726173176655],[106.77945718495064,11.427122494287866],[106.77938851952787,11.427037617724462],[106.77896890305254,11.42703761775812],[106.77877053899925,11.426997564076812],[106.77852639832733,11.426881215876945],[106.77782449402055,11.426900288655844],[106.77734384196236,11.426853559039992],[106.77720651255251,11.426759145241935],[106.77608384881783,11.426652048505472],[106.7760130322346,11.426657156160495],[106.77591544983663,11.426682082117695],[106.77555856327182,11.426906010629944],[106.7755006933031,11.426918776499189],[106.77547464070642,11.426934621145218],[106.77545051155035,11.426929845824912],[106.77542886329829,11.426934621308476],[106.77529153458835,11.4268983815724],[106.77514657693644,11.426930806923371],[106.7751229850286,11.426921010852947],[106.77508554126798,11.426926037720206],[106.77448281879454,11.426655194859162],[106.77395639079654,11.426640889552761],[106.77334603923232,11.426794430942737],[106.77277383454337,11.426822088399568],[106.77223214725463,11.427034757135182],[106.77194223080618,11.427089116938685],[106.77162942507974,11.42698039847644],[106.77136239663089,11.426817318918536],[106.77085885629477,11.426745793683192],[106.77069863977053,11.42668380498992],[106.76964578256893,11.426097295395978],[106.76928720045444,11.408138653282105],[106.77069100880253,11.405632397012505],[106.77279672104015,11.40139045395627],[106.77357491933593,11.398987193723285],[106.78598031575437,11.398930927192303],[106.78549966242423,11.389010806157076],[106.78518685772919,11.38004912869199],[106.79365548591137,11.379651446535526],[106.79763039927225,11.379304308257028],[106.79792031676098,11.379404444281867],[106.79844674579822,11.379754442655626],[106.79861459171114,11.37981070856264],[106.79953774825083,11.379629511019571],[106.80146798569395,11.38049067839874],[106.8019333788687,11.380531686528876],[106.80239877144231,11.380381007044193],[106.80303201177986,11.37995852832366],[106.80385598577183,11.379168885925713],[106.80445107889011,11.37881984189436],[106.80570229963939,11.37852610933762],[106.80697640862027,11.377973932709912],[106.81095895294312,11.375959771386006],[106.8125992729329,11.375948327128853],[106.8137131640356,11.37618770015644],[106.81501779113489,11.376744644942347],[106.81572732408273,11.377088922366763],[106.81652841088302,11.377801316623488],[106.82140359378849,11.380944626609951],[106.82283029149808,11.382429497558894],[106.82346352987942,11.382984535762125],[106.82505044462349,11.383903877830502],[106.82522591998004,11.383171456800426],[106.82682046431621,11.380528824696164],[106.83430490047797,11.38047732655053],[106.8393021533312,11.37626399289651],[106.83970651163018,11.375715629826159],[106.83990487599901,11.37550868131723],[106.84028634547424,11.375341788560464],[106.8414536430338,11.37498511499077],[106.84182748338029,11.374947921966239],[106.84381112639413,11.375146285754928],[106.84483346460875,11.37531985432206],[106.84556588661444,11.375552550427557],[106.84633645573234,11.375616447274933],[106.84683236637268,11.375732795277639],[106.84740457052594,11.376042739770405],[106.84752664144459,11.376074210432481],[106.84906777809881,11.375929252496235],[106.84952554265445,11.375952140228977],[106.85134133829243,11.376165762941257],[106.85257730084065,11.376629248888124],[106.85339364557296,11.376686469495208],[106.85373696813282,11.376587286848808],[106.85461434814708,11.376702682183824],[106.85519418223146,11.375716582068506],[106.85577401627205,11.374848738750478],[106.85600289880985,11.374776259663417],[106.85639962781418,11.374856367506961],[106.85642251539437,11.374802961909145],[106.85649117967473,11.374778166949671],[106.85657510320412,11.374814407253108],[106.8566742854955,11.374787704083131],[106.85672006173283,11.374838248158538],[106.85660270818063,11.37506001098302],[106.85661508138861,11.375088234636275],[106.8566465827519,11.37509447007588],[106.85675057965929,11.375066176799995],[106.85690316718694,11.374827758108639],[106.85693368491047,11.374490156792493],[106.85671243217612,11.374215498733744],[106.85654458574578,11.374157324983125],[106.85652169720308,11.374055281697443],[106.8566513977657,11.37381304863046],[106.8568268732528,11.373669043938511],[106.85686502040521,11.373465911022773],[106.85716256673882,11.373389616829995],[106.85730752430644,11.373225584826386],[106.85730752407231,11.37317027205642],[106.85710916008244,11.372964278132246],[106.85708627245207,11.372865095894277],[106.85706338449658,11.372609512008657],[106.8570710133876,11.372488394531112],[106.8571244193463,11.37238539817524],[106.85710916025172,11.372190848409302],[106.85698709022971,11.372011557597208],[106.855903716566,11.37080706639254],[106.8556214281724,11.370274916964473],[106.8555832807741,11.370112791803908],[106.85558328142083,11.369624510467627],[106.85562142813005,11.369476690444163],[106.85577401601485,11.369371787019684],[106.85597237994058,11.36932410351059],[106.85638436859345,11.369369879636691],[106.85685739063554,11.369271650484183],[106.85713967848004,11.369093313623242],[106.85745248295738,11.368569746691245],[106.85746774200184,11.36844862943039],[106.85738381795342,11.368101492296242],[106.85739907670632,11.367346182586687],[106.85733804208989,11.366758719742169],[106.85721597171964,11.366221800214804],[106.85721597248558,11.36590994866337],[106.85723885994379,11.365787878885573],[106.85800179898717,11.364705458052928],[106.85803994553291,11.364587202476221],[106.85812386967643,11.36422099168051],[106.85800942881598,11.364012137449617],[106.85776528807098,11.36334456525353],[106.85774240006874,11.362938299744952],[106.8578186941327,11.362759962454408],[106.85859689208313,11.362093344477897],[106.8586579265878,11.361892119437885],[106.85858926323311,11.36125315752651],[106.85849008094577,11.360830679279314],[106.85823831067732,11.36048830989542],[106.85781106459251,11.360185995016472],[106.85704812511372,11.359926596501113],[106.85684976113114,11.359958066880695],[106.8565827315952,11.360074415726828],[106.85570535208882,11.3608430771014],[106.85481271219142,11.361493483249047],[106.85468301275066,11.361501112524094],[106.85448464819954,11.361270323074953],[106.85439309539223,11.360974684072332],[106.85438546610808,11.360813513491184],[106.85519418145098,11.357894316262387],[106.85532388172261,11.357752218529923],[106.85547646964378,11.357674017584657],[106.85567483382421,11.35770358131911],[106.85650643766579,11.358432188503869],[106.85668191342657,11.358400717601041],[106.85680398363795,11.358100308939964],[106.85683450168494,11.357703580806904],[106.85662087899553,11.3570188435336],[106.85636147991916,11.35573424410333],[106.8562851852389,11.355166807566565],[106.85577401493721,11.35334528895111],[106.85581979196792,11.353001013211465],[106.85614785604129,11.352497473470104],[106.85755166403202,11.350859060063762],[106.85800179858266,11.350252524067205],[106.8584824503462,11.349915877041422],[106.85861977894281,11.34987200647467],[106.85873422002794,11.349929227680684],[106.85912331930129,11.350799932959236],[106.85922250220898,11.350903883249325],[106.8593674601959,11.350914373491937],[106.85946664191393,11.350867643055441],[106.86005410590049,11.350287808392174],[106.86038216924884,11.349849118810752],[106.86061105094988,11.34924448975396],[106.86061105119671,11.349141492601476],[106.86045083456446,11.348895444425233],[106.86022958248167,11.348700894378359],[106.86005410636034,11.348633184349616],[106.85992440622287,11.348621739309754],[106.8596650063203,11.348747625077307],[106.8593293134238,11.348828687635189],[106.85915383683944,11.34882868758965],[106.85897073130441,11.348772420694209],[106.85834512102643,11.348351850594074],[106.85728463522418,11.347481145848105],[106.85708627121926,11.347245588001483],[106.85685738896088,11.346763982762905],[106.85677346637198,11.346244230003396],[106.85680398258847,11.3459037691368],[106.85717782365926,11.345446958783626],[106.85737618773317,11.345333470712264],[106.85750588828587,11.345351590899817],[106.85769662324937,11.345509901018398],[106.85818490399068,11.345609082498452],[106.85854348477746,11.345607176019742],[106.85992440592767,11.345268621767138],[106.86048135156453,11.345039739241097],[106.86137399073202,11.344530477568522],[106.86199197209838,11.34396017959718],[106.86252602866587,11.343243016448445],[106.86306771622803,11.342387570736086],[106.86319741616522,11.342069997162435],[106.86325845104136,11.341667546598849],[106.8632660805408,11.340983762712664],[106.86336526294262,11.340052975922411],[106.86332711591363,11.339256658150715],[106.86313638059839,11.338439359111616],[106.86186227191952,11.336231602908995],[106.86155709598901,11.335471523764639],[106.86145791311262,11.3353866471421],[106.86134347245377,11.335383786534328],[106.86020669254309,11.33576525632684],[106.85950478868581,11.335806264340896],[106.85906991320331,11.33572234145694],[106.85873421967136,11.335548772066002],[106.85853585580186,11.33533705613747],[106.85840615529867,11.3350938688514],[106.85785683956907,11.333684339170977],[106.85710915858321,11.33150710038806],[106.85678109385007,11.330721273395495],[106.85613259575645,11.330385579044304],[106.85591897358788,11.330178632038573],[106.85556039144367,11.329468144484958],[106.85543832114813,11.329136266050199],[106.85542306194769,11.328853978444439],[106.8554840966897,11.328589809918286],[106.85562142609653,11.32827700522662],[106.85639962538002,11.327168836007521],[106.85645303013854,11.32703150713103],[106.85637673567356,11.326040638683768],[106.85647591801374,11.325534238364822],[106.85672768796796,11.325101269842461],[106.85681161196493,11.324823750830943],[106.8567810935905,11.32443751239309],[106.85659035901165,11.324007404627753],[106.85646828896668,11.32390536219861],[106.85559853760947,11.322202100285894],[106.8555527619709,11.322027576807018],[106.85557564950243,11.321846378484528],[106.85586556658517,11.32106531972026],[106.85598763688024,11.320546521108621],[106.85633096005435,11.319922817951763],[106.85655984194322,11.318985356188236],[106.85715493455842,11.317368877788821],[106.85724648621938,11.31698359329529],[106.85725411629808,11.316604031312856],[106.85700997567368,11.315387142947042],[106.85699471601909,11.314945591997342],[106.85705575121261,11.3146118052358],[106.85716256301329,11.314456356501832],[106.85729989281079,11.314360989659276],[106.85753640376679,11.314347637892476],[106.85790261442445,11.314518345258664],[106.85901650599628,11.315214527258568],[106.85922250086102,11.315278423788437],[106.85941323473956,11.315270794191875],[106.85958108162644,11.315215481780836],[106.85977181630096,11.315110577480851],[106.85995492160052,11.314880741832994],[106.86051186704036,11.314690006445364],[106.8607483786296,11.314733875070774],[106.86206826489452,11.314349545296645],[106.86230477539533,11.314243687305257],[106.86248788030615,11.31422938256874],[106.86282357466692,11.314284694840246],[106.86376198919886,11.314305675950578],[106.8638764306774,11.314428700623651],[106.86397561246821,11.314463032628497],[106.86418923554432,11.314457310652143],[106.8642884179186,11.314621342568351],[106.86440285806276,11.31467951654796],[106.86486062278206,11.314713847740444],[106.86505135776254,11.315003764933396],[106.86515816823541,11.315054309969856],[106.86533364596552,11.31502665279207],[106.86546334496768,11.314928424832024],[106.86614236079227,11.314856899396183],[106.86653908915073,11.314681423184352],[106.86665353010167,11.314479244533546],[106.86653145923194,11.313482655263625],[106.86642464860034,11.313216578685834],[106.86540993825567,11.312129391348467],[106.86521920402029,11.31183279850078],[106.86507424561066,11.310969722983247],[106.8651429104494,11.31079996861214],[106.8657303729223,11.310655963942212],[106.86607369609291,11.310663593153825],[106.86626443158916,11.310766589620735],[106.86640938972225,11.311399829892823],[106.86654671804823,11.311749828231775],[106.86665353003909,11.311850918203572],[106.86679848856791,11.311869991413419],[106.86691292975898,11.31181753883472],[106.8671799583296,11.311550510389493],[106.86740883994727,11.311384571004984],[106.86773690426136,11.311282527824037],[106.8681794095004,11.31138457095449],[106.86833199727799,11.311351191729495],[106.86862191425612,11.311118496301408],[106.86914834277702,11.31113566149017],[106.86930855914389,11.311084163961434],[106.8694230006697,11.310972583924512],[106.86996468760111,11.309994113347793],[106.87010201622049,11.309838664517704],[106.87029275132699,11.30971373335536],[106.87065133303784,11.309640301050752],[106.87091073281039,11.309667004016887],[106.87160500778276,11.30995215184468],[106.87187966530725,11.309944522810882],[106.87267312222451,11.309561146023183],[106.87351235562569,11.309284579654161],[106.87473305956802,11.308162105165415],[106.87502297638122,11.307661426421499],[106.87509927002999,11.307408702103409],[106.87535104040316,11.307588946317503],[106.87542733377018,11.307767283067632],[106.87553414496843,11.308630359571891],[106.87550362772981,11.308792483296566],[106.87541970405655,11.308903110501584],[106.87510689913115,11.309028995110424],[106.87487038805007,11.309221637227242],[106.87461861883567,11.309297931911004],[106.87456521199005,11.309377086736948],[106.87458047185703,11.30957449661983],[106.87467965336039,11.309678447304591],[106.8745881002304,11.30978525881438],[106.87478646407519,11.310094249734648],[106.87477120676368,11.310216319257359],[106.87462624704891,11.310395610885067],[106.87461861852711,11.310490024897705],[106.874710170365,11.310754191673675],[106.87472542957839,11.310936343749239],[106.87450417725707,11.311334025810131],[106.87442788368175,11.312069308316003],[106.87387093734641,11.312906634233048],[106.8737107203384,11.31294573566994],[106.8735810202814,11.313084019143798],[106.87363442651015,11.313393962475843],[106.87349709732021,11.313754451355631],[106.87332162196802,11.31372393409965],[106.87272652850902,11.315217388089431],[106.87233742963937,11.316406619927523],[106.87245950022576,11.316674602794],[106.87244424053675,11.31685675422564],[106.8723755769253,11.316970241775978],[106.87228402337028,11.317005527757427],[106.87225350551915,11.317062747893093],[106.87234505902718,11.31717814317693],[106.87229928310892,11.31739844048941],[106.87121590899477,11.318534267346728],[106.87059029754579,11.319563282286083],[106.86977395259449,11.320439709486575],[106.86959847716939,11.320494067728642],[106.86951455434004,11.320580852893174],[106.86952218306513,11.320716273797393],[106.8696289945338,11.320825947059076],[106.86994942905866,11.321030987026287],[106.87000283495867,11.321134937014326],[106.8699646876802,11.321470631585335],[106.87007150024498,11.32157458082185],[106.87007149959561,11.32163752380395],[106.86994942921345,11.321691883376257],[106.86994942887473,11.321723354416399],[106.87010964568468,11.321871174338861],[106.87071236952576,11.323115718845791],[106.87075051612419,11.324134242965297],[106.87120827881408,11.325250042358794],[106.87161263757403,11.326007259302958],[106.87187966648533,11.326161755001042],[106.87204751360697,11.326381100302955],[106.87228402443938,11.326897038177188],[106.87258157035097,11.327415836330491],[106.87296304025627,11.327834499261916],[106.87329873362468,11.328133952840172],[106.87374123861721,11.328418147903275],[106.87416085571972,11.328526867041685],[106.8743210727621,11.328627003477383],[106.8753434117366,11.32940329438916],[106.87615975620972,11.330159557588043],[106.87620553370822,11.330331219140605],[106.87637337949367,11.330515278499094],[106.8769379555679,11.330920589111006],[106.87710580134409,11.331323994557694],[106.87717446706671,11.331395519596034],[106.87784585378704,11.33175791609044],[106.87815865912752,11.332198513397909],[106.87837228189278,11.332644833302426],[106.8786087931658,11.332798374582614],[106.87879952735172,11.332774531824894],[106.87918099806451,11.333074939755667],[106.88009652493476,11.33399428237747],[106.8809662759491,11.335264576061759],[106.88308724769199,11.338179005221468],[106.88499459618444,11.340407742221805],[106.88548287697814,11.34070242708517],[106.88640603476634,11.341033352201936],[106.88788613721306,11.341119182773872],[106.8962937304901,11.340874087844794],[106.90029916291398,11.340573679990639],[106.90030491092902,11.340569120713607],[106.90049752633452,11.340416324543078],[106.90062722693018,11.340420138044289],[106.90076455568659,11.340541255038104],[106.90086373728101,11.340740573232916],[106.9008942544102,11.341241252627624],[106.90095529102464,11.341440570330137],[106.90108498965841,11.341637980500668],[106.90125283644797,11.341632258392554],[106.90148934738804,11.341420543278426],[106.90164193605102,11.341342341091066],[106.90207681195993,11.341409099439337],[106.90236672858944,11.341584574998242],[106.90265664575746,11.341935527564045],[106.90254220481465,11.342654597631581],[106.9025650927595,11.342749965204192],[106.90263375697499,11.34277666880606],[106.90287026857214,11.342700374533704],[106.90294656247596,11.342717540619754],[106.90313729701616,11.34294737510424],[106.90316781479473,11.343070399563777],[106.9030838922172,11.3431285732777],[106.90283975115057,11.3429683564031],[106.90274819751211,11.342990291057786],[106.90248116879097,11.343694102857418],[106.90249642773426,11.343819034641598],[106.90253457442546,11.343852412791774],[106.90283212135982,11.343842875586654],[106.9030762620813,11.343937289201168],[106.90314492712136,11.343923938179524],[106.90321359064042,11.343869578120753],[106.90335091994969,11.343587291612716],[106.90339669668396,11.343570124971707],[106.90400704762182,11.344062221775689],[106.90414437746861,11.344350230275497],[106.90413674793894,11.344402682266542],[106.90384683066692,11.344547641801032],[106.90382394298325,11.344647777495885],[106.9038544613024,11.344770801824238],[106.90401467818073,11.345027339701005],[106.90400704784344,11.345264804563106],[106.90393075366342,11.345513713356885],[106.90395364313906,11.345597636862307],[106.90408334207288,11.345594775746063],[106.9040836636865,11.345607569748083],[106.90409097232987,11.34589804463145],[106.90383920151433,11.345954310609166],[106.90384683074775,11.346342456706621],[106.90377816715406,11.346388232237256],[106.90357217292113,11.34637392745347],[106.90353402596786,11.34640539809611],[106.90353402636794,11.346508395656103],[106.90354928500537,11.34655321839525],[106.90378579620075,11.346685779212432],[106.90403756634281,11.346926105614227],[106.9038392020325,11.347257983548964],[106.90360269036019,11.347220790230791],[106.90353402553946,11.347260844698242],[106.90355691359366,11.347463023374138],[106.90359506073531,11.34751642990306],[106.90396890124555,11.347640407498439],[106.90406808411669,11.347760570652696],[106.90406045389686,11.348002803755284],[106.90441140632804,11.348142039245289],[106.90435800143855,11.348586452887526],[106.90444955278518,11.348589313543744],[106.90445455548371,11.348595303351908],[106.90459451241375,11.348762881906394],[106.90449532981755,11.348973643800086],[106.904716582195,11.34935225221841],[106.90500649916257,11.349668872413199],[106.90517434588392,11.349770915212734],[106.90528878723075,11.349899661526454],[106.90532693379558,11.350027453777209],[106.9052887873393,11.35030688045104],[106.90583047400635,11.35090960241346],[106.90600595064016,11.350997340643726],[106.90606698560664,11.351068866880336],[106.90620431438536,11.351552379363287],[106.90670022540758,11.352263820914871],[106.90678414820896,11.352291476749244],[106.90699014242533,11.35220469238795],[106.90704354771624,11.352224719318686],[106.90714273007087,11.35274637962997],[106.90742501778504,11.353144061150232],[106.90778359962422,11.353399646579073],[106.908149810576,11.353600871279024],[106.90830239827537,11.35360659316032],[106.90852365078966,11.353412044506138],[106.9086686088386,11.353433024816335],[106.90895089645633,11.353787791074986],[106.90908822574963,11.353826892542545],[106.90927133180953,11.353838336088112],[106.90942391972331,11.353779208920438],[106.90991982920086,11.353236567710725],[106.9100190118146,11.353203189275394],[106.91008767611093,11.353242290126985],[106.91036233417177,11.353811633428078],[106.91072091631716,11.353989017182528],[106.9110566091631,11.354023349504336],[106.91166696158004,11.353745830621182],[106.91175851379533,11.353772531973954],[106.91179666091509,11.353854548594725],[106.91182717833587,11.354984652612545],[106.9118729541349,11.355064761662232],[106.91194161938876,11.355082881644666],[106.91230783090636,11.354971301673016],[106.913208098743,11.354875933940573],[106.91349038678355,11.355074297972294],[106.91375741553766,11.355020892640113],[106.91389474457476,11.355179201894204],[106.91395578006437,11.35520113719521],[106.91417703161517,11.355154406977263],[106.91418548316454,11.355161656614946],[106.91445169047195,11.35538996452852],[106.91481027193929,11.35602988031528],[106.91502629168775,11.356084785078309],[106.91503915349192,11.356088054405191],[106.91504369196132,11.356076629709229],[106.9150925594877,11.355953586347002],[106.91534432964941,11.355822932573005],[106.91557321156026,11.355870616084387],[106.91577157537597,11.356044185493204],[106.91613015683399,11.356159579236325],[106.91629800378972,11.356133830155295],[106.91662606734762,11.355919253183067],[106.91674050914844,11.355901133789663],[106.91773995962954,11.356057536501039],[106.91800698767037,11.355464350952508],[106.91817483469973,11.35482824981897],[106.91829690439472,11.354695688660172],[106.91867837444954,11.354680429821865],[106.91924294986399,11.354374301421464],[106.91968545435303,11.354453455644904],[106.91992959580531,11.354362856532674],[106.9204483944548,11.353490245029448],[106.92067727531544,11.35346163447472],[106.92333993517128,11.355694185479534],[106.92353829891222,11.355705629773428],[106.92379769898986,11.355591188787821],[106.92453774999787,11.354751001870516],[106.92469033772407,11.35462416340768],[106.92489633224722,11.35463560808901],[106.92513284257795,11.354762445431891],[106.92597970580559,11.355475794902146],[106.9260941465186,11.355475794887067],[106.92652902193109,11.354842554807666],[106.92691812089089,11.354693781201973],[106.9286728818422,11.354693781486697],[106.92948159808837,11.355130564806526],[106.92984017861713,11.355280291739303],[106.93000039653027,11.355245958316129],[106.93021401948319,11.355050455289948],[106.93047341891341,11.354686151408817],[106.9309617001188,11.354269396710114],[106.93151864628476,11.354141603179977],[106.9318772281767,11.354291330366133],[106.93231973292028,11.35441244743316],[106.932449431748,11.354224573312752],[106.93260201976372,11.354206453123675],[106.93273171992928,11.354308496424132],[106.93298348986566,11.354295145035389],[106.93313607799028,11.354487787609866],[106.93334207089704,11.354455362264334],[106.93384561051444,11.354248415508366],[106.93447885105242,11.353898416236493],[106.9347306212842,11.353894602564747],[106.93496713205637,11.353823076079063],[106.93984231560691,11.351515184140313],[106.94023141521157,11.351047884113406],[106.94081887800903,11.349995980994697],[106.9411164239057,11.349221597608805],[106.94176492238329,11.347905526910068],[106.94216165113423,11.347316155807404],[106.94290170304076,11.346878419545918],[106.94353494134826,11.346743951096778],[106.94383248850431,11.34670485010211],[106.9442902528579,11.346774468258449],[106.94472512805629,11.34692228850804],[106.94512185680082,11.346460709477762],[106.94561776647602,11.346002946765296],[106.94602975342836,11.345976243679019],[106.94621285969203,11.345912347651401],[106.94628915331594,11.345784553957191],[106.94612130700425,11.345488915535316],[106.94613656582179,11.345425972929132],[106.94647988841852,11.345002541304225],[106.94648751772684,11.344939598890347],[106.94645700086333,11.34486521196344],[106.9459687185015,11.344361672176705],[106.94596109005323,11.344264398092948],[106.9460373837361,11.344177612924973],[106.94664773476858,11.3441985945249],[106.94670114073534,11.344153770988909],[106.94670877085501,11.344065080222746],[106.94657144084617,11.343655000432726],[106.94622048890439,11.343181977393431],[106.94618234175832,11.343078027675036],[106.94620523106913,11.34293020705931],[106.946350188895,11.342824349088284],[106.94647225832614,11.342814813166518],[106.94670114049929,11.342938789759916],[106.9467698059545,11.342928300570069],[106.94680032229074,11.342836747363403],[106.94670114081944,11.342581162049553],[106.94673165822891,11.342399010993613],[106.94683084056838,11.342199693445025],[106.94699105735518,11.342082391093928],[106.94716653351854,11.34204138325343],[106.9475785218928,11.342240700824288],[106.94770822057392,11.342220673227052],[106.94777688555969,11.342164407188955],[106.9477768856459,11.342063317494741],[106.94740304471105,11.34128893374864],[106.94755563286452,11.341218361653247],[106.9479981376023,11.341384301284219],[106.94811257841829,11.341359505797412],[106.94828042542753,11.341211686049693],[106.94842538356016,11.340952287210238],[106.94820413186464,11.340449700297366],[106.94821939028414,11.340373405740216],[106.94850930789423,11.340208421093665],[106.94886788877311,11.339608558716352],[106.94919595232109,11.33959616219566],[106.9495316462987,11.339526542915934],[106.94987496881986,11.339278587473423],[106.95063027823822,11.338295349436752],[106.95107278332486,11.337497124336375],[106.95135507178425,11.335974107022569],[106.95124063015201,11.334679016645559],[106.95141610594109,11.332398781267008],[106.9523316334769,11.330747970109698],[106.95282754422732,11.32951296278918],[106.95294961403675,11.328995117635486],[106.95294961405462,11.328629860329421],[106.95222482153358,11.327640899012389],[106.95213326864642,11.327288040762198],[106.95261392087102,11.326935180255871],[106.95273599104324,11.326688179328684],[106.95258340311857,11.326016792061617],[106.95232400366137,11.324465164014565],[106.95215615686249,11.3242648922053],[106.95193490469777,11.324133285428832],[106.95183572239638,11.324017891252586],[106.95182809242488,11.32392919921495],[106.95190438698198,11.323859581380905],[106.9522019335983,11.323804267822428],[106.95240792637857,11.323685058168092],[106.95243081455406,11.323569663888556],[106.95239266858103,11.323465712994283],[106.9519425335688,11.32319296246401],[106.95185861078969,11.323101410540788],[106.95182046326373,11.322972663950713],[106.95187386967702,11.322686561195649],[106.95174416940291,11.322445281871293],[106.95117196418737,11.321726210753592],[106.95098123037207,11.321680435195919],[106.95082101272324,11.321715720826628],[106.95042428491305,11.32206095149434],[106.95033273137011,11.322101005602788],[106.95024880899204,11.32208669999762],[106.95020303144442,11.322010406409046],[106.950195402383,11.321723350248954],[106.95013436767238,11.321600325903265],[106.94998177973794,11.321486838955924],[106.94936379853867,11.321511635529813],[106.94883737058964,11.321387657359361],[106.94837197717438,11.321467766312658],[106.94829568323424,11.321394333146783],[106.9481583544308,11.321088203405948],[106.9476548144049,11.321003326355518],[106.94760140894032,11.320924171507874],[106.94761666792499,11.320469269607452],[106.94765481473978,11.320386299059038],[106.94805154275973,11.320131668106239],[106.94790658480328,11.319898971582512],[106.94773873704422,11.319818862976645],[106.94758614931015,11.31982172454621],[106.94748696783472,11.319704422175622],[106.94747170796477,11.319389709227451],[106.9473420081821,11.319191344998163],[106.94733437912872,11.319001564614444],[106.94741067364916,11.318876632984912],[106.94768533121719,11.318757423494688],[106.94770059008246,11.31869829544563],[106.9476548147896,11.318442710872805],[106.94737252629022,11.318068870338134],[106.94651040462104,11.317767508894825],[106.94507607818059,11.317377456229645],[106.94490823160415,11.317413696758058],[106.94480904903895,11.317510971485085],[106.94487008530281,11.318020233299643],[106.94477090239168,11.318149933760312],[106.9444809854403,11.318235763206271],[106.94431313968255,11.318180449928098],[106.94387826308838,11.317721733579802],[106.94384774646227,11.317615875619918],[106.94386300467912,11.317497618993524],[106.94409188622483,11.317167648616117],[106.94407662700954,11.316986450785487],[106.94390878135187,11.316901573294224],[106.94373330563859,11.316881546337306],[106.943275540862,11.316981682249569],[106.94310769453737,11.31690920257563],[106.9430390305069,11.316810020218252],[106.94294747739386,11.315840134407596],[106.94290170104053,11.3157333227131],[106.9426957067541,11.315608391483671],[106.9424515657494,11.315125831348903],[106.94213876133054,11.314843544767273],[106.94174966239721,11.314717659354777],[106.94174203299484,11.314593681776875],[106.94202432042357,11.314395316943957],[106.94218453776256,11.314097771119915],[106.94216164896316,11.313957580706418],[106.94205483825145,11.313854584369418],[106.9418488441048,11.313839325261565],[106.94166573875587,11.313768753645354],[106.94150552178279,11.313650496915931],[106.94140633889876,11.31348741971719],[106.94104012806842,11.313343413904569],[106.94094094591784,11.313209900444539],[106.94093331666468,11.312981018093826],[106.94104775776344,11.312816032210232],[106.94145211622401,11.312606224590754],[106.94147500360438,11.312511810048491],[106.9414368566878,11.312438377432612],[106.94133767490484,11.312396415922008],[106.94094857560306,11.31243933170335],[106.9404068887323,11.312702545806168],[106.94020089492915,11.3126825181306],[106.94006356559849,11.312522301082963],[106.93994912527442,11.311996826608379],[106.93987283086649,11.311950096494018],[106.9397812779829,11.311972030612319],[106.93939217861114,11.312486061189363],[106.93917092715739,11.312553772667755],[106.93897256243808,11.312548050700423],[106.93846902201341,11.31239736905555],[106.93788918877027,11.312451729566911],[106.93772897095461,11.31233919515856],[106.93772134148462,11.312240967569627],[106.93795022388717,11.311850914545726],[106.93827065737871,11.3115094985788],[106.93859109304151,11.311356911678576],[106.93864449877924,11.311248192006158],[106.93865212770343,11.311132797182685],[106.93844613406809,11.310741791279346],[106.93846139234697,11.310638793958022],[106.93856820454978,11.310502418280587],[106.93908700267627,11.310383209115145],[106.93917855623113,11.310297378192262],[106.93921670250377,11.310110458344576],[106.93910226158646,11.309947379936673],[106.93871316240055,11.309799560354255],[106.93840798709334,11.309801468439673],[106.93827065804327,11.309734711349398],[106.93806466480261,11.30942095224227],[106.93796548214932,11.309383758588556],[106.93788918861463,11.30939234121203],[106.93762978868547,11.309566864746424],[106.93756112442951,11.309555420810824],[106.93633279154658,11.309085258710526],[106.93631753225377,11.309036621457318],[106.93669137330791,11.308647522311709],[106.93675240869642,11.308311828566618],[106.93682107283684,11.308217415100344],[106.93705758505179,11.308185943606764],[106.93766793550925,11.308472999075311],[106.93776711735985,11.308462509587837],[106.93812569953373,11.308187850852715],[106.93816384655834,11.30786074038036],[106.93814095868449,11.307697662722743],[106.93782052343607,11.306864150983673],[106.93721780124095,11.305643448164306],[106.937202542802,11.305427917134386],[106.93735513038742,11.305154213005963],[106.93791207680339,11.304716476431182],[106.93920144362541,11.304132827893953],[106.9395600255506,11.303854355218958],[106.93997964201291,11.303141959755935],[106.93998727106664,11.303028473108412],[106.93991860665808,11.30287874621316],[106.93895730354744,11.302544005713258],[106.93869790315284,11.30235613176476],[106.93856820421176,11.302134880012849],[106.93849953960428,11.301925071979598],[106.93848428055173,11.301639922949391],[106.93857583286989,11.301344283599935],[106.93866738654845,11.30130041535465],[106.93879708508375,11.30130518276538],[106.93901833833371,11.301391014117982],[106.93945321322424,11.30180967721043],[106.93954476653212,11.301839241350434],[106.93965920757796,11.301833518959485],[106.93978890747573,11.301758178628674],[106.93990334811006,11.301579840570461],[106.93991860651755,11.301463493052651],[106.93982705394153,11.301170715128018],[106.93925484897795,11.29958666183093],[106.93917855512186,11.298871406090033],[106.93920144346457,11.298590072207146],[106.93941506630462,11.298224814486172],[106.93997201207043,11.297581084876962],[106.9400025304768,11.297286400015144],[106.93990334820427,11.296617873841646],[106.93978890670735,11.296500571971562],[106.93956765397967,11.29638040860294],[106.93937691944257,11.296351798373532],[106.9392167023195,11.296429046081533],[106.93840035702337,11.297132857920925],[106.93786629952317,11.297257788919191],[106.93766030587244,11.297264465036857],[106.93754586485022,11.297227272311414],[106.93745431210802,11.297123321003019],[106.9373856472726,11.296806701121854],[106.93737801798743,11.296456702969401],[106.93745431235328,11.296268828575988],[106.93767556423388,11.296087630812826],[106.9378891880773,11.29599131016453],[106.93811044031474,11.295933135447548],[106.93891915562918,11.295837768160563],[106.93917855523405,11.295851119572827],[106.93946847236818,11.295771010987234],[106.94113930978403,11.29488504775588],[106.94155129687351,11.294757255031744],[106.9416581077745,11.294642813606762],[106.9417496614339,11.294410117995053],[106.94176491954816,11.29412020033574],[106.94171914388227,11.293794997306708],[106.94146737370022,11.293141730810513],[106.94132241530966,11.292950042884797],[106.9410096102499,11.292714484603337],[106.9406891746186,11.292617209277175],[106.93975076007607,11.2924655757687],[106.93933114305386,11.292318709600526],[106.93915566656605,11.292208083654497],[106.93904122543687,11.292034514213963],[106.93891915591895,11.291733153915745],[106.93889626750438,11.291428931612806],[106.93904885520091,11.29108751641096],[106.9391938134853,11.290411361486132],[106.93919381402519,11.28996980971601],[106.93910226089857,11.289691336555498],[106.9389725612794,11.289554007139538],[106.93878182674572,11.289485343742708],[106.93808755139976,11.289480574636507],[106.93784341075225,11.289396652027866],[106.93780526326739,11.289327987597835],[106.93785104101075,11.28902757930089],[106.9377900042718,11.28860128796253],[106.9377060815484,11.288341887312084],[106.93763741704741,11.288266547515747],[106.93727883556588,11.288093932363104],[106.93637093720803,11.288048156762061],[106.93618020277366,11.287943251949507],[106.93615731448526,11.287846930929488],[106.93620309090657,11.287690528285571],[106.93630227239001,11.287536032595542],[106.9364319727225,11.287450202253439],[106.93645486074796,11.287359603479583],[106.93636330853886,11.287063964302202],[106.93630227271551,11.287020095669174],[106.93608102018811,11.287012465731026],[106.93533333955092,11.287309058526397],[106.93381509012688,11.287570366042107],[106.93350833559403,11.287552278997108],[106.93331155028507,11.28749693283492],[106.933258144189,11.28741587056013],[106.93329629122948,11.287165053839813],[106.93371590827687,11.286515601925881],[106.93410500776086,11.28609503174832],[106.93437203611894,11.285702117349532],[106.93451699454918,11.285098441982655],[106.93446358845263,11.284857161273935],[106.93409737732095,11.284198172555342],[106.93367776172995,11.283626921543311],[106.93348702638296,11.283283599272815],[106.93336495645558,11.282760031413991],[106.93340310296911,11.282342322218621],[106.93333443865687,11.28218878180283],[106.93318947924843,11.282075293483604],[106.93234261748225,11.281892188444992],[106.93216714124753,11.28175009054556],[106.93214425252525,11.281636603284447],[106.93219002913166,11.281500228656439],[106.93230447003558,11.281340964835847],[106.93348702619889,11.280274756810257],[106.93354806115246,11.28017462046347],[106.93356332020933,11.280033477152063],[106.93320473828183,11.278784163238448],[106.93298348589165,11.27855909615455],[106.93283089813612,11.278555281500795],[106.93193062918364,11.279118903476972],[106.93182381823686,11.279133208851828],[106.9317170057871,11.279096968870425],[106.93153390064685,11.278785117376625],[106.93147286611898,11.278568633870703],[106.93148812498589,11.278497107112852],[106.93164071178722,11.278307326726273],[106.93166360051853,11.27811468478614],[106.93154915963628,11.277798064511865],[106.93142708852427,11.277682669685818],[106.93128213114636,11.277680762750244],[106.93120583647074,11.277712233229957],[106.93116769014422,11.277777083320235],[106.93093880775344,11.27877271975076],[106.93083199710689,11.278859504086501],[106.93064889102997,11.27887857718869],[106.93041237954704,11.278801329590994],[106.93011483315455,11.278607734963273],[106.92986306268784,11.278239615953092],[106.92974862271161,11.277968772802991],[106.92976388042317,11.277416594654994],[106.93002328105206,11.276453383613324],[106.93038949198865,11.275639899497731],[106.9305191905426,11.275228864991538],[106.93050393242416,11.274878867636808],[106.93033608613177,11.274480231576993],[106.93027505052044,11.274429686660731],[106.92979439914478,11.274358161745734],[106.92951211108759,11.274252303710472],[106.92930611746432,11.274119742836142],[106.92919167634909,11.273969062108725],[106.92913064185879,11.27371633809028],[106.92917641770991,11.27307356175148],[106.92911538250965,11.272941001526062],[106.92819985424192,11.272309668254753],[106.92762002039926,11.272083648015851],[106.92734536284372,11.272034056323477],[106.9270401868305,11.272035964218315],[106.92640694734803,11.272197135789021],[106.92604836546984,11.272182830666981],[106.92479714469083,11.271260627692133],[106.92467507481486,11.27113855664181],[106.92459878025606,11.270991690228296],[106.92459115129371,11.27083051943146],[106.92469033357857,11.270621665520073],[106.92552956660093,11.270110495049797],[106.92639931707755,11.26971185924613],[106.92710122199686,11.26930368736439],[106.92735299233706,11.269034751570908],[106.9275132094732,11.268787749277683],[106.92758950291523,11.268506415548426],[106.92743691515672,11.268259414203227],[106.92744454471605,11.267947561924785],[106.92734536238295,11.267794020109452],[106.92723855175977,11.267753012467999],[106.92578133634129,11.267697699684375],[106.92560586023943,11.267637618098467],[106.92549904896035,11.267402060781873],[106.92553719666702,11.267238982312344],[106.92564400769535,11.267126448709831],[106.92630013503464,11.266639120874578],[106.92707070415804,11.265813239650488],[106.92787942038501,11.26503980925275],[106.92794045524371,11.264833814949494],[106.92789467901481,11.26466024714467],[106.92765053771485,11.26448477110154],[106.9272461804955,11.26435316416532],[106.92671212311106,11.264261611323391],[106.92653664630163,11.264353163764092],[106.92622384114614,11.264932044589793],[106.92598733026838,11.265126593497309],[106.92576607847651,11.265205748470024],[106.92498787882238,11.26516664804672],[106.92472848030874,11.265109426919288],[106.92455300397945,11.265027411382334],[106.92379006422128,11.264348395759374],[106.92375954728912,11.264278777508293],[106.9237595467639,11.263861068610408],[106.92391213503609,11.263671285942715],[106.92504128525542,11.263574964962727],[106.92529305464193,11.263500579299942],[106.92543801428053,11.263414748232343],[106.92548379034643,11.263299353040031],[106.9255906017973,11.262223608920298],[106.92574318901431,11.261767752352593],[106.92581185440001,11.261683829356292],[106.92708596252872,11.26091230672005],[106.92715462673345,11.260821707893655],[106.92717751626594,11.26070154542506],[106.92716225695176,11.260586149576632],[106.92700966933928,11.260369666180694],[106.92665108667963,11.260079748929861],[106.9259034067459,11.259584792266315],[106.92582711276425,11.259414084465618],[106.92578896550695,11.258986838232135],[106.92580422491076,11.25892198812333],[106.92622384055947,11.258432752851101],[106.92630776479733,11.258439428953482],[106.92667397596279,11.258771308192738],[106.92675789847061,11.258790380763324],[106.92692574583903,11.258773214790981],[106.92728432668312,11.258518583733913],[106.9273682499252,11.258312590193684],[106.92736825000839,11.25800264633912],[106.92710885107492,11.257583030023998],[106.9270249280999,11.256437666709582],[106.92688759856371,11.2561277232053],[106.92680367493186,11.256062872483833],[106.92668160512311,11.256040938014173],[106.92597207025868,11.25623834891668],[106.92565163690527,11.256225950559148],[106.92544564223365,11.25613249071269],[106.9253312012732,11.25594080209771],[106.92526253735713,11.254759199704946],[106.92536934874865,11.253602392832416],[106.92545327110318,11.253428824041983],[106.92548378964764,11.253112203893076],[106.92565163617218,11.252843267755747],[106.92594155368084,11.252605803067654],[106.92629250531195,11.252457029762288],[106.92668923383536,11.252360708540495],[106.92763527845385,11.252355940414706],[106.92780312540933,11.252272016708387],[106.92781075429353,11.250497228794769],[106.92769631310601,11.250278837734141],[106.92767342573629,11.250113851246708],[106.92804726612246,11.249465353944553],[106.92823037161733,11.249066717170866],[106.92823800044123,11.248919851323175],[106.92815407726586,11.248725301089005],[106.92799386026132,11.248550779582057],[106.92779549591737,11.24843729283253],[106.92768868415075,11.248411543093813],[106.92738350866215,11.248456365198457],[106.92661293945764,11.248115904869524],[106.92646035256159,11.248005277836915],[106.92639168702497,11.247897512483636],[106.92635354053441,11.24779165486928],[106.926361169397,11.24760664277328],[106.92663582823506,11.246850378583058],[106.92671975106504,11.246756918434098],[106.92687996822973,11.246680624187446],[106.9273529911714,11.246704466140432],[106.9275971310133,11.246859915545928],[106.92788704798905,11.247291929488304],[106.9282303712415,11.247587568691438],[106.92848214116509,11.247702963378021],[106.92880257625717,11.247782118082098],[106.92914589827302,11.247815496711464],[106.92941292707084,11.247782118819247],[106.93032845521653,11.247402555739825],[106.93042000717304,11.247311956076203],[106.93055733607603,11.247040159541582],[106.93171700451882,11.246036894448663],[106.93177041019202,11.245676404782827],[106.93167885682874,11.244937307402026],[106.93163308138209,11.24476945997409],[106.93133553495846,11.244159109026409],[106.93121346407032,11.244056111784893],[106.93085347037223,11.243924328177116],[106.93078621799073,11.243899709639773],[106.93072223278622,11.243907923584825],[106.93022164287885,11.24397218968117],[106.9299317260742,11.243972189523024],[106.92959603304467,11.243912106828391],[106.928321924111,11.243515379335754],[106.92823037084861,11.243520147611084],[106.9281388180804,11.243584996998635],[106.92792519467699,11.243923551154456],[106.92763527834825,11.244595892482819],[106.92749794946693,11.24473512805206],[106.92731484422693,11.24486292184874],[106.92713173840552,11.244934446300098],[106.92687233948278,11.244946844783238],[106.92665871610745,11.24490869730291],[106.9257050413333,11.244481451740294],[106.9255753420259,11.244277364848786],[106.92522439019685,11.24405420541281],[106.92498787807489,11.243998892649998],[106.92485817912302,11.24392355158596],[106.92404183295373,11.2432168791113],[106.92395791022007,11.243028051835964],[106.92384346856115,11.242546446859196],[106.9237671744974,11.241974241367],[106.92371376904853,11.241876966624874],[106.92357643953845,11.241790182158319],[106.92287453632272,11.24156988365297],[106.92213448504135,11.241382963345854],[106.92179116227707,11.241371519845442],[106.92154702069685,11.241400129681951],[106.92118080975192,11.241534597387036],[106.92022913877938,11.241495866991535],[106.9201966183553,11.241494544020242],[106.92016419417878,11.241514809477978],[106.92010416024638,11.241552329414878],[106.92008217785478,11.2415660689473],[106.920037235723,11.241728767793928],[106.91988381286114,11.24228418606462],[106.91931923756567,11.24266184106732],[106.9191208740338,11.24268377617233],[106.91903695096624,11.242635137547332],[106.91874703410595,11.242095358853982],[106.91893013867812,11.241451627792538],[106.91886910346254,11.241208441620053],[106.91889962142815,11.240908033513616],[106.91895302638825,11.240827924458479],[106.91896065657207,11.240715391817435],[106.91892251005709,11.240613348383597],[106.91879280962708,11.240490325096266],[106.91856392791446,11.240395910330918],[106.91835793475536,11.240370162014067],[106.91806038810526,11.240502722972657],[106.91788491163766,11.240643865864609],[106.91774758301527,11.240827924588128],[106.91767128838914,11.241225607311709],[106.91768654732988,11.241334326839711],[106.91781624765021,11.241555579190834],[106.91780861749709,11.241680509394621],[106.91795357718607,11.242349989693775],[106.91793068738508,11.242495901489349],[106.91785439384411,11.24263323110978],[106.91767891779996,11.242763883755364],[106.91754158862481,11.242782004174481],[106.91689309039793,11.242663749265626],[106.9153366934638,11.241876966480037],[106.91529854685281,11.241825469107154],[106.9152603995117,11.241406805872296],[106.91503151767449,11.240826017808152],[106.91475685962595,11.240641958966707],[106.91456612426707,11.240594274713102],[106.91441353723434,11.24059904422257],[106.91431435423074,11.240669616067247],[106.91384896186625,11.2411874606008],[106.91305550500186,11.241428739986146],[106.91291054626151,11.241516478073963],[106.91251381795072,11.241877920868628],[106.91205605506495,11.242123015490765],[106.9120052651,11.242122486110086],[106.91187294874435,11.242121107992302],[106.91109475072975,11.241566069247535],[106.91070489249445,11.24119877185372],[106.910682763892,11.241177923717663],[106.91068230036475,11.241138057103575],[106.91067513330078,11.240520841780887],[106.91086586862322,11.240207083234258],[106.91092690399293,11.240027793019316],[106.91092690375281,11.239793188986466],[106.91101845649362,11.239537604445722],[106.91099556870215,11.23925150162183],[106.91091927482677,11.238959677174922],[106.91095742141957,11.238687879870888],[106.91119393282293,11.23828829137559],[106.91130074439715,11.238189109026521],[106.91149281017874,11.238089039055621],[106.9121628654482,11.237739927626176],[106.91317757562693,11.237461455037328],[106.91324623990378,11.237415678695722],[106.91327675733461,11.237300284165658],[106.91324623983022,11.237066633833058],[106.91306313421593,11.236841566763268],[106.91207131209418,11.236459142573022],[106.91177376650849,11.236297971636674],[106.91168221348191,11.236153968152621],[106.9117203601611,11.23588216990121],[106.9119645016936,11.235719091540515],[106.91220101202559,11.235702880226222],[106.9129486929668,11.235806830015857],[106.91416939598702,11.235896475437444],[106.91585549229363,11.235795385588052],[106.91661843252773,11.235704786786702],[106.91751870085677,11.235672361435778],[106.9180909052867,11.235586530094896],[106.91837319230129,11.235450155125408],[106.91843266927958,11.23535185317445],[106.91844185730025,11.235336668875966],[106.91841896924221,11.23507440776698],[106.91832741641657,11.234965688332082],[106.91716774804713,11.234852201421063],[106.91691597808632,11.234774000897495],[106.91621407423787,11.234271414986733],[106.91550454026132,11.23349893713136],[106.91523751126218,11.23330915693772],[106.91368874397114,11.232531912677036],[106.91358193347483,11.23244608201076],[106.91339119829235,11.231997854753047],[106.91329964494982,11.2316268751742],[106.91328438569953,11.231357939362592],[106.91330727436113,11.231137640395712],[106.9136811149991,11.230408079543754],[106.91453560692874,11.230469114168777],[106.91484078314755,11.230416662175765],[106.91522225242149,11.230179197157169],[106.91535195219625,11.229906446771643],[106.91539009922069,11.229605085808284],[106.91535195234339,11.229302770381304],[106.91514595804377,11.228556997022425],[106.91438301940667,11.227466947654634],[106.91425331877012,11.227212316463708],[106.91418465537465,11.226839430655737],[106.91419228421799,11.226542836996066],[106.91427620673278,11.226223356665788],[106.91487892944882,11.225589163461205],[106.91650399119585,11.224570638022143],[106.91743477643651,11.224102383940584],[106.91783150460597,11.223676091894161],[106.91803749866077,11.223350888904127],[106.91821297476385,11.222793943331892],[106.91829754941166,11.221813782890374],[106.9183197866325,11.221556074033826],[106.9183274161538,11.220963841758625],[106.91822060357062,11.220342046057404],[106.918037498801,11.21980322004797],[106.91738137009325,11.218239195323337],[106.91719826536304,11.217587834805716],[106.91658791305635,11.216024762523379],[106.91587837941994,11.214864140774898],[106.91518410430615,11.214289076061064],[106.9148484112238,11.214152700062266],[106.91419228331792,11.21406973087826],[106.91224678697944,11.214099293848964],[106.9116059178806,11.214069731388163],[106.91099556710857,11.213910467382496],[106.91044625056239,11.213596708265321],[106.9101792220598,11.213394529042986],[106.90892037117469,11.211790449041771],[106.90846260799013,11.211346037124068],[106.9080429912062,11.211132413712015],[106.90740212212077,11.210973149690716],[106.90679940029398,11.210936909878647],[106.90542610873553,11.210978872507681],[106.90335091309073,11.210955030461907],[106.90232857509342,11.210807211597453],[106.90203102747331,11.210635549094244],[106.90188606989291,11.210499174118178],[106.9015656346636,11.210078603382811],[106.90135201174591,11.208935147903587],[106.90155800563649,11.207863218288434],[106.90185555127906,11.207141287510478],[106.90205391535194,11.206874257865762],[106.90290077826961,11.20609892136997],[106.90328987729393,11.205903416905631],[106.90541847861742,11.205127126340072],[106.90647133587578,11.20428598548511],[106.90709694584896,11.203332310774334],[106.90760048556938,11.201314337005583],[106.90767677936512,11.200702077600127],[106.90766915019185,11.199820883068218],[106.90749367421584,11.198625929045406],[106.90734871512358,11.198064214066763],[106.90704353934001,11.197319394966875],[106.90681465845508,11.197030430656993],[106.90615090027171,11.19635713662034],[106.90591438885028,11.195988064228397],[106.9056778776814,11.195177441261253],[106.90560921279261,11.194499379161229],[106.90563973104355,11.194286709630573],[106.90598305395882,11.193552380724888],[106.90628822881646,11.193076497603668],[106.9065934054232,11.192692166033895],[106.90734108555974,11.192216283248156],[106.90802773108305,11.191973096091576],[106.90833290718491,11.191942578713736],[106.90921791697204,11.192098980863198],[106.91267403327319,11.19316804990077],[106.91328438428131,11.193293934777323],[106.91385658942801,11.193304425540394],[106.9154663916253,11.192975406955018],[106.91693886378074,11.192777997209213],[106.91904457682774,11.192985897625169],[106.91957100558298,11.19298017616953],[106.91994484651954,11.192899112656399],[106.9202118740665,11.19278276477981],[106.9207230443149,11.192398433861829],[106.9209214081756,11.192180042462663],[106.92119606633376,11.191552524788195],[106.92140206009547,11.19077337292294],[106.92149361303817,11.188752536832018],[106.92152413037667,11.188580875965583],[106.92176827110298,11.18804872522542],[106.92208107574258,11.187699680902815],[106.92292030877572,11.187076931587196],[106.92346199607863,11.186884288668047],[106.9238968724175,11.186823253333568],[106.9244538184834,11.186995868088951],[106.92475136434821,11.18725431423018],[106.92587288507099,11.188530330665332],[106.92668922988715,11.189278965158898],[106.92703255330572,11.18948209700362],[106.92815407438714,11.189795855833125],[106.9285508031226,11.189831142156631],[106.93000801691855,11.189811115268244],[106.93225868796493,11.189497355871817],[106.93334969225745,11.18909681293488],[106.93393715495944,11.188575153182683],[106.934547507241,11.18784177694983],[106.93553932815671,11.186312083818697],[106.93601997987925,11.185487155993359],[106.9367371434663,11.183922175568581],[106.9369660255138,11.183349970829731],[106.9373093479422,11.182261828964698],[106.93772133479014,11.18141115106376],[106.93972023619875,11.178874377485105],[106.9413605556801,11.177745226539093],[106.94167336047947,11.17759359207862],[106.94255074233767,11.177385691483583],[106.94286354708264,11.177411440014673],[106.94362648584496,11.177573565401458],[106.94403847435467,11.177624109781158],[106.94429024384128,11.177604082684171],[106.94493111331244,11.17743146773278],[106.94534310000292,11.177183511484476],[106.94554146370807,11.177031878335006],[106.9457245701963,11.176707628853276],[106.9458329451711,11.176335086788091],[106.94589241595025,11.176130656248645],[106.94592293360584,11.175806407100279],[106.94590767474371,11.175431612838059],[106.94580086353075,11.174768808673864],[106.94567879290119,11.174297693585718],[106.94526680581966,11.173639658491009],[106.94276436492545,11.17092550048179],[106.94140633148007,11.169771555685365],[106.94126137370068,11.169553164168127],[106.9411774502621,11.169361476194595],[106.94110115625365,11.168829324718246],[106.9411087853528,11.168510798023986],[106.94116982017178,11.16813600390037],[106.9413758145799,11.16767537916021],[106.9418030602576,11.167331103100448],[106.94211586564603,11.167189004842122],[106.94438942572643,11.16633832747445],[106.944984517686,11.166196229780148],[106.94538124681945,11.166166666403905],[106.94647224973859,11.166237237148975],[106.94729622482852,11.166211488392054],[106.94815834652871,11.166100862466813],[106.94878395667067,11.16593301511806],[106.95036324179405,11.165265442993517],[106.95226296000679,11.164318444788224],[106.95323952250388,11.163776758122674],[106.95362862094984,11.16348302636205],[106.95398720360643,11.162961365811247],[106.95446785531837,11.161963823327195],[106.9546738478852,11.161356332234986],[106.95542915936178,11.159630181742106],[106.95572670485176,11.158657433494106],[106.95577248134708,11.158040406299657],[106.95575722279607,11.157538774098203],[106.95551308240076,11.156166436164627],[106.95545967599784,11.155635239459118],[106.95542915853743,11.15462243730301],[106.9555512291643,11.153508545693915],[106.95592506866045,11.152723671062486],[106.95690163206933,11.152015091322857],[106.95836647500785,11.151320817388314],[106.95924385561834,11.151057601918579],[106.96279152363405,11.15029847811418],[106.96382149276076,11.150030494760012],[106.96459206104373,11.149718643906219],[106.96517952466854,11.149261833640303],[106.96564491807241,11.148713470591618],[106.96576698789644,11.148465515521293],[106.96599586950735,11.147351623591558],[106.96672809376567,11.144990199558192],[106.96675880899099,11.144891143302157],[106.96678169747051,11.14466321539286],[106.96672066182043,11.144257904804691],[106.96662910971007,11.143969894576863],[106.96607216326426,11.14333188679259],[106.9653397413291,11.142718673549629],[106.96461494954042,11.142445922454424],[106.96421059193938,11.14236962860545],[106.96118935064716,11.142152191548918],[106.95579536829021,11.142146470185374],[106.95529945848996,11.142086387740628],[106.95498665369682,11.141974808052089],[106.95472725292922,11.141812684350919],[106.95445259542025,11.14148843383409],[106.95420082542208,11.141007781684893],[106.95404823705947,11.140359283637052],[106.95403455848773,11.139737748698076],[106.95403297811838,11.139665962627516],[106.95407112509768,11.13924539169774],[106.9543686723481,11.138512017358561],[106.9546738474985,11.138227822300443],[106.95638283249221,11.13705384922673],[106.95687874274024,11.136278511884921],[106.95705421862372,11.135236145013458],[106.95692451869337,11.134217620956733],[106.95666511863674,11.13336789707593],[106.95642860809146,11.132957817549409],[106.95528419867043,11.131792427951524],[106.95388801983813,11.130805374366306],[106.95362861921694,11.130476356525863],[106.95349892084232,11.130147338684383],[106.95339210848414,11.129711509412179],[106.95339210837847,11.12933767006846],[106.95349129020441,11.128876090620198],[106.9537506908567,11.128481269664745],[106.95487984046342,11.127438903515856],[106.95552070928153,11.126608253791883],[106.95593269705468,11.125636459652391],[106.95621498431669,11.124648451948808],[106.9564896420206,11.12386357834322],[106.95677192995329,11.12324655118124],[106.95769508737759,11.121343016912038],[106.95854957904344,11.120016456004482],[106.95942695957794,11.119003654050708],[106.96035011630899,11.118279814903428],[106.96225746470512,11.117059111837797],[106.96261604591612,11.116730094167188],[106.96274574634383,11.116517425071965],[106.96302040419526,11.115889906368084],[106.96339424366525,11.114816069362917],[106.96397407820895,11.113914848004029],[106.96520241054843,11.112203955364139],[106.96540077465642,11.111798643770856],[106.9657135801471,11.11089742176306],[106.96582039171906,11.110021948683316],[106.96578224520968,11.109748244185258],[106.96523292879068,11.108068822845386],[106.9634552800546,11.107773184456923],[106.96232612894856,11.107915282840272],[106.95991524064901,11.10793530953189],[106.95889290197174,11.107835173823599],[106.95832069614704,11.107524276033722],[106.95766456824556,11.10687196230134],[106.95742042872794,11.10628163842414],[106.9574280576377,11.105768561259493],[106.95750435133026,11.105380415747893],[106.95786293259908,11.104494452751805],[106.95922096504519,11.10286176133301],[106.95954139913533,11.102022528216178],[106.95952614055676,11.101045011975202],[106.95904548930363,11.10006558813316],[106.95780952709724,11.09930455611367],[106.95599373141951,11.098613142568736],[106.95368965380942,11.09816205492538],[106.95286567872121,11.097704291655944],[106.95246132105083,11.097299933115753],[106.95176704543363,11.096142172486859],[106.95034034894019,11.093251585188394],[106.94920356913066,11.091814398577059],[106.94721992627423,11.089918494827042],[106.94689186218467,11.089172720732183],[106.94678505144363,11.088318228759706],[106.94683082701629,11.08723866984935],[106.94711311502964,11.084775328301168],[106.94709785567075,11.08427846429078],[106.9468918624353,11.083586096024355],[106.94573982331492,11.08160531540637],[106.94527442955216,11.080455182865963],[106.94502266015016,11.079539655856589],[106.944946366233,11.0790332549287],[106.94490821837523,11.078496335872607],[106.94499977194532,11.077935576136039],[106.9453888704984,11.077200292727523],[106.94599159334845,11.076403975463942],[106.94747169532098,11.075529455672939],[106.95074470582851,11.074184774682164],[106.95175941606114,11.073425649639702],[106.95236213746949,11.072689412308705],[106.95253761377734,11.072195409771911],[106.9525605011132,11.071591733238696],[106.95247657884116,11.070969938565776],[106.95195777921707,11.070307134738872],[106.94947822647683,11.067835210559755],[106.94879158066817,11.066592573873185],[106.9484711456861,11.065079091576553],[106.94842536921021,11.061707853779316],[106.94828803946972,11.060863851340164],[106.94795234729057,11.05976617238468],[106.94716651858405,11.058530210571318],[106.94642646750296,11.057896970432385],[106.94577033949932,11.057432531260897],[106.94446571327059,11.056956647313422],[106.94315345789254,11.056702970540133],[106.94241340530728,11.05666673014299],[106.94188697758959,11.056744932288021],[106.94075019793269,11.057354329265022],[106.93995674062704,11.058385251264871],[106.93938453645087,11.059319852759877],[106.93822486833264,11.061702132228447],[106.93722541770468,11.063155531199335],[106.93647773760082,11.063812613400911],[106.93564613411193,11.064258932095228],[106.93460853596791,11.064560294161698],[106.93368537887405,11.064650893269638],[106.93247230501362,11.064542174082385],[106.93132789576576,11.063897490572941],[106.93035896290401,11.062854170174948],[106.92844398418761,11.059965491673637],[106.92700202892382,11.058717130979367],[106.92344673097827,11.056895613284487],[106.92266090294244,11.05637776874432],[106.92247779848098,11.056100249180943],[106.92230995066434,11.055623412511164],[106.9222336568963,11.054248213688568],[106.9226074970573,11.052596449047561],[106.92337043693927,11.050268529879922],[106.92344673048049,11.049840330023363],[106.92349250645381,11.048652052342268],[106.92341621261087,11.048181890756684],[106.92309577865309,11.047356009251986],[106.92276008451307,11.046903967303258],[106.92249305563188,11.046692251725652],[106.91931922724437,11.045142531590747],[106.91484077364319,11.043168425341026],[106.91381843434742,11.042411208503895],[106.91339881694395,11.042019247022226],[106.91282661206051,11.041307806070137],[106.9123612191222,11.040354132367488],[106.91203315536185,11.038629889740053],[106.91192634431681,11.037477850530841],[106.91149146749962,11.02761876450878],[106.91095741062576,11.02558648460851],[106.90961463631665,11.023367284969133],[106.909027172728,11.022739767146234],[106.90827949223718,11.022215246521535],[106.90756232882788,11.0219682449907],[106.90666206117984,11.021859525916346],[106.90625770289152,11.021979688705162],[106.9034882332213,11.023167967453952],[106.90032203384563,11.025929808512329],[106.89873512003489,11.026936888087244],[106.89723212895389,11.027455688048631],[106.8958512088708,11.027630209286482],[106.89369208962756,11.027485252252818],[106.89069373804553,11.026900648626857],[106.88945014725388,11.026544928562517],[106.88799293224223,11.026056648008247],[106.88455207492684,11.024543166814304],[106.88126380526496,11.023167968003838],[106.8762055171161,11.020520567981409],[106.87503059063106,11.020056129391396],[106.87417609822683,11.019832969523346],[106.87267310751794,11.019821525168027],[106.87110908079958,11.020309807043068],[106.86926276816806,11.02134645051211],[106.86655433315337,11.023463608317908],[106.86186225564323,11.02922284758887],[106.86024482382177,11.030989052531867],[106.85913093220005,11.032081010074773],[106.8578720824646,11.032822968814006],[106.85622413300156,11.033461930625238],[106.85420997263901,11.033890131042904],[106.85290534625784,11.034082772839968],[106.8493729367744,11.034782770383188],[106.84788520423572,11.035216692448392],[106.84526069366812,11.03617513419694],[106.8436280028349,11.037049654284175],[106.84252936995064,11.037761095996835],[106.83962257030095,11.040288333120406],[106.83859260285799,11.041524293921507],[106.83805091533493,11.042453173270594],[106.83713538767174,11.045294169162972],[106.83544929213258,11.049497012233],[106.83112342556585,11.05815637654387],[106.83001716382235,11.061478977195868],[106.82949836459217,11.062552814373467],[106.82868964997775,11.063625698080264],[106.82759101655915,11.064518337741584],[106.82604224993149,11.06520021489715],[106.82353980717255,11.065380459111832],[106.82138831865053,11.065115338110799],[106.8156662725939,11.063229924079204],[106.81289680195947,11.062594776950435],[106.8052750370241,11.060676938629626],[106.80187232680586,11.059646016344859],[106.80032355961298,11.05846346099235],[106.79899604456284,11.05694997989736],[106.79862983368774,11.056479817979714],[106.79869849843293,11.055627232480866],[106.7990647093753,11.054184323838017],[106.79975898439093,11.052831059318796],[106.80041511177127,11.05223405938042],[106.80266578350282,11.050978070026645],[106.804809643662,11.049641972443869],[106.80791480641106,11.047094708250814],[106.80977637908089,11.044583683723415],[106.81074531247558,11.043114071520481],[106.81214912035087,11.039274578467186],[106.81287391245868,11.036780719043108],[106.81316382940894,11.03394830745945],[106.81312568258716,11.03253210042487],[106.81270606529768,11.030991915608391],[106.81150825046306,11.028818492726515],[106.81012733023636,11.027153376678164],[106.80925757962456,11.026573543159051],[106.80798347027505,11.026074771899964],[106.80551154658362,11.02542531909753],[106.80453498373791,11.025291804999203],[106.80036933406845,11.025086765080665],[106.79859168527929,11.024819736731967],[106.79718024731115,11.024436359993194],[106.7945633644881,11.02359903321198],[106.7932663676021,11.022904758926451],[106.791771005508,11.021969204474095],[106.78954322229603,11.019885425782178],[106.78861243636793,11.019145374862727],[106.78764350375639,11.018682842524338],[106.78648383584922,11.018477803196813],[106.78559119634198,11.018370991349743],[106.78509528501476,11.018147832140876],[106.78461463288096,11.017729168873183],[106.7844315283416,11.017239933649645],[106.78427131129973,11.01606405286316],[106.78398902358896,11.01497781808636],[106.78343207718115,11.013712291941005],[106.78264625024062,11.012617473729682],[106.78166968720247,11.011406308255237],[106.77983100320431,11.01005208949456],[106.77722937898461,11.00878656456348],[106.7762985925997,11.008235341194109],[106.77536017744441,11.007326489354078],[106.77488715491397,11.006471996695748],[106.77450568545567,11.005251294047453],[106.77449042647794,11.004405385068832],[106.77467353167087,11.002944356026886],[106.77621466885516,10.998312359516223],[106.78071601141039,10.988827114082284],[106.78164679728143,10.987045649909406],[106.79129798165407,10.978497866309146],[106.79580695344126,10.974731805838548],[106.79647834008937,10.973955514922043],[106.79645545173827,10.972746256002276],[106.7963257523935,10.972175005833183],[106.79579932406507,10.971142175783925],[106.79496009003503,10.970453622506698],[106.7898178779393,10.968581560621683],[106.78602606841342,10.967547778057542],[106.784660407847,10.966616038087967],[106.78359992134496,10.965669992926305],[106.78103644399037,10.963916185665061],[106.7792130189819,10.96298444658038],[106.77830512088198,10.962379817007921],[106.7775421821421,10.96154058326701],[106.77635962514252,10.959828738510684],[106.77609259714522,10.95951974695401],[106.77577979161079,10.95932996646702],[106.77548987491018,10.959270838434037],[106.77503973980681,10.959261302358785],[106.77357489579062,10.95933854915891],[106.77336890320109,10.959386233088578],[106.77317816785504,10.959508303601906],[106.77304083897685,10.959677104193753],[106.77291113948152,10.960081461951434],[106.77288825113038,10.960459117044977],[106.77293402756312,10.961296443532616],[106.77287299179558,10.961856249309237],[106.77274329254035,10.962205294114211],[106.77250678116795,10.962550524315825],[106.77223975224764,10.962811831896644],[106.77196509463722,10.963023547107507],[106.7714005189761,10.963240031385743],[106.77126318998815,10.963362101890999],[106.77117163698404,10.963578585357283],[106.77114874894824,10.96378362558174],[106.77124030209663,10.96409452389271],[106.77155310742573,10.964737300492452],[106.7715836250551,10.96490133263405],[106.77159125389196,10.965001467348321],[106.77154547798641,10.9651092336284],[106.77146918454311,10.965213183354832],[106.77137763160601,10.965257052956964],[106.77111823171485,10.96529615406416],[106.77065283795395,10.965266589223528],[106.77013403982892,10.965140705099445],[106.77004248724911,10.96506250286802],[106.7697373113495,10.964425448384238],[106.76950842879734,10.964240435989975],[106.76930243577588,10.964167957081147],[106.76887518935355,10.96415079030311],[106.7686768250564,10.964238528310375],[106.76833350172934,10.964476946371128],[106.76822669119011,10.964505557704795],[106.7680206969092,10.964506510677218],[106.76782996186061,10.964452151987773],[106.76722723991949,10.964092616817421],[106.76717866682726,10.96404598700609],[106.76708317377732,10.963954312878585],[106.76703650531945,10.963909510899706],[106.76702807678748,10.963886251997433],[106.76693732283384,10.963635807041328],[106.76662273946577,10.963477695532502],[106.76658585108018,10.963459155488088],[106.76657111203932,10.96345174755053],[106.76644141341534,10.963556651684192],[106.76643378303181,10.963715914849118],[106.76646430129426,10.963815096642906],[106.76654822454694,10.963886623261482],[106.76667792397107,10.964223269497927],[106.76663214740952,10.964365368187506],[106.76648999892628,10.964496515416705],[106.76647193054382,10.964513186666133],[106.76644589906431,10.964512685879503],[106.76640292407005,10.964511860105537],[106.76637274797612,10.964511280021865],[106.76637023041582,10.964489090707753],[106.76635864440466,10.964386985527188],[106.7663149180687,10.964001654152852],[106.76631171289633,10.96397340671614],[106.76627637200947,10.963963589594949],[106.76622957713593,10.963950590610722],[106.76617438408422,10.963935260178053],[106.766082831301,10.963975315154777],[106.76595313072494,10.964280491209456],[106.76583106120799,10.964388256169027],[106.7657623963136,10.964370135623211],[106.76569373169231,10.964331988753818],[106.76554877335315,10.96413743924183],[106.76550041245653,10.964110030182074],[106.76487738729405,10.96375692275798],[106.76477820546953,10.963571911268076],[106.76441199399936,10.963441256486012],[106.76425177625525,10.963531856073907],[106.76409918773311,10.963985804834365],[106.76391608273144,10.96430528559037],[106.76358801866022,10.964694385402401],[106.76358317673811,10.9646942550564],[106.763481208212,10.964691524154874],[106.76337439649603,10.964642887008944],[106.762206678769,10.963460909107695],[106.76208502806324,10.963370685162742],[106.76204688113175,10.963299159813479],[106.76206214007297,10.963169460075028],[106.76217658084595,10.963044528683946],[106.76221472784601,10.962885265342962],[106.76201636364773,10.962182407017645],[106.7619934761106,10.96198690422173],[106.7620163641897,10.961959493969347],[106.76201636422692,10.961925868753807],[106.76222998666539,10.961703663070066],[106.76244360948635,10.961056117664317],[106.76248175725716,10.96100557305127],[106.76264960382674,10.96093690819382],[106.76315314400608,10.960872059239115],[106.76368720128237,10.960482005932477],[106.76411444668528,10.960345629678107],[106.76432806944774,10.960231188612955],[106.76491226395821,10.959720019492233],[106.76499919048392,10.959587738886851],[106.7650592910531,10.959460910092744],[106.7650926049722,10.959355880931293],[106.76510801705415,10.959265333781888],[106.76513678584016,10.95848405798368],[106.7647324280692,10.958301905252169],[106.764610358213,10.958018665018786],[106.76461035786805,10.957827929975995],[106.7647858333464,10.956976298475176],[106.76475531612083,10.956850413994244],[106.7645645816114,10.95667779864899],[106.76448065779064,10.956522349254454],[106.7645416928963,10.956234339597264],[106.76452643454174,10.956146601955576],[106.76445014037708,10.956078890240684],[106.76415259410275,10.956120852629411],[106.7640305237138,10.956073168358722],[106.76392371128482,10.955756548254069],[106.76380164129567,10.95563447907668],[106.76383978906235,10.955356005937562],[106.76368720025813,10.954883936696202],[106.76351935485619,10.954574946433603],[106.76309210740675,10.954330805510933],[106.76298529640239,10.953868273705393],[106.76271826758335,10.953321818294539],[106.76286322642794,10.953213099217578],[106.76356513027078,10.95294225639364],[106.76416022313738,10.952427271955976],[106.76449591686611,10.952192668838482],[106.76473242740457,10.952133540872827],[106.76496130939181,10.951950434531277],[106.76512915622618,10.95194471251022],[106.76531226192378,10.952021006601568],[106.76548773781447,10.951895121846535],[106.76588446654927,10.951826457726673],[106.76622778959245,10.951669100513197],[106.76664740523186,10.952107791711027],[106.76692206384025,10.95217073319692],[106.76763159724948,10.952087763333564],[106.76808173171986,10.951911334139634],[106.76863104873425,10.95178640224978],[106.76897437159758,10.951756838690839],[106.76916510557218,10.951822642029303],[106.76987966040991,10.952354092320192],[106.77017218648575,10.952542665842387],[106.7703095155873,10.952503565186076],[106.7708054256917,10.952020053205255],[106.77104956657881,10.951299075404451],[106.77104956687748,10.951184634542315],[106.77095801370771,10.95102060197172],[106.77088934954283,10.951010111172874],[106.77050787964285,10.951295260096725],[106.77021033350408,10.951309565544253],[106.77002722726188,10.951184633872746],[106.7699051570689,10.951007250530695],[106.76988226941917,10.950703981885912],[106.77004248616944,10.950261477451688],[106.76995856238173,10.949590089981479],[106.76992041652434,10.94947469627533],[106.76957709366286,10.94920957397884],[106.7694473934807,10.948616389548167],[106.76946265270247,10.948212031055553],[106.76929480507962,10.947837237379684],[106.7692875174137,10.94779783828691],[106.76927191716588,10.947760943007388],[106.76927529829346,10.947731776820593],[106.76926428804201,10.947672250850605],[106.76928836968531,10.947619042369112],[106.76929480493688,10.947563532470372],[106.76952368709155,10.947099093059503],[106.76956946312578,10.946783427086666],[106.76985938002686,10.946291330973954],[106.76976782838922,10.945832613780127],[106.7698212333449,10.945614221600577],[106.76981360404713,10.945321444280301],[106.76998908034538,10.944841746357525],[106.76994330418994,10.944233302233648],[106.76996619254666,10.944182757275135],[106.77026373811962,10.94392145012339],[106.77041632568692,10.943470361466513],[106.77076727842399,10.942805650913293],[106.77175910005721,10.94235933168354],[106.77192694610152,10.94218290148622],[106.77237708082066,10.941844347744585],[106.77250678040959,10.941600207068094],[106.77259070365946,10.941261652266322],[106.77304083770098,10.941018466009329],[106.77458197583529,10.939920785623821],[106.77474982204308,10.939873102519774],[106.77499396332006,10.939923646737677],[106.77545172746726,10.9403718730347],[106.77617651922776,10.939275148706537],[106.77662665331928,10.93888414126508],[106.77674872406335,10.93899286075378],[106.77717596994229,10.939594629805486],[106.77732092823227,10.939703347985384],[106.77773291618391,10.939780595419672],[106.77810675588616,10.939597490022775],[106.778335638331,10.939319971457955],[106.77835089603704,10.938944223102553],[106.77781683918136,10.938246133498357],[106.77929694098678,10.937071207115915],[106.77965552274281,10.937608125110675],[106.78015143431541,10.937319162008817],[106.78084570814556,10.93815172044662],[106.78127295524752,10.938104989992077],[106.7813492490993,10.937873246789614],[106.78118140211302,10.937357309170716],[106.78152472493247,10.937178972156415],[106.78186804675332,10.93767679021769],[106.78302771510309,10.938083055077147],[106.78314978641983,10.938055397613518],[106.7828522391732,10.937712075915194],[106.78272253976638,10.937495592217521],[106.78265387490602,10.937278153640724],[106.78264624619617,10.937023522614973],[106.78281409205432,10.936714532337152],[106.78314215601878,10.936476114077028],[106.78336340871856,10.936166170049878],[106.78343207310789,10.935929657488913],[106.78347022038703,10.935566308921109],[106.78346259061928,10.935112360231487],[106.783386296482,10.934658410505657],[106.78338629685992,10.934258820420503],[106.78385931838723,10.932984711332796],[106.78413397806061,10.93291890858888],[106.7849198044208,10.933225992165616],[106.78597266197562,10.933436753511435],[106.78681189505423,10.933205010324958],[106.78762823977776,10.933246018502148],[106.7881622982502,10.933225992017595],[106.78952795855714,10.932789208579148],[106.79057318706704,10.932215096178824],[106.79163367173737,10.930529000507642],[106.7918320370751,10.930078866455895],[106.79195410721549,10.929451348344587],[106.79200751265147,10.928706528638312],[106.79215247073483,10.928414704165995],[106.79222113592311,10.928178192994878],[106.79209143587927,10.927924514897962],[106.79174048332969,10.927480102778595],[106.79172522499985,10.926898362580904],[106.79162604275913,10.926644684174844],[106.79131072933104,10.926277224562476],[106.78930670689795,10.924263360240229],[106.78836066105862,10.923091294480537],[106.78823859145804,10.9228061454866],[106.78824622001139,10.922121407581228],[106.79410559555431,10.923678756849881],[106.79508978796044,10.923062683739893],[106.79562384544415,10.922937751804124],[106.79580695095817,10.922811866611532],[106.79600531442833,10.922736526601213],[106.79625708488715,10.92272222138015],[106.79644781982957,10.922653556968728],[106.79679877147154,10.92238938980949],[106.79695135977526,10.922222495690546],[106.79699713692273,10.922110916354509],[106.79702002442053,10.921813369805445],[106.7971268357305,10.921698928339556],[106.7975235645376,10.921579719201945],[106.79779059318504,10.92154634053817],[106.79847723889172,10.921718002270374],[106.79862219788446,10.921730400893471],[106.79881293258862,10.921686531646444],[106.7999726005702,10.92065847057554],[106.80032355219946,10.92046201342344],[106.80082709269759,10.919910789597276],[106.80111700933043,10.920177818616303],[106.80137640875256,10.920105339271965],[106.80216986527385,10.920059562711668],[106.8032150927626,10.919892669417685],[106.80334479271534,10.919904113149716],[106.80372626226972,10.920196890905839],[106.80430609668903,10.920428634124033],[106.80472571219518,10.920523048079637],[106.80486304165738,10.920407652864975],[106.80516821787216,10.920422912176875],[106.8051377008137,10.920713783648416],[106.80522175290437,10.920782480083869],[106.80523688215557,10.920794845132473],[106.80525521185254,10.920790845027906],[106.80571753421587,10.92068994117663],[106.80586249225881,10.920676588902515],[106.80623778033403,10.920732246794673],[106.80631262636666,10.920743347045512],[106.80650336155459,10.920711875011904],[106.80702216063612,10.920471548713273],[106.8075028123123,10.920384765267087],[106.80761725375334,10.920274138833523],[106.80776221121411,10.919956564676603],[106.80803687028255,10.919918417618657],[106.80838782274499,10.919692397578789],[106.80849463378794,10.91972196104319],[106.80859381559121,10.91980302410162],[106.80878455019487,10.919739128187484],[106.80902106123312,10.919804931091463],[106.80908972652273,10.919744850143658],[106.80908209750727,10.919633269857458],[106.80891425023424,10.919572234767939],[106.80889899120673,10.919490218772994],[106.80908972649166,10.919326186732413],[106.80914313259326,10.919240355989633],[106.8091431325663,10.919231056637228],[106.80914313284221,10.919114470761098],[106.80915076199777,10.919111753173656],[106.8092957204687,10.919060110826626],[106.80929572045203,10.919051073631806],[106.80929572039875,10.918891311357386],[106.80930359382255,10.918888865022325],[106.80956274879546,10.918808340664784],[106.80963141363796,10.918594717721605],[106.80974585482612,10.918589949718944],[106.80974734490891,10.918597435024594],[106.8097840012063,10.918781638986047],[106.80985266525866,10.918765425851857],[106.81002814230783,10.918556571160785],[106.81013495363199,10.91851461034824],[106.81040961174826,10.918543220093884],[106.81069189961865,10.918660521656607],[106.81082159946558,10.918638586919801],[106.81086737572612,10.918481230642819],[106.81075293493322,10.918163657802932],[106.81085211658306,10.917958618042222],[106.81101996330743,10.91783750079321],[106.81137091551213,10.91767537536859],[106.81154639162993,10.917656302738182],[106.8117829026762,10.917724013739829],[106.81207281940671,10.91755521271769],[106.8121078576019,10.917386153465584],[106.81211096645235,10.917371153617946],[106.8120575619131,10.917181372680396],[106.81195074985843,10.917112708318513],[106.81170660825946,10.917082190525493],[106.81163031413615,10.91699922119698],[106.81163794432716,10.916788458349123],[106.8118134204433,10.916368842950453],[106.81178290272716,10.916244864420134],[106.81145483818389,10.915726065997],[106.81153876259363,10.915222525369137],[106.81185156764818,10.915002226397648],[106.8120880782655,10.914748549874808],[106.81220251967751,10.914505362727457],[106.81221014864079,10.914362311453628],[106.81234747815485,10.91413915139813],[106.81251532440905,10.914078116347124],[106.81265265294775,10.913928390011067],[106.81310278860023,10.913694739490834],[106.81345374015365,10.913252234296756],[106.81371313969636,10.913055777529861],[106.8140106864558,10.9125989673164],[106.81411749770263,10.912290930423941],[106.81417090345849,10.911877989415808],[106.81452185498124,10.911181807502443],[106.81467444307484,10.910938619948922],[106.81489569552686,10.910748839016593],[106.81507117102885,10.910450339757931],[106.81510168943838,10.910268187283434],[106.81499487708695,10.909349799737615],[106.81513061934476,10.907997102841462],[106.8151322066783,10.907981276597441],[106.8151199525079,10.907970170306186],[106.81501013580046,10.90787065045672],[106.81418493571981,10.907786501472435],[106.8141403847475,10.907781958219944],[106.81412095218022,10.907763898020939],[106.81396490899941,10.907618880525765],[106.81392676181919,10.907389044284855],[106.8139649088667,10.907283186527136],[106.8143311198318,10.907041907644707],[106.81451422631655,10.906851172221911],[106.8146820720674,10.906578421025383],[106.81465155467606,10.906279921135496],[106.81478125376697,10.905990004639037],[106.81460577830643,10.905494093482078],[106.81461340825507,10.905324339228297],[106.81467444300695,10.905174612603277],[106.81501776598114,10.905008673467695],[106.81524664721702,10.904772162377265],[106.8152847934965,10.904537558276393],[106.8151779826069,10.904341101203508],[106.81519324159609,10.90426671396801],[106.81530005330053,10.90416276435092],[106.816124027897,10.903752684451526],[106.81622320971616,10.903619169905218],[106.81623083895231,10.90283810983027],[106.81669623233671,10.902828573878507],[106.81697089104298,10.90287244287249],[106.81768805389528,10.903249143986962],[106.81814581738854,10.903359769811006],[106.81861120962553,10.90335976977743],[106.82066351842101,10.903186201125054],[106.82089239909777,10.903214811659593],[106.82106787534273,10.903307318180103],[106.82157904484238,10.903897642329015],[106.82170685519556,10.903918480611473],[106.82175452062076,10.903926252709338],[106.82180088169136,10.903901831113693],[106.8219681437224,10.903813719138554],[106.82237250239979,10.903225301406088],[106.82268530716257,10.902963994500224],[106.82294470668008,10.902867674018706],[106.8231583303369,10.90283906323373],[106.82386786341029,10.90288674791692],[106.82625586436238,10.903761266768896],[106.82690436247293,10.903876661047612],[106.8279419603533,10.903915761046227],[106.8282318775093,10.90398251913127],[106.82855231079682,10.904127477317486],[106.82994086082338,10.905035375074828],[106.8302078899675,10.90533959756646],[106.8307419483133,10.906069158567108],[106.83123022975944,10.90651261671573],[106.83158881112894,10.906671880541321],[106.83191687398593,10.906739591224769],[106.83212286861122,10.906715749596561],[106.83235937901722,10.906609891734586],[106.83258063251753,10.906353353552003],[106.83319861328374,10.905069707178344],[106.8335266769405,10.90456235356642],[106.83395392318988,10.904108404271488],[106.83454138604485,10.903678295918533],[106.83508307348148,10.903406498960235],[106.83549506157829,10.903320669057226],[106.83830267840379,10.903333065489006],[106.83929449909351,10.901498196606205],[106.8402329148605,10.898923276056793],[106.83867556390554,10.89849420195571],[106.83846760449198,10.898442232768513],[106.83820360508248,10.898373193570988],[106.83819801952453,10.898373240518596],[106.8370265843367,10.898383156917378],[106.83643158627982,10.898388159890773],[106.8357165577039,10.898393223454525],[106.83547257885084,10.898394177876627],[106.83512660457973,10.898396217262917],[106.83503154730766,10.898396192143844],[106.83494856888744,10.898398202506058],[106.8348535968297,10.898401250578555],[106.83483058616373,10.898401240709319],[106.83477657271894,10.898402245438932],[106.83477154242303,10.898401809439315],[106.83475355668374,10.898400248624265],[106.83475064805599,10.89840023270129],[106.83474359783268,10.898400193466465],[106.83468656701208,10.898401208857514],[106.83432460623374,10.898405200466495],[106.83432297925802,10.89840474428521],[106.83422862090141,10.898378237821095],[106.83414260759038,10.89835521650675],[106.83411337074726,10.898347070138268],[106.83400259523141,10.898316203885535],[106.83393855814047,10.898299253704684],[106.83391461738083,10.89829219597116],[106.83390758983933,10.89797624729879],[106.83390657302442,10.897945240589474],[106.83390066991541,10.897945240669621],[106.83389930618301,10.897945240971483],[106.83378156317069,10.897945231477927],[106.83374355599176,10.897949252979705],[106.83373261934805,10.897950194724002],[106.83367953716616,10.89795021513697],[106.83364940884763,10.897950226720726],[106.83364661461441,10.897950227558201],[106.83364286954739,10.897949832195312],[106.83358955651522,10.897944192653524],[106.83353657165101,10.897937236643893],[106.83352457233501,10.897936196081357],[106.83348456152942,10.89792919510948],[106.83342656830438,10.897914211313147],[106.833423112181,10.897914803886142],[106.8333916003233,10.897920211701807],[106.83336255738388,10.897925195860036],[106.83332056155785,10.897974254390903],[106.83331884727045,10.897967360329465],[106.83330961602826,10.897930265372493],[106.83324661864923,10.897867200880192],[106.83327358368751,10.89783419872443],[106.83321353904175,10.897772716610607],[106.83319157577642,10.897750228934346],[106.83316256825158,10.897719231620053],[106.83314953277204,10.897699511134414],[106.83312357768305,10.897660241508742],[106.83302462001853,10.897604177913944],[106.83286457002582,10.897531242949052],[106.83279860637863,10.897503267978506],[106.8327745763216,10.897492232926695],[106.8327495603575,10.8974802069709],[106.83273958355174,10.897475178984582],[106.83267361457234,10.89744521704361],[106.8326729549219,10.897445669557971],[106.83267106173345,10.8974469680391],[106.83265758588486,10.897456211873687],[106.83265289688958,10.897454038980104],[106.83261655029075,10.897437191392644],[106.83263160667916,10.897407211783335],[106.8326795924935,10.89730425103838],[106.83270455753483,10.897281198929598],[106.83275357176858,10.89719125193502],[106.83277148415007,10.89716014762009],[106.83277261395232,10.897158184693392],[106.83269756203104,10.897120207551053],[106.83269643679635,10.897122928001211],[106.8326960015684,10.897123979065375],[106.83267355489036,10.897178245033448],[106.83266720231772,10.897175607942097],[106.83264973663881,10.89716835818635],[106.83264461702105,10.897166232012164],[106.83264365647057,10.897168460112512],[106.83263620066408,10.8971857616044],[106.83263556483857,10.897187238250059],[106.8326351782798,10.897187077801744],[106.83262924251413,10.897184619130815],[106.83260181798654,10.897173257054737],[106.83251958563545,10.897139187840692],[106.83244960360993,10.897105261571479],[106.8323825999046,10.89708126951501],[106.83231461356664,10.897057189609272],[106.83230161974532,10.89705226265602],[106.83230719886,10.89703347983556],[106.83237847933405,10.89679349663939],[106.83238659044122,10.896766185719024],[106.83239360307493,10.896744192303846],[106.83227854609854,10.896700208269882],[106.83214858208058,10.896644252892685],[106.83214222167643,10.89664425364666],[106.83212255509193,10.896644255261984],[106.83206560927681,10.896669227263583],[106.83194156844931,10.896707184043857],[106.83183859470098,10.896729244881296],[106.83178918983134,10.896733645341682],[106.8317825589876,10.896734234633358],[106.83175155450816,10.896735248014943],[106.83171557228856,10.896736187653453],[106.83171582351193,10.896735597368373],[106.83177758728883,10.896590232780886],[106.83174554546184,10.896575248368546],[106.83171561550795,10.896560254693528],[106.83164859727717,10.896532193670211],[106.831634614586,10.896525191910714],[106.8316342209021,10.896526097285392],[106.83163345165383,10.89652786005958],[106.83161456350707,10.89657118964707],[106.83160783944082,10.896569518395035],[106.83160491911252,10.896568791044992],[106.8315955090784,10.896566451278888],[106.83159055093324,10.896565217653698],[106.83152958211738,10.896541203198746],[106.83148203320874,10.896511953418974],[106.83146455677587,10.896501201585892],[106.83130654925424,10.896367234035932],[106.83112304158433,10.896217261742223],[106.83093457768403,10.89606323885621],[106.83087457444786,10.896014269029003],[106.8308493481513,10.895986232239055],[106.83082056887433,10.895954246704106],[106.8307815906698,10.895885562738222],[106.83077858158532,10.895880260618783],[106.83076609747442,10.895849277109438],[106.8307555929876,10.895823205209819],[106.83068860796483,10.895658267681497],[106.8306715501546,10.89561420785524],[106.83056261269233,10.895447247672971],[106.8304405838127,10.89524824025006],[106.83043854402516,10.89524490268849],[106.8304185758775,10.895212245130569],[106.83038655153958,10.89518125812916],[106.83036960389705,10.895167213848925],[106.83034958210082,10.895159238010518],[106.83031656985801,10.895147240000359],[106.83025261667515,10.895132275630262],[106.8302080655182,10.89511625484026],[106.83020787044896,10.895116185016525],[106.83019958773754,10.895113205728421],[106.83014855173,10.89508219617734],[106.83013260459168,10.895074205066235],[106.83009054483303,10.895063234189074],[106.83003459182278,10.895049236879728],[106.83001456378547,10.89503927226985],[106.82998156261371,10.895009283045754],[106.82994657506993,10.894972248815693],[106.82995054775749,10.894944207631085],[106.8299395439961,10.894926256152502],[106.82992859668158,10.89492421463469],[106.82992342807077,10.894924212949931],[106.82990460668788,10.894924208723882],[106.82986260731205,10.894930233448045],[106.82986134332236,10.89492897503036],[106.82983754597926,10.89490528037641],[106.8298246051247,10.894894206011056],[106.8297956000721,10.894884272997443],[106.82978055092856,10.894874197727171],[106.8297705491663,10.89486220992723],[106.82974673273675,10.89481444036571],[106.82974661204128,10.894814196714368],[106.82974614005867,10.89481393441229],[106.82970359900993,10.894790209923231],[106.8296515688863,10.894776199628625],[106.82964635696213,10.89477636080903],[106.82955259993967,10.89477926003035],[106.82950658000773,10.89477924124566],[106.82950596396036,10.894778849276287],[106.82944056765717,10.894737253843111],[106.8293695476961,10.894708211058544],[106.82931254196762,10.894695211698563],[106.82931061506672,10.89469603839658],[106.82924256338055,10.894725202772143],[106.82919156607174,10.894725201457398],[106.82919019909622,10.894724805802218],[106.82910154552424,10.894699210441324],[106.829000607028,10.89465824802062],[106.82899443985025,10.894658304976648],[106.82888956032389,10.894659272437996],[106.82881559499032,10.894671285396988],[106.82881334610943,10.894670072926788],[106.82872458598234,10.894622243369803],[106.82863755424445,10.894567219202107],[106.82850360425164,10.894535235410105],[106.82840155104783,10.894477281747388],[106.82828955646107,10.894404264615801],[106.82816957222327,10.894290230004092],[106.82811559104718,10.894237260841612],[106.82803157723343,10.894224264878327],[106.82803004242804,10.894224759330767],[106.82794461755161,10.894252236183675],[106.82777355148262,10.89430427974434],[106.82764354626357,10.89432028702],[106.82759060189098,10.894345244125462],[106.82756055750733,10.894382234180808],[106.82745755094314,10.89443729366925],[106.82734660425164,10.894487227391824],[106.82713861175249,10.894592287215438],[106.82702459079997,10.894647293958167],[106.8269506176907,10.894678291136383],[106.82677556822733,10.894734236215955],[106.82677395328109,10.894732029830005],[106.82674562040519,10.894693296738247],[106.82641454787955,10.894285275526514],[106.8260705974006,10.893946278721959],[106.82580954723056,10.893688268173822],[106.82580361279123,10.893689202923355],[106.82507357626008,10.893804310405844],[106.82507185675695,10.893803038195104],[106.82500458897118,10.893753291615528],[106.82496058892393,10.893643237080113],[106.8248725999049,10.8934682468782],[106.82488258117355,10.893369306583656],[106.82492156986247,10.89328129327105],[106.82502055289976,10.893219287118091],[106.82511861258723,10.893216286553386],[106.82512057791428,10.893216226328397],[106.82518482216084,10.893221725155882],[106.82519158977244,10.893222305293488],[106.82524455711406,10.893203224440475],[106.8252685765426,10.893148261841768],[106.82518758627367,10.893010223906764],[106.82512260182241,10.892918235924508],[106.82506556119061,10.892874226352667],[106.824896589736,10.892837299496135],[106.82480161166743,10.892796225192598],[106.82471054407324,10.892730276581961],[106.82467560812337,10.892665305540056],[106.82464756850679,10.892609261617391],[106.82463051789482,10.892585778801855],[106.82461057007473,10.892558309605398],[106.82453257224897,10.892518261400644],[106.82452562025345,10.892518035352191],[106.82443961584826,10.892515242303324],[106.82432654380669,10.89254022777479],[106.82430656808666,10.892545271488045],[106.82418860793092,10.892574253388156],[106.8241426001933,10.892577307283792],[106.82411657878575,10.892579295887042],[106.82407358713951,10.892582250618766],[106.82406989064945,10.892581609076522],[106.82406402971925,10.892580593631083],[106.82400459121729,10.892570286588143],[106.82392555004623,10.89249226985232],[106.82389156948824,10.892420244248836],[106.82386659549582,10.892335258266268],[106.82379956877269,10.892199249257217],[106.82375659772087,10.892018311868215],[106.82377160768091,10.891954251529315],[106.82384454901403,10.891846230824036],[106.82389454760832,10.891756279798557],[106.823921566027,10.891654295785095],[106.82391660578878,10.89147024306954],[106.82392360026647,10.891148278537457],[106.82393863077556,10.891047861522882],[106.82394260924609,10.891021279379185],[106.82394255902202,10.891007265929176],[106.82394454215553,10.890929238471985],[106.82394058108825,10.890918313178144],[106.82391554219022,10.890857283097693],[106.82389559964376,10.890808262736295],[106.82389429051052,10.890801286721961],[106.82387760262206,10.890712313146068],[106.8238985911893,10.890653294208597],[106.82391260427501,10.890627298878846],[106.82392556728207,10.89060229980403],[106.82465498116575,10.889259582026343],[106.8247105551942,10.889157280082806],[106.82487457945994,10.888825270870724],[106.82489555094018,10.888783247828526],[106.82491552640916,10.888210266330622],[106.82471054013459,10.888080254163379],[106.82441255924392,10.887893251022104],[106.82432356486797,10.887837238743634],[106.82322554628453,10.887146299193963],[106.82322365818008,10.88714620364706],[106.82321831404224,10.887145933966226],[106.82293389198553,10.887131596971276],[106.82290856451056,10.887130320508241],[106.82290850311898,10.887130289083283],[106.8226385247796,10.886993302342576],[106.82251456437228,10.886926290835858],[106.82250956711636,10.886919697431617],[106.82248955144524,10.886893288651185],[106.82245558922246,10.88684730030169],[106.82241655124974,10.886795271152712],[106.82240752426978,10.886760314713635],[106.82236355129785,10.886636249460878],[106.82220155814416,10.886334310073593],[106.82220000332883,10.886333038169681],[106.8221415579492,10.886285247787756],[106.82201658722339,10.88623125972395],[106.82201009810153,10.886225389288176],[106.82189057326906,10.886117243141312],[106.82184753687824,10.886044254414662],[106.82183038791608,10.886014575781594],[106.82182157507336,10.885999322818067],[106.82181757077146,10.885999540201297],[106.821814736943,10.885999693833126],[106.82167555199567,10.886007245504446],[106.8215385812521,10.886078241287295],[106.8214895158938,10.886091250158959],[106.8214465147622,10.886091308996347],[106.82144640905693,10.886090906186238],[106.82142158311461,10.885996289144991],[106.82140353891636,10.885908295455787],[106.82131858017219,10.885841328025359],[106.82125441831418,10.885793427232793],[106.82125156168425,10.885791294749971],[106.8212513868727,10.885791516837575],[106.82124905416917,10.885794462945622],[106.82121754082958,10.885834267118806],[106.8211185672536,10.88587728540064],[106.82100957004704,10.88588128177585],[106.8210070720366,10.885880711036672],[106.82092651878868,10.885862315734594],[106.82091468776532,10.885832208071461],[106.82090253737113,10.885801283411697],[106.82087956251476,10.885747298690664],[106.82087328617168,10.885749265977196],[106.82086355738046,10.885752314730293],[106.82039758646603,10.885898333709983],[106.82045858412664,10.88614231110621],[106.82036158908888,10.886169320742168],[106.82040853449182,10.886302328207288],[106.82038979176129,10.88631089560544],[106.82013372136974,10.886427952259403],[106.82006953252707,10.886457294506453],[106.82006876319195,10.886453922596118],[106.82000952276543,10.886194326172253],[106.81997555475029,10.886104307805857],[106.8199603221562,10.886045183043725],[106.81995956720586,10.886042253133592],[106.81995452392164,10.886024281323852],[106.8199472764646,10.886024002852151],[106.81990254038861,10.886022291181556],[106.81982842846678,10.886018682290059],[106.81977955047701,10.88601630252858],[106.81977954575561,10.886016260961517],[106.81977932239558,10.886014412177275],[106.81977154544487,10.885950331051284],[106.81974254135105,10.885877293062961],[106.81974136749938,10.885876922903112],[106.81970455231381,10.88586531021476],[106.81968135679219,10.885836321469796],[106.81968053087445,10.885835289280427],[106.81967939973319,10.885835097961388],[106.81960353548622,10.885822267191731],[106.81960237896287,10.885822908535419],[106.81949353538204,10.885883314606001],[106.81940357839873,10.885916265744267],[106.81933757808731,10.88591929719689],[106.81933738070776,10.88591857740479],[106.81931706515803,10.885844668380052],[106.81930157924472,10.885788331454485],[106.8192805825778,10.885718338170392],[106.8192400950996,10.885596920627194],[106.81921454661473,10.88552030519663],[106.81921532389208,10.885517188243487],[106.81922153846178,10.885492255343054],[106.81923047186314,10.885449029774994],[106.81924756725633,10.885366316612256],[106.81924756867424,10.88536491903899],[106.81924758609402,10.885350313214058],[106.8192403051282,10.88535012343186],[106.81917153562853,10.88534831819584],[106.81916843225855,10.885348033402764],[106.81916223558565,10.88534746558938],[106.81901856845543,10.885334295023796],[106.81900153088466,10.88531627457211],[106.81900148919118,10.885314585160147],[106.81899351417242,10.884993275249204],[106.81897855753509,10.884924256184034],[106.81896957959684,10.884839304261869],[106.81895957754243,10.884700290072834],[106.81895156682316,10.884548254201947],[106.81893990690675,10.884452677077737],[106.81893881120476,10.884443697041227],[106.81893851257023,10.884441255500322],[106.8189313995281,10.8844422403109],[106.81875465674754,10.884466715728472],[106.81865658249984,10.884480297970082],[106.818656627155,10.884478969853177],[106.81865662961202,10.884478889389504],[106.8186595165986,10.88439331758044],[106.8186605485426,10.88432333701907],[106.81865695019783,10.88432325734098],[106.81865326404231,10.884323175256627],[106.8184365509602,10.884318332231416],[106.81843652634647,10.884318098183646],[106.81843650836679,10.884317929200082],[106.81843452209502,10.884299263294048],[106.81813555011964,10.884234306288148],[106.81813439007202,10.884235241435185],[106.81813326559055,10.884236147530764],[106.81810952197245,10.884255279042584],[106.8180655258645,10.884378296174146],[106.81806231818334,10.884376455060627],[106.81805936803478,10.884374762209266],[106.81791055910176,10.884289332234271],[106.81779157705644,10.884222302191029],[106.81778555703231,10.884205327212385],[106.81776970025363,10.884164676596306],[106.8177695682562,10.88416433715515],[106.81772054449122,10.884040288577479],[106.8176005415186,10.883728347493989],[106.81759458202457,10.883707302533805],[106.81770658553492,10.88367933762087],[106.81772659034336,10.883674106247438],[106.81773356685318,10.883672282133944],[106.81772852111992,10.883653314080254],[106.81771474232137,10.883597753042617],[106.81769453856252,10.883516284292321],[106.81766852307409,10.883371268957012],[106.81767042348214,10.883312148605743],[106.81767151214281,10.883278320209714],[106.81768234992354,10.883271052396989],[106.81774157723397,10.883231336573841],[106.81781221286062,10.883216672211173],[106.81782352088585,10.883214324985692],[106.81779618763997,10.883140258507765],[106.81773751961697,10.88298128343814],[106.81772454939626,10.882919308483308],[106.8177064909049,10.882832062093508],[106.81768355885028,10.882721276469468],[106.81765852005609,10.88261730521694],[106.81751250707623,10.882140278231054],[106.81739052119815,10.881885301568627],[106.81738551643755,10.881793281881615],[106.8173645076887,10.881698337380362],[106.81735152252723,10.88154731213881],[106.8173355343365,10.881485346737708],[106.81729249713507,10.881326289148138],[106.81725045146985,10.881287279865758],[106.81723754688427,10.881275307074501],[106.81721650755412,10.881256305105847],[106.81716953641819,10.881221300435154],[106.81712756847358,10.881193330396934],[106.8170075059912,10.881161289008963],[106.81700402907796,10.881161911286704],[106.81680055718418,10.881198262741231],[106.81675153247124,10.88122230115924],[106.81663550245794,10.881263296205418],[106.81655453534165,10.8812783161675],[106.81647356637646,10.881293333403374],[106.81629753260573,10.881347283939627],[106.81629596832735,10.881345136970427],[106.8162959021493,10.88134504499321],[106.81598656448134,10.88092028433882],[106.81597852552927,10.88090828826636],[106.81568229061533,10.880509853852223],[106.81518451057026,10.87984034240739],[106.81511149426537,10.879736356465985],[106.81511519581143,10.879731000133004],[106.81513153337794,10.87970735651769],[106.81525854032752,10.879592277159597],[106.81523368828232,10.879574557462131],[106.81493552815881,10.879361970409223],[106.8148855344028,10.879326324942761],[106.81435852436486,10.878987313916612],[106.81429355477876,10.878918287929043],[106.8142535571313,10.878881208319557],[106.81415656041983,10.878791287243374],[106.81392052117141,10.878538330267654],[106.81386351023129,10.87848030619832],[106.8138415456212,10.87845533810578],[106.81382753653045,10.8784402881681],[106.81380656111278,10.87841830253034],[106.81380291119382,10.878421714183528],[106.81363645888648,10.87857733711292],[106.81316053558908,10.879022293810204],[106.81312249629522,10.87905931109389],[106.81304453873312,10.87913633713573],[106.81304128557781,10.87913196313329],[106.81278998066344,10.87882172961919],[106.81229956085832,10.878128337084393],[106.81182850724817,10.877484362920987],[106.81147154486182,10.87699630829081],[106.81122353392536,10.876642313942956],[106.81090955735964,10.876214323071606],[106.81044054590774,10.87556934471246],[106.80995048832905,10.87490337230233],[106.80990054139289,10.87483736602968],[106.8093135448534,10.874041359228961],[106.80926254539476,10.873976350845219],[106.80922154008269,10.873921343220706],[106.80902451344473,10.873662085546488],[106.80891755105365,10.87352133998548],[106.8088896363714,10.873477270701738],[106.808855496259,10.873423372055408],[106.80870950642237,10.87322533925053],[106.80866849781319,10.873169337149674],[106.80860254607938,10.873078343330565],[106.80856047768711,10.87302135137395],[106.80855617373182,10.873024991217243],[106.80843750499793,10.873125379945192],[106.80832949097612,10.873214353363496],[106.8081464870889,10.873408366035852],[106.80800448475031,10.873550343662616],[106.80790948183416,10.873670371335756],[106.80786853000717,10.873716349352621],[106.80785853577657,10.87372732299455],[106.80781553225961,10.873769329594483],[106.80774554779926,10.87383936610938],[106.8077035486029,10.873866362039234],[106.8076744937216,10.873884362052676],[106.80763949704905,10.873907356293412],[106.80752748860725,10.873976361347102],[106.80749352980035,10.873994379130759],[106.80729648429825,10.874100384394584],[106.80644354882233,10.87456033024641],[106.80636153603038,10.87459939724464],[106.8061614963634,10.874691397524929],[106.80581755533545,10.874835334113637],[106.80574156013031,10.874869408308415],[106.8056555430033,10.874907404102753],[106.80536560796806,10.87499920387973],[106.80523552188161,10.875040391102782],[106.80523509124683,10.875037827950376],[106.80522373940777,10.874970185799231],[106.80521756837621,10.874933410814714],[106.80518555360459,10.87479637039141],[106.80514955337055,10.874620379687343],[106.80513754975918,10.874553337307102],[106.8051277678781,10.874513408932586],[106.80511550850966,10.874463365234343],[106.80504351281358,10.874283340668246],[106.80498652174035,10.874187340545479],[106.80489855487063,10.874078339763521],[106.80482253843802,10.873999404547655],[106.80474654011185,10.87392534991299],[106.80469455289446,10.87387932885853],[106.804646514719,10.873841341595625],[106.80454851649273,10.873775409788273],[106.80446649771343,10.87372741258966],[106.80440650106348,10.873698416780488],[106.80433253201218,10.873665399127926],[106.80426393143429,10.873640681591398],[106.80424355263612,10.873633339673374],[106.8042270020128,10.873629312221361],[106.80409149307128,10.873596342058306],[106.80404650349325,10.873588359565206],[106.80395253209349,10.873573402648962],[106.80378213350266,10.873546311388422],[106.80350554262664,10.873502337792868],[106.80332054904991,10.873474402266828],[106.80327949163228,10.873469390263086],[106.80295154746531,10.873442396576703],[106.80294569137769,10.873442121945452],[106.80286553466092,10.873438353996917],[106.80267556687754,10.873433399307013],[106.80263551263656,10.873434350145793],[106.8024675314582,10.87343935524148],[106.80222549945739,10.8734523882401],[106.80217956786332,10.873455349747303],[106.80196556493364,10.873480401889822],[106.80183255344669,10.873497402240977],[106.80164450824488,10.87352435498401],[106.80144154310752,10.873556421053175],[106.80135950640216,10.873573141874953],[106.80135356862606,10.873574351853454],[106.8012745676158,10.87359035262808],[106.80127239414873,10.873588924520881],[106.8012669517705,10.873585347954673],[106.8010875045609,10.873467405666728],[106.80083052709574,10.873305367589225],[106.8004595271197,10.873068411796382],[106.80024251473128,10.872923414240624],[106.80014754492277,10.872860361537034],[106.80011155569285,10.872837431752925],[106.79962654984553,10.872529440668549],[106.79937454492428,10.872365395441413],[106.79928752371683,10.872310363566353],[106.79905556971981,10.872163430012012],[106.79904751745785,10.872159404890422],[106.79899556759707,10.872133437786625],[106.79899294933931,10.872132177515116],[106.79894554501833,10.87210937875739],[106.79891928589927,10.872098949504581],[106.7988428091569,10.87206857595434],[106.79879952173798,10.872051384166873],[106.79872454715235,10.8720323831537],[106.79869653596155,10.872025425782194],[106.79860655893573,10.872009368731748],[106.79860028970437,10.872009156896468],[106.79857751319301,10.87200838396696],[106.79850955702268,10.872012411755973],[106.79848451230535,10.872012406820717],[106.79845856911938,10.872014394645134],[106.79843156613609,10.872015390783769],[106.79833798343161,10.872027754040854],[106.79831347408656,10.872030991707895],[106.79828754780515,10.872034416814603],[106.79825656718104,10.872041392884766],[106.79821851422666,10.872053366867712],[106.7981555143266,10.872072385818614],[106.79813051066961,10.872084404770588],[106.79810254664878,10.872112435458991],[106.79801255171793,10.872199443828551],[106.79797457196167,10.872232393866707],[106.79794053060027,10.872270391039969],[106.79790552831865,10.87231345386742],[106.79786753798132,10.872365387855481],[106.79783053621382,10.87241939675621],[106.79780955985096,10.872461416440412],[106.79780744349532,10.872466648757351],[106.79778854412551,10.872513383834649],[106.79777851467458,10.872536380451631],[106.79776455924333,10.872579375106339],[106.79774936584495,10.87262483466071],[106.79774350608045,10.872642368670837],[106.79772953947685,10.872704436783623],[106.79772457089592,10.872750380362637],[106.79772456659255,10.872814390557261],[106.79772956562341,10.872863374636337],[106.79773245234817,10.872882069382142],[106.7977365125175,10.872908374488055],[106.79774954386642,10.872967456837612],[106.79778457365008,10.873083420455808],[106.79776961306787,10.873090517226089],[106.79758853466174,10.873176396960824],[106.79750252898911,10.873217373673596],[106.79623652931517,10.873214454730292],[106.79607056253873,10.873213392686052],[106.79589054324053,10.87353043523775],[106.79559158809533,10.873531452866562],[106.79492155588764,10.87353246697111],[106.79492072312821,10.873532063004841],[106.7947275810554,10.87343846822169],[106.79458151679415,10.873368446783019],[106.7942715546792,10.873154418777627],[106.79413151865349,10.87303944342118],[106.79386755696271,10.87282046742199],[106.79384156095755,10.87278547702757],[106.79383458541093,10.872775465451122],[106.79382556712284,10.87276347202018],[106.79379737574067,10.872725210280814],[106.79375553205475,10.872668418673612],[106.79375478918725,10.872662039878835],[106.79373655778446,10.872505477011233],[106.79372933015004,10.872505553996142],[106.79346054402832,10.872508402430027],[106.79345373453557,10.872508005197624],[106.79318657723229,10.872492427099662],[106.79318597177051,10.872492423731403],[106.79301857519917,10.872491460679337],[106.79289055719805,10.872491443246625],[106.79287969478759,10.872604118237996],[106.79287956235444,10.872605486436129],[106.79287231884936,10.872604682057176],[106.79285563692687,10.8726028312455],[106.79250955086387,10.872564429642138],[106.79234358674809,10.872542482285679],[106.79229656479284,10.8725354089213],[106.79226454480673,10.87252548226462],[106.7922345630777,10.872515458290367],[106.79218158743714,10.872488424941354],[106.79215656078809,10.87245044699812],[106.79215055282353,10.872436454504466],[106.79214553872268,10.872404467272085],[106.79215658662481,10.87211042073117],[106.79215918546232,10.871987546838907],[106.79215944474107,10.871975295882807],[106.79215956807914,10.87196946286948],[106.79215228254242,10.87196919197334],[106.79205054844135,10.87196540393972],[106.79181352541382,10.871965484506754],[106.79175853107049,10.871965490171554],[106.79171054890169,10.87196447675083],[106.79162658813819,10.87196449110153],[106.79158758679331,10.871964442517555],[106.79154752130401,10.87196240693196],[106.79148053518085,10.871962454100826],[106.79142553738266,10.871961465319659],[106.79141052539232,10.871961424897664],[106.79137657733496,10.871961450463056],[106.79132958085493,10.871961428039905],[106.7912905772889,10.871960476331479],[106.79090757936126,10.871959422771775],[106.79054252773109,10.871956409561788],[106.79052057288708,10.87195549041814],[106.79050555998153,10.871955450858962],[106.78975856437923,10.871950476417801],[106.78974754994856,10.87195042238663],[106.78973759306885,10.871950455176263],[106.78931754786943,10.87194744760625],[106.78919058213727,10.87194543625377],[106.78910556224346,10.871945452592906],[106.78892059437173,10.871946438771765],[106.7889203413769,10.871946009323764],[106.78885958268224,10.871842495353082],[106.78883457208626,10.871808495540225],[106.78881649874226,10.87178300692427],[106.78880758384732,10.871770434415843],[106.78876154626325,10.871699436304903],[106.78874357572755,10.871672466585562],[106.78864158327086,10.871497508794393],[106.78862359340314,10.871465473120848],[106.78858754589751,10.871403486620057],[106.78827754287438,10.870870490505052],[106.78826258774015,10.870843507847285],[106.78821759017755,10.87076744642959],[106.78810357600948,10.87056251262376],[106.78807158215007,10.87049445193537],[106.78805355115946,10.870450485373562],[106.7880494214901,10.870439795973422],[106.78804852726613,10.870437481140243],[106.78803754374358,10.870402441266295],[106.78802852134979,10.870367483359075],[106.78798158846958,10.870102473612834],[106.78796956484554,10.870028470360914],[106.78795653239591,10.869946512609856],[106.787952519836,10.869920488272745],[106.78794857883648,10.86989347019864],[106.78794256672842,10.869856512415941],[106.78790351473596,10.869601511314242],[106.78787352329036,10.869392498586661],[106.78786452281531,10.869320471199414],[106.78785955986984,10.869281432478397],[106.78785057095136,10.869212481360227],[106.78782155992326,10.868850492348471],[106.78781350955244,10.868747454569487],[106.78778756202082,10.868224437537469],[106.78778450458265,10.868125448177873],[106.78778453925537,10.868004482096294],[106.7877885745521,10.86797146978209],[106.78779257114181,10.867949487294988],[106.78779956826472,10.867922432280212],[106.78780657004683,10.867896461144857],[106.78781553606467,10.867871476872564],[106.78783452189016,10.867820512177978],[106.78784650814659,10.867796423514534],[106.78786152839399,10.86775550931387],[106.78785954379208,10.867751805097631],[106.78781650487804,10.867671489953636],[106.78777755717043,10.867446503906809],[106.78776555002129,10.867355502664005],[106.78774654925712,10.867205489347604],[106.78773935169752,10.867205767670724],[106.78692154040606,10.867237474512581],[106.78663952348765,10.867248460130389],[106.78620551894977,10.86726448150281],[106.78493654093786,10.867310523298425],[106.78477656133064,10.867316486804235],[106.78446002162794,10.867329210235901],[106.78445253238738,10.867329511160184],[106.78388951953079,10.867363501025064],[106.78336557139309,10.867438493280806],[106.7830435414399,10.867484509087895],[106.78278251259957,10.867542956634805],[106.78256556831673,10.867591532445497],[106.78256041313477,10.867592660780284],[106.78241955809777,10.867623483941362],[106.78205156457692,10.867706542685875],[106.78201259131754,10.867714537446936],[106.78195758441414,10.867732531852948],[106.78068037521251,10.868142708415947],[106.78061252873961,10.868164497255124],[106.78058057807672,10.868174550210133],[106.78036477894831,10.868244225512083],[106.78000759409187,10.868359549274604],[106.77995560154977,10.868376538839074],[106.77993955043246,10.868381475138516],[106.77996954325776,10.86841654480714],[106.78000252950325,10.868510549853433],[106.78003057157426,10.868592545532803],[106.78014157749807,10.868933557858567],[106.78015356115064,10.869040470995765],[106.78019257370788,10.869219530468763],[106.78022395779158,10.869301536609713],[106.78029053738445,10.869475512656846],[106.78035557538301,10.869632515801621],[106.78042159294553,10.869789513832641],[106.78051558984703,10.870053554817677],[106.78049658248234,10.870230549670454],[106.78049960202696,10.87027547202012],[106.7805055975248,10.87039551502448],[106.78055959601365,10.870479503680194],[106.78057660116704,10.870510547906596],[106.78051763187904,10.87061331996669],[106.7805025874844,10.870639537636073],[106.78046657914518,10.870698514288303],[106.78048758960999,10.870731534794086],[106.78049744260301,10.870738009656595],[106.78056055162082,10.870779477890745],[106.78063061259058,10.87086151334827],[106.78074760229545,10.871011471694656],[106.78084261219895,10.871109518237859],[106.78091657510306,10.871185484621906],[106.78093554752687,10.871240479151133],[106.78093160132572,10.871321499922308],[106.78092757967309,10.87138054920168],[106.78088158294689,10.87145248843492],[106.78085133220482,10.871473475963382],[106.78080655142921,10.871504544837455],[106.78076456092468,10.871534520448252],[106.78074756694325,10.871572548212127],[106.7807415968645,10.871635493944313],[106.78076960552829,10.871685487067953],[106.78078293975159,10.87169285062427],[106.78081858077068,10.87171253500729],[106.78089084567019,10.871720116690714],[106.78089457391434,10.871720506462614],[106.78096709723333,10.871720512636479],[106.78097355690139,10.871720513562178],[106.78101360396127,10.87173954581664],[106.78103956196234,10.871785476883112],[106.7810395694232,10.871875523489726],[106.7810125903311,10.87199350749699],[106.78098958193445,10.872081553035505],[106.78098355862538,10.872150554847813],[106.78098761754268,10.872190502590305],[106.78102843318777,10.87222133037393],[106.78102861199137,10.872221464470055],[106.78107896039428,10.872223294259483],[106.78108557454337,10.872223534223702],[106.78115155799554,10.872238500905066],[106.78121055347276,10.872305476500385],[106.78126060994022,10.872405482637147],[106.78130961353169,10.872506486697294],[106.78132455784643,10.872596481345886],[106.78133955460329,10.872657548693773],[106.78135658212679,10.872739491642168],[106.78142261132494,10.872833477714321],[106.78146156563062,10.872885510494758],[106.78152560922285,10.872906542206447],[106.7815375842221,10.872966533075129],[106.7815745721888,10.873149488019816],[106.78169256353117,10.873392471405431],[106.78169456089468,10.873447524668343],[106.78168493860024,10.873471748040373],[106.78166359853506,10.873525469432781],[106.78168493839416,10.873559493964365],[106.7817865577525,10.87372151482415],[106.78184655592509,10.873860542967694],[106.78188559197724,10.873914475607483],[106.78190558693686,10.873959522595152],[106.78190556946487,10.8739765196733],[106.78190963123188,10.874038527703213],[106.78189462650167,10.874150503323666],[106.7819195903345,10.874236488460259],[106.78194462179552,10.874298514638538],[106.78191760575639,10.874361529255998],[106.78182723073266,10.874451911969896],[106.7818236323143,10.874455509323083],[106.78178061248691,10.874515504988478],[106.78177723869301,10.87456528607396],[106.78177458122997,10.874604487042227],[106.78180959197066,10.874694507345739],[106.7818895662745,10.875026490553672],[106.78201863487563,10.875551512664387],[106.78201162040835,10.875661473539397],[106.78194956798006,10.875934535586858],[106.78194761073577,10.875979475506854],[106.78202262574712,10.876141506915564],[106.78205264183276,10.876270510881751],[106.78208362719896,10.876396526575174],[106.78207660934466,10.876505493056419],[106.78207559804733,10.876847512354177],[106.78207464642985,10.876899500095039],[106.78207263196344,10.87697246692857],[106.78209358571624,10.877076548206102],[106.7820316180982,10.877198536147207],[106.78188860295259,10.877510474678763],[106.78187858921908,10.87764747885141],[106.78186158700123,10.87770548692523],[106.78180858916056,10.877759548842036],[106.78163659603462,10.877827481024731],[106.78161218455658,10.877837593818256],[106.78132261399638,10.877957550059296],[106.78123662829209,10.878005484163312],[106.78123182653972,10.878012102203856],[106.78121904615007,10.878029719795444],[106.78119961066251,10.878056509123788],[106.78120086158346,10.878064951904546],[106.78121961415401,10.878191512291806],[106.78124960697347,10.878226489506295],[106.78129662104585,10.878296489295394],[106.78132663614832,10.878359493153557],[106.7813206588229,10.878398479266206],[106.78129664880377,10.878436530635085],[106.78127561862141,10.878485514017662],[106.78127959345467,10.878588476271812],[106.78125861273143,10.878629501571293],[106.78123865627731,10.878683541941472],[106.78124963995045,10.878740552911902],[106.7812555986265,10.878784470941632],[106.78122570319194,10.878852075769501],[106.78122460778475,10.87885455279357],[106.7811966309442,10.878945506933723],[106.78122763184578,10.879075501153848],[106.78124460815543,10.879405527263087],[106.78124780350446,10.87946690629979],[106.78125163528195,10.87954048358896],[106.78118461917659,10.879642509960423],[106.78117464111591,10.879658546086663],[106.78113660295152,10.879719517581837],[106.78113960564879,10.879781528259427],[106.7811416157512,10.87983947426789],[106.78112460237347,10.879893504751806],[106.78111460733663,10.87994850697064],[106.7811166436533,10.879992527667593],[106.78114363393273,10.880053553786432],[106.78113862955927,10.880155552693337],[106.78106662960167,10.880256510083692],[106.78103897800727,10.88029072715085],[106.78098662737897,10.88035550462675],[106.78090867165659,10.88043550827081],[106.78082862317194,10.880499513595403],[106.78076360985301,10.880613556383176],[106.78058064337168,10.880891545093212],[106.78056966343934,10.880945556208017],[106.78058821376875,10.88104173022276],[106.78060361199705,10.881121556926097],[106.78058463968392,10.881308497415311],[106.78055262677016,10.881410495683458],[106.78054621512392,10.881428258216864],[106.78052266132052,10.881493500353164],[106.78050264630834,10.881508485354885],[106.7804626668731,10.881509524454994],[106.78046067120873,10.881508995081203],[106.78038360923871,10.881488543079902],[106.78037888078691,10.88148883015007],[106.78033465771928,10.881491509773161],[106.7802216261601,10.881572534092737],[106.7800686605991,10.881690487004022],[106.78004524783285,10.881727324939497],[106.78004067389332,10.881734520763464],[106.78002364611973,10.88180654448443],[106.77997163718828,10.881841523910838],[106.77990695869191,10.881861210366383],[106.77988964494197,10.881866480014821],[106.77983964099727,10.88191456612896],[106.77972764225214,10.882098563356685],[106.77964743874018,10.882217247432704],[106.77960064172835,10.882286497168554],[106.77950366120933,10.8823624945197],[106.77941667925084,10.88240654166303],[106.77930578430195,10.882573568781304],[106.77926267195532,10.882638503980862],[106.7790626777316,10.882923511690654],[106.77899368665369,10.882956560912513],[106.77893367784411,10.882968514079007],[106.77885968225088,10.883015505277884],[106.77883467376746,10.883048498348685],[106.77881262151215,10.883085549513787],[106.77876663001508,10.883118292890439],[106.77876069403871,10.883122519101079],[106.77869464698774,10.883155559299363],[106.77863163607792,10.883172496285287],[106.77859867297438,10.883195569273735],[106.77856464331826,10.88323754306925],[106.77852265612799,10.883313537578328],[106.77839666380872,10.883443516626583],[106.77821363974013,10.883617532542036],[106.77800164103039,10.883812531449426],[106.777875687661,10.883954533402267],[106.7777596576482,10.884085560958647],[106.77772963416949,10.884129510970157],[106.77770866534557,10.884174515462666],[106.77768467368423,10.884196563926327],[106.7776781997982,10.88419543028921],[106.7776446671818,10.884189555363735],[106.77761456734365,10.884186680169261],[106.77761266980848,10.884186499394069],[106.7776123030537,10.884186768206328],[106.77758264539357,10.884208568048361],[106.77757570869952,10.88422584594251],[106.77753768793482,10.884320554355266],[106.77749267466558,10.884393576585342],[106.77747567181444,10.884411961225803],[106.7773145733627,10.884586150987912],[106.77714963383465,10.88476449386067],[106.77702766380263,10.88487954205385],[106.77691164930475,10.884971515533332],[106.77680069270218,10.885020526565254],[106.77670467571441,10.88504851113468],[106.77669458533389,10.885052164511734],[106.77661064403854,10.885082549459906],[106.77659130768885,10.885106482488892],[106.77657270632162,10.88512950634504],[106.77655864257369,10.88518651089881],[106.77656467937734,10.885252580439696],[106.77655967524895,10.88531154439657],[106.77654168624521,10.885367569486162],[106.77647364385858,10.885457572548935],[106.7764086475845,10.885533551582043],[106.77636069103694,10.88558452136978],[106.77634668433573,10.88561358846686],[106.77633365687741,10.885642563696466],[106.7763226921839,10.885701548490578],[106.77631564527134,10.885758529571179],[106.77632467428714,10.885817535188192],[106.77634071157631,10.885874529466935],[106.77634064590715,10.88594351132203],[106.776326702577,10.886013535799016],[106.77629365235812,10.886077563749975],[106.77625970976884,10.886123515558312],[106.77622465382976,10.886152563548166],[106.77617968514882,10.886172513364043],[106.77612168134314,10.886197568264738],[106.7760347110545,10.886245505363148],[106.77595868620875,10.886317544493481],[106.77586471960028,10.8864375592834],[106.775817673932,10.886534544156012],[106.77579367616076,10.886642573005668],[106.77578966687402,10.886705511241203],[106.77577870078197,10.88676359021987],[106.77575772347303,10.886806514534307],[106.77570668499558,10.886882537195627],[106.77566971767315,10.886948569704689],[106.77563170432454,10.887039557052994],[106.77559667054324,10.88711950652466],[106.77556665946514,10.887167523432021],[106.77553270766384,10.887210581499177],[106.77547571393328,10.88726655339195],[106.77540268961596,10.887333518169683],[106.7753417085698,10.887392579683421],[106.77526067580654,10.887478557938786],[106.77521769205619,10.887527522166454],[106.77518265860812,10.887541561747826],[106.77507867997977,10.887579519218571],[106.77506671288938,10.887587514412278],[106.77503468497045,10.887609332815469],[106.77492867406308,10.88768154965176],[106.77487367369746,10.887724587565996],[106.77483869892579,10.887755533555142],[106.77461482238714,10.888086738167821],[106.77457373099232,10.88814752757573],[106.77448373100967,10.888236518809029],[106.77431542514269,10.888332811821074],[106.77425468621023,10.888367562830267],[106.7738396699532,10.888717564596336],[106.77354374243986,10.888969526439046],[106.7732586922135,10.889225522477712],[106.7732425934294,10.889245788753545],[106.77308471647318,10.889444529483287],[106.77291771895167,10.889608545293939],[106.77273969710623,10.889813554501835],[106.77272873686059,10.889851562746806],[106.77273568658772,10.889876583149023],[106.77275469487827,10.889897584835987],[106.7727757289403,10.889915594752699],[106.77278372209986,10.889936544568949],[106.77277972333805,10.889958527864247],[106.77276374374783,10.889984527808336],[106.7727207509246,10.890031592467171],[106.7726267381122,10.89011652770684],[106.77255573172987,10.890200574441035],[106.77251272588401,10.890243572917253],[106.77245072125089,10.890290611417598],[106.77235773408493,10.89038856080043],[106.77220968773446,10.890601606785129],[106.7721617024856,10.890666590875792],[106.77209173503384,10.890723599873013],[106.77198971943754,10.89078460374481],[106.77187475079243,10.890852613362412],[106.7718683325623,10.890857379851436],[106.77183622131741,10.890881221401706],[106.77179671473047,10.890910554989418],[106.77167770295759,10.891009587097141],[106.77157972160477,10.891103577112878],[106.77148669898621,10.891213553239224],[106.77139070917286,10.891338545662807],[106.77134287800196,10.891394614767222],[106.771332700308,10.891406547135643],[106.77128475257103,10.891438619876345],[106.77122772408151,10.891462586821591],[106.77116971757847,10.8914875532237],[106.77110370079818,10.891574566275096],[106.77109926715411,10.891587875294894],[106.77107771280129,10.891652585032757],[106.7710487464309,10.89176460690857],[106.77100971975163,10.891912554785545],[106.77094671557388,10.892153615175406],[106.77090270952777,10.892257551081839],[106.77084572447008,10.892360626180686],[106.77079972673414,10.892433557804118],[106.77075074841915,10.892495560911614],[106.77069571484253,10.892573585912988],[106.77066673408802,10.892636608165645],[106.77063376116251,10.892679571229316],[106.77059973876328,10.892702557518428],[106.77055406497149,10.892732337281734],[106.77055374555762,10.892732546265178],[106.77041877570119,10.89284257131189],[106.77024374586104,10.892996577315214],[106.77013174801704,10.893095587401982],[106.77010573018262,10.893120625319805],[106.76999477161061,10.893192597707182],[106.76996286365438,10.893218238285753],[106.7699587325187,10.893221557058602],[106.76992772502538,10.89326560103791],[106.7699087812019,10.893307613378244],[106.76989671279213,10.893352586062074],[106.76988872525608,10.893399626188668],[106.76987974943683,10.893422618610291],[106.76984736047595,10.89346898684876],[106.76983575527683,10.893485600330271],[106.76978472142434,10.893586576279635],[106.76975473753342,10.893665601746845],[106.76971873783023,10.893736788719798],[106.76966675973091,10.893839571280239],[106.769660343627,10.893837467303031],[106.76965475070598,10.893835631789488],[106.76931676499235,10.893724557780006],[106.76930857565802,10.893721995031374],[106.76930075349041,10.893719547678527],[106.76929674255994,10.8937194895935],[106.7692944238112,10.89371945571622],[106.76927479815166,10.893719172000434],[106.76888971952546,10.893713591143978],[106.76888837670299,10.893713287340345],[106.76882373161425,10.893698622220608],[106.76872678481028,10.893675619193854],[106.76868589841732,10.893665192638414],[106.76842475029484,10.8935985978525],[106.76841874598749,10.893519600692247],[106.768423330377,10.893304136225353],[106.76842772480333,10.89309763196142],[106.76844572379403,10.89277761476254],[106.76844673165238,10.892763599367775],[106.76842473977503,10.89233061060587],[106.76841753040375,10.89233164431575],[106.76841750297702,10.892331648022836],[106.76818874652265,10.892364411031403],[106.7680969873997,10.892377553380749],[106.76794975644823,10.892398638875624],[106.76784707570606,10.892412911243936],[106.7673167140472,10.892486627711058],[106.76726910699443,10.892491542481158],[106.76726874857728,10.89249157892608],[106.76726921923354,10.892490387696531],[106.76739074570511,10.892182607172376],[106.76751771515906,10.891937630466993],[106.76768374019245,10.891619562937365],[106.76765172635021,10.891611621714636],[106.76729571813682,10.89152456377564],[106.76729049591741,10.891524677823734],[106.76693494688789,10.891532442474468],[106.76688073914151,10.891533625632812],[106.76688059134314,10.8915331967211],[106.7668805516213,10.891533081140324],[106.76682794854302,10.891379668930597],[106.76668872431303,10.890973636144611],[106.76666975620616,10.890919634168872],[106.76657975486425,10.890653585840472],[106.76648976596258,10.89039061284685],[106.76647273396676,10.890262649696027],[106.76644575722926,10.890071614605427],[106.76626332285127,10.88923068545748],[106.76624575804252,10.889149719581312],[106.76618173079233,10.888854589065538],[106.76602673249765,10.8884415712138],[106.76602225171052,10.888442920361877],[106.76602032014382,10.8884435008008],[106.76591871387028,10.888474086131355],[106.76591375978228,10.888475576965728],[106.76591214566277,10.888473479597026],[106.76535271914521,10.887746565761791],[106.7651957494122,10.887241607562915],[106.7651517012356,10.887021606553473],[106.765151317024,10.887019966152751],[106.76509574515906,10.886782570429768],[106.76506268039634,10.886709629025004],[106.76499071921948,10.88664558601834],[106.76490673441447,10.886528602677776],[106.76477868190815,10.88636457058219],[106.76471370816071,10.886269585630403],[106.76468070233105,10.886191580645356],[106.76468272916452,10.886121597670595],[106.76465471599941,10.88582460639933],[106.76462275125675,10.88578664897333],[106.7645936765131,10.885554575044411],[106.76461865473959,10.885548848764781],[106.76464568927466,10.885542651026377],[106.7646017247024,10.885213615787244],[106.76456855128326,10.884965757911488],[106.76456237980375,10.884919655096347],[106.76455768617568,10.88488458077114],[106.76455069842625,10.8848486217768],[106.76454365594554,10.88484946589301],[106.7640836820709,10.884904591731262],[106.76408311461837,10.884903395800011],[106.76368272293877,10.88405959603919],[106.76361471823553,10.88382665517116],[106.76351313694609,10.88375360077958],[106.76324067921183,10.883557656840217],[106.76275471617909,10.883207657788528],[106.76263069210282,10.883096594085314],[106.76225270613665,10.88281965215623],[106.76221072099878,10.882785613779458],[106.7620804692814,10.882683649279038],[106.7620586850073,10.88266659381585],[106.76189370042304,10.882533604365436],[106.76189035958873,10.882536391578524],[106.7618870224067,10.882539176971536],[106.76188173891835,10.882543587853805],[106.76187785463011,10.88254036070227],[106.76185768108729,10.882523597331083],[106.76180473386637,10.882482635086184],[106.76178883883583,10.882465851279532],[106.76173371796237,10.882407647761065],[106.7616086848695,10.882309604582217],[106.76157768369272,10.88228864160469],[106.7613977359662,10.882147652793014],[106.76127973334441,10.882076618775839],[106.76121166420904,10.882025670861989],[106.76117927988201,10.882001361246164],[106.76114367345353,10.881974634080153],[106.76087971050706,10.88168465583279],[106.76084654501223,10.881644290894581],[106.76074169167589,10.881516677728074],[106.7605767258921,10.881299605813405],[106.76054968149708,10.88126561110321],[106.76051869298273,10.881248624681529],[106.76058388000182,10.88112343944476],[106.76060668916422,10.881079633082662],[106.76073766400313,10.8808586019096],[106.76092173100233,10.8805876719533],[106.76097772449096,10.880503587713962],[106.76122470599061,10.880166147952528],[106.76124265756563,10.880141621010601],[106.76131369635699,10.880022588030922],[106.76135071873418,10.879949596901225],[106.76136870554716,10.879914640324058],[106.7613986653679,10.879850622109556],[106.76141267549471,10.879821645066995],[106.76180068014384,10.878999630906],[106.7618836496343,10.878838609944685],[106.76195170051625,10.878705665015966],[106.76193914829241,10.878701540722956],[106.76181167946059,10.87865965690883],[106.76177964670937,10.87864565906196],[106.76140770666572,10.878504668854653],[106.76143122440796,10.878402279641747],[106.76145365416579,10.878304622865315],[106.76148266059857,10.878136638091187],[106.76150165463402,10.877997614477941],[106.76150667759607,10.877965593417908],[106.76151606870224,10.877906174731915],[106.76154966510215,10.877693592887734],[106.76155565843166,10.877658582699942],[106.76155965124698,10.877634611587714],[106.76162765644426,10.877219589967451],[106.76166966272916,10.876969650399158],[106.76171229999389,10.876758759085812],[106.76175863006205,10.876529606439824],[106.76176472792588,10.876502010560456],[106.76176568824829,10.876497669073297],[106.76177883859205,10.876507510152253],[106.76178565582501,10.876512610695228],[106.7618042055348,10.876325408642648],[106.76182964813319,10.87606864685369],[106.76185862956127,10.875848585983018],[106.76186269733113,10.87582461281335],[106.76189969628903,10.875588615025945],[106.76191369370004,10.875555658582616],[106.76182089710849,10.875425464711526],[106.76181462533468,10.875416665890365],[106.76175962228372,10.875324627624874],[106.76168862503678,10.875232644736652],[106.76156463324914,10.87510666040821],[106.76137069374353,10.874931633483769],[106.76134163810845,10.874905600662359],[106.76133410944718,10.874883968178278],[106.76132564063339,10.874859635811303],[106.76132750220962,10.874841021623505],[106.76134264431025,10.87468960953072],[106.76133764867213,10.87463963083102],[106.76132964750055,10.874548613825922],[106.76179667815127,10.874389582716177],[106.76163078488553,10.874104371893864],[106.76151866125969,10.873911602035994],[106.76148366834045,10.87384761599667],[106.76144865010623,10.873798639246784],[106.7614036577999,10.873744632895113],[106.7613840361638,10.8737191096028],[106.76135062059981,10.87367564380725],[106.7613366766671,10.873656612471335],[106.7612656519574,10.87355658296281],[106.76122467531509,10.873507625793746],[106.76120362878837,10.873485633704712],[106.76118167440876,10.873462653811401],[106.76113065876987,10.873411647743355],[106.76111468633054,10.873395609907261],[106.7609286368346,10.87321061072355],[106.76090265258682,10.873178599484826],[106.76084864776166,10.873091623749787],[106.76069965473626,10.872866633985408],[106.760398681401,10.872425611851114],[106.76038268226894,10.872401616087858],[106.76038163884797,10.872382631769613],[106.76038391792959,10.872374188991506],[106.76038461891034,10.872371593092074],[106.76040762580011,10.872348643360114],[106.76042762432837,10.872328597244428],[106.7604376346999,10.872321602570922],[106.76046465684394,10.872303612569336],[106.76053966484231,10.872243605635616],[106.76068167154038,10.872118646031607],[106.76081166114037,10.872009635511468],[106.76094362175668,10.871925664855583],[106.76128264767796,10.871704582811494],[106.76138360422487,10.871643584478795],[106.76148967047028,10.8715766046634],[106.76171165367847,10.871433659224158],[106.76207666300134,10.87113266078586],[106.76213262045418,10.871082659418692],[106.76218066655254,10.871035579633764],[106.76222961836554,10.870988587259545],[106.76227766229997,10.870918632502423],[106.76228541966614,10.870905038722354],[106.7623436147184,10.870745641617015],[106.76236364502303,10.8707125776035],[106.7623745390263,10.870696706241343],[106.76240065369217,10.870658661900407],[106.762442654376,10.870608617876144],[106.76258659164378,10.870452639231262],[106.76271659136056,10.870302584308055],[106.76275365023837,10.870263586310166],[106.76280060562532,10.87020665456838],[106.76284663028493,10.870163647578307],[106.7629306012333,10.870099632069623],[106.7629816005002,10.87005561606669],[106.76299559733208,10.870045625864789],[106.76304159575274,10.870017627240411],[106.76307659162731,10.869993644314357],[106.763103627734,10.869979632593216],[106.76315764660322,10.869959654067674],[106.7632226183311,10.86994262354434],[106.76327861662448,10.869927610504064],[106.76328058929869,10.869908619879112],[106.76328462060809,10.869873617044647],[106.76329065479337,10.869828573142414],[106.76329762997295,10.86974962320986],[106.76330460820155,10.869671577272785],[106.76330762363824,10.869603578865577],[106.76330663401302,10.869578630665757],[106.76330563485803,10.869528636113781],[106.76330059420967,10.86946563810813],[106.76329064776861,10.869379600513792],[106.7632695853903,10.869285645220872],[106.76324559246008,10.86919459150112],[106.76320765666208,10.869085592220646],[106.7631935814332,10.869050649981821],[106.76311658544017,10.868878585827304],[106.76305759739238,10.868768570202729],[106.76292564297273,10.86856260068211],[106.76272462855611,10.868256594437582],[106.76269558357167,10.868211576622691],[106.76267662651532,10.868182615969857],[106.76252959670713,10.867957619559538],[106.76244361552023,10.867828618167405],[106.76235763532466,10.867699616740506],[106.76233560451804,10.867653579564086],[106.76229059546061,10.867549575443585],[106.76225361291317,10.86745458765407],[106.76220561800959,10.867270581569436],[106.76220557535183,10.867257653517619],[106.76219829298005,10.867258298550345],[106.76217163757404,10.867260658091368],[106.76212563187994,10.867263611997101],[106.76208765495983,10.867264326453578],[106.76202063131801,10.867265585830179],[106.76162750832557,10.86726509356593],[106.76124461021982,10.86726461326486],[106.76122462130373,10.867264589527863],[106.76117762269521,10.867264653738372],[106.76117337867126,10.867264257280631],[106.76110163471066,10.867257578536197],[106.76098861572126,10.867230647472676],[106.76091658512209,10.867211627225803],[106.76066327706728,10.867134808736376],[106.7606166458854,10.867120667899625],[106.76057001820313,10.86710294536971],[106.76047962729317,10.867068590142969],[106.760377650296,10.867027608633775],[106.76034064002954,10.867013626874277],[106.76029162740917,10.866997603534534],[106.7602436012891,10.866983658871792],[106.76017859639784,10.866967598574536],[106.76010559674185,10.866951654934821],[106.75991061951628,10.866914594877098],[106.75982563455788,10.866901673767138],[106.75975959951901,10.866893662422646],[106.759648585931,10.866879651553942],[106.75958663286407,10.866873617387196],[106.75958233954482,10.866873518486974],[106.75950062746865,10.866871640732063],[106.75941463391851,10.866872644524694],[106.75936365179301,10.866876610571206],[106.759298583552,10.866886587497858],[106.7592276334072,10.866902461575753],[106.7592060913806,10.866907281953795],[106.75917759836221,10.866913656538452],[106.75907659780563,10.866938668403114],[106.75897560057614,10.866964676440825],[106.75892384313133,10.8669793384604],[106.75870760411298,10.867040596712407],[106.75864565069818,10.867057615443716],[106.75860064904599,10.867067618590985],[106.75856665384049,10.867075596803472],[106.75851113709845,10.8670847015033],[106.75844458848151,10.86709561514364],[106.75827001174083,10.867134854020398],[106.7582666175868,10.867135616383608],[106.75819361913378,10.867142637680143],[106.75814661777429,10.867141616625743],[106.75814478314662,10.867141344208576],[106.75813898919942,10.867140483611976],[106.75809959638127,10.867134627373954],[106.75805061600816,10.867127646347107],[106.7578486535498,10.867099648853648],[106.75782864944173,10.867095645504326],[106.75781663799569,10.867090621540678],[106.75780861166201,10.86708160778271],[106.75779960066913,10.8670716028447],[106.75776459164913,10.867069637501437],[106.75776435936606,10.867069642782994],[106.75771759788725,10.867070606075547],[106.75769059851143,10.867072681594738],[106.75767908256394,10.867079318600057],[106.7576576206898,10.867091687071477],[106.75762560719004,10.867105623326609],[106.75760465634308,10.86711165845182],[106.75756762303402,10.867113680970464],[106.75756608876192,10.867112975449732],[106.757554856072,10.867107814225815],[106.75748262540137,10.867074629820051],[106.75739362449707,10.867033604755504],[106.75725596740406,10.866967984665754],[106.75634065703144,10.866531664645427],[106.75603859238538,10.866391613672986],[106.75601673586306,10.866383645859266],[106.75600860914702,10.866380683804536],[106.75598859994155,10.866375685937046],[106.75595765414177,10.866370632552279],[106.75595095668865,10.866370338970059],[106.75593464296037,10.86636962213929],[106.75562559589402,10.866374611818664],[106.75546159757552,10.86637469535453],[106.75540962502885,10.86637568075538],[106.75534665267773,10.866380678852545],[106.75532561470617,10.86638363957591],[106.7552656047575,10.866394684822454],[106.75511962274244,10.866413697949858],[106.75506561344815,10.866414686336627],[106.75506089646761,10.866414248850656],[106.75503263758998,10.866411630120771],[106.75500659505177,10.866406652817318],[106.7548927535475,10.86638161150132],[106.7548656504806,10.866375650475398],[106.75481551581348,10.866362303047156],[106.75475662458608,10.866346623865672],[106.75467664927156,10.866320666302423],[106.7546316354402,10.866304629858472],[106.75460859523955,10.866294669759002],[106.75460269127188,10.86629153406428],[106.75457662914101,10.866277686658323],[106.75441660454767,10.866180658927684],[106.75424960200758,10.866071627876924],[106.75412161654518,10.865990677962104],[106.75406160276128,10.865955703533759],[106.7539996345279,10.86592263479703],[106.7539566309149,10.865898636406577],[106.75367261109453,10.865739628437789],[106.75361563053465,10.865709707361805],[106.75359462259054,10.865698656638472],[106.75357459294415,10.865686697807474],[106.75357472631418,10.865686103438504],[106.7535847421932,10.865641622452188],[106.75362662703672,10.865455621571266],[106.75366363673562,10.865334624869545],[106.75366962295605,10.865319686474502],[106.75370264884367,10.865247702748029],[106.75371861064728,10.86521564692816],[106.75370160878302,10.865184690423245],[106.75367360203165,10.86515567187766],[106.75356760216873,10.865062623880513],[106.75351865524276,10.86502639188223],[106.75348260265407,10.864999704799919],[106.7534765938908,10.864984625660968],[106.7534666387402,10.864962689841235],[106.7534566164229,10.864943644355652],[106.75344462788081,10.864922708676966],[106.75342765264826,10.86489971095715],[106.7534136313253,10.86487968411187],[106.75339461273875,10.86485470333563],[106.75336659424562,10.864822698854182],[106.75333859328595,10.864795668167782],[106.75332458614487,10.864780705527384],[106.7533015975431,10.864763693879516],[106.7532835968258,10.86474964918168],[106.75325865223452,10.864734631827965],[106.75323264892617,10.864718622613111],[106.75319161753173,10.864697692191752],[106.7531476427999,10.864676679158915],[106.75310458527898,10.864658648163408],[106.7530575867979,10.864635654354739],[106.75302259297199,10.864615698620982],[106.75299263033749,10.864588672489988],[106.75298775665938,10.864584025511997],[106.75294858561206,10.864546686651755],[106.7529156431372,10.864508641325747],[106.75288262780832,10.86447068663391],[106.75288036858817,10.864467050847836],[106.7528596466287,10.864433693618682],[106.75284339076099,10.8643995968057],[106.75283959067012,10.864391627706974],[106.75281763776198,10.864345680742685],[106.75279962455758,10.864305689192745],[106.75278560073093,10.864262698689043],[106.75277661911467,10.864238679540215],[106.75275868865694,10.864200458669941],[106.7527386322663,10.864157705703182],[106.75270158553298,10.864087669108216],[106.75268358323041,10.864050659837721],[106.75266760527617,10.864009665421449],[106.75265762336254,10.86397968216693],[106.7526336217258,10.863930669138066],[106.75261261229213,10.863896652896566],[106.75258760112183,10.863861654387874],[106.75255561686286,10.863816646826523],[106.75252462416911,10.863774705138086],[106.75249064906582,10.863743716197039],[106.75247060692857,10.863727687470307],[106.75244958406033,10.86371265815728],[106.75239258471329,10.86367668091275],[106.75231559572849,10.863640676609343],[106.75222758256957,10.863601634587484],[106.75216260816607,10.8635716497494],[106.75212960185354,10.86355964269832],[106.75179360817113,10.863377657638425],[106.7517575833064,10.863364666872501],[106.75168564168531,10.863349712078248],[106.75167159708732,10.863345688884774],[106.75165665371851,10.86334365834249],[106.75161461603953,10.863337648920112],[106.75161459075488,10.863338294465002],[106.75160562517846,10.863559631434317],[106.75158090907122,10.86373160476069],[106.75157959961739,10.86374071691806],[106.75158263673515,10.86379169856376],[106.7515846166297,10.863842682748999],[106.7515806363557,10.863870633212338],[106.751570631193,10.863901675124158],[106.75155264306402,10.863936632086467],[106.75153560309448,10.863961641859142],[106.75150761153765,10.864005670590796],[106.75141961826196,10.864130632710232],[106.75134364272078,10.864240637711935],[106.75126261274843,10.864372718790683],[106.75122365024271,10.864429714176596],[106.75121821291296,10.864426621187192],[106.75117903740141,10.864404341080112],[106.75098802180644,10.86429570355769],[106.75089661908338,10.864243720452087],[106.75062402536788,10.864082849698029],[106.75051861969426,10.864020645204088],[106.75051832010702,10.864021036710994],[106.75051656359099,10.864023341322582],[106.75050562563008,10.864037683767172],[106.75048963763942,10.86406169384819],[106.75028761158428,10.864353651928827],[106.75026865310623,10.864391684715033],[106.75025266091477,10.86439164634116],[106.75025147073042,10.864391270529165],[106.7502451151665,10.864389269840235],[106.75023363083248,10.864385652291013],[106.75009560930982,10.86430265305945],[106.75005860454192,10.864290656984068],[106.75005844022019,10.864290747015483],[106.75005633779786,10.864291893809764],[106.75002562405332,10.864308666354496],[106.74971762162723,10.864785675114666],[106.7496965132469,10.864812542209686],[106.7496806632921,10.864832716999166],[106.74967714750927,10.864842827121521],[106.74967266784788,10.864855707551166],[106.7494636687367,10.865183670156497],[106.74938165696993,10.865315663614831],[106.74922765116634,10.865575729775607],[106.7492129119947,10.865601573596223],[106.74910960218754,10.86578270044074],[106.74910231725735,10.865782307367729],[106.74909066356277,10.865781678081808],[106.74907163100453,10.865774686851166],[106.74878961290388,10.865650657328016],[106.74875864530496,10.865638732797942],[106.7487016596186,10.865629696121205],[106.74870153680385,10.865630442328232],[106.74869732535772,10.865656065701922],[106.74869064335475,10.86569672535956],[106.74867761950365,10.865727688417818],[106.74859161462858,10.865929672263569],[106.74845962055703,10.866230712272555],[106.74838563125334,10.86639368970989],[106.74834363561084,10.86646868534263],[106.74832862625846,10.866491697744356],[106.7483153040171,10.86650775011904],[106.74827467775938,10.866556696774598],[106.74823764730372,10.866604734067291],[106.7482236372681,10.86663371149274],[106.7482221391934,10.866637011473257],[106.74813466898289,10.866829738405638],[106.74812061367079,10.866867663864149],[106.74800261317517,10.867248672207838],[106.74795465604646,10.86734565730888],[106.74793766532102,10.867680679761568],[106.7479356599441,10.86771269183681],[106.74793267033297,10.867766676354618],[106.74792568756243,10.86786768686833],[106.74789963166164,10.868289713530482],[106.74789263496594,10.86836369238584],[106.74788009856985,10.868579928842417],[106.74787964965716,10.868587678567954],[106.74788255062589,10.868639948940299],[106.74789064253766,10.868785731311924],[106.74790769045957,10.868921740280644],[106.74794267792805,10.86923471509059],[106.74793965787109,10.869256695046108],[106.74792363530746,10.869292730277088],[106.74790960071188,10.869301974147369],[106.74788569653784,10.869317717349118],[106.74787469981086,10.869322724204489],[106.74784365695525,10.86933367311383],[106.74781569060808,10.86934072840563],[106.74749064671344,10.86939069320966],[106.7474516962653,10.869405738503087],[106.7474126987116,10.869429731834572],[106.74741077566176,10.869432303655763],[106.74733549344168,10.869532960869648],[106.74723470248074,10.869667726872835],[106.74721668380695,10.869693731330281],[106.74709165560982,10.869889693341106],[106.74696670676802,10.870086739867036],[106.7467666458433,10.870404726177558],[106.7466857089058,10.87052071553661],[106.74658570461834,10.87068766338488],[106.7464927060253,10.870828734706976],[106.7464786749331,10.87085174477436],[106.74644764176341,10.87091169539244],[106.74643715870609,10.87093509171753],[106.74641267190749,10.870989742590465],[106.74637969106384,10.871053677163347],[106.74630764998909,10.871167737370897],[106.746288663018,10.871197724377854],[106.7462687064354,10.871230698664862],[106.74618570952107,10.871362694675009],[106.74609107542358,10.871537441061877],[106.74607466675833,10.871567742432127],[106.74605500949559,10.871606318792896],[106.74599600950116,10.871722100393699],[106.74599469465548,10.87172468108457],[106.74616727317732,10.87178077322494],[106.74704071683605,10.872064665026663],[106.74654193620934,10.873549547362428],[106.74643370473709,10.873871753062872],[106.74669870793292,10.873958683606096],[106.75005967837507,10.875054735147062],[106.75136067752443,10.875478677709086],[106.75135407695988,10.875502000950629],[106.75132879741717,10.87559133612263],[106.75131765636364,10.875630704948533],[106.75129252220452,10.87567535540733],[106.75118371623472,10.8758686472001],[106.751048719859,10.876106684155236],[106.75094471323699,10.876294713376852],[106.75083566904492,10.876487730130894],[106.75076816081807,10.876616698108077],[106.7507466883567,10.876657720567655],[106.75062366690516,10.876889660602705],[106.75047470884826,10.877148717664372],[106.75042942026253,10.877219975419042],[106.75039973887552,10.877266674655017],[106.75039402222353,10.877263816720804],[106.750391935275,10.877262772156701],[106.75028170558461,10.877207659414234],[106.75012770001317,10.877129686684437],[106.74941370650573,10.87677968341591],[106.7494119737876,10.876782015973292],[106.74938772120052,10.876814666333905],[106.74931570184582,10.876912723485072],[106.74925667255346,10.876992657275007],[106.74924570660737,10.877006705092752],[106.74920970657821,10.877024724309111],[106.7486356770317,10.877814691127185],[106.7485796772724,10.877898684810434],[106.74850471484942,10.877996660074418],[106.74849068454604,10.878019669332275],[106.74848470147315,10.87803569245893],[106.74848173416585,10.878050709562102],[106.74847968554609,10.878069701318362],[106.7484816973089,10.878084704944714],[106.74848372891952,10.878105672254591],[106.74849071551498,10.878119663487524],[106.74849787116366,10.87813003723015],[106.74849973682004,10.878132743191383],[106.74855972003417,10.878180736357217],[106.7485267342856,10.878220715839273],[106.74849270391492,10.87826367832897],[106.74848794337855,10.878260103083528],[106.74846873160953,10.878245675187136],[106.74838870776782,10.878183734113025],[106.74831672884861,10.878112726770658],[106.74832574150598,10.878100671437917],[106.7482676960695,10.878045709243821],[106.74823871943755,10.8780206692689],[106.74816669806893,10.877959697428395],[106.74797770982926,10.877842688287013],[106.74779714326351,10.877733333924613],[106.74769870086422,10.877673714318544],[106.74766173701711,10.877651684364352],[106.7476287103172,10.877633710561637],[106.74760368984404,10.877618693978668],[106.74717673897308,10.877379680960278],[106.74717465016047,10.877382200888903],[106.7471733274572,10.877383796240316],[106.74711369746082,10.87745573837086],[106.7469787462538,10.877617738365489],[106.74697396622399,10.877614343959191],[106.74696468210661,10.877607749516606],[106.74696207425278,10.877610682453328],[106.74688471248288,10.877697695899577],[106.74669175288864,10.877906715394627],[106.74662868955491,10.877975722422963],[106.74660371179164,10.877996687912571],[106.74657272476817,10.878024724176347],[106.7464347541959,10.878163680621439],[106.74640887404544,10.878180623470524],[106.74632469920269,10.878235731995796],[106.74625197873215,10.878302091709402],[106.74621075425034,10.87833971020799],[106.74618472880864,10.878362761001126],[106.7460317469251,10.878524728738196],[106.74595575559135,10.878608693742526],[106.74585568855251,10.878734687382343],[106.74583570508354,10.878759705569703],[106.74577070774,10.878837759723728],[106.74572870274092,10.878887711392077],[106.74556272962909,10.879067712663252],[106.74550474144539,10.879143754320548],[106.74548273191708,10.879171761385955],[106.74546370361608,10.879189726084295],[106.74539575965103,10.879265707790928],[106.74531174127611,10.879363714452914],[106.7451717350859,10.879525730175109],[106.74516721141784,10.87952214597299],[106.74515964232123,10.879516148894462],[106.74514775680304,10.879506731471402],[106.74514510525434,10.879510012580685],[106.74504272141084,10.879636719543255],[106.74501471263476,10.879675686350256],[106.7450077333082,10.87968673879195],[106.74500251883292,10.879683071849136],[106.74499775264462,10.879679718953007],[106.7449953316595,10.879682749807339],[106.74498174936264,10.879699752142349],[106.74492374924776,10.879771724799719],[106.74488076950787,10.879823758753515],[106.7448607264683,10.879853750040477],[106.74483571330403,10.87988673975857],[106.74482473355481,10.879896720346437],[106.74477273493888,10.879958729426315],[106.74475975088492,10.87997548934848],[106.74475876367633,10.879976765392854],[106.74473772722109,10.880003685353975],[106.74468499200728,10.880066156045128],[106.74468369833973,10.880067688916931],[106.74542071350773,10.88057973260113],[106.74545433150043,10.880601907445973],[106.74556474221707,10.880674739883128],[106.74561819194336,10.880722300985678],[106.74567011066421,10.880768497467688],[106.7456737735426,10.880771757200039],[106.74542974629426,10.881096757111276],[106.74542550415669,10.881093680960262],[106.7454248412913,10.881093199464253],[106.74541174814858,10.881083704612951],[106.7454093788559,10.88108687994484],[106.74504372618006,10.881576727760795],[106.74503916530792,10.881572690771428],[106.7448867264861,10.881437735209472],[106.74492674764018,10.88138073696642],[106.74490270649409,10.881365716104131],[106.7447177496918,10.881235763744625],[106.74449674998151,10.881088750016119],[106.74427376106192,10.88093369595741],[106.74409871431911,10.880812752990986],[106.74402371945459,10.880764717146686],[106.74397673539163,10.880746695944376],[106.74397046662536,10.88074669815902],[106.74394776679677,10.880746701134838],[106.743923734647,10.880756723046323],[106.74389670645073,10.880773716436996],[106.7438610336394,10.880804335929735],[106.74385473156923,10.880809745134622],[106.74381375599222,10.880851737963598],[106.74377476016969,10.880899689942876],[106.74373873494886,10.88093271703925],[106.74371155100715,10.880949363779848],[106.74370771557383,10.88095171306012],[106.74366476807087,10.8809677626423],[106.74362376471433,10.880978745277776],[106.74358772729506,10.880985734192056],[106.74354374839555,10.880986689221496],[106.74353872021261,10.880986250776125],[106.74352561547093,10.880985109834805],[106.74350971485674,10.880983725721546],[106.74348774149448,10.880977739054249],[106.74346371545137,10.880966696570148],[106.74345874084375,10.880961999157849],[106.74344577951183,10.880949756503155],[106.74342673903426,10.880917723941765],[106.74339578219448,10.880864753281651],[106.74334971935724,10.880782719649316],[106.74310675943782,10.880405773949064],[106.74305372363003,10.880336691967754],[106.74302574766068,10.880317706023192],[106.74299171090344,10.880313747153755],[106.74298772499719,10.880313741964473],[106.74297171826754,10.880313722314941],[106.74294172983728,10.880324756920043],[106.7428947248863,10.880345702976905],[106.74283974688464,10.880373727898682],[106.74273975527576,10.88043272692342],[106.74252175347912,10.880552773764304],[106.74236874462274,10.880638705485401],[106.74222874097501,10.880711757253616],[106.74207174820097,10.88080276417429],[106.7417717697791,10.880976778159875],[106.74170972689635,10.881012780108792],[106.7415327297725,10.88112274702783],[106.74137676662112,10.881228759592016],[106.74120527259998,10.8813340538198],[106.74117973888993,10.88134973134724],[106.74117731406585,10.88134635817544],[106.7411714628824,10.881338219272543],[106.7410827285487,10.881214790952063],[106.74095696595073,10.88111791901198],[106.74093078150243,10.881097749163562],[106.74079476041985,10.881005789205165],[106.74064472929471,10.880920744868096],[106.7403839836078,10.880763864194403],[106.74029572891362,10.880710765209612],[106.74027207608684,10.880703581387163],[106.74023976962683,10.880693767680697],[106.74023763513593,10.880694943451335],[106.74007412350494,10.88078493262099],[106.74001272981447,10.880818720936421],[106.73994274142598,10.880847789086618],[106.73988876552983,10.880882771164726],[106.73984082644905,10.880932827141885],[106.73977576799957,10.881000758171776],[106.73970773450291,10.881027737129466],[106.73965673394137,10.881026728126011],[106.7396564239718,10.88102647690607],[106.73963577999105,10.881009798450933],[106.73961873376321,10.880964737813393],[106.73956077234273,10.880843776282722],[106.73950028738483,10.880737737247117],[106.73947578670885,10.880694784368403],[106.7393537677364,10.880501789678497],[106.73912078141035,10.880173720674438],[106.73894778311633,10.8799407491814],[106.73890559192085,10.879893295194949],[106.73884374230741,10.879823730014182],[106.73848685490465,10.879486628759377],[106.73835676985328,10.879363757495225],[106.73820302739341,10.8792150180708],[106.73814077440784,10.879154792458815],[106.73813702533488,10.879157823018385],[106.73811978234691,10.879171765029515],[106.7369667241906,10.879872806481389],[106.73673573319486,10.880012780298008],[106.7366727834312,10.88004878417945],[106.73645872380288,10.880175774218742],[106.73645661338718,10.880172315920852],[106.73645650304285,10.880172136376968],[106.73609373890746,10.87957779899938],[106.73608900543901,10.879581590259622],[106.73608870258386,10.879581832603469],[106.7359378363344,10.879702670924882],[106.73590277543349,10.879730753641443],[106.73583174214524,10.879786763788376],[106.73581377166575,10.879804813136856],[106.73572938217605,10.879885858467416],[106.73563779719676,10.879973811833977],[106.73556072968854,10.880052806825292],[106.7355462039704,10.880069571349974],[106.73553472698893,10.880082815808526],[106.7354994787867,10.880141605672742],[106.73549578568228,10.880147764810145],[106.73544874818226,10.88022774820564],[106.73544479882949,10.880242769293805],[106.73543762647414,10.880241953390163],[106.73531356002319,10.880227843966848],[106.73527778700426,10.880223775898667],[106.73527528604286,10.88022393218223],[106.73524573079919,10.880225777190724],[106.73519375312787,10.88022576407779],[106.73512377664866,10.880235752841816],[106.7351078001693,10.880240776169876],[106.73501078699083,10.880264775252417],[106.73490480345717,10.880290791004025],[106.73488173390159,10.880295747576628],[106.73485874799877,10.88030278310789],[106.73481376196914,10.88031875033388],[106.7347129608082,10.880366000021548],[106.73468578546964,10.880378739735589],[106.73466175715258,10.880389755347158],[106.73460478020394,10.880406755413107],[106.73456279540507,10.880417830408447],[106.7345187652107,10.880425746105063],[106.73447277848781,10.880431383629269],[106.73441273792355,10.880438743150112],[106.73435777819212,10.880449768413378],[106.73433975975934,10.880453802932175],[106.73425723211814,10.88049006076586],[106.73423278945461,10.880500798334216],[106.73419677369917,10.880514746987314],[106.73510079456892,10.881828759645082],[106.73525878473332,10.882109788274615],[106.73579981465942,10.883040811074913],[106.73660176933102,10.884398813058857],[106.73665175303239,10.884479750376428],[106.73670575030725,10.884565737245973],[106.73667931400894,10.884579675309848],[106.73665592914182,10.884591460150345],[106.73664075296173,10.884598765439264],[106.73659081934146,10.884624783403266],[106.73657681852744,10.884633778125151],[106.73648380840568,10.884682809651984],[106.73578581589524,10.884932774200388],[106.73574278457122,10.884946744699405],[106.73569982710478,10.884959812751552],[106.73417576484923,10.885330773637076],[106.73345079994407,10.885500807306801],[106.73130579399715,10.88594878395571],[106.73139852702198,10.88612762030625],[106.73148884031735,10.886301792417537],[106.7315432939857,10.88650988656531],[106.731544839858,10.886515794769464],[106.73154316940021,10.886520162879053],[106.73140481175489,10.886881770331955],[106.73140278054726,10.887183835582483],[106.73145676156487,10.887343900126568],[106.73155384924992,10.887631787981263],[106.73158259211759,10.887799469071364],[106.7315898456746,10.887841784405365],[106.73164283515689,10.887941708089208],[106.73264782658437,10.889836820782712],[106.73263265891515,10.889959251864266],[106.73262076054279,10.890055291581179],[106.73261982493013,10.89006284489026],[106.73243580728158,10.890634826212482],[106.73243242142308,10.890633762185276],[106.73242907859415,10.890632710676394],[106.73189787168333,10.890465763388532],[106.7316128289434,10.890367766695052],[106.73157785922515,10.890355763917265],[106.73155180175378,10.890346807166436],[106.73155104409786,10.890348661912777],[106.73154892358119,10.89035385682681],[106.73154282062117,10.890368805220477],[106.73153628186945,10.890366591422616],[106.73096081285169,10.890171853662022],[106.73082281780611,10.890122840869783],[106.73062480224715,10.89006082128772],[106.73021982231487,10.889944853316692],[106.72999980120888,10.88986680766719],[106.7298318506755,10.889792848023756],[106.72955480861157,10.889649800272386],[106.72933182180256,10.88949482390745],[106.72924203330217,10.889431138010842],[106.72923881085379,10.889428852102538],[106.72923675826608,10.889432173671153],[106.72917579120245,10.889530859617985],[106.72910785568521,10.889640828186145],[106.7290188078412,10.889840827915997],[106.72899386476753,10.88989578655296],[106.72895986566074,10.889972833822645],[106.728871806647,10.890129795711692],[106.72880981863774,10.890252859775213],[106.72863486064601,10.890597791046174],[106.72845688427101,10.890919856714234],[106.72845149640524,10.89091603907488],[106.72832984640341,10.890829852417866],[106.72829286257743,10.890801851931366],[106.72826382177813,10.890779796214401],[106.72822585746675,10.890751797941501],[106.72818782374803,10.890725791426476],[106.72817383124728,10.890714806176057],[106.72815385855549,10.890697871696343],[106.72812383960697,10.890676811690222],[106.72811082669332,10.890665824217017],[106.72802284221127,10.890590793180833],[106.72793788286629,10.890517830798808],[106.72790882638662,10.890491794721267],[106.72785382864456,10.890445860823291],[106.7276038142271,10.890192787117702],[106.72758882829484,10.890177824629669],[106.72757286330057,10.890163864195884],[106.72754083774377,10.890128795593139],[106.7275364335941,10.890131563252988],[106.72741196082696,10.890209768329363],[106.72733386900056,10.89025883206793],[106.72719084234761,10.890332792163443],[106.72709885779973,10.890372865387437],[106.72699982957816,10.890404823085975],[106.72685685922546,10.890472815462575],[106.72640282787528,10.890699834137283],[106.72621718869682,10.890814406675297],[106.72239205048187,10.89317521573164],[106.7205439188398,10.894315850412502],[106.71895088111478,10.895425882633992],[106.71760288365053,10.896374926362801],[106.7176005688801,10.896371042783473],[106.71636492152402,10.894297856679781],[106.7163465260668,10.894271567996075],[106.71634188285809,10.894264929971468],[106.71620788215257,10.894027934901743],[106.71596492041876,10.893643913831461],[106.71574988280165,10.893285931559314],[106.71562492495889,10.893091941571178],[106.71541886413344,10.89280391155771],[106.71511886272322,10.892417898613171],[106.71494027293538,10.892187285350651],[106.71476188549555,10.891956933486513],[106.71431492026515,10.89140593132347],[106.71395789293459,10.890951928831623],[106.71355789505046,10.890436941096468],[106.71319788581819,10.889969925402664],[106.71317088556421,10.889948944762441],[106.71309654178903,10.889884621380611],[106.7131348766972,10.889777911054134],[106.71312988517533,10.88967992129655],[106.71310385432655,10.889584891347472],[106.71309686118593,10.889553383886264],[106.71309602033737,10.889549595076963],[106.71307989294273,10.889476926544841],[106.71309287211626,10.889383944674641],[106.71313691888665,10.889309941849039],[106.71320889032054,10.8892389241037],[106.71325990090268,10.889171949832148],[106.71328086181049,10.889097928166647],[106.71330188017158,10.88897092547727],[106.71332585846834,10.888919949491065],[106.71335785170672,10.888874914851764],[106.71342587681387,10.888796948523947],[106.71357286345362,10.888662951817285],[106.71365289352023,10.888587930097094],[106.71373991348734,10.888551944470473],[106.71383090549192,10.888530955741894],[106.71393184736598,10.888506949758835],[106.71404487043425,10.888462927907334],[106.71415086036195,10.88841395150318],[106.71426385310814,10.888336929428476],[106.71436088033617,10.88826890636325],[106.71445190733247,10.888211934756582],[106.71449490249032,10.888162887758673],[106.71450789435372,10.888120894196092],[106.71450789866348,10.888098925662229],[106.71449889443527,10.888066947240098],[106.71447986505915,10.888037896801377],[106.71441787176154,10.887997949685465],[106.71421187888164,10.887869942779734],[106.71397184078242,10.887688881039276],[106.71388686530341,10.887609948839959],[106.71382987972234,10.887554887866045],[106.71381483580413,10.887521934871694],[106.71381489659964,10.887493906527203],[106.7138218816536,10.887460884337775],[106.71384284238196,10.887409917801868],[106.7138938721313,10.887254885778193],[106.71394085120075,10.887177887688939],[106.71398790439297,10.887123946322925],[106.71405085726894,10.887063895371067],[106.7141508983425,10.886994869413188],[106.71429587853288,10.88689487250922],[106.71437989631465,10.886839910912236],[106.71447085108736,10.88678393126473],[106.71449337166845,10.886781176454559],[106.71449588685554,10.886780868415412],[106.71449595822884,10.886780878135268],[106.71452388889581,10.886784940688553],[106.71455185083856,10.886799860387423],[106.71468687158274,10.886933877766444],[106.71479584895269,10.887015896533802],[106.71494685356973,10.88714687936289],[106.71506685592045,10.88723194062443],[106.71520489079145,10.887317938626138],[106.71526287793162,10.8873559084486],[106.71529089728025,10.887388911847177],[106.7153488551898,10.887464943569197],[106.71541087278094,10.887559862786752],[106.7154848800083,10.887652932612355],[106.71553726126187,10.887695403936881],[106.71555885661172,10.887712913685883],[106.71560186503757,10.887737912725106],[106.71567986081386,10.887757919955998],[106.71575783799022,10.887771867599849],[106.71585101400701,10.887784740417997],[106.7158518814769,10.887784860633676],[106.71606888504223,10.887793851361012],[106.71620884970781,10.88779992138034],[106.71631489602693,10.887791901477806],[106.71637701975466,10.887789977345962],[106.71637984572494,10.887789890700141],[106.71646490017558,10.887798933276834],[106.7165328534652,10.887815897355594],[106.71659185786476,10.88784193158393],[106.71667088322002,10.887876851585615],[106.71672988349353,10.88792485430547],[106.71682383903226,10.887980884827336],[106.71687384449986,10.887999892406825],[106.71691589825038,10.888009887582713],[106.7169499110268,10.888012406564064],[106.71695687404993,10.888012922510415],[106.71701684833215,10.887988865654991],[106.71708183866623,10.887975912381789],[106.71719488832706,10.887963892425901],[106.71728984791469,10.887956903357306],[106.71734383812066,10.887948867300697],[106.71740183882721,10.887920928420922],[106.71746186649305,10.887889909484132],[106.71750183990049,10.887862930539995],[106.71752782972023,10.887827860441828],[106.71754289134086,10.887795897553598],[106.71754986314436,10.887758898586831],[106.71755386750705,10.887713861423292],[106.71755053744465,10.88768954032266],[106.71754916702118,10.887679533566397],[106.71754784154196,10.887669849402242],[106.71751987181204,10.887582873584897],[106.71750129938475,10.887547265082448],[106.71747189644222,10.887490896541182],[106.71743488517058,10.88740693156958],[106.71741289450425,10.887325902489966],[106.71740472331098,10.887274673230479],[106.71740188349528,10.887256864019147],[106.71740688422098,10.88719292976956],[106.71741486227694,10.887093905774307],[106.71741784363708,10.886988927406847],[106.71740986145367,10.886899899716926],[106.71740088503586,10.88680689567973],[106.71738883380036,10.88667285446567],[106.71739084922565,10.886595907267942],[106.71739586247797,10.886512895516843],[106.71739786066178,10.886430888592486],[106.71738482505228,10.886388887494359],[106.71735483057404,10.886328859524395],[106.71730486291258,10.886250903675183],[106.7172378194123,10.886164862775212],[106.7171971569814,10.886115145268564],[106.71714783904378,10.886054845494765],[106.71709888754177,10.885987914498616],[106.7170798677075,10.885938882717992],[106.71707682806726,10.88588491708058],[106.71708685376201,10.885815557356525],[106.71708782358172,10.885808846497046],[106.71709484980232,10.885741922605506],[106.71709485961263,10.88567492861462],[106.71708185067709,10.885617919831233],[106.71704787775244,10.885563869959565],[106.71695786627048,10.885513886635707],[106.71692058399412,10.88548954321762],[106.71685988620096,10.885449912512499],[106.71679683100629,10.88540788905589],[106.71676683792452,10.88537091523703],[106.71673981289962,10.885318924483398],[106.71672465665739,10.885250622231412],[106.71671784052272,10.885219903516267],[106.71669782225015,10.885117894039448],[106.71665682175178,10.88498991134761],[106.71662082132237,10.884914894610704],[106.7166136355739,10.884896904707576],[106.71659085377652,10.884839857059951],[106.71657086863063,10.884771931608155],[106.71657284456822,10.884705925830156],[106.71659484702367,10.884650887795454],[106.71662486102828,10.884576926960737],[106.71663385056624,10.884463886603823],[106.71664584709495,10.884393870688434],[106.71666793955417,10.884235404707606],[106.71667386833187,10.884192888204668],[106.71667501116407,10.884177142056537],[106.71668780943652,10.884000904350671],[106.71673586029553,10.88355484942652],[106.71677679922526,10.883312873383636],[106.71678352153661,10.883283016943487],[106.71681267051656,10.883153567558061],[106.71688286119671,10.882841862051713],[106.7169508054874,10.882645909406945],[106.71702186122724,10.882478878201123],[106.71707479460309,10.882330890235592],[106.71712581212472,10.882242850942516],[106.71725954217487,10.882021852225597],[106.71729885818738,10.88195688051092],[106.7176748089021,10.881310888605343],[106.71794980945596,10.880848838495153],[106.71790851716915,10.880840103887115],[106.71786978849757,10.880831913545881],[106.71771183738919,10.880768851827275],[106.7175437952895,10.880710885220063],[106.71733982713656,10.880624914976236],[106.71703680196553,10.880514846332154],[106.71686382132185,10.880445864972499],[106.71657980176316,10.880333927058638],[106.71630682452347,10.880229910366428],[106.71604879936176,10.880130908867846],[106.7158298160335,10.880043898162402],[106.71582283404723,10.88003090137212],[106.71538178736253,10.879860871328003],[106.71495322594797,10.879682676061444],[106.71475184370772,10.879598942330233],[106.71450925879311,10.87948701501096],[106.71412981791927,10.87931194398475],[106.71379281281669,10.879143934338842],[106.71347770268699,10.87897123877317],[106.71343036839346,10.87894529642557],[106.71340784195617,10.878932950414395],[106.7134152509048,10.878920589132944],[106.71342885247218,10.878897895385965],[106.71345580153515,10.87887990947083],[106.71323481179616,10.878613891232275],[106.71285079192756,10.878181937098773],[106.71258779788293,10.87794389826941],[106.71278619469497,10.877605992595829],[106.7127888217395,10.877601517606339],[106.71278977959352,10.877599886466767],[106.71288077887817,10.877628892261368],[106.71379392804094,10.877857178945366],[106.71379416969414,10.877857239660186],[106.71380083160831,10.877858905650085],[106.71382082415708,10.877788865592915],[106.7138357765759,10.87772290943361],[106.71385333680867,10.877640519988251],[106.71386178848302,10.877600862222552],[106.71390077314909,10.877407895675727],[106.7139128320962,10.877356865794592],[106.71393478031706,10.877284920253077],[106.71398840516544,10.877145777270277],[106.71400877389834,10.877092928636559],[106.71403882084611,10.877005857858755],[106.71404780421133,10.876960896356055],[106.71407965608016,10.876962483271008],[106.71408154962624,10.876962576769063],[106.71408877530062,10.876962937390891],[106.71427740776112,10.87704640530078],[106.71506280953395,10.877393939637532],[106.71515382720195,10.877428913916036],[106.71524777116419,10.87745890415988],[106.71525297561116,10.877460419208138],[106.71527414494462,10.87746658316131],[106.7152788065172,10.877467939904289],[106.71529913614796,10.87746043051758],[106.71535483479308,10.877439854480333],[106.715489838088,10.877358873997562],[106.7156021024413,10.877316043978873],[106.71566283676857,10.87729287289502],[106.71570581149895,10.877284871007639],[106.71571815621715,10.87728521730188],[106.71584780411871,10.877288855984172],[106.71595816133171,10.877286056304923],[106.71596578125704,10.877285863287092],[106.71600700580741,10.877281110477396],[106.71606977609838,10.877273872546322],[106.71609878087922,10.87726184737448],[106.71611682230773,10.877241900431509],[106.71612364376571,10.877226649896642],[106.71612978052927,10.877212928400853],[106.71613579982775,10.877184882215646],[106.71615081087165,10.877160874918008],[106.71619377275883,10.877148896233026],[106.71640482134288,10.877114871258467],[106.71647376994314,10.877113930176018],[106.71659623905852,10.87711674497813],[106.71660180030754,10.877116873022104],[106.71666984553266,10.87712708579119],[106.71681479645962,10.877148841224182],[106.71687965179562,10.877157433140312],[106.71688279574033,10.8771578490346],[106.71713833144776,10.877156058164283],[106.71715870669686,10.87715591535151],[106.71716380462408,10.877155879409143],[106.7171771754122,10.877158459856085],[106.71725182396324,10.877172870746318],[106.71733379961046,10.877187892255716],[106.7173985741783,10.877200647313092],[106.71739977490857,10.877200883095426],[106.71743877978359,10.87720184595552],[106.71748183034681,10.877193844489598],[106.71761778350454,10.87714983894871],[106.71770779222356,10.87710588681429],[106.71788378882064,10.877010854314229],[106.71798276096526,10.876961900860834],[106.71807279982114,10.876927892718633],[106.71814479693278,10.876912838992814],[106.71821678057489,10.876893897116698],[106.7182926242244,10.876864014395466],[106.71831578288328,10.876854888557244],[106.7183465559052,10.876848953393981],[106.71841961245569,10.87683486085195],[106.71850780916873,10.876817847584949],[106.71858401615845,10.876819789559816],[106.71858680137686,10.876819861233662],[106.71871477794205,10.876828859384943],[106.71881930591599,10.876842443397482],[106.71882277648747,10.876842894402307],[106.71894279517058,10.876840886748388],[106.71908235826206,10.876842880030756],[106.71908281833238,10.876842886715245],[106.71917177833775,10.87684785020786],[106.71919086957409,10.876851429534119],[106.71923195038055,10.876859134102663],[106.71923578949492,10.876859854240648],[106.71929778071518,10.876853871992678],[106.71937382334838,10.87682985364546],[106.71953177689561,10.87677791200585],[106.7195396916556,10.876772733222742],[106.71958078413834,10.87674584190001],[106.71963381399677,10.87672090172196],[106.71970679369922,10.876706838956261],[106.71987433917853,10.87669723269227],[106.7199337503259,10.876693826777727],[106.72005181932299,10.87667184518647],[106.72015879282567,10.87664890598926],[106.7202677982162,10.876623877483508],[106.7203668235476,10.876591831856468],[106.72039477172399,10.876579818676335],[106.72048781081362,10.876539824830246],[106.72054477613179,10.876518850644254],[106.72082281599292,10.876462821509058],[106.7209968130176,10.87642583691662],[106.72111479853145,10.876401865455774],[106.72118481417922,10.87638085079809],[106.7212347549616,10.876357818560855],[106.72126451087877,10.876331843388886],[106.72127477578769,10.876322883769314],[106.72130778686959,10.876289870478685],[106.72134080043402,10.876233892456156],[106.72137880670712,10.876112893555524],[106.72149116039697,10.8758415946456],[106.72151174911183,10.875791878250366],[106.72155980771727,10.875676815854028],[106.72158477691914,10.875582890965672],[106.7216027998939,10.875487901420577],[106.72160174184826,10.875393878958597],[106.72159377578592,10.875286857802665],[106.72159178589082,10.87520784585789],[106.7215957935051,10.875140837452651],[106.72162779214916,10.875074829849732],[106.72165958714281,10.875026434930062],[106.72169678095082,10.874969823503948],[106.72175604252574,10.874840691704115],[106.72178075633157,10.874786840838329],[106.72189477519372,10.874586852580782],[106.72207876410481,10.874304824013509],[106.72210041610691,10.874270855801464],[106.72228780025831,10.873976877052627],[106.72238674634227,10.873827838786783],[106.72243277738113,10.873720895350573],[106.72246678776285,10.873641882468828],[106.72262377163574,10.873360842242198],[106.72269974009525,10.873244876840259],[106.72277579581083,10.873155852629674],[106.72294776397281,10.873052874039972],[106.72306124777705,10.87299549745125],[106.72311984508369,10.872965871677373],[106.72321678984179,10.872916858038261],[106.72325084473735,10.872908077938112],[106.72335276816148,10.872881800757348],[106.72344573716342,10.872843806038636],[106.72352377241936,10.872713819865771],[106.72358877746737,10.872543822550156],[106.72362075665087,10.872355848661265],[106.72361273814977,10.872232825773661],[106.72360978559276,10.872182837633838],[106.72353275463423,10.871854802844616],[106.72352871505565,10.871841885505551],[106.72352225711982,10.871844144309847],[106.72351176034886,10.87184781623089],[106.7235072287281,10.871846464620658],[106.72348114032482,10.871838683242276],[106.72342477155239,10.871821872656792],[106.72333777280042,10.871792854530389],[106.72324972234632,10.871765831256075],[106.7231751107553,10.871743829688867],[106.7231617522419,10.871739890711734],[106.72307372206357,10.871718832017113],[106.72300145517218,10.871705191455854],[106.72298374513038,10.87170184843654],[106.72295146364253,10.871697895240937],[106.72289378662951,10.871690832179818],[106.72280278145587,10.871682802462706],[106.72271178302766,10.871676853741736],[106.72261972656214,10.871669820811322],[106.72261663319091,10.871669753761632],[106.72252874010505,10.871667848764266],[106.72243676998592,10.8716648835775],[106.72234472963045,10.87166282350544],[106.7222527668772,10.87166185069155],[106.7221617159948,10.871662861992531],[106.72206976058881,10.871663877032129],[106.72197871431341,10.87166687800406],[106.72188675124896,10.871665811967889],[106.7217937450041,10.871668816372507],[106.72169976567871,10.87167381447018],[106.72160873347651,10.871680886073841],[106.72151779066391,10.871691841926358],[106.72142973926685,10.871710833452642],[106.72134374515986,10.871735878976667],[106.7212607212957,10.871769864851016],[106.72117975561473,10.871809901108898],[106.72110175190655,10.871856889816238],[106.72102277508253,10.871905869513077],[106.72101929288296,10.871908026652676],[106.7209437232357,10.87195484942867],[106.72086473763025,10.872000847670321],[106.72078272008689,10.872042876896431],[106.72070077842974,10.872084905862678],[106.72061974188995,10.872126839739924],[106.72053773161826,10.87217085771939],[106.72045578758166,10.872211890406957],[106.72037377054454,10.872253830937616],[106.72029075955554,10.872291883699628],[106.72020577773947,10.872326869911712],[106.72012077891881,10.872356884064084],[106.72003479153341,10.872383825850706],[106.7199477260554,10.872404895813581],[106.71985876106379,10.872420906543265],[106.71976879835685,10.872431858807483],[106.71967777286872,10.872440825563233],[106.71958575346808,10.872445909060911],[106.71949373146703,10.872449905911317],[106.71940177453126,10.872450828871939],[106.71930876475035,10.872452840850835],[106.7192167289816,10.872452860892034],[106.71912476498447,10.872451882644649],[106.71903273746055,10.872453891441866],[106.71894175573128,10.872452911849694],[106.71893484197435,10.87245252865342],[106.71885075904704,10.872447866009498],[106.71875876999505,10.872438842884343],[106.7186687494481,10.872431893668113],[106.71857775046496,10.872425850622594],[106.7184857713461,10.872419903753075],[106.71839477236556,10.872413860652706],[106.71839351758402,10.872413874551752],[106.71830379705217,10.872414870591733],[106.71821176127142,10.872414891234873],[106.71811980459441,10.872415902403954],[106.7180277761337,10.872417910902612],[106.71793674413645,10.87242488742502],[106.71784579034077,10.872432859901407],[106.71776613321728,10.872444390237673],[106.71775575830036,10.872445891944324],[106.71766679953518,10.872463890867982],[106.7175787659011,10.87248885049824],[106.71749278718876,10.872518867938416],[106.71740673665717,10.872549877289],[106.71732076339501,10.872581881696673],[106.71723380647296,10.872612895663345],[106.71714874273152,10.872645891581547],[106.71711241599836,10.872661272071284],[106.71706376358266,10.87268187227678],[106.716979758438,10.872715859238314],[106.7168947696276,10.87274885395085],[106.7168087916724,10.872778871208482],[106.71671976460289,10.872799855150868],[106.71662980828387,10.872812885734282],[106.71653878707741,10.872823839497746],[106.71647918673048,10.872829064174399],[106.71644677794366,10.872831905294397],[106.71635476531016,10.872838886253845],[106.71626373950575,10.8728478511131],[106.71617378634177,10.87286187597513],[106.71608337089748,10.872881744930892],[106.71608279511068,10.872881872399866],[106.71599179517345,10.872898883759783],[106.71590174657356,10.872906851926222],[106.7158117450783,10.872905869239624],[106.71580992671879,10.872905542277236],[106.71572275164603,10.872889874856256],[106.71563380350611,10.872864928720505],[106.71554678963804,10.872830847707796],[106.71546180600905,10.872795855367167],[106.7153817881654,10.872755872588385],[106.71535505984251,10.872737924127822],[106.71530580753917,10.87270484808529],[106.7152338031397,10.872646851036142],[106.71516375415956,10.872586857177604],[106.7150957419984,10.872526857806694],[106.71502876611494,10.872460887741306],[106.71501274978982,10.872442428279964],[106.71496978102262,10.872392902818827],[106.71492675647279,10.872314922657374],[106.71491274043242,10.872225913676397],[106.71491877445682,10.872131866917503],[106.71493275330657,10.872044849259936],[106.71494974326095,10.871955920995859],[106.71497080557903,10.871866892252061],[106.71499179608146,10.871778856344596],[106.71501075099904,10.87169091813504],[106.71502879195201,10.871600902649899],[106.71504578249366,10.871511885786855],[106.71506277530374,10.871423861527791],[106.71507576635334,10.8713348581289],[106.7150857360661,10.871244867991072],[106.71508778547575,10.871154902728458],[106.71508575875976,10.87106386634978],[106.71508176872398,10.870972925634337],[106.71508177879025,10.870881881953535],[106.71508579227383,10.870792905844398],[106.71508980346957,10.870702933514302],[106.71509373116248,10.870610884012768],[106.71509676284347,10.870520915662187],[106.71510077056104,10.870429861232354],[106.71510379538219,10.870338896674722],[106.71510878473657,10.870247929563076],[106.7151137751583,10.870157863753668],[106.71512072445543,10.870066889582064],[106.71512979373658,10.869977896687843],[106.71513976753465,10.869888900952638],[106.71515177718727,10.869799899727397],[106.71516672903834,10.869710889261583],[106.71518772350083,10.869623848657396],[106.7152157362606,10.86953786992766],[106.71524578897622,10.869452881017049],[106.7152807497563,10.869368870204754],[106.71531578048797,10.869283864750141],[106.71535278148261,10.869200931441405],[106.71538675903724,10.869116923708948],[106.7154247433346,10.869034893131342],[106.71546778322346,10.86895393058655],[106.71548937097548,10.868913207274646],[106.71551074963658,10.86887287877028],[106.71554873644435,10.868791932091105],[106.7155787864272,10.868705856536888],[106.71559274399017,10.86861287059978],[106.71557474320196,10.868527851828052],[106.71553675938681,10.868445878185394],[106.71549576846454,10.86836590372572],[106.7154497187554,10.8682858538428],[106.71540073539713,10.868207892406426],[106.71534874036709,10.868131931066426],[106.7152937415889,10.868059865522188],[106.71523776818808,10.867989884075882],[106.71517772128804,10.867919911792175],[106.71511873943683,10.867852923929881],[106.71505673602623,10.867784858910762],[106.71499376392356,10.867719869675467],[106.71493071502408,10.867654880665839],[106.7148667657541,10.867590890695094],[106.7148017496779,10.867523919892847],[106.71473772363635,10.867459929227115],[106.71467377004419,10.867394852592197],[106.71460974725431,10.867331857208677],[106.71454571718644,10.867266872087894],[106.71448176579956,10.867201886704322],[106.71441773578721,10.867136901551591],[106.71435371082478,10.867072910787321],[106.714290742675,10.867009912920258],[106.7142247537297,10.866944932960834],[106.71416073112714,10.866881936561667],[106.71409677459442,10.866815866276795],[106.71403071757075,10.86675386974235],[106.71396676549323,10.866688885137489],[106.71390273980798,10.866624894263932],[106.7138377337304,10.866560906448411],[106.71321976581176,10.865883860270122],[106.71209874759604,10.866277943858712],[106.7103517929293,10.866568922706552],[106.70811978639239,10.866699930794352],[106.70279681230217,10.866955973316474],[106.70146180739144,10.867437930758257],[106.70014172940148,10.868254072439651],[106.69985879231224,10.86842899918317],[106.69977575748715,10.868501804443744],[106.69842844998045,10.869683131035249],[106.69757781666148,10.870428968926273],[106.69705982314164,10.871064978835127],[106.69705196335786,10.871074631801543],[106.69687578644955,10.871291030875438],[106.69661983414083,10.871605998028906],[106.69524281305772,10.87329703515837],[106.69273386981293,10.876378990001008],[106.69165984863002,10.877685018518386],[106.69045487927082,10.879336001817991],[106.68987114229435,10.880271082311095],[106.68929993526869,10.881186091335177],[106.68922104297353,10.881461835728363],[106.68888095786033,10.882650501003724],[106.68887793062291,10.882661083723933],[106.6888775571876,10.882677944004454],[106.6888529477128,10.88379003260143],[106.68901090912988,10.884966070113732],[106.68949410906393,10.886189941756083],[106.68972392007177,10.886772016738],[106.69035690238198,10.887811072029056],[106.69148274686627,10.8893638387283],[106.69178471914334,10.889780319030727],[106.69190196308546,10.88994202140502],[106.69210612603644,10.890320169986852],[106.69378266062301,10.893425420106842],[106.69380997738307,10.893476014606549],[106.69386561764094,10.893648223169196],[106.69407396671491,10.894293060675272],[106.69433795828512,10.895110015045521],[106.69435840222062,10.895232771566743],[106.69452598218844,10.896239029028978],[106.69446799385574,10.897325044229316],[106.6943409946116,10.898418047616518],[106.693908000336,10.899994069193012],[106.69374603807168,10.900623012049456],[106.69310603298449,10.90311607416302],[106.69304200762555,10.903365082347017],[106.6928540008607,10.903870063348776],[106.69274304761234,10.90416704315178],[106.69097308860096,10.908905042862662],[106.69049405914302,10.910175069258335],[106.69020508660458,10.910750065588626],[106.69001847181343,10.91112060039541],[106.68962615172153,10.911899571596653],[106.68895806660684,10.913226089213401],[106.688634997355,10.914144899064503],[106.68824711138133,10.915248047600953],[106.68783345807906,10.91596067936214],[106.68717209112046,10.917100064429386],[106.68646089894202,10.918524466413876],[106.68572811327911,10.919992117437612],[106.68488414158017,10.921134057656076],[106.68443975996017,10.921489241538566],[106.68383812470371,10.921970116568792],[106.6828067450166,10.922712315426462],[106.68273613241332,10.922763129806476],[106.68141420746458,10.923513137720354],[106.68075880423412,10.923516613508042],[106.6793351495936,10.923524162299325],[106.6793331065698,10.92352375265553],[106.67922744968334,10.923502575055434],[106.67735917651736,10.923128101801918],[106.67460652589494,10.922392583811622],[106.673396157672,10.922069168799647],[106.66985821169234,10.920921205785382],[106.66985225494977,10.920921255335367],[106.66790322144945,10.920937203281902],[106.6647972464949,10.921877201050192],[106.66007722985904,10.924176249842795],[106.6572232630206,10.925930303919552],[106.65656724521585,10.92644425060128],[106.65476824756253,10.927854305248664],[106.65322831768498,10.92930526370337],[106.65147234731155,10.931631314290952],[106.65042330309053,10.933910339708381],[106.65004731726403,10.935915332648305],[106.65005324080269,10.937688579632265],[106.65007025454602,10.937893280495551],[106.6503143944755,10.938970932900022],[106.65132147612087,10.942471871280077],[106.65190893897567,10.944759735825958],[106.65223700304689,10.947332748946527],[106.65226440157682,10.947985533973398],[106.65228239414859,10.948108342802058],[106.65236442685482,10.949706306222176],[106.65224544703756,10.95148234176735],[106.65204914428973,10.952744944982392],[106.65192066124764,10.953571331084957],[106.65180747639677,10.954299324479617],[106.65166438476878,10.954825926334268],[106.65099445684812,10.957291366213104],[106.65029348094133,10.959508337745072],[106.65010744090252,10.960010023403557],[106.64938050387454,10.961970317858405],[106.648826505043,10.964335312059504],[106.64878316568986,10.965368636857873],[106.64875266126666,10.966095965275493],[106.64872450283711,10.966767321062601],[106.64887150474641,10.969214328962769],[106.64932253228659,10.970828381344045],[106.64938512856503,10.970950497973272],[106.65003755913156,10.972223308129216],[106.6501856423437,10.972978293276755],[106.65031157641664,10.973620350224975],[106.65018724846605,10.974339305805549],[106.64992560871356,10.975852303981902],[106.648940737257,10.979308226594142],[106.64892759184998,10.979354357262336],[106.6483896282451,10.9808163615155],[106.64734563080764,10.981373392475378],[106.64601960698835,10.981555410821183],[106.6460150757163,10.981554655737497],[106.64398359460412,10.981216385547095],[106.64367259476067,10.981085612629778],[106.6433024046899,10.980929950708633],[106.64234266380205,10.980526388660847],[106.64138564375652,10.97993344748254],[106.6400346547941,10.9790964144816],[106.638169603587,10.977926419128275],[106.63690759138989,10.977605430147443],[106.63690304234963,10.977605748057565],[106.63487364703667,10.977747416876618],[106.63395261657695,10.977965453442813],[106.63125565250947,10.978604436350476],[106.62792362975792,10.97947849224577],[106.62665668331637,10.979889449175145],[106.6253174833161,10.980878827438092],[106.62505669944856,10.981071489945418],[106.62459826617734,10.981715767685468],[106.62370972556953,10.982964517815734],[106.62194972744221,10.984766506029946],[106.62074168574695,10.985819561369071],[106.61871070459303,10.986947561140806],[106.61770438428253,10.987654053888777],[106.61707975035353,10.988092582164795],[106.61659678661354,10.988728561756723],[106.61611374872398,10.989365535356233],[106.61581180334665,10.990896529545159],[106.61598680733834,10.992444522838685],[106.61641675487822,10.993629594338257],[106.6166757542121,10.994036525812517],[106.61729649685752,10.995008670492018],[106.61765078167807,10.995563516464934],[106.6178886930245,10.995983326902653],[106.61963880736648,10.99907152085434],[106.62094300327821,11.001736334248331],[106.62101046970106,11.001874185727015],[106.6210257902693,11.001905490041521],[106.6212978531231,11.003671540338823],[106.62123440100056,11.004027210521155],[106.62093587815697,11.005700519543808],[106.6202678305742,11.007555129945949],[106.62005082971646,11.008157559908609],[106.6196708388181,11.008834569227595],[106.61944999859489,11.009097438944751],[106.61872488461897,11.009960555053286],[106.61749191192669,11.011016567487843],[106.61712303241313,11.01114421853149],[106.61621185140955,11.011459534882468],[106.61588290560907,11.01147960539469],[106.61549832558578,11.011503067905874],[106.61424386153811,11.011579605594273]]]]}}]}