{"type":"FeatureCollection","name":"gis.vn","features":[{"type":"Feature","properties":{"ma_tinh":"70","ten_tinh":"Bình Phước","loai":"Tỉnh","cap":1,"stt":45},"geometry":{"type":"MultiPolygon","coordinates":[[[[106.67585000246848,11.38173523005249],[106.67626961885898,11.381286048825986],[106.67682656439253,11.380832099839566],[106.67692574703136,11.380821610175776],[106.67722329356958,11.380954171343642],[106.67757424563105,11.38085594231794],[106.67759713291998,11.380783462676378],[106.67745980400342,11.380107307721085],[106.6774773118262,11.380096364787507],[106.6774750629562,11.38008346640777],[106.67749222931978,11.38008704184588],[106.67751320981338,11.380073929217586],[106.67761239206271,11.380112076217362],[106.67780312755319,11.380239868685042],[106.67788705054639,11.380216026879404],[106.67791407469579,11.380124146141409],[106.67790049013446,11.380030189522786],[106.67779549790433,11.379791641993187],[106.67779549793583,11.379717254753823],[106.67801675063555,11.37927856484626],[106.67790230955877,11.37898387995711],[106.67792519704592,11.378930473740835],[106.6780930445619,11.378830338347411],[106.67821511391104,11.37859764225516],[106.67820748510597,11.378247643027944],[106.67827614926276,11.37814941503784],[106.67819569361312,11.377859590490544],[106.67800912123137,11.377830886656877],[106.67800205492865,11.377807480939701],[106.67798623181672,11.377804185140551],[106.6779982281996,11.377794806305415],[106.67799386245647,11.37778034255163],[106.6784058488429,11.37747612081983],[106.67854317852925,11.377313042150844],[106.67868050703217,11.377052688790078],[106.67879494788953,11.376987839190402],[106.67881020753487,11.376770401355648],[106.67856606590904,11.376490975001008],[106.678474513644,11.376188659704006],[106.67882546612142,11.37583866181641],[106.67903145877855,11.375515365986564],[106.67903908920566,11.375404739626035],[106.67897042398513,11.375291252448827],[106.6788636133076,11.3752273568874],[106.67842873668008,11.375317956145505],[106.67841347897561,11.375244522826977],[106.6784745143148,11.375153923319987],[106.67871865446115,11.374952698009315],[106.6787491720884,11.374852562644731],[106.6785431782611,11.374381446903971],[106.67839822037664,11.374317550326454],[106.67826852022652,11.374370957114033],[106.67813119099355,11.374347115082255],[106.677986231981,11.373965644790445],[106.67771920384602,11.373812103483361],[106.67770394485257,11.373754882402421],[106.67776498005185,11.373661422792042],[106.67821511402539,11.37359848048706],[106.67825326089779,11.373470687705234],[106.67808541453728,11.373346711086514],[106.67802437885793,11.373129272352738],[106.67796334398628,11.373122597070365],[106.67783364447882,11.37319984476898],[106.67768105646847,11.37313308806993],[106.6775513565633,11.372784996492783],[106.6777420918818,11.372658157633103],[106.67771157420577,11.372557067503088],[106.67745217447974,11.372296714318832],[106.67745217480768,11.372048759419666],[106.67751321027256,11.371915245528172],[106.6777344621339,11.371704483749484],[106.67757424455382,11.371208572486731],[106.67765816804062,11.37104835559644],[106.67788705013693,11.370853805514766],[106.67791756763881,11.370750808163248],[106.67787942109771,11.370134735310968],[106.67799386207534,11.370064163879924],[106.67816933736594,11.370057487168037],[106.67822274381362,11.369930648831444],[106.67819985451192,11.369853401129935],[106.67784890286337,11.369575882251215],[106.67782601495146,11.369318389945429],[106.67775735061122,11.369131469621387],[106.67722329243534,11.368535423400425],[106.67732247427958,11.368344688419151],[106.67733010379604,11.367989921918884],[106.67754372737171,11.367621803794776],[106.67750558018732,11.367160224888606],[106.67732247442359,11.366745376208852],[106.67733010327247,11.366414451729566],[106.67713936955093,11.366190338902232],[106.67734536280332,11.365909004413739],[106.67737588066815,11.365744972753218],[106.67695626313031,11.365463638424766],[106.67680367566217,11.3651994702254],[106.67688759927044,11.364995384349243],[106.67711648060936,11.364815139084213],[106.6771469986919,11.36472740129227],[106.67708596369896,11.364440345119645],[106.67713936984448,11.364376449682327],[106.67739113965469,11.364332580844053],[106.67752083864843,11.36425914755926],[106.67756661540473,11.364138984088964],[106.67704018608183,11.363418960825078],[106.67704018605222,11.363198661785695],[106.67716988680398,11.362733268438564],[106.67713173975838,11.362670326428647],[106.67683419301707,11.36253585795073],[106.67662819945666,11.362492942110809],[106.67620095312014,11.362258338941029],[106.6760254774036,11.36205425220319],[106.67605599532544,11.361883544579698],[106.67620095345224,11.361706161045882],[106.6762009537052,11.361301803229907],[106.67617043622593,11.361211204544249],[106.67579659546394,11.360716247358472],[106.67577370734078,11.360635185341383],[106.67576607856512,11.360501670560973],[106.67581948330502,11.360280418071458],[106.67579659502101,11.360140228183093],[106.67562111888356,11.359753990651473],[106.67563637808371,11.35970916765009],[106.67579659517655,11.359610939411322],[106.6757431893238,11.359343910322526],[106.6756592665395,11.359274292051692],[106.67559060195696,11.359287643701359],[106.67547616146163,11.359336280234883],[106.67536172035703,11.359468841306711],[106.6751786137336,11.359454536303414],[106.67508706069998,11.359374427397135],[106.67501076823883,11.35914840755944],[106.67503365638834,11.358870887479743],[106.67516335492316,11.358683013552549],[106.6756516368517,11.358275795541886],[106.6756974133331,11.358168028870272],[106.67567452490174,11.358007812640771],[106.67554482494377,11.35784759550423],[106.67532357283865,11.357771301003497],[106.67522439129239,11.357767486467308],[106.67504128535185,11.357851408965768],[106.67493447443914,11.357823753594088],[106.67491158545845,11.35767402637509],[106.67498024978734,11.357545280284455],[106.67497262082426,11.357479477694405],[106.67487343799485,11.357361221221742],[106.67446908138868,11.357165718692338],[106.67388924717946,11.356428527516693],[106.67384347009201,11.356320762323305],[106.673873988183,11.356212997602853],[106.67411812759842,11.356144332117344],[106.67416646778061,11.356077002562781],[106.6741155487554,11.355984969566387],[106.67395791116931,11.355745697577037],[106.67388924710554,11.3555759436111],[106.67361458791092,11.355415724931058],[106.67359932948095,11.355318450811714],[106.67375191674044,11.35519351912411],[106.67401086776505,11.355054193242307],[106.67411978288933,11.354984256568168],[106.67415816804706,11.354937873164703],[106.67417153373412,11.354775810099799],[106.67391213516728,11.354537391213885],[106.67387398765933,11.354459190000057],[106.67375954669129,11.354477310339856],[106.67301949583367,11.354377173941046],[106.67243709167754,11.354220032557683],[106.67239388524293,11.354208374130236],[106.6722336677966,11.354236984257525],[106.67208870907281,11.354396246950959],[106.67201241440696,11.354399108032677],[106.6717759037731,11.354006195086606],[106.67163094545164,11.35388507821122],[106.67131814119087,11.353749656494346],[106.67067727085306,11.3539070133571],[106.67042550050319,11.354163551092702],[106.67033394871706,11.354194068447642],[106.66996773803525,11.354030037616877],[106.66986092591313,11.354032898425329],[106.66964730297866,11.354154014734847],[106.66942605076888,11.354187393374326],[106.6693573854615,11.35413303383583],[106.66936501546913,11.353937530682362],[106.6692047975263,11.3538421635718],[106.66892251073129,11.353927993281184],[106.66874703467542,11.354154014220013],[106.6687090680111,11.354173119248848],[106.66844948783702,11.354303741562079],[106.66738137311263,11.354455375262848],[106.66734322573446,11.354474449951311],[106.66724404350292,11.354831123100984],[106.6671219740281,11.354872131353524],[106.66694649773973,11.354771995752092],[106.66689309181166,11.354609870957129],[106.66689309159706,11.354244613656123],[106.66668709757882,11.35405387879331],[106.66613015200636,11.353994751377622],[106.66600808199051,11.354042434307216],[106.66587838209004,11.354177856181899],[106.66557320635602,11.354090118620556],[106.66519173629716,11.354195022596151],[106.66490944900107,11.354411506699265],[106.6645890147706,11.354819679579688],[106.664512720497,11.35487022484204],[106.6644364266371,11.354858779950092],[106.66437539164258,11.354738617625452],[106.6642380621012,11.35480728206744],[106.66365059836659,11.35490932430986],[106.66342171637845,11.354867363640327],[106.66297921184018,11.355218315492762],[106.66259011304415,11.355245018369676],[106.6624146367287,11.355307961126142],[106.66193398441558,11.3556293484754],[106.6613083745043,11.355935478878534],[106.66100319881498,11.355932617975851],[106.66085824086676,11.355883980308223],[106.66059121152577,11.356001282325064],[106.66036232979516,11.356009864831385],[106.66016396557856,11.355871582636201],[106.66001900666228,11.355904961127335],[106.65982064290459,11.356038476254106],[106.6596680543811,11.35609092818416],[106.65913399789481,11.356005096933684],[106.65888222760314,11.35599079170913],[106.65868386229833,11.356024169666322],[106.65821846980128,11.356274986610757],[106.65811165867753,11.356377030489707],[106.6580506238792,11.357047462929362],[106.65797433013587,11.35713901583202],[106.6578980360362,11.35718383806755],[106.65768441296832,11.357208633694919],[106.6575013064092,11.357372665681549],[106.65734871858544,11.357356453798916],[106.65703934140836,11.357406298013629],[106.65700539611042,11.357411766815693],[106.65692815233636,11.357387766321212],[106.65688096589874,11.35737310481074],[106.6567383676215,11.35732879708208],[106.6566704859321,11.357281356734942],[106.65657052040358,11.357211495400234],[106.65601357465374,11.356995010913028],[106.65571602819249,11.35682239622523],[106.65551766436805,11.356808091324886],[106.65544137019424,11.356847191505654],[106.65525826492764,11.3570674901027],[106.6549378305799,11.357075120147144],[106.65487679445793,11.357172393935134],[106.65455636038982,11.35814705044736],[106.6544648072179,11.3582118989758],[106.65431984998024,11.358190919726054],[106.65417489046997,11.358243371773694],[106.65410622653977,11.358386422294183],[106.65409951761333,11.358509698431117],[106.654098597048,11.358526612462649],[106.65386208596786,11.358552361540244],[106.65374001558096,11.358721161787674],[106.65366372176574,11.358733559076473],[106.6531449228282,11.35864677547557],[106.6528550053439,11.35869541225745],[106.65263375276884,11.358810807157665],[106.65264901162367,11.358980561419623],[106.65261849442477,11.359012032873329],[106.65231331862255,11.359117890558432],[106.65209206609853,11.359316254639134],[106.65144356746464,11.359673882357466],[106.65122994478514,11.359519387614863],[106.65094765658127,11.359536553465153],[106.65065011063189,11.359344864576963],[106.65012888077167,11.359200596519877],[106.65011605294696,11.359197045890156],[106.65009270428071,11.35921336487763],[106.64957436541236,11.35957565446151],[106.64921578509114,11.359804535418244],[106.64916237860972,11.359806443989019],[106.64882668601341,11.359609032405904],[106.64850625093119,11.359517480849812],[106.64848336258362,11.359397317890403],[106.64871987407638,11.359257126856054],[106.64867409791253,11.359158898881802],[106.64859780376015,11.359105492323227],[106.64835366250276,11.359100724811316],[106.64816292792669,11.359228516846724],[106.64808663336862,11.359236146803108],[106.64794930435949,11.359062577570842],[106.64758309325629,11.35905113364602],[106.64735421137524,11.35895767383187],[106.64717873557038,11.358931924034097],[106.64698800075618,11.359060670875223],[106.64677437714906,11.359034920311547],[106.64659890175543,11.359222794912906],[106.64635476160078,11.359151269421806],[106.64620980281342,11.359155083969604],[106.6460266976173,11.359183694683525],[106.64553841573236,11.359397318167888],[106.6452713873129,11.359358216601434],[106.64490517683346,11.35958805227262],[106.64452370617242,11.359765435479764],[106.64416512427016,11.359823609770997],[106.64389809618181,11.360046770119737],[106.64379891431363,11.360082055973312],[106.6436081799081,11.360033417511929],[106.64324959762045,11.35982647087891],[106.64321145064392,11.359826470776577],[106.64302834547787,11.360014344873093],[106.64290627497968,11.360026742533961],[106.64255532257614,11.359851266597868],[106.64252650209245,11.35960449129793],[106.64252480510827,11.3595899600063],[106.6424713991169,11.359562302721974],[106.64212807617143,11.359693909642981],[106.64120491948721,11.359527016725345],[106.64044960932696,11.359507944231794],[106.64038857482929,11.3595174814796],[106.6403427986219,11.359710122707764],[106.64027413388698,11.359750176961454],[106.63901528384352,11.35969104879352],[106.63882454812416,11.359508896973283],[106.6384201907211,11.359492685009329],[106.6380082033735,11.359530831774187],[106.63768776832345,11.359704401077106],[106.63735207563361,11.359691049052438],[106.6371308234403,11.359762574858676],[106.63693134437864,11.359696369011129],[106.63690957020786,11.359689141900624],[106.63675698233574,11.359782602673832],[106.63639840145919,11.359617615898703],[106.63612374329428,11.359575655070188],[106.6360550785005,11.359288599287954],[106.63573464356973,11.359140778881219],[106.63562020356011,11.35913601149334],[106.63549050365599,11.359195139121182],[106.63546761566519,11.35929336693169],[106.63555238539674,11.35944171587973],[106.63555916752989,11.359453584117954],[106.63551611047917,11.35947005705038],[106.63530739707564,11.359549905011827],[106.63520058623546,11.359362984859233],[106.63513955141727,11.359326746557501],[106.63486489328879,11.35944690942804],[106.63465126900223,11.359366800114172],[106.6344910527244,11.35936870747472],[106.6344376459259,11.359310532958913],[106.63444527678219,11.359142687168715],[106.63436898215731,11.359074976220667],[106.63355263716379,11.358886148816744],[106.63327034958478,11.358938600216925],[106.63287362149387,11.35879554962851],[106.63255318597665,11.358857537997048],[106.63237771047784,11.359100725639227],[106.63191231714758,11.359029199298313],[106.63181313533434,11.35905304186611],[106.63172921147601,11.359123613106417],[106.63152321793531,11.359179880073352],[106.63127907696901,11.359501268617073],[106.63114937683923,11.359546091171634],[106.63093575403046,11.359552766715218],[106.63049324892894,11.359269525733229],[106.63020333255679,11.359332468194324],[106.62989052709923,11.359235193261576],[106.62966164552093,11.359293367847924],[106.62949379886314,11.359261896619618],[106.62929543570505,11.359482195395168],[106.62901314756091,11.359469797277145],[106.62865456566355,11.359530833067819],[106.62843697163443,11.359430194566562],[106.62842568441397,11.359424975003817],[106.62842471318572,11.359435710305968],[106.62841042518117,11.359593774752874],[106.62835701936079,11.359668161277375],[106.6275025268594,11.35983600844631],[106.62729653299185,11.35982074996922],[106.62692269308553,11.359693910677157],[106.62625130636327,11.35979213940398],[106.62596901808864,11.359996225415934],[106.62560280857068,11.360029604870919],[106.62536629620564,11.360412027759901],[106.62515267314444,11.360467341272484],[106.62496956793291,11.360678102704345],[106.6248322395583,11.360752490111121],[106.62464913310563,11.3608259230877],[106.62421425809745,11.360864069937918],[106.62380227044771,11.36098900115281],[106.62317665993768,11.361395265725363],[106.62290200185528,11.361518289969053],[106.6223069091523,11.362038996161639],[106.62220009860448,11.362087634439813],[106.62169655850732,11.362178232819963],[106.62039092936908,11.361803879006567],[106.62034615495666,11.36179104139441],[106.62017067909085,11.361798670564706],[106.61988839164897,11.361887362193015],[106.61942299824628,11.361834909872544],[106.61917122838143,11.36188068593582],[106.61901863989313,11.3618654278465],[106.6188355350218,11.361978915033685],[106.61817177763058,11.36199989625042],[106.61804970685914,11.36206093135832],[106.61782845520298,11.36226692489808],[106.61730965583168,11.362426188032908],[106.61720284387584,11.362544444374482],[106.61694344531712,11.362703707269471],[106.61666115755561,11.363003161022075],[106.61635500882242,11.362984938754234],[106.61634072344584,11.362984088495857],[106.61629494609679,11.363037493834685],[106.61627968685279,11.363218691966408],[106.61611947032344,11.36321392330834],[106.61610421139243,11.36327114424598],[106.61562355995169,11.365696337504163],[106.6133881475232,11.376155285411533],[106.61309823132308,11.378793148040597],[106.6130371963927,11.380328563227849],[106.61315926658246,11.384918598640802],[106.61322793177762,11.387425808718834],[106.61035927819235,11.38725605493832],[106.60745247905983,11.387008098429583],[106.59951790901225,11.386445432384285],[106.59922731169112,11.386370966348224],[106.59906014482526,11.386328130441987],[106.59847268236207,11.386066823539753],[106.59776314793257,11.385594754416351],[106.59323891635016,11.381934552589616],[106.5920411019476,11.380698590001556],[106.59033974694252,11.3814024023248],[106.58982094777234,11.38144436380143],[106.58934792600799,11.381575970833543],[106.58812722283155,11.381699948348361],[106.58758553569119,11.38137951428155],[106.58676156029625,11.38104763537826],[106.58640297815842,11.38085880759225],[106.58550271075659,11.380272298180866],[106.58530434677321,11.380218892400631],[106.58494576439188,11.379991917638046],[106.58435830181052,11.379920392912341],[106.58411416015524,11.380038647293448],[106.58373269089643,11.380036740662375],[106.58338936883086,11.37992420739762],[106.58274086985388,11.379799275596495],[106.58217629429718,11.379901318407192],[106.58208474165718,11.37990131877304],[106.58186348973918,11.379813581025838],[106.58161171972395,11.379809767182563],[106.58117684309032,11.37997284520293],[106.58091744457177,11.379972844684014],[106.58045968064569,11.37978306350037],[106.57961281724815,11.379200369167645],[106.57957273826855,11.379193020383164],[106.57953541122559,11.379186178222373],[106.5794983766051,11.379179387665522],[106.57885750724805,11.379243283416992],[106.5786438840617,11.379147917041093],[106.57816323233084,11.379087834791836],[106.57775124508578,11.379122167001468],[106.57758339824406,11.379052548625697],[106.577507103867,11.378973393844813],[106.57727822335163,11.378999142935559],[106.57722481758164,11.378866582925708],[106.57699593539655,11.378714948583605],[106.57650002399907,11.378598599526068],[106.5761338136875,11.378597647130208],[106.57587441415312,11.37835255221218],[106.57579812042385,11.378304868601203],[106.57554440274795,11.377912514165835],[106.57514199214188,11.37753525316319],[106.57448586378256,11.377150923311929],[106.57329567884955,11.376699835389571],[106.57284554440675,11.37644329629437],[106.57272512623875,11.376217511911355],[106.57264491999652,11.3761795583753],[106.57263232045692,11.376178314399981],[106.57256325669962,11.376171499445567],[106.57241066885501,11.376064688123805],[106.57233437514776,11.375887304498535],[106.57196053460936,11.37552300112031],[106.57187661079595,11.375375181164058],[106.57168587575215,11.375269322992693],[106.57164937058349,11.375016528501552],[106.57156502403694,11.374961793089478],[106.57137307112406,11.374861150673784],[106.57132021637011,11.37480292819005],[106.5712967767105,11.374787718336108],[106.57128513796626,11.374764287832452],[106.57125100072645,11.374726682661015],[106.57115181872754,11.374495893232762],[106.57092293671765,11.374239355518792],[106.57088478953932,11.373954205983912],[106.57079100890869,11.37374989910494],[106.57030495562579,11.373468785903247],[106.57011422098475,11.373519331404776],[106.57002266777552,11.373587041835808],[106.56978615725566,11.37358799523567],[106.56967934610007,11.373551755693104],[106.56958779253691,11.373427778075069],[106.56958026678802,11.373297005120566],[106.56947335181536,11.373175054548172],[106.56938179917721,11.373137861157627],[106.56916054697493,11.373152166459445],[106.56898507096389,11.373040585737026],[106.56887062974164,11.373052029866074],[106.56886726449245,11.373050402945983],[106.56884774137166,11.373052030245182],[106.56846627159064,11.372856526710663],[106.5683823485628,11.372708708270066],[106.56845864250309,11.372615248097746],[106.5684357533162,11.372544675943638],[106.56816872540657,11.37243881850124],[106.56792458438134,11.372229963421812],[106.56740578533905,11.372012524956288],[106.5671540160155,11.37183514219885],[106.56694802206752,11.371759802131],[106.5666428463133,11.371510893437527],[106.56638344653234,11.371478468572954],[106.5662995232145,11.371038824529133],[106.56622322971629,11.370926289904489],[106.56607827068191,11.370867163582483],[106.56588753633751,11.370854765498617],[106.56575783628064,11.371026426339757],[106.56539162559464,11.371001630787083],[106.56505593243016,11.371230512300581],[106.56443032127116,11.370882421603891],[106.56385048764646,11.370752722581194],[106.56353768258629,11.370836645006047],[106.56334694763318,11.370797544031877],[106.56314858393657,11.370711714228804],[106.56307228991555,11.370638281333294],[106.5630265139871,11.370390325579518],[106.56313332474073,11.370095639914457],[106.56310280752504,11.370015530959213],[106.56298073665258,11.36995831151379],[106.56240090274183,11.369882971120935],[106.56211188317407,11.36976375100009],[106.56208805829597,11.369769111567864],[106.56201180385418,11.369888693660826],[106.5620118036894,11.370111851935524],[106.56199038073915,11.370136846695118],[106.56198891525308,11.370153814742443],[106.56197512532648,11.370154643786615],[106.56196602741926,11.370165258606946],[106.56138619349439,11.370190054052038],[106.56127205718488,11.370297055991902],[106.56124886492525,11.370336920442309],[106.56121283891684,11.370352574323366],[106.56118782920127,11.370376020373316],[106.56114914141025,11.370380252004612],[106.56108864661216,11.37040653859883],[106.56088265356178,11.370409399413004],[106.56073769441018,11.370492369387708],[106.56056984828545,11.37046757301793],[106.56042488936082,11.370577246813212],[106.56004341986012,11.370622068368506],[106.55997475584945,11.37059441239612],[106.55989083143209,11.370429426475814],[106.55974587330813,11.370377928701165],[106.55968483878958,11.370392233657963],[106.55920418660003,11.370711714473892],[106.55910500446436,11.370942503276776],[106.55899819211984,11.371006399383754],[106.5587540522709,11.370945364939347],[106.55859383476852,11.370836645795972],[106.55819007042176,11.370889771818637],[106.55815283552589,11.370914789832252],[106.55811318356862,11.371050268193754],[106.55801400029068,11.3710817391666],[106.55793007748373,11.371035009887413],[106.55785378329267,11.370868116591728],[106.55778511940574,11.370826155717129],[106.55760964220526,11.370816618637535],[106.5573807617731,11.370937734695318],[106.55725869063943,11.371086508425453],[106.55696877365659,11.371118934012808],[106.55681618576392,11.371240049399058],[106.55635842265377,11.371293455620494],[106.55603798779116,11.371508985541332],[106.55554207743245,11.371600539039825],[106.5555039303431,11.371645361902532],[106.55555733560631,11.371741682501648],[106.55555533602956,11.371745763317048],[106.55556496584539,11.371764570524377],[106.55548867145635,11.371881873091299],[106.55519112436231,11.371812254335929],[106.55509194220146,11.371832282111887],[106.55496987218947,11.372129827687093],[106.55482491327142,11.372185140779711],[106.55448159133005,11.372438819181665],[106.55443581475524,11.372580915992325],[106.55445870395789,11.372848898730913],[106.55440529749299,11.372927099996865],[106.5543213736338,11.372953802758138],[106.55380257505627,11.372942358967366],[106.55310067024844,11.37305107783458],[106.55273390514503,11.37341417555371],[106.55245980177625,11.37376156508312],[106.5519104852406,11.374767692019464],[106.5513611682306,11.375426680398666],[106.5510941404605,11.375812919068563],[106.55063637646975,11.376637846865425],[106.55061348869187,11.37736549976826],[106.55038460703514,11.377943426824336],[106.55017098336198,11.37817040110169],[106.55005654293953,11.378218085004633],[106.54987343645547,11.378471763311465],[106.54953011511343,11.378718763989268],[106.54937752698534,11.378933341352747],[106.5493622674766,11.37902203338933],[106.54943093291631,11.379097373692948],[106.54940041488598,11.379224212776496],[106.54917916237223,11.379357726356094],[106.54910286909326,11.37946358434713],[106.54911812680012,11.379731566696002],[106.54907235112744,11.380022437482701],[106.54899605667129,11.380050094508395],[106.54879006237061,11.37999478048354],[106.54861458655844,11.380104453194718],[106.54859932907088,11.38019791303156],[106.54871376839273,11.380299956219337],[106.54872723747435,11.380340923559896],[106.5487366581165,11.380351455200948],[106.54873244454762,11.380356761519034],[106.54873665824819,11.380369574591924],[106.54843148215089,11.380735785765097],[106.54824717319654,11.380706987287502],[106.54821245959933,11.38071530448608],[106.54814919404389,11.380866439417952],[106.54806527105669,11.380929381162135],[106.54780587164943,11.380786330057528],[106.54770668868743,11.380794913311398],[106.54730996078243,11.380974204773787],[106.54725655520807,11.381092460514145],[106.54730996046091,11.381246955794449],[106.54727181397475,11.381315619608465],[106.54719551971928,11.381307990248343],[106.54710396650862,11.381172568386203],[106.5470353028961,11.381189734731535],[106.54682167970967,11.381672294958834],[106.54685219652833,11.381726653667146],[106.54701241379635,11.381732375181219],[106.54705819065282,11.381913573499878],[106.54692849088991,11.382212073603437],[106.54700478510753,11.382471473394855],[106.54685982720757,11.382640273502133],[106.54694374988789,11.382809073736455],[106.54693612051338,11.38308468586484],[106.5469157404587,11.383117165781375],[106.54691323166314,11.383144767975118],[106.54689386533364,11.383152030951692],[106.54687508524398,11.383181960793992],[106.54676064409063,11.383201987597998],[106.54669960909845,11.383167655271144],[106.54668911107194,11.383146961615676],[106.54666146234594,11.383125693342059],[106.54663041889766,11.383031271420217],[106.54660540147336,11.382981958546162],[106.54658430523739,11.382972728612817],[106.54655770328264,11.382973678457018],[106.54654116147866,11.3829834993883],[106.54640969231744,11.383195311601455],[106.54632576885122,11.383252532231651],[106.5462418463154,11.383237273437134],[106.54613503352938,11.383123786313725],[106.54599770453682,11.383138091709947],[106.54579171053918,11.38338127887073],[106.54542550005773,11.383466155776377],[106.54531868851674,11.383648307579303],[106.54505166013942,11.383643538384502],[106.54496010670461,11.383753211903691],[106.54495247821973,11.383890540581248],[106.54494569870359,11.383900004171922],[106.54494484864705,11.383908660714658],[106.54493357260087,11.383916929581845],[106.54490670186533,11.383954437031715],[106.54471596728871,11.384076507822822],[106.54472359625152,11.384149939364098],[106.54490670203612,11.38430634289336],[106.54488381278364,11.384399802436404],[106.5448075186545,11.384460837837233],[106.54460152548553,11.384447486858907],[106.54452523167416,11.3845218728538],[106.54448708505346,11.384683997336975],[106.54447484499366,11.384685629622165],[106.54447182573135,11.384695441945187],[106.54425820303982,11.38471451617674],[106.54424294435589,11.384821326534041],[106.54417428023066,11.384917647938428],[106.54402932080096,11.385023505771308],[106.54365548071408,11.385192305752012],[106.54325875161803,11.38521328723122],[106.54313668237043,11.385153205756541],[106.54306038768209,11.384977730156546],[106.54293068803713,11.384918602116283],[106.54272469462992,11.385009201176144],[106.54244240665062,11.385341079812443],[106.54228981858479,11.385439307518322],[106.54222878404761,11.385599524474255],[106.54208382628008,11.385736854201074],[106.54187783240998,11.385784537654168],[106.54175576197153,11.385922820829837],[106.54180916659573,11.386287124677832],[106.54177102011893,11.386393936013341],[106.54158028603997,11.386548430579834],[106.541512430573,11.386549973779724],[106.54133614485255,11.386663825843236],[106.54129799803036,11.386825950928472],[106.5412293333488,11.38692227172824],[106.5411606687205,11.386925133293232],[106.54098519344271,11.386792572321893],[106.54080971687536,11.386916549730412],[106.54058846360178,11.386888892881473],[106.540542688419,11.38696900245744],[106.5405808353494,11.387181670835341],[106.54055794697615,11.387345703006767],[106.54038247123718,11.387488754256548],[106.54027565942646,11.387499245085698],[106.54021462358585,11.38734188779338],[106.54011544171625,11.387312324115179],[106.5399475949237,11.387399108755181],[106.53974160233416,11.387601288165161],[106.5394287959097,11.387649924930608],[106.53930415242053,11.387803134173504],[106.53929146689758,11.387818726535565],[106.53928012644326,11.387816048509436],[106.53924787459319,11.387808432763686],[106.53922280255917,11.38780251358795],[106.53918630187374,11.387724036202357],[106.53914650886233,11.387638480975149],[106.53903969719737,11.387523086443293],[106.53874977962725,11.38744774601945],[106.53871163340067,11.387383850419528],[106.53869653640923,11.38738119148515],[106.53854378720197,11.387354285939326],[106.53871163259699,11.3874982912656],[106.53868844871742,11.38754581850861],[106.53867348569857,11.387576492517066],[106.53869964734139,11.387587812191713],[106.53887185061312,11.387662323074315],[106.53892525591064,11.38788739021303],[106.53918465624294,11.387986571984257],[106.53940590830572,11.388155372922316],[106.53949746143368,11.388312728911947],[106.53951272033257,11.388507278009754],[106.53957375522346,11.388619811966619],[106.53952797778823,11.38884678607257],[106.53956612524402,11.388933571503216],[106.5397797476752,11.389043242980687],[106.54048928191274,11.389172943571278],[106.54074105191522,11.389391333997867],[106.54103859933814,11.389315041019469],[106.5413590330933,11.389376076538968],[106.54136616493933,11.389428671706598],[106.54121407529527,11.389681251199828],[106.541015710132,11.38985863523136],[106.54101571056962,11.389916809361809],[106.54106911587041,11.390067489898456],[106.54130562728258,11.3903059079364],[106.5413666636465,11.390462311142729],[106.54145821486674,11.390518578112108],[106.54167183805112,11.390440375954132],[106.54170998554204,11.390463264432618],[106.54183968481229,11.390863808471266],[106.54196938515756,11.390891464025401],[106.5420838263851,11.391037376581208],[106.54244240740202,11.391078384145738],[106.5425415890263,11.391164215352077],[106.54267891863762,11.391335875895061],[106.54261788322873,11.391472251951635],[106.54247292546172,11.391521843510397],[106.54246529507036,11.391584785230293],[106.5425263315819,11.391601951771056],[106.54261025433121,11.391546637740658],[106.54272469531467,11.391544730828986],[106.54293068788509,11.391741187921756],[106.54311379435298,11.391739280948533],[106.54331215826129,11.391863258129169],[106.54331215853192,11.391969115994746],[106.54341134057688,11.392106444722575],[106.54373940428206,11.392290503816284],[106.54373177490102,11.392591865281496],[106.5437928103341,11.392706305663406],[106.54405983971846,11.392926605224392],[106.54412850294558,11.393095405699013],[106.54448708574093,11.393275650467519],[106.54453286095854,11.393331917158132],[106.54453286100242,11.393435867490172],[106.54453142511855,11.393437482346103],[106.54447834322464,11.39346192786386],[106.54439553198472,11.393480690561884],[106.54439850669311,11.393498695239934],[106.54438790348836,11.393503578518306],[106.5444489380905,11.39380398591521],[106.54436501576414,11.39402619181458],[106.54426583240978,11.394149215758576],[106.54438790335226,11.394449622723439],[106.54444893873887,11.394823463207878],[106.54457863891969,11.39504662301387],[106.54481514964796,11.395325095986513],[106.5449372199526,11.395394713891317],[106.54525002487972,11.395438583377091],[106.54546364737399,11.395615967170661],[106.54566964163884,11.396180542104682],[106.54582985825175,11.396411330844389],[106.54599770520353,11.397008331281667],[106.54584511781918,11.39745751190731],[106.54591378222928,11.397711188914537],[106.54585274740056,11.397781761559488],[106.5457306762927,11.397826583809787],[106.54560860685035,11.398045929032914],[106.54566201309925,11.398356827023376],[106.54585274806259,11.398400696244872],[106.54605874050117,11.398588570495484],[106.54593667071873,11.39870014879203],[106.54589852371326,11.398934753612076],[106.5460434815349,11.399369629169755],[106.54595192979612,11.399623306277158],[106.54603585248874,11.399909409000358],[106.54589852378353,11.400191695979297],[106.54589852401399,11.400801093998076],[106.54602822401841,11.401021393397167],[106.54614266454436,11.40112725104622],[106.54656991129912,11.401389511132217],[106.5469284920254,11.402076157027857],[106.54724892661817,11.402174385695204],[106.547401514998,11.402291687244476],[106.54766091351739,11.402701767200824],[106.54763802562859,11.403017433457617],[106.54767617316695,11.403103264632025],[106.54792031267658,11.40334454373095],[106.54789742498654,11.40355053731953],[106.54770668959682,11.40376034535034],[106.5477219490691,11.403866203161758],[106.54784401937587,11.403893860136993],[106.54779061398457,11.404033096661042],[106.54780587338949,11.404190453133051],[106.54769143186394,11.40426483891133],[106.54769772173324,11.404282381600515],[106.54769143159801,11.40428772700919],[106.54781350221701,11.404605301075092],[106.54775246676456,11.404803665265595],[106.54756936081137,11.404970558359597],[106.5474930668415,11.405278595025548],[106.54755410321476,11.405501754972368],[106.54750832603582,11.405666739960404],[106.54764565538805,11.40620556606312],[106.54809579019879,11.40664521023435],[106.5479508307495,11.40710011341298],[106.5476914323848,11.407329948782122],[106.54763802637588,11.40742913158447],[106.5476914323068,11.407633217361028],[106.54786690783294,11.407872589033358],[106.54782113169027,11.40821781934998],[106.54774483704423,11.408418091823165],[106.54759224906078,11.408488663275019],[106.54747780968508,11.408661278548877],[106.54738625598166,11.409394653137944],[106.5472718153035,11.409905823704383],[106.54736336804405,11.410128029194818],[106.5474015154129,11.410347374767296],[106.54763039659639,11.410373123228654],[106.54776621035626,11.410336623867165],[106.54778360003658,11.410348361460555],[106.54779061423294,11.41053334102378],[106.54764565510148,11.410748872016136],[106.54782447209834,11.410872221931957],[106.54784767676483,11.410949569544407],[106.54783639080603,11.411116035611112],[106.54758461998593,11.411478432722964],[106.54777535528339,11.411681564735014],[106.54787177174566,11.411926314872522],[106.5478669085193,11.412022980937415],[106.54775246788158,11.412156494602895],[106.54755410345128,11.412150772511461],[106.54746255030365,11.412186058587999],[106.54738625605988,11.412329109878439],[106.54738978080574,11.412343424565314],[106.54738625681675,11.412351044217235],[106.54741677309627,11.412453088011494],[106.54739388547716,11.412570389495187],[106.547256556268,11.412785919506964],[106.54724892761563,11.412979515333198],[106.5471650030387,11.413130196482632],[106.54716500310981,11.413319977391776],[106.54708108017671,11.413621338570204],[106.5470658215815,11.413850221102917],[106.54707345111552,11.413928421978575],[106.54722603989462,11.41413346138744],[106.54717263327558,11.414366157679742],[106.54718789215408,11.414606483594723],[106.54698952723498,11.415057571893845],[106.54704293368586,11.415260704780243],[106.54700478683172,11.415369424205103],[106.54688271617474,11.415511521259075],[106.54622658846212,11.41595593382994],[106.54612740618876,11.416109474902814],[106.54611214721028,11.416295441565715],[106.54595193095795,11.41659584876276],[106.54557036963757,11.41700309089581],[106.54541024350142,11.417043122305984],[106.54460152734308,11.418131265413708],[106.54450997470249,11.418562325390946],[106.5445099746835,11.418820770619684],[106.54493722056675,11.419191750951324],[106.54497268978498,11.419301705311305],[106.54493379978585,11.41932795601217],[106.5448971981365,11.419343761736847],[106.54488208572619,11.419339812332879],[106.54484566815385,11.419314774635613],[106.54483431656656,11.419327326137642],[106.54482277959882,11.419324310841994],[106.5447464856285,11.419424446643324],[106.5446778216887,11.419556054346616],[106.54466256304383,11.419765861893968],[106.54444131118494,11.420100602308313],[106.54439553373585,11.420259866250957],[106.54399117620082,11.42053547829133],[106.5438309587991,11.420776756822358],[106.54349526626828,11.421040925446551],[106.54349526619372,11.421229753571083],[106.54357918888785,11.421595962851342],[106.54353341324867,11.421784790997624],[106.5434113417228,11.421883972791907],[106.54306802024368,11.421842965676726],[106.54303586523878,11.421847559206304],[106.54296883678917,11.421841057931639],[106.5429486700632,11.421860015622935],[106.54290780212831,11.421865853133937],[106.54282834231876,11.421973124396706],[106.5427781032124,11.422020349067942],[106.54277578841793,11.422044071508521],[106.54275521364018,11.42207184724343],[106.5427628441637,11.422176751326731],[106.54288491371962,11.422398956857412],[106.54283150746305,11.4226097191122],[106.54267892007017,11.422705087707376],[106.5422211566601,11.42278996439232],[106.54193886845846,11.42295208818299],[106.54187783424719,11.423020753701707],[106.54190835231866,11.423152360558012],[106.5421524920686,11.423269942036166],[106.5421524920041,11.423294345278451],[106.5419083517717,11.423567208463632],[106.54161080507195,11.423679742246035],[106.54137179977087,11.423628328317442],[106.54131325860855,11.42360344845947],[106.54129938410553,11.423612750354],[106.5412827412851,11.423609170133556],[106.54126674897317,11.423634629954263],[106.54122933473178,11.423659715464838],[106.54113778313084,11.423839959303223],[106.54111489532599,11.424096498338505],[106.54116829999455,11.424406442868728],[106.54112252355753,11.4246181570281],[106.54116067126978,11.424715432012622],[106.54129799979944,11.424840363708565],[106.54122933519912,11.425019654433545],[106.5412369653066,11.425292405226353],[106.54142770008879,11.425653848259046],[106.54147347592722,11.426089677898785],[106.54156502927208,11.426253709123722],[106.54161843508271,11.426571282530912],[106.54163642847004,11.426604457741472],[106.54164132264715,11.426628503329091],[106.54165961770609,11.426647214233778],[106.5416794698523,11.426683816097746],[106.54170156916302,11.42669011893109],[106.54172524578289,11.426714334364828],[106.54246529680222,11.42690792913665],[106.54258736828395,11.427043351879204],[106.54259893368642,11.427045279624627],[106.5426026262159,11.427049073773617],[106.54260618280492,11.427046487686257],[106.5426331439919,11.4270509819059],[106.54297646744122,11.426777276562412],[106.54307250576414,11.426754124111342],[106.5432434958978,11.426998528115742],[106.54333504795093,11.426998528025107],[106.54335023750446,11.426976695406957],[106.54339180984083,11.426968191723901],[106.54341022234837,11.426977685665491],[106.54340596543925,11.427028952648872],[106.54338845381245,11.427065286679458],[106.54339716252088,11.427134952522527],[106.54336556578824,11.427515420693883],[106.5433960834208,11.427591714564091],[106.54371651806828,11.427880677070217],[106.54374703653109,11.42796841583603],[106.5437165178776,11.42829552648449],[106.54387673478938,11.42842141179668],[106.54396065949653,11.428633126537795],[106.54417428192097,11.428772363144],[106.54420479899436,11.428951653252184],[106.54431924022984,11.429081353465493],[106.54430398084584,11.429220590096683],[106.54436501699753,11.42933598421205],[106.54463204570416,11.429477128690538],[106.54476174545992,11.429622087021052],[106.54489144551064,11.429976853821623],[106.54492196225276,11.430301103100346],[106.54497536858945,11.430450829062972],[106.54503640341774,11.430528077720227],[106.54504255439775,11.43052946859531],[106.54505929178312,11.430549058573993],[106.54519662145563,11.430564317381146],[106.54529580355839,11.43073979309392],[106.54530283709445,11.430798709108615],[106.54520425003594,11.430899056620548],[106.5452118792687,11.431051644137579],[106.54541024475601,11.431158456683784],[106.54543313240451,11.431522759422858],[106.54575356678475,11.431766900441199],[106.54576119640873,11.431929025360853],[106.54556283262903,11.432123574741205],[106.54556283223926,11.432167443384275],[106.54560860841659,11.432258996092276],[106.54574593752058,11.432349595897568],[106.54582223157865,11.432499322746116],[106.54581460238266,11.432662400358453],[106.54574593709862,11.432834062936237],[106.54583749045803,11.432879838066535],[106.54589089506645,11.432969483292723],[106.54579934348631,11.433134469468849],[106.54582223189703,11.433278474257731],[106.54599007855674,11.433336648661903],[106.54593667274166,11.433541688845034],[106.54594151874652,11.433564706575309],[106.54593667225168,11.433587464969703],[106.54594879890358,11.433599287381526],[106.5459519314435,11.43361416722944],[106.54596504864521,11.433615132341435],[106.5459748192554,11.433624658606563],[106.54608163050143,11.433623704802615],[106.54612740733266,11.433600816186448],[106.54615792442755,11.43349591265557],[106.54629525385242,11.433489236535095],[106.54647072937253,11.433870706566811],[106.5465851706318,11.4339937303529],[106.54672250057149,11.434390458953057],[106.54691323437585,11.43446675222803],[106.5470429348157,11.434581193078008],[106.54720315120541,11.43463364512549],[106.54750832754574,11.434592637795095],[106.54753884536584,11.434689912545112],[106.547515957833,11.435019883552648],[106.54766854493654,11.435285958612475],[106.54775246904173,11.435358438789107],[106.54799660907435,11.435419473277639],[106.54816445523419,11.435514840525963],[106.54820260283994,11.435629281667273],[106.54817971500229,11.435694131733843],[106.54834756210391,11.43576947114041],[106.54855355466601,11.436102303165375],[106.54861458962715,11.43612614577316],[106.54862410698416,11.436119140766548],[106.5486374788844,11.436122331663803],[106.54864968869971,11.436100308923379],[106.54868325504364,11.436075601757665],[106.54874428989247,11.435929688788017],[106.54880532467877,11.435886773811855],[106.54901894726683,11.436110887702014],[106.54902657727264,11.436179551803734],[106.5489197659492,11.436435136437282],[106.54895028379441,11.436529550657362],[106.54927834816489,11.436498078746869],[106.5494843406262,11.436628732624795],[106.54971322264237,11.436551484585802],[106.54983529274226,11.436589631842237],[106.54995686381079,11.436562615770043],[106.55027779801276,11.43689194663853],[106.55048379216126,11.437207612410472],[106.55079659665377,11.437118920617436],[106.55094918452811,11.437179002291726],[106.55101784948495,11.437335404659741],[106.55100259059714,11.437460336135842],[106.55101049868308,11.437468639643788],[106.55101021962194,11.437473687562042],[106.55119332596267,11.43766060758673],[106.55132783519187,11.437708246724451],[106.55137643098165,11.437778863401393],[106.55150613120335,11.437773141254691],[106.55150613103321,11.437631997219095],[106.55163583093747,11.437669190747023],[106.55180367643094,11.437611016662597],[106.55183419448154,11.437625321513057],[106.55184182356729,11.43775788265801],[106.5519486356774,11.437817964357889],[106.55208596478138,11.437841805174234],[106.55226906955838,11.437807473281254],[106.55249795161288,11.438004884737326],[106.5526505399129,11.437973413385643],[106.55272683411566,11.438088806922936],[106.55271157520266,11.438197526616305],[106.55272683408563,11.438199730376853],[106.55272683391394,11.438203247925468],[106.55305489829851,11.438247117365803],[106.55319230229173,11.438418054395559],[106.55320645281061,11.438461391437045],[106.55309304479118,11.438657197151416],[106.5533219268968,11.438902291387015],[106.55337533337085,11.439061555482128],[106.55345925578968,11.439084443749017],[106.55364980027367,11.439048716427],[106.55385598380586,11.439134034283994],[106.55393990768155,11.43917885757835],[106.55397805504901,11.439299020213488],[106.5540467194235,11.439365777151805],[106.55414590125363,11.439356240362095],[106.55429848928415,11.439260873706914],[106.5544892242726,11.43929425140735],[106.55462655312948,11.439399156356375],[106.55477914108972,11.43974247836699],[106.55493172887176,11.43992081551863],[106.55513772314579,11.439977082206841],[106.55546578746802,11.440226945325076],[106.55557259778193,11.440166863127752],[106.55578622091679,11.440216453850285],[106.55588993032475,11.440107560237674],[106.55592326430299,11.44009733350411],[106.55619057901113,11.440109643475985],[106.55633553848472,11.439978990256137],[106.5564018197342,11.439832614891987],[106.55641425213771,11.439827564238545],[106.55647399284727,11.4398288090576],[106.55650001043999,11.439845883048704],[106.55652627193815,11.439948472207481],[106.55664834265193,11.43994656562987],[106.55706795910433,11.439657601611051],[106.55737313534013,11.439647111626906],[106.55748757616664,11.439601335549282],[106.55757912903063,11.439510736131584],[106.55782326961271,11.439457330222304],[106.5578995632956,11.439461144415896],[106.5580216341074,11.439568910329188],[106.55803852173462,11.439565363356376],[106.5580445223199,11.439569863282179],[106.55821236930662,11.439528854694364],[106.55841073266434,11.439568910243265],[106.55856332084505,11.439539345996051],[106.55893716154627,11.439633758927483],[106.55915841450108,11.439859779994302],[106.55924233755209,11.440162094670553],[106.55955514207201,11.44066754172108],[106.55956277078874,11.441011819377515],[106.55957745084234,11.441018917828467],[106.55957803025505,11.441028031460299],[106.55982980049133,11.441141519166651],[106.55983162227209,11.441141823301962],[106.55985268844641,11.441152009381032],[106.55999001806111,11.441168220926887],[106.560340970464,11.44135037338726],[106.56054696357543,11.441584977542725],[106.56069955143293,11.441609773552115],[106.56076058667279,11.441731843358735],[106.56069955093825,11.441895875017892],[106.56070339246229,11.441901637449336],[106.56069955122177,11.441913041448325],[106.56077584487929,11.442010316023092],[106.56108102096847,11.44216671851489],[106.56121835021811,11.442286880857296],[106.56130990300443,11.442317399049598],[106.56153878533094,11.442304047750609],[106.56174477809006,11.442378434273943],[106.56208047231458,11.442719849909505],[106.56235513065192,11.44271603492047],[106.56253060662,11.442988785911412],[106.56295785190854,11.44336739435078],[106.5632248813177,11.443439873597754],[106.56354531523614,11.443619164079367],[106.56384286269399,11.443983468352709],[106.56414803845448,11.444153222449296],[106.56432351433911,11.444463166216636],[106.56464394824988,11.444846543023704],[106.56510171219774,11.444971474884133],[106.56541451777507,11.445155534069977],[106.56550402440323,11.445293522666036],[106.56551063073901,11.445352981445533],[106.56535348273101,11.445533188836166],[106.56535348255592,11.445681962268809],[106.56555947613221,11.446132095730945],[106.5656052525584,11.446337136047571],[106.5658341344431,11.446608933012813],[106.56605538660646,11.446986588087308],[106.56638345046372,11.447432907984856],[106.56652078009033,11.44747963769914],[106.56676492048057,11.44769516761563],[106.56689462080656,11.447887810689757],[106.5670929842718,11.448085221389977],[106.56721505478092,11.448349388903841],[106.56736764306368,11.448444756927694],[106.56752785976937,11.44862976947213],[106.56755837813981,11.448868187625868],[106.5676194123681,11.449002656064462],[106.56785592377379,11.449121865048175],[106.56790170101425,11.44919434507317],[106.56832131661632,11.449502380975481],[106.56847390520099,11.449448022228088],[106.56854256934501,11.44946137320666],[106.56873330488543,11.449641617690183],[106.56877145205667,11.449727447745817],[106.56901559157801,11.449768455830778],[106.56903848078512,11.449897201592798],[106.56919106791219,11.449957283856634],[106.56940469045371,11.449934396121922],[106.56955727902255,11.450119408872222],[106.56970223787104,11.450188073269192],[106.5698853431167,11.45047894391],[106.57009133644978,11.450523767137609],[106.57016000167556,11.450632485203958],[106.57022866586941,11.4508804408921],[106.57039651333007,11.451156053427788],[106.57050332403924,11.451221855573674],[106.57066354153277,11.451216133882992],[106.57077798175199,11.451309593712566],[106.570823759229,11.451430711123628],[106.57074746525421,11.451596649622477],[106.57076272419386,11.451727303266653],[106.57099160625948,11.451995285960864],[106.57108315799768,11.452225121179985],[106.57140359268418,11.45236245106642],[106.5714569994352,11.452568444043893],[106.57175454481104,11.452968987138195],[106.57180795064679,11.453093918645903],[106.57193765000626,11.45318737935391],[106.57217416178301,11.45327130159521],[106.57247170784768,11.453649910573052],[106.5724488197845,11.454071434708023],[106.57250985512933,11.454249771965682],[106.572601407675,11.454438600354255],[106.57302865391661,11.454967888603212],[106.57310494795351,11.455147179871751],[106.57312783642632,11.455416116359793],[106.57308206040724,11.45561447973086],[106.5731354654384,11.455727966962202],[106.573135465084,11.456051263089112],[106.57324227736322,11.456202896775519],[106.57321175908723,11.45636216098388],[106.57323464686043,11.456625375007713],[106.56335458255903,11.4731582742618],[106.55640462156894,11.484897767095958],[106.55635009528216,11.484858620164085],[106.55632791060137,11.484842692121061],[106.55632631370727,11.48483163587408],[106.55629739294307,11.484798823118327],[106.55626687562929,11.484420215191058],[106.55648689544799,11.484019595259277],[106.55648049847794,11.483900461550876],[106.55635079799703,11.483724032107018],[106.55627450405001,11.483422670654983],[106.55604562351844,11.483127985686973],[106.55612954661726,11.482828531907474],[106.55603036420797,11.482591067217962],[106.55582436981835,11.48238221317088],[106.55532846058556,11.482034121443016],[106.55484017796307,11.481787119513058],[106.55478677278231,11.481611644037319],[106.55459603797655,11.481398020705733],[106.55454263180057,11.481266413578537],[106.554664702183,11.48093930315637],[106.55468759007013,11.480770503148818],[106.5549241016969,11.480553064450593],[106.55496224938037,11.480374727428245],[106.55490121336508,11.480141077697533],[106.55477151409642,11.480073366424897],[106.55466470226376,11.480109606564897],[106.55464594454885,11.480093193395252],[106.55462655554155,11.48009625452801],[106.55458840804405,11.480042849938524],[106.55458077905413,11.479607973774511],[106.55444345019804,11.479534541040689],[106.55435952651429,11.479439174189894],[106.5543137501092,11.479198847623417],[106.55434426770744,11.478659067881754],[106.55437906244181,11.47853815709654],[106.55429849085465,11.478268062136843],[106.55419167968974,11.47821274845492],[106.55400857444015,11.478244220096819],[106.55391702171288,11.478049669762026],[106.55382546879389,11.478019152733262],[106.55338296389925,11.477967654136283],[106.55280312954459,11.478008662128659],[106.55270394793075,11.477986727688897],[106.55243691915008,11.477457439063295],[106.55226907152895,11.47722188089909],[106.55216226058202,11.477285776744047],[106.55197152624599,11.477288637756939],[106.55186471359555,11.477101717826471],[106.55174264394766,11.477000628490536],[106.5516739803417,11.477027331071836],[106.55162820321219,11.477103624959643],[106.55156716799726,11.477097902891707],[106.5513840627894,11.476788912764466],[106.55151376222372,11.476560030450198],[106.55142983866641,11.476328287646144],[106.5512085858558,11.476116571538068],[106.55068215739374,11.475279245609325],[106.5504075000179,11.475053226307466],[106.5503617237283,11.474862490609496],[106.5503693531254,11.474605952236212],[106.55013284191156,11.474345599121284],[106.5501175823885,11.474295054695311],[106.55020913588451,11.47397366604411],[106.55022439506783,11.47352925409573],[106.55005654762006,11.47319070022806],[106.54994270397565,11.472737990500134],[106.54946908430547,11.472359095618296],[106.54916390901025,11.471962366372916],[106.54897317341486,11.471798334907591],[106.54815159058006,11.470745001148224],[106.54802712842105,11.47066155484073],[106.54782876417127,11.470732126781952],[106.54776835215138,11.470729483928453],[106.54772195215054,11.470741663984203],[106.54769356011587,11.470726212269858],[106.5476761763177,11.470725451557952],[106.54764608187661,11.470700373052027],[106.54732637502794,11.470526378638166],[106.5472565595539,11.470495615564838],[106.54724657527458,11.470482948560763],[106.54722604246517,11.470471773961526],[106.54710397169721,11.47030202016461],[106.54689797869942,11.470135126912485],[106.5468843550135,11.470107110509304],[106.54687508985747,11.470098887502886],[106.54666146679176,11.469648752569787],[106.5465828205245,11.469386003646223],[106.54633340273655,11.469131861949617],[106.5463299280564,11.469122633231802],[106.54632577296925,11.469118509567945],[106.54631907001949,11.46909379111424],[106.54624721719286,11.46890293028179],[106.54621743352128,11.468860426655128],[106.5460828850036,11.468704765680538],[106.54578859795741,11.46838613442411],[106.54558572213328,11.46819821490779],[106.5454403817289,11.468226000768798],[106.54541787546026,11.468239222798777],[106.54506692325593,11.468297396493442],[106.5449448529143,11.468415651996578],[106.54484567076283,11.468433771809456],[106.54460153014222,11.468306932873203],[106.54433450175492,11.468316469749494],[106.54372414951825,11.468131456577732],[106.5436554852186,11.468047533877431],[106.5435944502546,11.467748079793186],[106.54348000917402,11.467506800813663],[106.54335030911562,11.46739903570195],[106.54325875613749,11.467437182732551],[106.54317483364602,11.467567835649213],[106.54302987501771,11.46763554720171],[106.54254159297831,11.467558299313563],[106.5419007241956,11.467994127951478],[106.54159554804843,11.468126689227136],[106.54153137430673,11.468129971158586],[106.54150399608392,11.468140040214566],[106.54148215763698,11.468132488426882],[106.54142770204525,11.468135272103616],[106.54104623196581,11.467981731181299],[106.54033669807718,11.467607890379682],[106.54010656040707,11.467600044060324],[106.53966790705664,11.467860379090176],[106.53919929330554,11.468153752406689],[106.53915601135708,11.468200639854658],[106.53913760182773,11.468239377236651],[106.53912362507107,11.46845952098841],[106.53910918430749,11.468467342731634],[106.53910836595087,11.468478595503367],[106.53901048103357,11.468520807480822],[106.53895186779677,11.468552556872584],[106.5389178324739,11.468623573894549],[106.53887948406614,11.468733226023872],[106.53885838657176,11.468747610858125],[106.53885659600331,11.468751346595319],[106.53854379094945,11.468962108012025],[106.5383301684065,11.469011698960081],[106.53813576866811,11.469118798822288],[106.53781899856483,11.469638263255066],[106.53742227004767,11.46991768898335],[106.53741464027839,11.470096027150937],[106.53749093411074,11.47023049552753],[106.53748330493325,11.470338260246821],[106.53746613904968,11.470362220647324],[106.53746041718206,11.47039261937731],[106.53744148214355,11.470396636379983],[106.53743752801962,11.470402156156254],[106.53688058360042,11.470515643131131],[106.53662118309937,11.470631038043027],[106.53646859506942,11.470832263239396],[106.53577432036899,11.471102153274597],[106.53546914503106,11.471373950672413],[106.53545990621424,11.471363556655705],[106.53544625673304,11.471374904505893],[106.53535470475072,11.471245204639114],[106.53515633910628,11.47124711125139],[106.53417214692824,11.472130214826008],[106.533828825501,11.472310458684253],[106.53359994327654,11.472747241694938],[106.53342446719377,11.472927486660003],[106.5334183245387,11.47292976952795],[106.53340920840617,11.472938930951909],[106.5320282879285,11.47344628513716],[106.53137216054608,11.473890697941343],[106.53072366104202,11.474152004259361],[106.52990731632039,11.474707996664526],[106.52948007066438,11.474847232814868],[106.52896127110516,11.475249684267123],[106.52888497693897,11.475368892675402],[106.52892312479932,11.47557107172786],[106.52890909375655,11.475649994315855],[106.52891549507929,11.475724612567605],[106.52889475221001,11.475730663402391],[106.52889260671395,11.475742733329605],[106.52875527766525,11.475771343239591],[106.52861794838468,11.47596970804376],[106.52835091941915,11.476186191771443],[106.52819833278132,11.47645035942737],[106.52781686258416,11.476793682263182],[106.52747353912257,11.476982510144447],[106.5273112371271,11.477121877396518],[106.52721414015824,11.477394496816325],[106.52719888148592,11.477646267562502],[106.52700814691576,11.47796479400335],[106.52692422341478,11.478217517763392],[106.52691066032813,11.47822819604317],[106.52690896442896,11.47823277672915],[106.5265656416952,11.47849980630536],[106.52643594175046,11.478691494495227],[106.52608498912775,11.478808795809178],[106.52541360393622,11.479410565300903],[106.52539428261389,11.479415062631414],[106.52539071480808,11.479418194612176],[106.52518324652762,11.479468208585034],[106.52469643921789,11.479796803446604],[106.52463540408836,11.479853069246888],[106.52450570600693,11.480215466387474],[106.52443704010459,11.480286038709329],[106.52400216562857,11.480343258315141],[106.52371601567971,11.480255212085957],[106.52363595467322,11.480339443525105],[106.52345646122123,11.480396881047344],[106.52335366677089,11.480524456483911],[106.52304086119383,11.48063985151707],[106.52303363840181,11.480637355653926],[106.52301034375552,11.480645573478467],[106.52265176264645,11.480505383155094],[106.5224152515286,11.48050061407922],[106.52233132732431,11.480587399340031],[106.52228555112237,11.480903065060726],[106.52228046995928,11.48090616846688],[106.52227792140025,11.480922138488522],[106.52208718793032,11.481024181533058],[106.52201089347052,11.481196797280093],[106.52185830551505,11.481305515835304],[106.52169808749454,11.481506741704761],[106.52156075820339,11.481797611591457],[106.52124344288869,11.481786542698396],[106.52088937243748,11.48182526846262],[106.52056893775658,11.481744206578412],[106.52024850294953,11.481886303934887],[106.5201425091734,11.4817850426758],[106.51986703349343,11.481690800873977],[106.5197373338061,11.48166409732921],[106.51948556340523,11.481687939729733],[106.5193736675458,11.48171964336926],[106.51923379337255,11.481830990362257],[106.51866256095526,11.482360332972567],[106.51853188990432,11.482267774086523],[106.51840981809768,11.48206654846874],[106.51836404220809,11.481928265372176],[106.51839304517716,11.481702587525605],[106.51821908467201,11.481522953688808],[106.51794442563835,11.481584942540222],[106.51742949757713,11.481505651887566],[106.51717385645422,11.481566822484012],[106.51683053444589,11.48142663270051],[106.5166855757615,11.481493389946495],[106.51644906460817,11.481738484421253],[106.51628121779054,11.482247746531277],[106.51625279282501,11.482277355723017],[106.51623544178025,11.482324993754657],[106.51618343314252,11.48234960504064],[106.51616677664995,11.482366955460423],[106.51615094879138,11.482364976525357],[106.51612862981803,11.482375539014654],[106.51588448923007,11.482331670259873],[106.51573190132426,11.482368862833926],[106.51567139890956,11.482366296881956],[106.51565560714435,11.482368863269755],[106.51561348606413,11.482363840741469],[106.51530465544742,11.482350742537582],[106.51466378672336,11.482250607775773],[106.51437386938578,11.48232022626213],[106.5140429496883,11.482537611950233],[106.5140092104906,11.482566290147691],[106.51342782493256,11.483571447179658],[106.51322946021224,11.483783162233618],[106.51296243161318,11.484010136829053],[106.51248177933294,11.484068311055651],[106.51207742110702,11.484295284909765],[106.51191720420532,11.48460809084784],[106.51174935773098,11.48482743572543],[106.511695951551,11.48508397441953],[106.5114670698097,11.48543492586828],[106.51132974042997,11.485513128303072],[106.51066826692762,11.485592010075631],[106.51044473154313,11.485740102152386],[106.51020821987252,11.486010945067884],[106.51015481442576,11.486000455608993],[106.51001619597513,11.485860104092547],[106.50997388856157,11.485854815477994],[106.50993576278353,11.485866730450052],[106.50984963899347,11.486120618555985],[106.50979623222779,11.486651814952035],[106.5096741630564,11.48695985115853],[106.50955972205581,11.487059987287195],[106.5089097803286,11.487415773224946],[106.50881665040913,11.487666448321754],[106.50872048797099,11.487961209852166],[106.50869368242977,11.487997437974464],[106.50868234078455,11.488027967557143],[106.50859841773764,11.488126195104588],[106.50845345970434,11.488207257500749],[106.50833138906357,11.488237775804306],[106.50801858394611,11.488173879671978],[106.50773629553251,11.488170064227178],[106.50717172083968,11.48843041795506],[106.5069123216723,11.488465703871837],[106.5068283978022,11.488432325309118],[106.50650796354094,11.488027967874713],[106.50639352248274,11.487947858680366],[106.50608071742965,11.487962163355999],[106.5058060593001,11.487909711237553],[106.50559243655603,11.487959302895781],[106.50511178441661,11.488646901330618],[106.50467690905903,11.488909162853611],[106.50440987939223,11.489014066560436],[106.50389871092818,11.489106572475961],[106.50379952847263,11.489095128950632],[106.5036545696487,11.488964475585053],[106.50351724082536,11.48897401269827],[106.50344857638014,11.489029325908092],[106.50329598882041,11.48937455542194],[106.50320443566612,11.48949281102032],[106.50280770799446,11.489707387844815],[106.50276193021706,11.489775098427602],[106.50222024385427,11.49080697495469],[106.50211343263751,11.491327680720966],[106.50201425095499,11.491467871135889],[106.5017243336556,11.491677679026175],[106.50141915804717,11.492049611972291],[106.5013428640683,11.49209538882743],[106.50111398211224,11.49209157419846],[106.50080117677359,11.492019094880856],[106.50070962409133,11.492038167895817],[106.50066384799173,11.492110646938402],[106.50059518267886,11.492470183283668],[106.5005265191454,11.49260083581869],[106.49944314474821,11.493306555201443],[106.49909982220709,11.49373856906932],[106.49884805182344,11.493763365313637],[106.49874887020101,11.493810095324655],[106.49848946955768,11.494160093712093],[106.49845132281725,11.49429074701397],[106.49845132258672,11.49463407009998],[106.4983902877081,11.49472943734746],[106.49793252359086,11.495055594554746],[106.49771890119686,11.495253957793587],[106.49747476104851,11.495571532116546],[106.49719247298718,11.495786108585166],[106.49681100316566,11.49596444512573],[106.49621591079192,11.496135153120347],[106.49593362303341,11.496327795794981],[106.49576577622668,11.496348776666157],[106.49530038286885,11.496285834492168],[106.49504861245066,11.496080794370991],[106.49495706046304,11.496072211409537],[106.49468240186418,11.496167578818653],[106.49412545696364,11.496599592577006],[106.49391183364659,11.496881880640151],[106.49381265087548,11.496957220714245],[106.49360665772625,11.49697534065514],[106.49328622279651,11.496861853521393],[106.4931412649346,11.49692479564347],[106.49313363504854,11.497064985831013],[106.49330911049542,11.497300543405077],[106.49329385326554,11.497455992274853],[106.49324044679399,11.497519888814574],[106.49296578864488,11.497616209368399],[106.49250039565568,11.497579970568964],[106.49208840822284,11.497667708392928],[106.49192819089237,11.49778214981395],[106.49180612119784,11.49808160232626],[106.49169167985455,11.49816934047421],[106.49141702195209,11.498027243391235],[106.4911194752598,11.49811498159325],[106.49069222889783,11.498038687490569],[106.49033364745384,11.49779550064269],[106.49022683603722,11.497753538411633],[106.49005898853623,11.497764983069807],[106.48998269491274,11.498115936091452],[106.48977670197202,11.498464027192792],[106.48962411395397,11.498839773407187],[106.48959359622243,11.499247946461503],[106.48955544854151,11.499334730767593],[106.48941811961609,11.499430099244657],[106.4892350144971,11.49943963583165],[106.48892983862561,11.499616064911159],[106.48887335576372,11.499619594658217],[106.48873147454263,11.49962846317693],[106.48760232418758,11.498949447083465],[106.48689279107234,11.498642364005391],[106.48651132074181,11.49823991281538],[106.4860077806186,11.49806157587158],[106.48577889861473,11.498042502987442],[106.4855576465238,11.498204627331367],[106.48541268762855,11.498211303364045],[106.48472604267532,11.497885146102584],[106.48465737797993,11.497895636939662],[106.48439034843543,11.498080650202265],[106.48387154981273,11.498155035583153],[106.48379525609315,11.498215118005447],[106.48369607375412,11.498485960673195],[106.48363503914713,11.498535552223283],[106.48294076378826,11.49900952854335],[106.48254403572277,11.499217429290859],[106.4822846357995,11.499296583870128],[106.48205575355315,11.499327102386301],[106.48194894263732,11.49930326021047],[106.4813309618822,11.498833099042853],[106.48098763834406,11.498649992779033],[106.48089608607118,11.498549856812069],[106.48084268103224,11.49827710688441],[106.48086556854766,11.497761168992607],[106.48070535138902,11.497624793452522],[106.48057565135542,11.497352995936426],[106.4805222453524,11.497315803240744],[106.48008737104301,11.497216621463602],[106.4796753821756,11.497404495157966],[106.4794083545517,11.49745217788329],[106.47911080744564,11.497416892313149],[106.47901162535955,11.497343459100321],[106.47894296071703,11.497200408621977],[106.47881326115147,11.497059264599425],[106.47864541412027,11.49694768554968],[106.47821816831917,11.496800819425157],[106.47808083973295,11.496716894964804],[106.47781381069377,11.496447959538814],[106.47741708207666,11.496404090156954],[106.47721871726962,11.496212402298521],[106.47712716514131,11.495882430010159],[106.47685250620304,11.495713630661083],[106.47659310723765,11.495644965271866],[106.47642526056838,11.49565450266072],[106.47572335631084,11.49604360150729],[106.47557839763168,11.496065536292488],[106.4754486985838,11.49602262016936],[106.47518929811645,11.495823303548443],[106.47502145261507,11.495806136798793],[106.47492989989613,11.49587098665194],[106.47433480637345,11.49598065920547],[106.47333535639092,11.49642793238262],[106.47250375233044,11.496606269211041],[106.47198495374668,11.496629157771157],[106.47083291409538,11.496390739228474],[106.47015389881497,11.496369758344573],[106.4695511767246,11.49652139275714],[106.46906289577223,11.496680656615514],[106.46839150877206,11.49722901915901],[106.46735391072123,11.497889915864606],[106.46611031899545,11.498419205247933],[106.46501168668087,11.498730103242996],[106.46364602412093,11.498881736609702],[106.46289071424017,11.498867432313611],[106.46167001086928,11.498483101408473],[106.46158608787736,11.498490731218121],[106.46115884243868,11.498701493406],[106.46085366672041,11.498789230744494],[106.45992288008112,11.49880353643633],[106.45970925715821,11.498709122232178],[106.45950326283794,11.49831239411875],[106.45903024096573,11.498282830001164],[106.45748147463803,11.498322884395602],[106.45692452800581,11.498032013595077],[106.4566193523971,11.49798814412933],[106.45628365910726,11.498028199512442],[106.45607003649832,11.498126427313695],[106.45552834931046,11.498480240491697],[106.45537576131983,11.498538414031199],[106.4551621381764,11.498552719471796],[106.45490273836663,11.498494545869466],[106.454757780292,11.498219887606448],[106.4547348924725,11.498046318163771],[106.45465096829324,11.497948090494765],[106.45433053410912,11.497821251351835],[106.45413979914153,11.49783841711477],[106.45339211780802,11.498051087755739],[106.45176705730684,11.498412529318752],[106.4507218299103,11.498773973036274],[106.44892892177155,11.499649445449988],[106.44739541432537,11.499822060522211],[106.44648751623762,11.499779146161934],[106.44618996969741,11.499692360879584],[106.44593056967554,11.499519746073554],[106.44533547841337,11.498881737789496],[106.44476327256663,11.498654764318902],[106.4441147742939,11.498535553840194],[106.4433823525378,11.49853555380525],[106.44174966202108,11.498881738098206],[106.43869790406431,11.500016611348363],[106.43716439632561,11.500439088498464],[106.43617257522438,11.500589769255905],[106.43516549535889,11.500666063800665],[106.43418893186075,11.500676553163116],[106.43340310501524,11.500596444576361],[106.4322586948441,11.500141543105963],[106.43163308473338,11.499687593308963],[106.43124398608478,11.499232690457392],[106.43045815765882,11.498063487065824],[106.4295731477138,11.497110765441292],[106.42866525041815,11.496612948095347],[106.42364510851102,11.49515191875854],[106.42253121696982,11.50064985114869],[106.42199715956616,11.503582400255324],[106.42245492275966,11.506375712604024],[106.42560586347608,11.510235232628302],[106.42797860509559,11.512351435586433],[106.42854318043992,11.513983172445151],[106.42874154457513,11.515763682162055],[106.42858895801608,11.519309443643875],[106.42918405025613,11.523292941782804],[106.42774972461868,11.529000681751361],[106.42697152680219,11.531182689523071],[106.42688760365654,11.53265230122998],[106.42732247865898,11.533917827358644],[106.42801675337779,11.534887713969956],[106.42876443500182,11.535398882767774],[106.42997750753165,11.53585187942243],[106.43273171934507,11.535801333775005],[106.43379983454847,11.53605310387372],[106.434188933708,11.536326808245668],[106.43487557985922,11.538710994256343],[106.43518838482657,11.540067118643274],[106.43610391252952,11.541968746124978],[106.43995675634837,11.545465868950775],[106.44079599038162,11.546284122266382],[106.44203958126701,11.54673807135605],[106.44464120557822,11.547386568751218],[106.44609841969792,11.547350329359716],[106.44672402936364,11.547240656662922],[106.44767007444506,11.5458721345402],[106.44806680387772,11.544212740719235],[106.44831094384455,11.543920916765128],[106.4486542668324,11.54383699357985],[106.45067605615381,11.544577044447173],[106.45130929563177,11.544610423625402],[106.45175943032797,11.544526499059993],[106.45192727616914,11.544217509178123],[106.45178994765959,11.543662470154523],[106.4516907655626,11.542412203034168],[106.45182046540674,11.541882914417718],[106.45194253555218,11.541740816956448],[106.45221719298615,11.541663569320397],[106.45282754502915,11.541676920485976],[106.45362863160815,11.541573924546311],[106.45418557732694,11.541444224039358],[106.45494088719353,11.541373652069172],[106.45534524550202,11.541403216465074],[106.45548257399501,11.541468066394511],[106.45632180894174,11.542369287913024],[106.45692453013264,11.542928141095326],[106.45778665187329,11.543211381557198],[106.45797738640998,11.54335824772444],[106.45848092661825,11.543918055198109],[106.46092233347522,11.545956056966329],[106.4611512147487,11.546102923210913],[106.46160134965007,11.546102922855042],[106.4619370423711,11.545784396329454],[106.46215066579946,11.544704836058301],[106.46260079929563,11.543967645392216],[106.4642411199752,11.542976777803384],[106.46578988648271,11.542723100617145],[106.4667664499409,11.542976777281034],[106.467041107796,11.543362062800526],[106.46707925434002,11.543874185797069],[106.46694192602241,11.545091073395428],[106.46726235986216,11.545513551220022],[106.46769723584455,11.545539300676268],[106.468582246308,11.544845979832427],[106.46901712087293,11.544668596928245],[106.46921548453825,11.544949930063742],[106.46919259708227,11.545526903434034],[106.46933755584877,11.546128671561004],[106.46974191370296,11.546923082762632],[106.47021493623393,11.54715291725528],[106.4706955884336,11.547242563787856],[106.47164926230688,11.546513002386684],[106.47238168416803,11.545642297392064],[106.47271737811623,11.545437257453049],[106.4730454419262,11.545577447495692],[106.47311410618121,11.545987527341799],[106.4723435371113,11.547242563772263],[106.47230538973879,11.547806184424262],[106.47271737791992,11.548250596247097],[106.47414407446715,11.54869310163924],[106.47498330844542,11.549045007112634],[106.4756775830596,11.548908632664872],[106.47642526341525,11.548533838719386],[106.4777070022709,11.547716539539731],[106.47863778861459,11.54718343473866],[106.48005685537252,11.546729486480235],[106.48042306619298,11.546820085351618],[106.48060617161497,11.547229211141435],[106.48062906026536,11.547439020265578],[106.48012552053763,11.54852906865273],[106.48009500215852,11.54880658927225],[106.48074350139244,11.550702492895494],[106.48046121395694,11.55524961259371],[106.48049936110738,11.555818002276823],[106.48069772432113,11.55609552118105],[106.4810257891415,11.55612413227663],[106.48129281792674,11.555878084011914],[106.48154458744386,11.55483667088548],[106.48175058164898,11.554603021277902],[106.48216256868193,11.554500024336559],[106.48241433859026,11.554592531618997],[106.48257455597033,11.55486242060753],[106.48257455578272,11.5554107833783],[106.4824219676925,11.555911462544595],[106.48200998071782,11.556564729346505],[106.48194131668585,11.55684797020159],[106.48204812808781,11.557099740051166],[106.48236093263681,11.557334344692022],[106.48274240319365,11.55736200162009],[106.48336038419004,11.557065408010883],[106.48369607670126,11.55697194841505],[106.4840622876979,11.55716554401207],[106.48434457604678,11.55761377130278],[106.48445138675072,11.557952324971868],[106.48432931718396,11.558235566814483],[106.48284158516886,11.5590433290454],[106.48259744385312,11.559316080177949],[106.48246774458566,11.559651773355336],[106.48249826206717,11.55995218070315],[106.48266610930847,11.560265939736833],[106.48310861391067,11.56052533930202],[106.4840622883069,11.56089154964492],[106.4853135091216,11.561281602483238],[106.48580178969762,11.561584871529604],[106.48602304318787,11.561819475335595],[106.48609933677453,11.562144678063175],[106.485862824931,11.563439767810602],[106.48580942055003,11.563968102965628],[106.48589334312943,11.564392488822062],[106.48605356015102,11.564782541179259],[106.48642740170766,11.565014284347813],[106.48754892236556,11.565225046422057],[106.48789987450066,11.56537954160992],[106.48809060956096,11.565694253784557],[106.48818979112002,11.568018358208151],[106.48833474921074,11.568425577273365],[106.48867807234049,11.568681161716214],[106.48949441769635,11.56900922581604],[106.49018869240284,11.569803636573644],[106.4904099447182,11.570166032124272],[106.490463350345,11.570528428072363],[106.49043283351915,11.570987146427973],[106.4903794274107,11.571575563298959],[106.49041757462857,11.57281152576959],[106.49028787441702,11.573257844881686],[106.48963174695304,11.573925416873584],[106.48918924152304,11.574507158291842],[106.48865518498621,11.57594053072399],[106.48826608599936,11.576345842406266],[106.48767099256602,11.576554696712744],[106.4867707234982,11.576975267583121],[106.48629770205254,11.577366273549481],[106.48604593212306,11.577662866669776],[106.48597726688918,11.577934664076349],[106.48610696694027,11.578415316033626],[106.48632821903419,11.57890741232407],[106.48675546484849,11.579392832233559],[106.48713693507734,11.579559725066426],[106.48746499916048,11.579598825646434],[106.48783884017415,11.57950536576236],[106.4887238490228,11.578661363779277],[106.4889985067184,11.578509730214913],[106.48931894225568,11.578505915147657],[106.489868258291,11.578658502459941],[106.49015817485424,11.578838746289152],[106.49048623912563,11.579161089077465],[106.49065408650175,11.579471986972644],[106.4907074920618,11.579787652556268],[106.49058542219996,11.580054681303904],[106.48973092930166,11.580768030696515],[106.48944101244784,11.58111516788361],[106.48928842432346,11.581574838786814],[106.48928842397713,11.582008761039734],[106.48943338313558,11.582447450486265],[106.4896546355029,11.582881373162229],[106.48957834130232,11.583172243935394],[106.48928079534878,11.583354395149923],[106.48820504987383,11.58368627375555],[106.48752603385967,11.583971422754304],[106.48725137600356,11.58417741609437],[106.48693857123426,11.584925097292144],[106.48690042478513,11.58634130358399],[106.4868012421181,11.58782617409966],[106.48663339592224,11.588888567594662],[106.48625192509802,11.590167444959722],[106.48583230980203,11.59120695076817],[106.48540506374711,11.591972750119618],[106.4850007055666,11.592561167046513],[106.48348245539134,11.594205302236828],[106.48310098686171,11.594776553689673],[106.48276529282613,11.59680978671738],[106.48281106947931,11.597083491910565],[106.48295602764674,11.59728376290141],[106.48326120382129,11.597415369826258],[106.48387155518263,11.597425860531851],[106.48408517777752,11.597580355689411],[106.48426828419387,11.598340434444818],[106.48455820062091,11.599145336100703],[106.48561105689423,11.600841922115212],[106.48593912080979,11.601795596844159],[106.48612222683047,11.602167529827433],[106.48664865501006,11.602996272530387],[106.48672494962216,11.603314799982433],[106.48661813691379,11.603537005874097],[106.48623666781485,11.603850764523695],[106.48548898757728,11.604234142253913],[106.48494730053167,11.604788227267425],[106.48419961941401,11.605311794455465],[106.4835511213048,11.60561029412189],[106.48262796457759,11.605901164961072],[106.48229227096802,11.60610143610496],[106.48210916503201,11.60626356081071],[106.48198709534579,11.606463832466758],[106.48185739547158,11.60693494678546],[106.48181924840088,11.607233448630842],[106.48182687812513,11.608355922154239],[106.4819031726587,11.608893795522985],[106.48185739555916,11.609463138203527],[106.48178873114391,11.609659595071609],[106.48159799685561,11.609822673661046],[106.48004922982417,11.610357685198679],[106.47890482030917,11.610612316111919],[106.47834024435323,11.610616130248069],[106.47781381648971,11.61053506848244],[106.47682962460625,11.610252780513024],[106.47656259546063,11.610287114011372],[106.47641763764462,11.610345287605876],[106.47623453175757,11.610501690025487],[106.47610483271686,11.610641880828352],[106.47600565067799,11.610886974874271],[106.47608194413728,11.611443920725542],[106.47634134312128,11.612036151966864],[106.47711191273275,11.612949771518611],[106.47715005924084,11.613063259938478],[106.4771424294648,11.613268299544478],[106.47707376560707,11.613379879216662],[106.47693643620728,11.613467617269878],[106.47675333026841,11.613475246366708],[106.47656259557243,11.613399906785338],[106.47566995687014,11.612754268437884],[106.4753342631637,11.612714214894472],[106.47495279392106,11.612788600878138],[106.47364816741258,11.61344472878022],[106.47319803297113,11.61358873378117],[106.47251138794307,11.613719388319282],[106.47161111835112,11.613807126072269],[106.46972665810127,11.613810939738174],[106.46942911233879,11.61390249284685],[106.46925363589409,11.61409608912874],[106.4692460064552,11.614359302989142],[106.46940622326613,11.61465589648689],[106.46967325289722,11.61502782913668],[106.46970377067639,11.615473195167281],[106.46919260109891,11.617871686004394],[106.46878061373214,11.618899745986388],[106.46849832601667,11.619116231299158],[106.46788797443307,11.619168683504192],[106.4671936997662,11.619282170530793],[106.46684274774204,11.619396611147659],[106.46670541914149,11.619549199561922],[106.46660623688302,11.619738980679609],[106.46659860678871,11.621397419535343],[106.4665146842862,11.62184564670466],[106.46631631953564,11.6222175797425],[106.4660874379449,11.622460766357797],[106.46568307969,11.622569485700971],[106.46537790382128,11.622525616349986],[106.46511087462856,11.622434063191616],[106.46467599938123,11.622474118166595],[106.46429452959762,11.62262289148773],[106.46391306002644,11.623016758862066],[106.4637681015476,11.623339100617764],[106.46377573077595,11.623673840438311],[106.46392831885828,11.623987599676033],[106.46419534762886,11.62431280246889],[106.46568308016676,11.625330373036146],[106.46607217906187,11.625684187094773],[106.46643076036722,11.626118108084883],[106.4665680903075,11.626477643685345],[106.46654520131918,11.627008839861476],[106.46640787234652,11.627335949760102],[106.46561441544233,11.628556653415137],[106.46532449828551,11.629076405528295],[106.46525583420994,11.629390164769235],[106.46533975706676,11.629972859528936],[106.46557626823093,11.630532667003884],[106.46596536728593,11.631257458893021],[106.46614084310646,11.631903096459311],[106.46614084379054,11.63247434816536],[106.46604929117309,11.632919713822915],[106.4658967035963,11.633244916894299],[106.46570596825222,11.633387968299779],[106.46533975772024,11.633490963862556],[106.46447763560951,11.633528158028987],[106.46275339271561,11.633473797959326],[106.46233377600721,11.633525297377878],[106.46209726395374,11.633605405561266],[106.46193704739524,11.63374178158503],[106.46190652980383,11.633976385159578],[106.46204385914157,11.634307310374009],[106.46253652703977,11.634923484344283],[106.46343240876433,11.63604395149964],[106.46391306019784,11.636763020754591],[106.46431741823498,11.637545988585924],[106.46459207672247,11.638368054760468],[106.46472940592844,11.638967916226187],[106.4647370353225,11.639396116542004],[106.4646454823021,11.639612600387881],[106.46443185993509,11.639847204471103],[106.46320352744084,11.640619680140714],[106.46228799983773,11.641303464450884],[106.46066293893622,11.642765447672074],[106.45951852969193,11.643924162374907],[106.45877847897879,11.644747182533955],[106.458572485048,11.645175383025553],[106.45849619066344,11.645563528630488],[106.45861063187017,11.646037505044125],[106.45900736109134,11.64666597607253],[106.45938120117235,11.647134229710002],[106.4597245239908,11.647705480572576],[106.46007547645516,11.648948119181203],[106.45998392299835,11.649624274037018],[106.45967874681874,11.650297568335423],[106.45921335430913,11.651000425678857],[106.45863351993701,11.651508733786502],[106.45805368582427,11.65179960518535],[106.45769510541875,11.651943610124931],[106.45701608914938,11.652079984752808],[106.45581827412701,11.652425215405344],[106.4551392581713,11.652716085796804],[106.45439157676714,11.65311186158208],[106.45384989018464,11.653294013505809],[106.4534836790997,11.653479025206735],[106.45327768523394,11.653650687449366],[106.45318613329374,11.653808997631888],[106.45318613295379,11.65407793319423],[106.45335397937059,11.65429632469766],[106.45417032407387,11.654680655735339],[106.45437631816434,11.654973433293753],[106.45456705322145,11.655488417273599],[106.45504770576356,11.657135413113178],[106.45532999247325,11.657592223791145],[106.4553413755408,11.65762874207215],[106.4553986571149,11.657812522267841],[106.45538339872564,11.658053801098628],[106.45517740539289,11.658388541295569],[106.45486459922954,11.65865270903912],[106.45450601881231,11.658866332353783],[106.45378885570476,11.659112380846771],[106.45272836961145,11.659599707310022],[106.45197305968452,11.660003112000483],[106.45126352595837,11.66045324627686],[106.45110330836029,11.660602019527966],[106.4510193853304,11.660809920860624],[106.45099649693053,11.661102698983882],[106.45107279047323,11.661441253002742],[106.45127115550177,11.661836075178472],[106.45158396076529,11.6622165910531],[106.4519654296628,11.662545607315284],[106.4520722418117,11.662744925896895],[106.45209512973733,11.663032935580741],[106.45198831880663,11.663241789851744],[106.45172128966857,11.66339056392184],[106.45114908441208,11.663562224568997],[106.45025644574925,11.66396181530635],[106.44980631126859,11.664225981668404],[106.44956217106525,11.664426253907553],[106.44939432344643,11.664632248163047],[106.4493256594759,11.66483347277483],[106.44936380700817,11.665062354794948],[106.44973001753316,11.665420935650161],[106.45032511060427,11.665769980497648],[106.4512787851751,11.666137145667465],[106.45168314331704,11.666454718965303],[106.45184335967649,11.66681044031326],[106.45196542984664,11.667704033263494],[106.45195780138508,11.668268607704801],[106.45185099017176,11.668500351026003],[106.45155344271433,11.668853209670395],[106.45079813313079,11.66942827639147],[106.45067606263068,11.669593260700108],[106.45055399244447,11.669888900385223],[106.45053873444459,11.670134947770375],[106.45065317548591,11.670345710231194],[106.45167551316499,11.671183990196464],[106.45279703380561,11.672522949157404],[106.45290384596292,11.672740387358381],[106.45282755199152,11.673376487069726],[106.45265207666047,11.673936294508467],[106.45253763530542,11.674628661856666],[106.45273599901576,11.675741599917028],[106.45275125803069,11.676070617322651],[106.45271311119524,11.676427292100621],[106.4525986702259,11.67676966109561],[106.45194254258989,11.677524017687022],[106.45181284373601,11.677811072893823],[106.45178232543192,11.67805712131143],[106.45181284307421,11.67829458598328],[106.45224008995326,11.67873423071204],[106.4526749641819,11.679072784117563],[106.45278177677721,11.679218696488679],[106.45283518201155,11.679415153475658],[106.45281229366894,11.679611610081928],[106.45254526504975,11.680317328969991],[106.45247660094273,11.680589126102275],[106.45249186003758,11.680856155250167],[106.45256052402476,11.68111841604295],[106.45281992360312,11.68154375452756],[106.45329294590807,11.682083534386857],[106.45340738675426,11.682279991696996],[106.45346079292341,11.682466910995226],[106.45346079241628,11.682617592211036],[106.45336161100082,11.682924675186193],[106.45261392981085,11.684626983601605],[106.45261392969455,11.684808181115331],[106.452713112291,11.68505995173972],[106.45291147586151,11.685388015124433],[106.45317087553666,11.685695099129548],[106.45326242766895,11.6859163511192],[106.45332346427462,11.687004493759321],[106.45330057526276,11.687889503175933],[106.45336923989082,11.688705848855385],[106.45330057547153,11.69068376983094],[106.45320902286778,11.690935539337847],[106.45307932337066,11.691139625489797],[106.45239267792867,11.69168512784369],[106.452102761134,11.691996978815782],[106.45192728381069,11.692264008140125],[106.45178232652887,11.692752289830786],[106.45157633211575,11.69311468606633],[106.45135507998762,11.693331169992407],[106.45059214014427,11.693673538745882],[106.45004282468776,11.693815636067425],[106.44979868323321,11.693993019588605],[106.44963846622785,11.694175172127395],[106.44948587846253,11.694431710011392],[106.44905100327432,11.696001457740996],[106.44871530892748,11.696677613087878],[106.44847116908073,11.697075294962458],[106.44826517567641,11.697282242784539],[106.44780741129034,11.697368073588098],[106.44627390348528,11.6975330594523],[106.4459000633143,11.697740960208478],[106.4449006122606,11.698618340104414],[106.44415293132435,11.699547219827139],[106.44400797345142,11.699856209970571],[106.44395456736989,11.700171876135384],[106.44427500273066,11.701069283772437],[106.44429789043294,11.701285767939478],[106.44419870834494,11.701488900618896],[106.44398508543567,11.701633858776626],[106.44375620385631,11.701686311256688],[106.44350443363791,11.701686311283769],[106.44324503361393,11.701597619237756],[106.44254312972657,11.701128411449039],[106.4422989894061,11.701099801206324],[106.44207010725994,11.701156068232924],[106.44192514878415,11.701240945625921],[106.4418717427115,11.701378275071518],[106.44218454828629,11.702025819878918],[106.44218454889018,11.702385354873595],[106.4420777361913,11.702559876624816],[106.44116983842378,11.703204560448372],[106.44106302762303,11.703374314925528],[106.44097147474577,11.703847338062989],[106.44083414548325,11.704002785704697],[106.44061289222567,11.704121041408301],[106.43954477728981,11.704495835999124],[106.43820963383212,11.704693247235982],[106.43803415743477,11.704824853849049],[106.43791208794406,11.705115723886342],[106.43769083431143,11.706108498978661],[106.43769846491804,11.706466127358766],[106.43784342245638,11.706974436526862],[106.43818674555169,11.707847048501742],[106.43832407506777,11.709014345220309],[106.4384690331109,11.709615160199345],[106.43865213895711,11.710120607041194],[106.43865976761843,11.710292268797861],[106.43849955045583,11.710470606243584],[106.4377366119033,11.711084771994859],[106.43746958310943,11.711559702693815],[106.43726358895798,11.712154794594092],[106.43717203609654,11.712660242372111],[106.43717203614426,11.713014054966882],[106.43711863089791,11.71329157471612],[106.43695841289656,11.713518548958131],[106.43670664346506,11.713609148774445],[106.43642435565296,11.713604379807395],[106.43539438829488,11.713529039376185],[106.43514261712195,11.713561464606904],[106.43491373586231,11.713537622455432],[106.43477640719206,11.713468958281359],[106.43435679021832,11.713220049514813],[106.43412027910524,11.713165689614234],[106.4340363546019,11.71321146665742],[106.43385324990358,11.713740755518005],[106.43358622099063,11.714750696331103],[106.43357096217045,11.71495669098216],[106.4339295438575,11.715914179383713],[106.4342728672503,11.717185426323287],[106.4344483429582,11.717502046349637],[106.43470011334954,11.717810083522002],[106.43480692413529,11.718211580267338],[106.43482981204312,11.718728472486587],[106.43469248343102,11.719237734736897],[106.43455515436436,11.719471384453634],[106.43434916039676,11.719571520766882],[106.43404398485053,11.719530512344273],[106.43367777464515,11.719422746884614],[106.43334971065865,11.719220568192702],[106.4331818629284,11.719167163030514],[106.43305979345625,11.71923391937955],[106.43300638757012,11.719428468725944],[106.43289194670331,11.720618654872974],[106.43283091165571,11.720757890512882],[106.43271647033325,11.720811296859706],[106.43255625292277,11.72082464914114],[106.43164072563047,11.720616748155866],[106.43132792028787,11.720620562265534],[106.43111429755828,11.720705439162181],[106.4310151157353,11.720862796084159],[106.43101511496559,11.721016337002952],[106.43113718505008,11.72127192236604],[106.4314118439323,11.72163622606814],[106.4314499915634,11.721914697662868],[106.43144999116821,11.722436357544808],[106.43136606736871,11.722883632327385],[106.43119822168201,11.723326135669895],[106.43055735191668,11.724441935064947],[106.43025217667275,11.72470133475522],[106.42994700019156,11.72487013524107],[106.42959604806207,11.724992205609622],[106.42935190722478,11.725068499618029],[106.428222757352,11.72525065105495],[106.42810831640045,11.725416590853214],[106.42812357526613,11.725702692979283],[106.42846689707781,11.726423671610016],[106.42852030373653,11.72662012841068],[106.42852030389373,11.726781298427797],[106.42847452751825,11.726902415615884],[106.42836008613149,11.726995875122215],[106.42773447541742,11.726994921887592],[106.42750559428934,11.727129390416644],[106.42723856575229,11.727358271734008],[106.42712412467439,11.727521349944348],[106.42709360614457,11.727708270249702],[106.42723093539271,11.728243281317278],[106.42724619434696,11.72856276198036],[106.42709360696911,11.729937960268144],[106.42752085286703,11.732031276858754],[106.42754374174298,11.732366969314414],[106.4274445591363,11.732642581916725],[106.42639170253368,11.733804156469517],[106.42603312124238,11.734134127657889],[106.42575846280268,11.73433153867108],[106.42484293607603,11.734752109056348],[106.4246522007522,11.734897068124926],[106.42454538897898,11.735152652875426],[106.42449198387509,11.735586573849963],[106.42446909594838,11.736107280861939],[106.42451487205031,11.736609866397664],[106.42440806016414,11.736797741252953],[106.42411051376381,11.737110546121022],[106.42309580536352,11.737929752210034],[106.42266092893878,11.73818533686107],[106.42227183039405,11.738357951810537],[106.42205820730248,11.738526751747575],[106.42198191284086,11.73872988542864],[106.42214975970086,11.73981898064702],[106.42213450136887,11.740266254433415],[106.42194376594432,11.741132191202881],[106.42196665415906,11.741394450948523],[106.4221573889624,11.74181406773452],[106.42224131225251,11.741902758775515],[106.4223710121201,11.741912296589899],[106.42249308207164,11.741865565742167],[106.42264566994373,11.741745402961417],[106.42287455248487,11.741301944703833],[106.42297373459819,11.741248538896896],[106.4231263225642,11.741264751143241],[106.42348490405604,11.741405895300122],[106.42364512087828,11.74151747501666],[106.42373667383899,11.741646221333786],[106.42375956222297,11.741765430258836],[106.42373667433588,11.741897991144207],[106.42365275057166,11.742041996308284],[106.42306528686665,11.74258177638718],[106.4220429481876,11.74339430600971],[106.42171488401232,11.743725231273126],[106.42168436759732,11.743997982163894],[106.42214976063113,11.744532992819652],[106.42215738967954,11.744785717436153],[106.42205057771011,11.745112827149049],[106.42147074350738,11.746232441368306],[106.4210587559888,11.746743610371688],[106.42070017591173,11.747297695058572],[106.42063151050056,11.7475284846064],[106.42070780458106,11.748474529288904],[106.42064676993844,11.748780659735765],[106.42015085900027,11.75007193467356],[106.41979227778538,11.750793865581914],[106.41950999001318,11.751268795970224],[106.41944895431547,11.751600674716713],[106.41944895512451,11.751986912315195],[106.41953287795026,11.753032140008413],[106.41945658354776,11.75322001403981],[106.41930399618776,11.7533172881613],[106.41875467960733,11.753402164904116],[106.41855631540191,11.75353377147936],[106.41844950331846,11.753813198923739],[106.41843424516198,11.754281453104694],[106.4185486861095,11.75453894496525],[106.41876230852355,11.75484793551607],[106.41894541514932,11.755013874512384],[106.41913614959239,11.755065372754675],[106.4197999071742,11.754946163697781],[106.4199601239926,11.755031040987701],[106.42001352991954,11.75515215739863],[106.42003641807285,11.755885532740477],[106.41989145986581,11.756673268042686],[106.41957865491379,11.757912090884817],[106.41947184266087,11.758132389867967],[106.41929636687308,11.758286884859064],[106.41901407945451,11.75839178851636],[106.4187470507086,11.758431843717313],[106.41848765070156,11.758361272162208],[106.41783152265927,11.757759502536663],[106.41761790040279,11.757676533637397],[106.4173890177863,11.75767653393856],[106.41710673070041,11.757809094438386],[106.4169846599211,11.757927350003992],[106.41693888389031,11.758133343856263],[106.4169922903755,11.75834410601663],[106.41725931896929,11.758906772954353],[106.41731272402139,11.759221486422279],[106.41724405979568,11.759344509777387],[106.41677866720204,11.759613445899614],[106.41658793221153,11.75982516197142],[106.41648875024788,11.759986333208497],[106.41649637892664,11.760170392551272],[106.41659556080407,11.760436467386738],[106.4169846604766,11.761089733709168],[106.41736613029909,11.762099674941899],[106.41749583042694,11.762937001384739],[106.41750345934192,11.763253620828474],[106.41748057086855,11.76362173908253],[106.41738138926851,11.764149121146806],[106.41712199030636,11.764733724182578],[106.41701517837048,11.764861516002279],[106.41684733110272,11.764882496894115],[106.41614542733974,11.764813832219144],[106.41519175361739,11.764808110330199],[106.41499338961047,11.764854840222593],[106.41484843059379,11.76499026254508],[106.41466532513488,11.765305928311905],[106.41424570858867,11.766311101681026],[106.41424570827418,11.766453198523811],[106.41430674357755,11.766609601323621],[106.4145508842965,11.766763143719754],[106.41458140154312,11.766855649507244],[106.41457377274834,11.767012052270465],[106.41431437246555,11.767368726090115],[106.41423044949596,11.767518453187863],[106.41422282027244,11.767631940863426],[106.41427622522096,11.767731122930561],[106.41484080132663,11.768027715457698],[106.41525278819942,11.768027715320011],[106.41542063529486,11.767942838627992],[106.41559611138034,11.767829350556045],[106.41566477504708,11.76759474707141],[106.41560374018944,11.767231397438088],[106.4154282643882,11.766968182789595],[106.41544352307704,11.766871861044875],[106.41561899896226,11.76675169855386],[106.41574869943122,11.766723088819724],[106.41586313993974,11.766751698001416],[106.41599283956519,11.766833713958908],[106.41613016849419,11.767022542716763],[106.41641245658388,11.767623357501256],[106.41656504480889,11.768082074701793],[106.41677866730973,11.768304280344802],[106.4176941941813,11.76894419620812],[106.41823588165846,11.769409589019546],[106.41894541586994,11.769771031495747],[106.41906748580996,11.76991789698031],[106.41905222704672,11.770349912771811],[106.41899119134456,11.770447186442583],[106.41890726817212,11.770473889467024],[106.41833506374996,11.770294598256973],[106.41788492951635,11.77020781455817],[106.41734324263163,11.770212583743607],[106.41714487839518,11.77032797703127],[106.41699991998564,11.770533971527774],[106.41671000230777,11.771000317646502],[106.41649638005376,11.771434239360355],[106.41622172122754,11.772181920457035],[106.41622172193352,11.773038320340408],[106.41642008558873,11.773846082540512],[106.41652689771124,11.774008206733141],[106.41745768352695,11.774311475846527],[106.41786204223264,11.774482182148935],[106.4180985529164,11.774668149995149],[106.41812144084714,11.774856976342175],[106.41806040592103,11.775739125434521],[106.41814432896435,11.776106290522376],[106.41829691699401,11.776340894441658],[106.41913615089146,11.77687113724177],[106.41959391358131,11.777230673039735],[106.41969309735,11.777425221292146],[106.41971598537725,11.77769988104181],[106.41938029078574,11.779138974278583],[106.41943369688455,11.779647283694358],[106.41955576713505,11.779821805487478],[106.4198533145152,11.780090741416092],[106.42053995888485,11.780612401770538],[106.42076884075598,11.780902318913492],[106.42088328217659,11.781210355449794],[106.42093668823921,11.781919888637347],[106.42102824111254,11.782357626164908],[106.42125712222874,11.78250735287277],[106.42139445200704,11.7825035377526],[106.42163859196577,11.782354765144152],[106.42212687289059,11.782144003033826],[106.42276774375794,11.782220296329173],[106.42295847691923,11.782263211707063],[106.42312632437869,11.782365254565091],[106.42323313640831,11.782493047233515],[106.42333231793673,11.782719067547454],[106.42351542372312,11.783907346669622],[106.42361460500769,11.784201077374727],[106.42384348717468,11.78457396484352],[106.42409525758492,11.785105161307152],[106.42468272189987,11.785916738089444],[106.425094708703,11.786285809262546],[106.42587290698314,11.786876134644457],[106.42619334126765,11.787251882482643],[106.42662821674678,11.787934712474941],[106.42671976957273,11.788205556455571],[106.42667399349018,11.788505963972101],[106.42648325846038,11.788858824019412],[106.42626963562773,11.789132527763446],[106.42617045405402,11.78945582363305],[106.42623911748733,11.789725714135333],[106.4263993349753,11.790015630817544],[106.42671214090186,11.790215901362822],[106.42726145667129,11.790450505867652],[106.42750559740745,11.790644101762368],[106.42765818500459,11.79082434698197],[106.42768870294012,11.791072301320918],[106.42732249207113,11.791812352725454],[106.42717753358866,11.792198591101203],[106.42714701615648,11.792488508173228],[106.42726908561045,11.792806081358712],[106.42754374466683,11.79312937700482],[106.42797099053665,11.793391637941024],[106.42959605237081,11.794155530348386],[106.42988596909755,11.794430188567972],[106.43009959209206,11.79481070463429],[106.43023692131926,11.795297078714672],[106.43033610321581,11.795845441472897],[106.43030558562229,11.796375684994912],[106.43017588609617,11.796773366563382],[106.43013773931628,11.797092848149225],[106.4302140336636,11.797181540172291],[106.43045054390515,11.797258786371867],[106.43106852491893,11.797274046057856],[106.43129740719472,11.797362737552092],[106.43145762460048,11.797492437128842],[106.4315262887051,11.797697476673306],[106.43148051217034,11.797952107586397],[106.43124400162587,11.798616818920593],[106.43122111363525,11.798798971008127],[106.43129740731074,11.798943929953259],[106.43148051257559,11.79899924317863],[106.43187724117136,11.799010687206788],[106.43247233377437,11.79909174895624],[106.43284617449191,11.799256735061403],[106.43344126749398,11.799378804796177],[106.4340211008052,11.799654416514523],[106.43418131818733,11.799786023692182],[106.4341813188752,11.799901418476244],[106.43411265339059,11.800044469780307],[106.43363200135475,11.800438336567211],[106.43350230270175,11.800602368569868],[106.43343363706643,11.800789289207936],[106.43347941310508,11.80099337604802],[106.43363200107387,11.801124982851391],[106.43396006567602,11.80125754340958],[106.43440257057814,11.80136244800473],[106.43467722838805,11.801522664621976],[106.43524943318596,11.80230944557653],[106.43539439302326,11.802608899521745],[106.43537913329195,11.802829198452823],[106.43473063429605,11.803465299406552],[106.43391428956947,11.804012708844647],[106.43341837898218,11.804397038665941],[106.43302165065022,11.804616384042314],[106.4328461746869,11.804818562540811],[106.43282328640541,11.804972105071556],[106.4329072099986,11.8051151556526],[106.43435679432677,11.805842810108217],[106.43450175272945,11.806024007531057],[106.434555158634,11.806206160370959],[106.43450175309485,11.806415014003772],[106.4343033887263,11.806612424648511],[106.43391429023293,11.806815557450966],[106.43363963149193,11.807032041696704],[106.43354044940187,11.807261877351118],[106.43350993179084,11.807492666105004],[106.43354807864262,11.80774062250222],[106.43368540813525,11.807987623386731],[106.43392191865021,11.808202199617114],[106.4345856768136,11.808566503032793],[106.43494425829056,11.808645658346116],[106.43570719792264,11.808509282732754],[106.43596659647469,11.808411054909772],[106.43616496111358,11.808378629680863],[106.4362870315834,11.808416776572528],[106.43640147335731,11.808527402738928],[106.4364701372665,11.808692388846845],[106.43646250751797,11.808906012071887],[106.43635569627402,11.80925314928066],[106.43594370881239,11.809769087214066],[106.43581400884545,11.810005598407812],[106.43577586235904,11.810175351727612],[106.43579874968289,11.810280256035613],[106.43596659734695,11.810324125259214],[106.43621073789122,11.81029742214679],[106.43685160653526,11.809959821880456],[106.43700419497712,11.809949330640592],[106.43713389384263,11.810031347077288],[106.43727122444322,11.810235433897992],[106.43740092287918,11.810619763771927],[106.43744669983715,11.811081342706501],[106.43743144141646,11.812072209767319],[106.43759928768769,11.812396459935226],[106.4377823929152,11.812435560323589],[106.43835459813602,11.812248640387738],[106.43852244369027,11.81228774111502],[106.43894206109198,11.812639646042623],[106.43913279663153,11.81291430477502],[106.43921671929012,11.813150816150678],[106.43939219529103,11.813338689592287],[106.43972788935157,11.813597135864592],[106.44018565264545,11.813803128573344],[106.44028483440415,11.813881330269933],[106.44033824020828,11.813996725187454],[106.44033824026762,11.81415980316091],[106.44012461729787,11.814546041423617],[106.44011698814634,11.814689093100657],[106.44028483440556,11.815052442943594],[106.44040690503759,11.815144949287982],[106.44062815697961,11.815207890712319],[106.4408112630738,11.815192633014835],[106.44117747389218,11.815068655187703],[106.44152842596002,11.815011435234371],[106.44167338405266,11.815039090575564],[106.44181834304193,11.815127782534638],[106.4419098955759,11.815251760048744],[106.44187174835953,11.815707617193318],[106.44161234978738,11.816271238117887],[106.44134532075945,11.816626004582643],[106.44075785703689,11.817173414210652],[106.44062815737838,11.81734698326536],[106.44063578721284,11.817505292914932],[106.44074259853562,11.817623548277478],[106.44096385150263,11.817725591782462],[106.44174204909278,11.817864828017822],[106.44200907847863,11.81797259278796],[106.44216929524484,11.818167143205061],[106.4428483113344,11.81992476548975],[106.44301615848465,11.820047788773403],[106.4431840049164,11.820084027923897],[106.44342814517454,11.820048741771172],[106.44360362129369,11.819925718175636],[106.44371043357692,11.819726400338771],[106.44370280337783,11.819491796206679],[106.44345866350858,11.818808012197733],[106.44342051622925,11.818588667373518],[106.44349680964811,11.818435125032574],[106.44370280324648,11.81834834132726],[106.44386302092532,11.81837981198872],[106.44407664395854,11.8185123732167],[106.44430552601018,11.818743162015211],[106.44474803094555,11.819301061570204],[106.44480906533134,11.819520407084681],[106.44471751363558,11.820092611093273],[106.44451151954668,11.820393971688807],[106.44449626082336,11.820580893220514],[106.44461833105409,11.820755414620145],[106.44489298974227,11.820965223302634],[106.445312605655,11.821266583724759],[106.44557200541642,11.821389608020063],[106.44589243942494,11.821462087929],[106.44643412656113,11.821453504697741],[106.44663249220426,11.821534566738679],[106.44672404353096,11.821669035358983],[106.44670115606999,11.82202189374953],[106.44662486134808,11.822186879939],[106.44624339304629,11.822551184305247],[106.44618998682806,11.82270091136983],[106.44625102209967,11.823038511064075],[106.4463578324585,11.823141507812307],[106.44653330978834,11.823188238051731],[106.44676219111204,11.823142461779515],[106.44732676640598,11.82292025612382],[106.4474869834009,11.822897366856928],[106.44760142449441,11.822951727171573],[106.44765483128408,11.823039464656034],[106.4476090540082,11.823942593642697],[106.447654831278,11.824022702775668],[106.447807417545,11.824126654034524],[106.44777690068587,11.824295454091766],[106.44766245965161,11.824426106604363],[106.44709025521749,11.824809483877596],[106.44695292616225,11.825110845662842],[106.44709788515758,11.825632504911727],[106.44728862030473,11.825913839501126],[106.44748698405422,11.826075010291131],[106.44762431331687,11.826099806201741],[106.44776927147713,11.826046400198047],[106.44813548163896,11.825659208073786],[106.44829569970449,11.82564013503296],[106.44839488223684,11.825698308578035],[106.44852458085454,11.825916700173622],[106.44857798683064,11.826274328314323],[106.4484864351123,11.826723508810714],[106.44828044097878,11.827068739512358],[106.44805155871374,11.827189856198213],[106.44721232615498,11.827361517077172],[106.44604502847216,11.827451162540362],[106.44589244039052,11.827535086194924],[106.44586955204784,11.827667646084103],[106.44592295797129,11.827909880549939],[106.44614421000229,11.828324728641864],[106.44625102219142,11.828667097505887],[106.4462967977628,11.82895606028953],[106.44625102187247,11.829363279068138],[106.44609843424509,11.829794340364579],[106.44574748251677,11.830264502422429],[106.44489299042151,11.83124869337305],[106.44487010188672,11.831612997327582],[106.44500743143401,11.83200209646079],[106.44498454265162,11.832128935655495],[106.44487010217671,11.832212858522775],[106.44476329073615,11.832228117854068],[106.44436656120047,11.832159452006522],[106.44425212121395,11.832206182422372],[106.44419108564624,11.832316809171136],[106.44421397442105,11.832626753629357],[106.44437419091481,11.83306067520967],[106.44435893215596,11.83323424336232],[106.44427500907543,11.833322935929093],[106.44410716261554,11.8333496383519],[106.44248210104968,11.832994871316165],[106.44216929595798,11.832989149511269],[106.44158946193672,11.833146505493852],[106.44146739250509,11.833309584356012],[106.44144450358058,11.83349841190142],[106.4414750211651,11.8339189827536],[106.4415818319767,11.834448271924733],[106.44155131572299,11.834674293115448],[106.44142161507901,11.83502047603143],[106.44116984563883,11.83536761369946],[106.44083415210153,11.835682326015721],[106.4403077240811,11.836302214540716],[106.4393387903352,11.837651663860429],[106.43910227950609,11.83785288852549],[106.43904124427614,11.837999754601778],[106.4390488730632,11.838120871855233],[106.43918620311781,11.838415557285098],[106.43918620391594,11.838589126154952],[106.43908702085314,11.838740759664898],[106.43880473315453,11.838898115797342],[106.4381638646062,11.839086944360844],[106.43808757096994,11.839212828866101],[106.43809519938705,11.83939116602666],[106.43836985767477,11.840082579732632],[106.43836985797448,11.840208465240739],[106.43830119377866,11.840376311192305],[106.43804179328626,11.840717727149547],[106.43801890572182,11.840843612173085],[106.43807231152084,11.84096472770473],[106.43859111050718,11.841517858928214],[106.43891917453874,11.84172862096195],[106.43923197941415,11.841855459888093],[106.44058238228226,11.842067176022317],[106.44098674054784,11.842169218617885],[106.44127665786256,11.842298918891087],[106.44153605710268,11.842505865726634],[106.44169627339173,11.842739515921627],[106.4418030860589,11.843004637784851],[106.44176493919242,11.843426162368331],[106.4416352387405,11.843644553406525],[106.44152079779465,11.843692236704394],[106.4401398777535,11.843387061095823],[106.43993388386507,11.843371802068786],[106.43975077836002,11.843450004251205],[106.43979655468257,11.843623571901912],[106.44010936013596,11.843938285473282],[106.44037638902886,11.844376021397574],[106.44049082979261,11.844699316814912],[106.44071971153629,11.845700674829237],[106.44071971234591,11.845845634104439],[106.44061289955735,11.846003943052745],[106.43991099610022,11.846447402536278],[106.43981944289312,11.84660666576131],[106.43979655452506,11.847073965928876],[106.4398652201291,11.847280912859528],[106.4399644023571,11.847432548131623],[106.44017802488106,11.84761183780479],[106.44042216458311,11.847744399269594],[106.44103251656853,11.847962791589302],[106.44109355226806,11.848053389791362],[106.44110881059895,11.848170692256998],[106.44105540529752,11.84827941045146],[106.4408951880936,11.848391943785723],[106.44006358370211,11.84875052557283],[106.43997203147882,11.848837310126026],[106.43993388397456,11.84894507519632],[106.43994914331842,11.84905856187904],[106.44021617191656,11.849305564256284],[106.44044505398105,11.849414283157305],[106.44065867697597,11.84946482846799],[106.44091807647163,11.849629813642432],[106.44105540490385,11.84992926711974],[106.44106303514624,11.850045615457727],[106.44098674152052,11.85018008348298],[106.440879928682,11.85023635067198],[106.44045268305914,11.850197249690446],[106.44010173153674,11.850053245262972],[106.43936168004555,11.8494505226324],[106.43899546937975,11.84937613615144],[106.43878947485445,11.849444800147502],[106.43869029260011,11.849509650600877],[106.43865214628123,11.849648887103157],[106.43880473401556,11.849938804373263],[106.43950663821299,11.850519591301435],[106.43965922607109,11.850761825599967],[106.43961345017136,11.850870543060992],[106.43955241538235,11.850905829045605],[106.43889628751828,11.850850516152828],[106.43872081095216,11.850892478063482],[106.43859111098271,11.85099833665545],[106.43822489990991,11.851690703029083],[106.43822490011195,11.851827079568858],[106.43834697008309,11.851983481724838],[106.43861399888694,11.851983481576893],[106.43872081094867,11.852021628108554],[106.43883525076261,11.85213225556493],[106.43903361643588,11.852599555166739],[106.439048873895,11.852991515523943],[106.4389420629334,11.853188926344046],[106.43875895751418,11.85337489254251],[106.43867503392691,11.853579932654034],[106.43870555226508,11.853792602739311],[106.43890391608504,11.853834563790384],[106.43910228005115,11.853747779918603],[106.43928538586627,11.853801185635799],[106.43939219757432,11.853881293655899],[106.43943797453721,11.854272300905103],[106.43943797469124,11.855389052832287],[106.43975077910913,11.856324607990903],[106.43981181475688,11.856720382735745],[106.43979655546575,11.857583457302475],[106.43988810890316,11.857701713776548],[106.4400483253348,11.857778007392339],[106.44017802541123,11.857774192609499],[106.44030009507462,11.857678824851764],[106.44039164846868,11.85752719041289],[106.44047557177359,11.857245856219862],[106.44057475329524,11.857090407153741],[106.44068919467222,11.856995040681378],[106.44080363512434,11.856988364587016],[106.44093333516608,11.857037955198575],[106.44117747683019,11.857330733509773],[106.4413071755402,11.857699805392665],[106.4412613994185,11.857912475116859],[106.4411469585915,11.858167106131312],[106.44077311880727,11.858505661046618],[106.44068919456869,11.858661110019288],[106.4406586774885,11.858774597058865],[106.4407044535916,11.858862335019055],[106.44079600681678,11.858904296622244],[106.44122325233664,11.858836585821331],[106.44181834583699,11.858647758897865],[106.44201670938004,11.858641082336085],[106.44255839614635,11.858709746319677],[106.44275676023545,11.858782226753187],[106.44306956542034,11.859068328918966],[106.44326793042164,11.859083587426408],[106.44335185399156,11.859007293464474],[106.44386302264469,11.858176642538812],[106.4439698344935,11.858134681091904],[106.44409190455197,11.858147079578174],[106.44427501048665,11.858474189120123],[106.44434367444696,11.858755523278674],[106.44439708057345,11.85920184259219],[106.44441233934599,11.859862739703473],[106.44446574577452,11.860022002108824],[106.44460307509317,11.860132628554732],[106.44496165582723,11.860168868896784],[106.44506083787232,11.860100204835172],[106.44508372700761,11.859795981486442],[106.44502269098932,11.859369689718491],[106.44503795005699,11.859241897559015],[106.44510661436574,11.859145576837168],[106.44544230769553,11.859180861257252],[106.44573222478502,11.859301024700557],[106.4457627423237,11.859440261285151],[106.44572459572204,11.8596290883364],[106.44560252465092,11.859840804352505],[106.4454270490717,11.860445434856835],[106.44551097258986,11.860957557164141],[106.44553386075175,11.861433440087431],[106.4454499371808,11.861935073368638],[106.44547282557215,11.862182075667786],[106.44556437756593,11.862354690352085],[106.44570170771976,11.862451964745881],[106.44583903719423,11.86244719645515],[106.44596873545812,11.862368041834229],[106.44615947116618,11.86214297435519],[106.44627391154658,11.861843520433109],[106.44639598137447,11.861662322814222],[106.44655619964723,11.861495429503416],[106.44670878815124,11.861406737808855],[106.4470597394945,11.861415320436398],[106.44709025661177,11.861492568443818],[106.4470902565985,11.861640388592903],[106.44666301040515,11.862260276779457],[106.44580851901014,11.862897330445582],[106.44570170756923,11.863043242742664],[106.44566356081317,11.863233977241816],[106.4457322245533,11.86338084388188],[106.44620524760286,11.863748961689478],[106.44634257652038,11.863899642258898],[106.4464036117575,11.86403887860014],[106.44635783518422,11.864220077400281],[106.44618998872913,11.864408904583328],[106.44597636576783,11.864547187774663],[106.44586955441106,11.864694053884634],[106.44587718372433,11.864901954241713],[106.44599925391911,11.865314895823653],[106.44591533068701,11.865807944591607],[106.44581614823848,11.866032059060018],[106.44587718408023,11.866371566611749],[106.44599162471467,11.866531783987071],[106.44609080679304,11.866599494773457],[106.44622050578874,11.866609984863038],[106.4463120594518,11.866542274718787],[106.44669352863734,11.866103583874484],[106.44699870489487,11.86601870615341],[106.44726573342655,11.865827018699479],[106.44743358012504,11.865765029689848],[106.44780741965891,11.865855628405408],[106.44793712047709,11.865971976115754],[106.44802867275517,11.866125518696846],[106.44808970807969,11.866610938218944],[106.44817363102489,11.866736823131559],[106.44827281280499,11.866788322317209],[106.44834910708835,11.866774016848538],[106.44870005998824,11.86661761428296],[106.44888316528187,11.866532737730203],[106.44899760577118,11.866406852872206],[106.44907390041728,11.866104537919266],[106.44930278193395,11.86555140642963],[106.44953166429067,11.865270072368586],[106.45003520395649,11.864800864178212],[106.450195420718,11.864735061257802],[106.45052348485802,11.86477606968245],[106.45059977938202,11.864827567797015],[106.45057689079415,11.865063125815691],[106.45033275036818,11.865375930134295],[106.45031749074109,11.865575248080175],[106.45037089723279,11.86582224914236],[106.45047007898737,11.866011077372983],[106.45062266720164,11.866162711376703],[106.45078288423136,11.866221839335646],[106.45095836053066,11.866233283281856],[106.45107280123283,11.86617797046158],[106.45117198265514,11.865225249143597],[106.451263535799,11.865101272500272],[106.45143138284989,11.865069800727722],[106.45174418854562,11.86508601315676],[106.45241557466066,11.865180427309632],[106.45256053313948,11.865243369137573],[106.45268260413292,11.865409307886068],[106.45275126812496,11.865675384065673],[106.45288096824983,11.865878516606982],[106.45305644453076,11.865988189474356],[106.45325480796707,11.8660101231511],[106.45350657785387,11.865902358707084],[106.45364390687509,11.865894728953759],[106.45368968411002,11.865952903209402],[106.4536973128646,11.866075926915903],[106.45365916635221,11.866205625837512],[106.45333110191098,11.866493636319515],[106.45327006735306,11.866580421593767],[106.45327006729062,11.866688186440733],[106.45365916659111,11.867006713633907],[106.45394908314988,11.86699622342564],[106.45446025259622,11.866801673376077],[106.45474253981251,11.866621429320215],[106.45475779883215,11.86650317336836],[106.45471202202577,11.866347724666655],[106.45400248919456,11.865409308523153],[106.45385753003437,11.865148002291525],[106.45387278900947,11.86507933697369],[106.45434581199434,11.864655906225622],[106.45446788238343,11.864571029008802],[106.45467387473211,11.864598685042385],[106.4548493525612,11.864818030009893],[106.45483409290532,11.865033561523358],[106.45468913458785,11.865322523799898],[106.45462809910038,11.865580969892543],[106.4546433582907,11.865792686366708],[106.45471202223165,11.865938598579456],[106.45484935197061,11.86600058727569],[106.45504771649261,11.865947180953302],[106.45548259142002,11.86527388714564],[106.45615397836738,11.864396506190856],[106.45658122380291,11.863975936212151],[106.45673381190888,11.863884383446496],[106.45704661668667,11.8638843829096],[106.4572754995205,11.863946372157185],[106.45765696877234,11.864278250764409],[106.45790110917787,11.864375524743934],[106.45802318057518,11.864348822953506],[106.45816050876209,11.864244872014869],[106.45840464931618,11.863721305129264],[106.45848094348307,11.863678389486877],[106.45860301442754,11.863666944504388],[106.45871745478638,11.863706045715018],[106.45892344829231,11.863864355747522],[106.45921336486181,11.863741332343727],[106.45948802329836,11.863387518826173],[106.45951091217967,11.86299174397285],[106.45957194690051,11.862849647221287],[106.45967112876593,11.862753324422647],[106.45999156349143,11.862711363472735],[106.46031199830307,11.862120085642008],[106.46043406820075,11.862069540428472],[106.4606705799077,11.862131529518566],[106.46075450297197,11.862258368752125],[106.46081553787458,11.863198691205314],[106.46097575504606,11.863616401074616],[106.46099864404728,11.863797599105167],[106.46092997900759,11.864113265044837],[106.46100627359458,11.864504271445872],[106.46108256716266,11.864670211080966],[106.46158610759825,11.864943914925743],[106.46210490626586,11.865483694588022],[106.46231852909642,11.865784101697725],[106.46247111773542,11.866084509579588],[106.46262370577844,11.866403991121118],[106.46271525725089,11.866832191058519],[106.46282969857688,11.866940908506523],[106.46292888005773,11.866960936429447],[106.46302806264121,11.866929464521647],[106.46322642755436,11.86628382751134],[106.46340190347256,11.866124563522877],[106.46354686102411,11.866053038526486],[106.46366893216305,11.86605303882393],[106.4637910026077,11.866103582412729],[106.46392833163974,11.86621325595752],[106.46414195457058,11.866657668007331],[106.46424113648875,11.866782598881125],[106.46436320737212,11.866816931445063],[106.4645157946493,11.866762571954135],[106.464645494297,11.86666148305452],[106.46477519474297,11.86624186534189],[106.46485911719965,11.866128378696711],[106.46501170523692,11.86604350131156],[106.465149034761,11.8660549460676],[106.46524821623213,11.8661560350651],[106.46533214053055,11.866464072032192],[106.46523295852896,11.866802626841919],[106.46523295870745,11.86698191687881],[106.46533976948821,11.867125921680408],[106.46551524557636,11.867219382073777],[106.4657517560552,11.867232733448189],[106.46620952035764,11.867108755537298],[106.46652995588897,11.866684370899064],[106.46669780152142,11.8666033086732],[106.4670334957478,11.866720610405178],[106.46720897139863,11.866877012465748],[106.46732341251048,11.867009574021118],[106.46737681739843,11.867181234269392],[106.46733867027702,11.867437773871181],[106.46710978978807,11.868037634606422],[106.46694194209833,11.868364744734127],[106.46692668330708,11.86859839454092],[106.46694194252076,11.868902616403497],[106.46622477960497,11.870144300466361],[106.45601665072057,11.889846259919961],[106.44944774210907,11.903618271938036],[106.44187175374422,11.919010576124544],[106.42887126698214,11.943185268379501],[106.41896068478734,11.96106380188234],[106.41532909238605,11.967413365762427],[106.41149150711783,11.974781453303788],[106.41174327660404,11.97473472292773],[106.41222392906535,11.974371373135812],[106.41251384557954,11.973696172280645],[106.41268932194656,11.973404348565403],[106.41341411523975,11.972835004307706],[106.41355907252108,11.97281688395976],[106.41371929051185,11.972861707411088],[106.41380321395005,11.973070562175922],[106.41381084261617,11.97347682724629],[106.41387950773789,11.973673284264084],[106.41413127755435,11.973844945436129],[106.4144135655446,11.973895490153005],[106.41467296477435,11.97381347443846],[106.41518413392686,11.97352355743053],[106.41586315053254,11.973023832542427],[106.41630565533062,11.972580373411446],[106.41647350219164,11.972517431320759],[106.41660320191512,11.972531735593407],[106.41671001298603,11.97260898285745],[106.41675579032976,11.972767293472051],[106.41674053142908,11.973246037743376],[106.41680156590012,11.973519742003448],[106.41691600722106,11.973697125828073],[106.41706096467253,11.973807752425722],[106.41722881183084,11.973817289176182],[106.41740428763981,11.973726689938623],[106.41780864639065,11.973416745416216],[106.41797649316793,11.973064839816228],[106.41797649297041,11.972978055389396],[106.41791545795681,11.972871244146754],[106.41739665871499,11.972273289580933],[106.41743480612436,11.972141682853476],[106.4177094639315,11.972295224127478],[106.4182206327586,11.972485958809507],[106.41881572627432,11.972652851551468],[106.41934978413808,11.9727234240707],[106.4197236243655,11.972675740845522],[106.42012035267462,11.972507894304595],[106.42061626268482,11.97213786796903],[106.42103588024808,11.971738278582595],[106.42153179114445,11.971600950108952],[106.42181407789897,11.971624791018884],[106.4221650301218,11.971753536953964],[106.42246257703037,11.971966207065371],[106.42270671725989,11.972000539172475],[106.42287456421717,11.97190803301726],[106.42318736938647,11.971486508692276],[106.42398845564799,11.971034467057347],[106.42424785530461,11.970997273660617],[106.42446910792096,11.971061169876403],[106.42485820659424,11.971293865340602],[106.42559825763772,11.971809803879685],[106.42571269870527,11.972011029924253],[106.42574321614686,11.972251354150337],[106.4258271400517,11.972382962412857],[106.42597209803932,11.972466885156924],[106.42617809200999,11.97247546854267],[106.42645275028349,11.972410618689848],[106.42742931285953,11.971991955127624],[106.42755901232086,11.971970021504896],[106.42765056517393,11.972013890827633],[106.42768871225373,11.97220653227442],[106.42760478952839,11.972324787273841],[106.4273148720914,11.972507893678278],[106.4273148725957,11.972617565737902],[106.42742168282265,11.972792088623043],[106.42758953038273,11.972894131277775],[106.42778789442536,11.972907482478009],[106.42799388807788,11.972829281150048],[106.42821514039227,11.972680508137758],[106.42834484037802,11.972536503572252],[106.42866527516195,11.972463070271804],[106.4290772619216,11.972584187077556],[106.42942821463397,11.972557484244092],[106.42981731312904,11.972609936012667],[106.43016826566934,11.97286361332472],[106.43041240585515,11.972906529453375],[106.43052684692408,11.972779690165689],[106.43038951856639,11.97207492577641],[106.43042003506342,11.971988140748145],[106.43080150511516,11.971771656251383],[106.43093883380025,11.971829830551842],[106.43106090425064,11.972129284582357],[106.43115245758344,11.972228466490096],[106.43141948611739,11.97232383388893],[106.43187724990429,11.972361027118739],[106.43202220829204,11.972337184851146],[106.43212138980192,11.972299992201908],[106.43222820200023,11.972074925564973],[106.43249523130004,11.972015797275377],[106.43264018926153,11.972043453519902],[106.43280803655315,11.97210830285523],[106.43289958857166,11.97224181851482],[106.4328919591577,11.972398220206578],[106.43284618349577,11.972647129134788],[106.43259441371308,11.972938000126122],[106.43257152483308,11.973016201284475],[106.4326554483483,11.973053395080614],[106.43284618325707,11.973040043197676],[106.43299877114957,11.973077236048038],[106.43315898791018,11.973184048026857],[106.43337261084979,11.973258434890052],[106.43355571621598,11.973263203028372],[106.4340821457019,11.973128735199348],[106.43428050939463,11.973165927785983],[106.43441783796249,11.973235545985776],[106.43447887308717,11.97331470140621],[106.43447124389581,11.973448216236084],[106.43437969130783,11.973619877206927],[106.4341202926865,11.97382301034937],[106.43344890564642,11.974157749146219],[106.43335735245884,11.974250256413637],[106.43335735228011,11.974356114312153],[106.43343364654972,11.974453388030339],[106.43384563300529,11.974561154344196],[106.43399822103204,11.974704205381348],[106.4342728805883,11.975222050717418],[106.43421947485734,11.975309788728113],[106.43410503332647,11.975328861417331],[106.43396770397202,11.975177227634312],[106.4338456336501,11.975103794198949],[106.43365489924146,11.975087582053984],[106.43342601726921,11.975135266042974],[106.43335735235809,11.975233494171023],[106.4333192058371,11.975402294580036],[106.43338787074309,11.976361691589458],[106.4333649825755,11.976437985332016],[106.43331157627213,11.976469456641336],[106.43302165964512,11.976500927392717],[106.43295299488884,11.9764313095076],[106.43295299470954,11.976373135490302],[106.43319713516526,11.976191937423836],[106.43316661724666,11.976070820053263],[106.43309032385687,11.976028858208622],[106.43244182570062,11.976064144184967],[106.43242656675491,11.976106106648233],[106.43247234223853,11.976166188826653],[106.432663077287,11.976348339312267],[106.43269359562424,11.976519047178929],[106.43264781885831,11.976737438443877],[106.43234264381937,11.977347790329894],[106.43235790162908,11.977661549923262],[106.43240367867001,11.977698742528593],[106.43279277757445,11.977729260236721],[106.43286907164104,11.977677761857723],[106.43293010619925,11.977554737307988],[106.43298351223173,11.977280079863771],[106.43302165956823,11.977227627523712],[106.43310558276927,11.977205693359842],[106.4333954994921,11.977232395589894],[106.43355571694994,11.977295338235356],[106.4336396406373,11.977422176987563],[106.43370067559812,11.977779804030071],[106.43363201068007,11.978039204719819],[106.4331742478088,11.978964268510412],[106.43329631726024,11.979142605368063],[106.43347942221034,11.97910255158808],[106.43367778740664,11.978987156376633],[106.43444072678082,11.978322445193403],[106.43454753897507,11.978289067789609],[106.43462383291693,11.978311955463566],[106.4346848672536,11.978478848601329],[106.43427288095272,11.979070126435172],[106.43422710374519,11.979267536692436],[106.43424999163885,11.979561268026405],[106.4344025795299,11.97996658025438],[106.43447124437618,11.980029522486879],[106.43465434999669,11.980085789339944],[106.43475353183115,11.979839741187744],[106.43470012623257,11.979608952078175],[106.4347306435776,11.979393421079658],[106.43488323133381,11.97930663758346],[106.43500530156838,11.97929137795754],[106.43563091295142,11.979442059533573],[106.4357453534981,11.979523121569972],[106.43581401808385,11.979645191169418],[106.43581401806479,11.97988456407873],[106.43586742395834,11.979940830103228],[106.43614208199548,11.979947506665159],[106.4366608808446,11.979839741218742],[106.43678295026626,11.979877887928975],[106.43659984534379,11.980288922542686],[106.43656169836613,11.980475842343024],[106.43659984586864,11.980699002360428],[106.43673717501505,11.980957446988924],[106.43701946235836,11.981207310682311],[106.4373627850409,11.981365619936378],[106.43779003114787,11.981479107221757],[106.43795024886384,11.981571614603675],[106.4379883958733,11.981681286756169],[106.43798076572749,11.98183005940671],[106.4378129194957,11.982159077139386],[106.43750011388504,11.982333599837371],[106.43748485603132,11.98241752305728],[106.43752300315364,11.982539593765917],[106.43783580765414,11.983048855042744],[106.43793498975407,11.983095585758857],[106.43857585906447,11.982974468370237],[106.43890392320802,11.983009754729764],[106.4390565111538,11.983150898697573],[106.43922435816745,11.983540951198263],[106.43933879839139,11.983664929450423],[106.43942272233883,11.983694492939286],[106.43957530956442,11.983692585221952],[106.43999492548893,11.983443676617332],[106.4401704023226,11.983525691986399],[106.44022380752997,11.983657299032256],[106.4402009202192,11.984356343567326],[106.44023143824502,11.984610973928067],[106.44037639573904,11.984836041493365],[106.44085704796157,11.985253750328178],[106.44101726508673,11.985458790432936],[106.44129192297575,11.986480175627259],[106.44137584731027,11.986541210636224],[106.44146740057958,11.98655074709541],[106.44155895227583,11.986489712069249],[106.44213878608333,11.985822140554529],[106.44242870280169,11.985652386348074],[106.44281780214489,11.98557513794348],[106.44278728538565,11.985714375606626],[106.44252788550486,11.986073910163157],[106.44239818624769,11.98682540507271],[106.44245159096398,11.986982762263603],[106.44249736788517,11.987072407245604],[106.44256603218518,11.987077175213587],[106.44284069099963,11.986846386139101],[106.44307720250254,11.986748158287611],[106.4433137129533,11.986710011565311],[106.44338237835109,11.986760556523167],[106.44347393037074,11.987399517337284],[106.4435273365271,11.98750537561962],[106.44362651829897,11.987560688634925],[106.44374095942729,11.987544476642405],[106.44387065914667,11.9874863025155],[106.4440232474464,11.987039982600788],[106.44416057636364,11.986805378529146],[106.44474041039479,11.986580311347666],[106.44506084410224,11.986286579029146],[106.44544231422282,11.986053883593268],[106.44557964297061,11.98586505516915],[106.44570934307856,11.985481677731814],[106.44584667247447,11.985258517670378],[106.44623577071303,11.985088763767322],[106.44638072970379,11.98511546684586],[106.4465485757976,11.985195575998464],[106.44675456983578,11.985472142345627],[106.44690715787078,11.985828816231708],[106.44709789332043,11.985989032806112],[106.44734966283265,11.986058651341397],[106.44781505627317,11.985883174627954],[106.44818889648221,11.985852657874373],[106.4482880778123,11.98588985110383],[106.44831859647377,11.985952793428467],[106.44810497359107,11.986658512420792],[106.44814312047984,11.986835895792535],[106.44860851292735,11.987703739310104],[106.44882976572809,11.98782294861075],[106.44923412315671,11.987845837097364],[106.44941722945616,11.987731396425643],[106.44992839828237,11.986744343083847],[106.44999706324485,11.986729083653087],[106.45033275661659,11.986934124292096],[106.4506989676812,11.98700946527955],[106.45131694816865,11.986810146666096],[106.45163738207843,11.987242161310576],[106.45203411133136,11.98743003533227],[106.45233165717266,11.987664638751394],[106.45273601517066,11.987651286869276],[106.45285808642917,11.987692294659308],[106.45299541502665,11.987825810002452],[106.4531327442768,11.988052784204728],[106.45328533257525,11.9885277134801],[106.4533539968494,11.988620219859571],[106.45347606717955,11.988690791987013],[106.45369731967254,11.988721309704097],[106.4538270198129,11.98868030175625],[106.45410930682904,11.988179622473861],[106.4542237473635,11.988116679926055],[106.45434581886185,11.988105235676086],[106.4544373701601,11.988161503179585],[106.45452129424064,11.988790928168497],[106.45462810570886,11.9890770297908],[106.45468914052347,11.989167628561002],[106.45477306452317,11.989217220947506],[106.45484935842045,11.989208637092357],[106.45511638650358,11.988833842915001],[106.45522319810034,11.988774715989019],[106.45539104531926,11.988759456832902],[106.45578014425465,11.9888605454172],[106.45590984346204,11.988856731858728],[106.45605480251062,11.98878425214487],[106.45619213160099,11.98862308055941],[106.45628368435682,11.98833411739193],[106.45626079619362,11.988203464834035],[106.45617687245263,11.988067088285476],[106.45621501911661,11.987945019079241],[106.45706951116058,11.987368999719093],[106.45714580539764,11.98714393291642],[106.45707714128969,11.98685115488129],[106.45710765880241,11.986731944311106],[106.45726024598305,11.986691890474008],[106.45753490473338,11.986763416245203],[106.45759594008227,11.986713824721905],[106.45764934569496,11.986573634886076],[106.45764934516204,11.98636764172822],[106.45748912851428,11.985581813191189],[106.4576111986493,11.98547309471609],[106.45817577446826,11.985336719267238],[106.45842754433335,11.98522418588052],[106.45863353693287,11.985179362387006],[106.45883953098951,11.985185085331898],[106.45915233630437,11.985289989325418],[106.45924388950121,11.985342441260856],[106.45926677752016,11.98543780837969],[106.45903789564069,11.98556369371425],[106.45884716069494,11.98560660943338],[106.45870983113394,11.98569816107361],[106.45863353707544,11.985836444564105],[106.45869457240504,11.986058650345925],[106.45890819543817,11.986184535164082],[106.45912181815507,11.986186443541357],[106.46016704669196,11.985547481088838],[106.46028148661978,11.985366283205932],[106.46031963364123,11.985137401646435],[106.46029674497395,11.984797893421037],[106.46035778061145,11.984716830188097],[106.46050273931615,11.9847339976772],[106.46080028571126,11.984997210919682],[106.46096050350195,11.98508971724952],[106.46120464351797,11.985163150220815],[106.46146404348566,11.985179362262402],[106.46182262458349,11.985111651903043],[106.4623414235083,11.984805521886186],[106.46255504606167,11.984547075974671],[106.46289836971651,11.983960567328293],[106.46303569875376,11.98365634559659],[106.46312725095518,11.983297763127881],[106.46326458058114,11.983160434240606],[106.4633103562839,11.982938228039641],[106.46338665000592,11.982817111386082],[106.46350109100142,11.982756076328718],[106.46378337968484,11.982829509458478],[106.46440898973592,11.983250079474544],[106.46463024168884,11.98328250432915],[106.46471416509586,11.983215747407494],[106.46498119298508,11.98266166244894],[106.46516429953365,11.982469020075486],[106.46551525164632,11.98224013789414],[106.46561443373999,11.982085643349357],[106.46561443333927,11.981996951424863],[106.46539318140829,11.981745181328463],[106.46533977512213,11.981716571181337],[106.46520244676016,11.981737551935016],[106.46516429959604,11.981697497888419],[106.46515667038793,11.981621203959907],[106.46527111075058,11.981433329989295],[106.46549999249231,11.981195864860736],[106.46575176258528,11.981047091808263],[106.4657212449892,11.980880199107073],[106.46556865748279,11.980723796238806],[106.46541606920628,11.980678972816461],[106.46527874063018,11.980552135186967],[106.46524059360576,11.980393824613284],[106.46538555123878,11.980043826211425],[106.46551525089934,11.979865489349454],[106.46564495105807,11.979803499696084],[106.4659043502928,11.979907450627193],[106.46624004389354,11.980105815019366],[106.4663544852515,11.980116305560022],[106.46642314903568,11.980058130933935],[106.46643840816652,11.979947505012566],[106.46624767293356,11.979532657276863],[106.46607219721574,11.978943285663046],[106.4660569384485,11.978743968015198],[106.46610271417094,11.978604731944575],[106.46618663779552,11.978544649831457],[106.46631633805018,11.97854465024205],[106.46676647198584,11.97869819219475],[106.46697246526793,11.978708681664891],[106.46715557088963,11.978640017912179],[106.46727764152674,11.97850459576731],[106.46735393540342,11.97825282595244],[106.46740734076843,11.977577624557206],[106.46752178183213,11.977185663451857],[106.46746074753054,11.97676318648172],[106.46731578834483,11.976469454707718],[106.46694957736293,11.976243433601457],[106.46685802462824,11.976167140024868],[106.46685802493751,11.976092753964766],[106.46714794163566,11.975650248880303],[106.46736919378857,11.975436626145463],[106.46752178219916,11.97538131293169],[106.46820079789322,11.975420412226839],[106.46826183327549,11.97516578123493],[106.46806346919236,11.974746164685826],[106.46801769313146,11.974569736047897],[106.46803295089362,11.974435267825616],[106.46829235115987,11.974035677919227],[106.46839153315354,11.974035677904022],[106.46849834411928,11.97409289899707],[106.46880351997582,11.974443850819421],[106.46896373729595,11.974439081915609],[106.46905529015473,11.974182543746572],[106.46868907869631,11.973801073912764],[106.46865093164885,11.973680910985248],[106.46868144966888,11.973473963913495],[106.4689637365941,11.97295802543295],[106.46910106689914,11.972909388663387],[106.46932994778702,11.972909388455555],[106.47010051657726,11.97322600862646],[106.4703751746796,11.973268923348458],[106.4704438402609,11.973207888480294],[106.47051250512084,11.972960886287291],[106.470741386205,11.972816881512886],[106.47080242214273,11.972551760013404],[106.4710389329894,11.972496447188387],[106.47123729732027,11.972536501681162],[106.47150432601306,11.972679552536764],[106.47157298970717,11.972675738186629],[106.47162639609218,11.972628054674157],[106.47171794873546,11.97238677446637],[106.47197734778749,11.972283777213898],[106.4720689007619,11.972307619701436],[106.47222148886016,11.972569880796682],[106.47232830038611,11.972573694559348],[106.4725495531495,11.97237628407903],[106.47277843485858,11.972078737116231],[106.4728623576859,11.972078736909843],[106.47300731693264,11.972258028716073],[106.47295391125357,11.97238009846108],[106.47277843455085,11.972503121916017],[106.47291576433295,11.972764429308624],[106.47292339293332,11.972955164475847],[106.47276317572141,11.973403391237184],[106.47277843538103,11.97355788600378],[106.47284709865586,11.973684725245253],[106.47290813429998,11.973704752532822],[106.47299205761796,11.97366469854766],[106.47303020494064,11.973474917539537],[106.47296916971315,11.973248896655699],[106.47301494563237,11.973185953078533],[106.47309123966907,11.97317355595367],[106.47320568065632,11.973197396893903],[106.4733582693989,11.97345584327153],[106.473564262218,11.973689493254781],[106.4736863333842,11.973698076406931],[106.47380840269125,11.973658022288095],[106.47384655011452,11.973591265294257],[106.473709221054,11.973345217126884],[106.47371684976919,11.973262246936885],[106.47398387898156,11.973179278046029],[106.47411357916577,11.97317546370929],[106.47428142498772,11.973259386542784],[106.4743272019302,11.973235544550857],[106.4744034957085,11.97296565511859],[106.47441112491938,11.972719607130157],[106.47446453133325,11.97263663711893],[106.47454845417269,11.972629007509395],[106.47461711946231,11.972695765285081],[106.47470104231243,11.972997125960186],[106.4748688891728,11.97299807896517],[106.47489177720695,11.972934183581584],[106.47481548340359,11.972735819018139],[106.4748231122843,11.972605166225957],[106.47499095927617,11.972455438907305],[106.47511302866519,11.972423967774553],[106.47522746976595,11.972463068386388],[106.47528087614796,11.972578462881843],[106.47535716971335,11.972637590838193],[106.47543346415875,11.972626145908874],[106.47578441584636,11.972325738865894],[106.47595989179476,11.972270426199266],[106.47602855741697,11.972361979532346],[106.47605907363902,11.97259181398047],[106.47612011035599,11.972610887748317],[106.47658550280099,11.972271380015627],[106.47666942627008,11.97225135227442],[106.476898307739,11.972299990346778],[106.47703563733862,11.972395357540972],[106.47709667172357,11.972395357532264],[106.47722637215827,11.972121653358041],[106.4773484421426,11.972145495434415],[106.4775544360749,11.972332415339691],[106.4781037523296,11.972670014679963],[106.4781647873319,11.972658570656694],[106.47818004568052,11.972274241068666],[106.47827159870404,11.971980508772702],[106.47840129848817,11.971826014130983],[106.4786378099984,11.971720155809178],[106.47872936164873,11.971751626795857],[106.47882091463278,11.972152169697042],[106.47888195049214,11.972219880942324],[106.47901165040285,11.972152170333308],[106.4790803150461,11.971867022057554],[106.47921001401427,11.971811708868257],[106.479835625258,11.971808847830728],[106.47985851302883,11.972054895857035],[106.47988903009198,11.972134051404957],[106.47995769489354,11.972145494582604],[106.48019420599434,11.97203963677784],[106.48055278811047,11.971956666632309],[106.48095714574923,11.971989092039758],[106.48120891602548,11.971779283952678],[106.48133098607485,11.971747811974879],[106.48146831554568,11.971775468938176],[106.4817353437645,11.972104486647934],[106.48174297341441,11.972199853484113],[106.48169719697246,11.97226756517633],[106.48159801534665,11.972302851275987],[106.48130809819772,11.972318110224489],[106.48126995130032,11.972452577927642],[106.48133098656876,11.972512658819822],[106.48189556112004,11.972790177660643],[106.48257457699621,11.97284739928531],[106.48266613037929,11.97283118551867],[106.48269664810779,11.972764429294084],[106.48260509534298,11.972597535569369],[106.4826127241105,11.972490724932557],[106.48270427674545,11.972363885673737],[106.48285686520805,11.972280915457029],[106.48300945285956,11.972320970847086],[106.48307811672395,11.972400125741334],[106.48308574705499,11.97252314955817],[106.48300182340414,11.972828325042613],[106.48301708235837,11.972935136432364],[106.48310100656495,11.972942765635086],[106.48355876947159,11.972534594200576],[106.48363506297362,11.972419198557036],[106.48367320973064,11.972264704235922],[106.4835282518915,11.971830781675346],[106.48339092173372,11.97157042920605],[106.48344432822337,11.971485552005657],[106.48352062190895,11.971488412558937],[106.48360454657323,11.971573289535927],[106.48371898580862,11.971770700944473],[106.48397075594532,11.971752580562697],[106.48414623338263,11.97164290794052],[106.48424541548162,11.971645768956805],[106.48443615015523,11.97182505938294],[106.48457347940152,11.971894677680044],[106.48464977281773,11.971865114076628],[106.4846421428666,11.971672471324196],[106.48468029022567,11.97163432467735],[106.48480236060202,11.971652444767518],[106.48504650124526,11.971595224535749],[106.48543559972987,11.971615251636857],[106.48552715317743,11.971575196628002],[106.48558055940642,11.971457894317046],[106.4855576714032,11.971415933612624],[106.48539745324666,11.971404489570332],[106.48522960700296,11.971476968568059],[106.48517620113857,11.9714521725508],[106.48516094174643,11.971264299449132],[106.48529827069355,11.971025880521555],[106.48577129436063,11.970718797388765],[106.48589336377134,11.970679696416264],[106.4861375049935,11.970694001728855],[106.48634349787112,11.9708456362525],[106.48650371485442,11.97105067537661],[106.48667156225831,11.971126969927802],[106.48676311470925,11.971121247618507],[106.48694622013087,11.970941957814585],[106.48704540214587,11.970933375000108],[106.48733531950754,11.9711021748982],[106.48758708944501,11.971068795386815],[106.48771678941488,11.970811303846094],[106.48788463632869,11.970665391368023],[106.4880601123061,11.97067683545008],[106.48822795914877,11.970783647248126],[106.48840343482952,11.970776017584155],[106.48844158216961,11.970585282245404],[106.48844158172975,11.969955857652085],[106.48854839344841,11.969760354648995],[106.48882305106017,11.96985000087873],[106.48885356899287,11.969819482778925],[106.48884593985788,11.969546731282492],[106.48901378605746,11.969482835533567],[106.48920452076635,11.969561990035075],[106.48930370319798,11.969752725192974],[106.48936473790702,11.96971934681697],[106.48938762683194,11.969520028324373],[106.48946392123972,11.9694446884586],[106.49033367230766,11.969239648009003],[106.49040996486066,11.968935426558279],[106.49049388866894,11.968766626025275],[106.49063884726426,11.968794281904888],[106.49076854685833,11.969039376708539],[106.49089824713053,11.969164307992026],[106.4910660927871,11.969222481934855],[106.49131023380194,11.968326982596803],[106.49140178731042,11.968223030977269],[106.4915009687536,11.96819346749875],[106.49163066915354,11.968243058105951],[106.49164592708003,11.968539651240947],[106.49168407445102,11.96857779868442],[106.4917298512123,11.968585427671949],[106.49207317315943,11.968327935458248],[106.49226390813911,11.96830123208838],[106.49235546134507,11.968352731266142],[106.49262249016772,11.96888011297463],[106.49273693141234,11.96897452762435],[106.49302684844797,11.969075616449404],[106.49320995359324,11.96906226482143],[106.49340068780779,11.968971664990292],[106.49353801758441,11.968833383129342],[106.4935609053596,11.968502458244087],[106.4941636281513,11.968149598236371],[106.49436199205392,11.968139108169842],[106.49443828651093,11.968184884125765],[106.4943772514283,11.96859114929295],[106.49441539798735,11.968667443356539],[106.49472057322131,11.968995507031076],[106.49488842010442,11.969098504404998],[106.49519359628962,11.969179565688856],[106.49522411367587,11.969246323698577],[106.49504863735505,11.969601090967773],[106.49501811983264,11.969720300264495],[106.49504863737702,11.969798501124842],[106.49529277818796,11.969853813881672],[106.49578868897973,11.969814714229846],[106.49584972382011,11.969755585851173],[106.49586498355197,11.96967547708688],[106.49588024122106,11.969237741351655],[106.49592601781421,11.969159539347684],[106.49607097623321,11.969116624319081],[106.49616252936777,11.969143327280205],[106.4962388230621,11.96959250732122],[106.49627697055888,11.969647821053],[106.49656688740977,11.969711717347687],[106.49658977531637,11.970092233197544],[106.49672710454443,11.970278199256589],[106.49680339830212,11.97029059702281],[106.49713146238064,11.970184739287534],[106.4974290086491,11.970139917389895],[106.49763500216912,11.970127518863844],[106.49778759002751,11.970176155969604],[106.49794017816855,11.970302995290139],[106.49792491927218,11.97042792624153],[106.49747478506683,11.97042220405429],[106.49741375014347,11.970503265615221],[106.49737560341904,11.970689233217945],[106.49742137925223,11.970733101695368],[106.49786388460524,11.970747406962085],[106.49861919420191,11.970924790135943],[106.49868022955317,11.971028740869702],[106.4985963067786,11.971298630607455],[106.49860393539,11.971478874981564],[106.49867260052235,11.971531327093873],[106.49879467028127,11.97151702181663],[106.49882518841974,11.971327240583147],[106.49890911133456,11.971321519318405],[106.4990006647565,11.971373970809704],[106.49914562273608,11.971552308012024],[106.49942027998901,11.971597131401895],[106.49949657404643,11.971652443964953],[106.4995194631475,11.971792633777742],[106.49945842728046,11.972530777587272],[106.49950420460279,11.972561296321244],[106.499565239534,11.972541267835357],[106.49971019721991,11.972301895563755],[106.49977886280193,11.972262795759926],[106.49991619112977,11.972290451706588],[106.49993907940512,11.972368653337648],[106.49989330379093,11.97286074925246],[106.4999009328949,11.973030502608621],[106.4999467097342,11.973101074752803],[106.50032054984311,11.97322314624285],[106.500717277819,11.973424370670184],[106.500938530178,11.973447258829582],[106.50090038326672,11.97389167100998],[106.50093853071571,11.974149163354433],[106.50106823079686,11.974484856816792],[106.50107585940503,11.97476046924464],[106.50149547693799,11.974694664889004],[106.5019227221826,11.974511560101707],[106.5020600516336,11.974585946219454],[106.50213634575557,11.974984582183385],[106.50217449271858,11.9750227289526],[106.50228130408543,11.974973138359326],[106.50235759736654,11.974689897157578],[106.5024033747983,11.974656518042952],[106.50276958567927,11.974673683952066],[106.50283825000896,11.974738534185855],[106.50288402686445,11.974879678230392],[106.5029755785758,11.974947388700778],[106.50302135574417,11.974915917829131],[106.5030823909849,11.974389488524283],[106.50313579631616,11.9742569292235],[106.50335704901079,11.974322731842395],[106.50370800108708,11.974577362756627],[106.50383007056911,11.974589761145916],[106.50409709989361,11.974534448070813],[106.50466930507801,11.974636490762784],[106.50478374592014,11.97456210374593],[106.50502788582335,11.974512513140748],[106.50511180993142,11.974187309817165],[106.5052186211147,11.97413104393438],[106.50527965587047,11.974152977800978],[106.50536357931136,11.974290306827008],[106.50525676772352,11.974600250889116],[106.50499736874947,11.974862512162593],[106.50476085760724,11.974896843530262],[106.50457012240356,11.974981720630298],[106.50453960457496,11.97504752521733],[106.50463115793052,11.975235398160315],[106.50476085770921,11.975323135583173],[106.50503551554885,11.975419457571398],[106.50524150861449,11.975683625106475],[106.50529491430255,11.975665506169076],[106.50536357990093,11.975508148512208],[106.50542461426961,11.975486214923583],[106.50554668512252,11.975549156864565],[106.5055772029049,11.97576087321016],[106.50562297881775,11.975823814563627],[106.50567638518082,11.975833351558752],[106.50585948933,11.975707467228073],[106.5060883713532,11.975745613609291],[106.50612651896446,11.975809510176019],[106.50603496613789,11.975940164137638],[106.50603496583614,11.976003105888987],[106.50607311306192,11.976053650414253],[106.5061646657902,11.976070817251582],[106.5063935474733,11.976063187630972],[106.50646984205056,11.976025041033822],[106.50647747080781,11.975924904514814],[106.50637828881162,11.975856239526044],[106.50634014138132,11.975737984708351],[106.50639354740245,11.975646432019566],[106.50656902341464,11.975540574199549],[106.50671398306038,11.975577766765948],[106.50675975879915,11.975644524599888],[106.50677501804122,11.975927765551944],[106.50687419953452,11.975993569241577],[106.50695812316303,11.97592967324789],[106.50705730465837,11.975746567457245],[106.50718700483348,11.975723679701611],[106.50741588647965,11.975820953659703],[106.50751506874448,11.975952560901474],[106.50760662140819,11.975988800708024],[106.50764476911397,11.975937302669204],[106.5076676565408,11.975639756044972],[106.50770580334444,11.975633080910486],[106.50787365052808,11.975774224064049],[106.50811016154125,11.975789482445446],[106.50824749072746,11.975851471587854],[106.50828563745665,11.975920136418669],[106.50827800760021,11.976028854598402],[106.50820171481719,11.97626536671465],[106.50812542051311,11.976312096322703],[106.50806438526561,11.97643607372288],[106.50831615461207,11.976412232535663],[106.5084534844585,11.976461824132826],[106.5084305959969,11.97678797956341],[106.50849926092536,11.976884300955824],[106.50856029619777,11.97688144011902],[106.50884258412528,11.976654465443763],[106.50890361841974,11.976651604538],[106.50890361894146,11.977037842760152],[106.50894939518521,11.977097924164074],[106.50924694211746,11.97704833259004],[106.50931560564145,11.977085526930097],[106.50933849371005,11.977238113893659],[106.50938427125142,11.977285797798888],[106.50968181730805,11.977394516427518],[106.50963604101477,11.97750991182505],[106.50914775935189,11.97770064702952],[106.50910961149758,11.977802689550213],[106.50911724226741,11.97789328917345],[106.50929271810546,11.977918083432908],[106.50943004688723,11.978018219680235],[106.50943767620569,11.97810595814024],[106.5093232362523,11.978189880601462],[106.50936138225272,11.978224214147376],[106.51004802789812,11.978496010541209],[106.51000988082275,11.978592331767393],[106.50981914574292,11.97859900769989],[106.50978099891816,11.978641922569825],[106.50982677561798,11.978742058994067],[106.50979625814149,11.979032929479347],[106.50954448774098,11.979133064947884],[106.5094987120569,11.979248459423696],[106.50954448814967,11.97932570759378],[106.50974285170744,11.979463036829792],[106.50999462180337,11.979408676859737],[106.51004802776285,11.979431565003976],[106.5100556571546,11.979481155663462],[106.5099412164668,11.979599412192588],[106.50989543974988,11.979727204139405],[106.50994884642478,11.979772980592077],[106.5100175103356,11.97976439811718],[106.51012432179913,11.979695732906565],[106.5102158745827,11.979748184939917],[106.5102235038283,11.979860719077458],[106.51010906305812,11.980029519040071],[106.51013195116217,11.980160173098316],[106.51020061610312,11.980252679100957],[106.51042186843513,11.98026030807059],[106.51049053291939,11.980307992032916],[106.51050579177458,11.980450089646094],[106.51055919711315,11.980493004820218],[106.51065837996845,11.98039668333844],[106.51078044967771,11.98035472211428],[106.51126110253819,11.980312759948431],[106.5117799012538,11.98017066248435],[106.51346599714897,11.979556496290144],[106.51351177301548,11.979592735766476],[106.51351940329427,11.979697640910496],[106.51363384270198,11.979834015209386],[106.51365673215582,11.98019259702564],[106.51373302573,11.980214531650468],[106.51377117272284,11.98017543022956],[106.51380169001163,11.979986603552733],[106.51385509600755,11.979942734453836],[106.5139542778618,11.979948456763283],[106.51400005387474,11.98003237922827],[106.514076347735,11.980074341791253],[106.51419841921825,11.979999001772384],[106.51428234193114,11.979999001684304],[106.51431286037749,11.98002093529672],[106.51429760105286,11.980126793243425],[106.51435863648022,11.980190689396876],[106.51477062323067,11.980184967978285],[106.51479351100299,11.980425293394703],[106.51486980538645,11.98058837127576],[106.51494609935004,11.980595047915605],[106.51508342857642,11.980519707460374],[106.51512157507399,11.98053591955917],[106.51515972263114,11.980702812372291],[106.51521312817502,11.980727608730229],[106.51535045757964,11.980700905825648],[106.51541912245358,11.980639870383458],[106.51547252771918,11.980474884549535],[106.51582348029555,11.980622704642183],[106.5161057673136,11.980648453784685],[106.51615154373968,11.980563576374223],[106.51610576750568,11.980405266320615],[106.5161210264551,11.980187828143958],[106.51622020800438,11.98018592172962],[106.51632701980967,11.980278427603254],[106.51639568421042,11.98027365933401],[106.51654064282386,11.980106766887733],[106.51689159500754,11.980065758170408],[106.51705944208717,11.979913170058936],[106.51711284746351,11.979912216650371],[106.51730358183862,11.980065758044637],[106.51767742338767,11.979912216027405],[106.51789104655538,11.97996943780891],[106.51798259800596,11.980096275174738],[106.51808941020708,11.98059409381871],[106.51816570444284,11.980641777509044],[106.51821911007113,11.980623657012957],[106.51824199826855,11.980575974531417],[106.518211480541,11.98043101576255],[106.51829540356353,11.980396683440306],[106.51855480337738,11.980682785576207],[106.51866161466327,11.980738098335788],[106.51871502032175,11.980657036186734],[106.51870739148096,11.980477745168136],[106.51873790787238,11.980416710516991],[106.51882183254659,11.980431015682173],[106.51891338383534,11.980554993369518],[106.51903545551961,11.980596954606112],[106.51916515439805,11.980421478643416],[106.51924144821429,11.980382378517858],[106.5195466243985,11.98048346720704],[106.51963054797974,11.980485375647415],[106.51980602419803,11.980410988602456],[106.51983654098986,11.98022120689772],[106.51979076519301,11.980018073881066],[106.51987468857351,11.979854042246753],[106.51994335340402,11.979820664391394],[106.52008831114968,11.979826386255889],[106.52026378761033,11.979908402709187],[106.52032482226709,11.979976112345181],[106.52041637510466,11.980270798070544],[106.52049266938654,11.980287964055686],[106.52069866307583,11.980061943301198],[106.52095043341552,11.980246955888928],[106.52101146837377,11.980241233874864],[106.52108776221708,11.980122024877359],[106.52124035050554,11.980124886602056],[106.52165233686308,11.979957993651407],[106.52182018383112,11.979804450942103],[106.52184307259397,11.97957652345117],[106.52191936650686,11.979579384247051],[106.52229320619425,11.980043823116171],[106.52245342363472,11.98000853720124],[106.5224992002294,11.979710991485568],[106.52253734732733,11.979699547559331],[106.52268230515413,11.979783469920415],[106.52275097011272,11.979882652220551],[106.52285778092211,11.979916985262056],[106.52315532871994,11.979795868434161],[106.52333843319568,11.979818756017643],[106.5235749442453,11.979765349965485],[106.52380382665008,11.979625160549622],[106.52387249115648,11.979312355373292],[106.52396404416199,11.979323799404021],[106.52415477835879,11.979468757939685],[106.52421581402407,11.979461127812282],[106.52429210808931,11.979152138040012],[106.52435314302521,11.979113990857954],[106.52452861928927,11.979194098977526],[106.5246049132944,11.979191237668832],[106.52494823584512,11.978876526086026],[106.525100823587,11.97869437435358],[106.52524578177336,11.977973396369858],[106.52531444629247,11.977966721242602],[106.5254059992678,11.978019172702394],[106.52578746913238,11.978310996942342],[106.52587139234652,11.97832911668089],[106.52595531641684,11.978293831150603],[106.52601635096453,11.978226120321905],[106.52606212699459,11.9777359313517],[106.52625286230075,11.977727347844752],[106.52645885649454,11.97779410598733],[106.52667247948328,11.977427894952186],[106.52689373143942,11.977390700967277],[106.52693187840786,11.9773344346584],[106.5268784722419,11.977168494597551],[106.52689373104533,11.97709601620939],[106.52704631887472,11.976989204170275],[106.5271302424012,11.97698443624106],[106.52730571844694,11.977144652771564],[106.52742778879619,11.97744792146956],[106.52747356518073,11.977447922000154],[106.52758037712822,11.977287704820165],[106.52764141245149,11.977269584944446],[106.52783214751204,11.977427894756747],[106.52792369904411,11.97729819522129],[106.52798473530837,11.977029258669106],[106.52811443436752,11.97705405418911],[106.52834331646605,11.977256232538416],[106.52845775713554,11.977244788474806],[106.52854168045047,11.977134162499873],[106.52883159682041,11.977215224777932],[106.52898418513412,11.977218085994698],[106.52909099700004,11.97714179141142],[106.52928173214187,11.976719314388685],[106.52935802606395,11.976681168070899],[106.52954876061649,11.976706916937577],[106.52964031360267,11.976496154922536],[106.52975475409173,11.97637885275342],[106.52993786026623,11.976398879511414],[106.53004467157619,11.976370269329001],[106.53009807738296,11.976296836746501],[106.53026592343052,11.976307327036103],[106.53031932878089,11.976255828904106],[106.53033458856815,11.976176673486064],[106.53015911204125,11.975885802979908],[106.53018962989974,11.975775176890679],[106.53022777744945,11.975686484850588],[106.53037273533768,11.975603515274011],[106.53041851096842,11.975361281358339],[106.53071605779596,11.975215369474151],[106.53075420485845,11.97514193677766],[106.53073131718617,11.97486823253285],[106.53108226902674,11.974738532982313],[106.53132640896732,11.974714690779702],[106.53125774469672,11.974522048625236],[106.53130352092028,11.974431449480802],[106.53133403953406,11.973967010381294],[106.53126537400331,11.973497802391943],[106.5312730040892,11.973431998467872],[106.53143322090312,11.973258430222039],[106.53144084985787,11.973139220198416],[106.53127300410536,11.972867423163281],[106.5313187801549,11.972646171711933],[106.53115856274088,11.972453528658267],[106.5312424856865,11.972261840929416],[106.53109752806719,11.971984321886112],[106.5309296807281,11.971822196117788],[106.53057109921254,11.971615249529604],[106.53046428801476,11.971335822274744],[106.53046428815456,11.97107451576739],[106.53036510555563,11.97029631778944],[106.52967846004424,11.969857627768622],[106.5296021661345,11.969770843064147],[106.52960979564314,11.969705993769425],[106.5307847221747,11.968483382035526],[106.53089916268036,11.968418531974732],[106.53105938086152,11.968399459224528],[106.53991710843995,11.968564444596973],[106.54269420667289,11.968745643114623],[106.55174266929716,11.969308310032442],[106.55665599955391,11.969563893980832],[106.56904613652895,11.97065775855881],[106.57243358812067,11.970961980703123],[106.57949077789816,11.971740177993343],[106.58979046141884,11.973025730927784],[106.59621441112014,11.973424365955587],[106.6021882275369,11.974033763792816],[106.60555279035016,11.974190166312198],[106.60991680403791,11.974334170679809],[106.61566936817823,11.974634578854134],[106.6230393625065,11.974653650788673],[106.62684643129785,11.974708010604992],[106.62739574701487,11.97480242366317],[106.62808239315069,11.975183894235753],[106.62833416277954,11.975225855524576],[106.62844097389332,11.97517912546655],[106.62860119222044,11.97501127923908],[106.62861644967722,11.974948335742837],[106.62853252656528,11.974818637258366],[106.62813579893562,11.974695612542098],[106.62731182390552,11.973996568480024],[106.62734997083449,11.972577501927699],[106.62764751702258,11.972211290973975],[106.6279755803571,11.97192995676937],[106.62814342744191,11.971841265971689],[106.62851726809699,11.971756387474967],[106.62870037387046,11.971652437423655],[106.62880718467802,11.971467424810054],[106.62900554988656,11.970859934807793],[106.62907421383801,11.970823694522673],[106.62923443112535,11.970892359858997],[106.62963116017582,11.971500803953294],[106.63013469988076,11.972144534139408],[106.63047802275332,11.972408701970407],[106.63067638682513,11.97247736596166],[106.63079845672901,11.972461154099234],[106.63088238074037,11.97232382486175],[106.63092052826255,11.972131181589493],[106.6309128980174,11.97174875843924],[106.63075268070797,11.971504617755002],[106.63029491707388,11.970963884651804],[106.63029491703013,11.970842767723983],[106.63066875804432,11.969708849219122],[106.63121044446036,11.968910623955601],[106.63121807351236,11.968809534085045],[106.6311875561069,11.968680788572819],[106.63105022687505,11.96848337737643],[106.63053905735981,11.967873979869953],[106.62998974080799,11.966912676759753],[106.62941753643098,11.966022898510106],[106.62938701815615,11.965738703718234],[106.62949383030168,11.965381075522242],[106.6298600414145,11.96465437552428],[106.63015758750744,11.964384485335696],[106.63066875772863,11.964039255593118],[106.63079845687993,11.963882852745359],[106.6308823804649,11.963553835295475],[106.63091289755668,11.963035036372315],[106.63089000978049,11.962829995887931],[106.63082134480565,11.962717462462924],[106.63064586862936,11.962588716012348],[106.63018810534041,11.962327410257064],[106.63010418136098,11.962190080582007],[106.63011181125042,11.962045122677802],[106.63021862234325,11.961883951102559],[106.63035595174479,11.96179239817829],[106.63089763837614,11.961748529449318],[106.63105785595721,11.961696077132446],[106.63121807323053,11.961561609091222],[106.63140117836696,11.961119104588581],[106.63150036159469,11.96097891424256],[106.63160717249302,11.960922647337437],[106.63179027813743,11.960915018565933],[106.63222515298988,11.961148667978062],[106.6325684767546,11.961257387143162],[106.63333904546317,11.961298394886224],[106.634086725385,11.961099077469969],[106.63481151800634,11.960681368265197],[106.635063288191,11.96059649079729],[106.63525402368894,11.960628916038836],[106.63550579361033,11.960790086663087],[106.63579571029358,11.961088587390117],[106.63581859869295,11.961245942749624],[106.63574993351132,11.961389947864399],[106.6356507518823,11.96151106395417],[106.63517009916183,11.961578775094539],[106.63494121771284,11.961651253997438],[106.63484966581139,11.961759020330506],[106.634842035698,11.961903978196654],[106.63490307009052,11.962017464787381],[106.63524639320605,11.962073732082041],[106.6354294991308,11.962143349796696],[106.63564312232377,11.962433266634605],[106.63584148644004,11.962891984851206],[106.63590252170273,11.963403154484407],[106.63576519232188,11.963698793379445],[106.6350632888395,11.96432535735821],[106.63480388818579,11.964717317502458],[106.63465130104888,11.965039659469031],[106.63459789543083,11.96529715150376],[106.63459789535865,11.965554643332714],[106.63471233641337,11.965963769998405],[106.63489544174327,11.96641485847623],[106.6348420360524,11.967011857858289],[106.63488018300266,11.967201639391043],[106.63515484191245,11.967787195676191],[106.63515484129279,11.967935968588693],[106.63500225335069,11.96839468661755],[106.63505565920343,11.96863215055128],[106.63518535874395,11.968902040578332],[106.63538372252876,11.969171930791445],[106.63554394057856,11.969269204985856],[106.63578045198135,11.969285417758432],[106.63594829882774,11.969232965471685],[106.63616955073371,11.969100405333684],[106.63732921849338,11.96827547608145],[106.63750469499367,11.968223024103937],[106.63774883541372,11.968215395123353],[106.63793957100391,11.968247819946951],[106.63809215758567,11.968320299204919],[106.63815319422689,11.968405175975883],[106.63815319343593,11.968553948771717],[106.63806164073178,11.968710352513567],[106.63787090585879,11.968851496514345],[106.6372071490637,11.969074655127663],[106.63704693040053,11.969183374298225],[106.63695537856967,11.969472337835802],[106.63688671422821,11.969953942946326],[106.63688671386375,11.970275331731468],[106.63691723204285,11.97042791954951],[106.63702404267518,11.970549036649809],[106.6376038771679,11.970786501731368],[106.63774120637416,11.970895220724213],[106.63781749956831,11.971097399094054],[106.63828289345787,11.973188806348361],[106.63851940523682,11.9737695939576],[106.63871776869048,11.974049021760836],[106.6388703574676,11.974139620408119],[106.6389924268471,11.974114824479003],[106.63904583282958,11.974049021520715],[106.63906109238586,11.97386114712198],[106.638984798457,11.973495889399507],[106.63900005564946,11.97331373803933],[106.63908398021636,11.973102022519301],[106.63933575038769,11.972807337253904],[106.63957226107956,11.972655701943777],[106.63980114274285,11.972568917966173],[106.64019787106862,11.972603250200756],[106.64029705299392,11.972664285126543],[106.64031231189962,11.972793031623702],[106.63998424856462,11.973322321262419],[106.63975536649914,11.973853516995339],[106.63967144356947,11.974345613453572],[106.63974773714531,11.974451471273465],[106.63994610097701,11.974553514761313],[106.64016735397475,11.974599291057547],[106.64037334724577,11.974543023979395],[106.64061748825914,11.974395204484496],[106.64119732248322,11.973942209250023],[106.64141094520845,11.973882128673754],[106.64167797383664,11.973870683464872],[106.6419450030097,11.973935533031584],[106.64219677302373,11.97405283489495],[106.64231121409709,11.974147249280852],[106.64246380096095,11.974776674026758],[106.64265453617315,11.975048470876773],[106.64289104828977,11.975278306904226],[106.64308178189131,11.975398469805366],[106.64328014739394,11.975419450972202],[106.64341747652779,11.975362229745388],[106.64347088257563,11.975273538411487],[106.64346325200938,11.975142884946937],[106.64299785960677,11.974635530302688],[106.64296734227185,11.974458147574174],[106.64301311831903,11.974327493053954],[106.64315044678649,11.974223543106664],[106.6435319176276,11.97406141781448],[106.64359295252478,11.973931718912526],[106.64360058079693,11.973628450007897],[106.64354717516214,11.973450113365928],[106.64318859392998,11.973152566944798],[106.64242565465192,11.97232859209863],[106.64180767362078,11.97136728844602],[106.64146435077319,11.970932413186528],[106.6413956860186,11.970686364688062],[106.64141094528172,11.970358300783348],[106.64151775702659,11.970044542343397],[106.64147961016617,11.969366480024394],[106.64151775724727,11.969037461997413],[106.64163219653993,11.968907761922132],[106.64177715575046,11.968886781081034],[106.64254772460419,11.969027925413029],[106.64317333484723,11.969013619659961],[106.64395916274792,11.96875803522157],[106.6443635205619,11.968484330845216],[106.64447033158226,11.9683279281781],[106.64450847867556,11.968202996421434],[106.64448559112012,11.96808760176967],[106.64437877964203,11.967962671094545],[106.64346325202895,11.96744196445213],[106.64331066421914,11.967305589276537],[106.64325725894692,11.96715395476308],[106.64329540491299,11.966950822529236],[106.64347851108467,11.96672575496381],[106.64367687462567,11.966563630924787],[106.64384472175017,11.966548371563446],[106.64414226789756,11.9666265724781],[106.64448559073442,11.966857362725383],[106.64462292012144,11.96680967896648],[106.64473736088463,11.966705728235734],[106.64472973182798,11.96603624842294],[106.64485180223278,11.965681481492707],[106.64507305402377,11.965339112538802],[106.64524090082669,11.965176988115033],[106.64543926470856,11.965135026696622],[106.64566814713633,11.96516172997389],[106.64627849865698,11.965601372995964],[106.64659893324034,11.96592085343483],[106.64672100385756,11.965917040062127],[106.64687359216558,11.965848375097611],[106.64690410917743,11.965754914749375],[106.64687359194953,11.965636658339879],[106.6465607853681,11.965184617512884],[106.64653789769203,11.965045380862959],[106.64658367515233,11.96494810676101],[106.6466523391625,11.964924264872511],[106.64704906779389,11.96523993038794],[106.64719402545556,11.965281892975428],[106.64753734904615,11.965216088181034],[106.64763653089854,11.96510164761334],[106.6476670490481,11.9649872069852],[106.64762127198173,11.96480982386883],[106.64741527845918,11.964474129371395],[106.64738476092214,11.964256692255695],[106.64741527907945,11.964045930142795],[106.64751446067663,11.963768410931081],[106.6476136429135,11.963615823810372],[106.64772808364957,11.96353571418613],[106.64788830121319,11.963501382413865],[106.64814007102393,11.963574815329727],[106.64822399358182,11.963713097162225],[106.64829265845209,11.964223313298138],[106.6483765818376,11.964469361683904],[106.64876568088273,11.965087342528285],[106.64901745125282,11.965382981735491],[106.64974224352255,11.966077256904494],[106.64997112582498,11.966219353552606],[106.6504365188352,11.96629660165293],[106.65056621834398,11.966258454723516],[106.6506272535783,11.966171670452576],[106.65061962407613,11.96609156178552],[106.6498719438279,11.965557503124703],[106.64984142614765,11.965419221515292],[106.64986431434063,11.965273308209172],[106.65000164292836,11.965162682239175],[106.65029918967205,11.965013909179183],[106.6505585891814,11.96480886960567],[106.65092479976498,11.964191842488097],[106.65105450028801,11.963768410632891],[106.65116894081179,11.963657784420816],[106.65138256425729,11.963550973510072],[106.65148174554761,11.963585304975261],[106.65151989276997,11.963668275191072],[106.65153515144586,11.96383135353474],[106.65143596921683,11.964365410967078],[106.65155041010075,11.964866090211878],[106.65174114513691,11.965150285169766],[106.6520158025493,11.965382981476903],[106.6527405964188,11.965735841502434],[106.65303051306735,11.965767312356961],[106.65338146471494,11.965715813749132],[106.65367901081534,11.965577531355171],[106.65391552273141,11.965386796393238],[106.65408336918779,11.965091157392436],[106.65415966279303,11.964851784223296],[106.65419018106263,11.964415001877185],[106.65426647485481,11.964096474593084],[106.65473949727138,11.963230537797983],[106.65494549077037,11.962984490014893],[106.65509807876236,11.96290533479997],[106.65538799559734,11.962960648259164],[106.65551769607124,11.963061738148875],[106.65587627730976,11.96378366886374],[106.65615856464717,11.964158463465946],[106.65618908240964,11.964335847084966],[106.65615093501208,11.964596199724369],[106.65564739526897,11.965625214262314],[106.65564739507171,11.965868401257056],[106.65576946613419,11.966072488206608],[106.65589916467717,11.966184067423614],[106.6560746408161,11.966218400341159],[106.65618908183019,11.966194558403696],[106.6563035231669,11.9661010983234],[106.65680706260005,11.9648918390207],[106.65735638028309,11.96418325930076],[106.65753185576996,11.963742660889011],[106.65765392573253,11.96368734838083],[106.65779125518375,11.963715004951743],[106.65796673056568,11.963826585247476],[106.65826427809591,11.964079308057498],[106.65959179161968,11.965012002355863],[106.65971386292114,11.965175079906695],[106.65982067396826,11.965460228716898],[106.65994274406722,11.966021943374615],[106.65992748612872,11.966362404722457],[106.65930187517382,11.968076157362034],[106.65879833480372,11.96881525514396],[106.65861523051741,11.968932557448893],[106.65836346040743,11.96901266500847],[106.65783703100892,11.96910231129799],[106.65724956779917,11.969258713042704],[106.65657818095598,11.969601083030248],[106.65580761305951,11.970139909033175],[106.6553422188089,11.970395493802151],[106.65470898029129,11.970619607041815],[106.65375530493863,11.971143174496074],[106.65346538842417,11.971444535543096],[106.65280926028302,11.972251343417518],[106.6527940020883,11.972335268028418],[106.65283977835091,11.972414423012435],[106.65297710722875,11.97243540405016],[106.653320430237,11.972151208611146],[106.65357220064867,11.97200624927452],[106.65399181725745,11.971982407417451],[106.65425884540225,11.972086358936066],[106.65451824497119,11.972305703548336],[106.6547318687568,11.97256224191364],[106.65486156842599,11.972805428978178],[106.65496075032242,11.973186898389232],[106.6549226030686,11.973332810501564],[106.65483105068243,11.973401475594201],[106.65465557404788,11.97342245685191],[106.65406811122482,11.97338335536598],[106.65381634104098,11.973411011941144],[106.65311443645187,11.973708558385015],[106.6526490430811,11.973843980288178],[106.65219128075097,11.973891664057307],[106.65175640399147,11.973870683175912],[106.6516877391508,11.97392218149893],[106.65165722281318,11.974029946642117],[106.65170299867603,11.974116730387129],[106.65203106261097,11.974297929643189],[106.65226757368704,11.974371361917255],[106.65242016120008,11.974506783313016],[106.65237438537335,11.974697518523385],[106.65218365085346,11.974831987143176],[106.65150463449157,11.974997925405805],[106.65116894135228,11.975266862573086],[106.65064251212382,11.975865769890566],[106.6506119956402,11.976039339260037],[106.65076458319848,11.97722189474002],[106.65068065984714,11.97741263026932],[106.65051281318637,11.977648187376513],[106.65018474941665,11.977919030880711],[106.64974987337035,11.97843878260855],[106.64925396397906,11.9788078546417],[106.6491471512348,11.978994776159105],[106.64907085776731,11.979296136980127],[106.64909374566145,11.980563569813373],[106.64916241042904,11.9811434037936],[106.64924633378581,11.981424738492295],[106.64933788679912,11.981545853893715],[106.6494904750963,11.981608797440103],[106.6497422447516,11.981605936423646],[106.650947688726,11.981437135384702],[106.6510621293277,11.981464792287081],[106.65161907604603,11.981822420280391],[106.65216076248801,11.982240128608485],[106.65240490350426,11.982493807428114],[106.65258800871273,11.982770372138786],[106.65275585622601,11.98346750835657],[106.65288555449982,11.983813692049402],[106.65292370178386,11.984077859995416],[106.65280926058453,11.984667229737505],[106.65264141522456,11.985157419248845],[106.65213024495621,11.986133027902444],[106.65209972776967,11.986365723965571],[106.65227520441786,11.987189699211354],[106.65274822597807,11.988281656339922],[106.65289318492091,11.988468575922907],[106.65316021438183,11.988601136902476],[106.65329754327773,11.988611627573267],[106.65336620702736,11.988552500107986],[106.65340435368233,11.988293100645482],[106.65331280067898,11.987220217270483],[106.65338909460522,11.98702566736219],[106.65348827820851,11.986915041058706],[106.65364849490548,11.986862588772546],[106.65387737718937,11.986925531227199],[106.65428936431313,11.987229753076177],[106.65442669279884,11.987597872024233],[106.65441906382794,11.987754273706159],[106.65414440582444,11.988543916614871],[106.65420544112185,11.988817621258445],[106.65437328695573,11.98904268848587],[106.65457928138885,11.989165712070346],[106.65532696241466,11.989249635217105],[106.65573132000397,11.989236284501272],[106.65605175402432,11.98915999037694],[106.65651714726667,11.988959718037153],[106.65670025316153,11.988837647848028],[106.65676891756414,11.988686014118642],[106.65678417631776,11.98852961127952],[106.65664684723342,11.987463402922014],[106.65665447584942,11.98721735592511],[106.65675365855104,11.986881661973126],[106.6569138758327,11.986600328357481],[106.65710461092617,11.986406732366099],[106.65747845080674,11.986158777212246],[106.65760052154955,11.98611204726336],[106.65769207438599,11.986130167160468],[106.65776073872395,11.98624365357784],[106.65777599748712,11.986387659124821],[106.65773785046677,11.986549783221342],[106.65758526204733,11.986795830661267],[106.65763103906339,11.987047601183956],[106.65776073927681,11.98717825500414],[106.65802013841999,11.987254548817072],[106.65824139014222,11.987302232622076],[106.65878307714843,11.987243104951249],[106.6589509239774,11.987146783548049],[106.65927898771452,11.986730028060872],[106.65940868840256,11.986667085269358],[106.65956890560565,11.986672807045002],[106.6599427454553,11.986872125020154],[106.66017925757468,11.986888337728102],[106.66039288045243,11.986828255882763],[106.66061413215773,11.986676621776818],[106.66065990782388,11.986558366415405],[106.66056072647098,11.985985207350337],[106.66059887358908,11.985848832414861],[106.66069805497173,11.985715318118725],[106.66119396651791,11.985385347069451],[106.66154491801954,11.985023904347527],[106.66198742338841,11.984413552306938],[106.66255199834065,11.983750748319695],[106.66274273335998,11.983546662883313],[106.6632462734156,11.983170914129495],[106.66345226739342,11.983068871339075],[106.66375744270529,11.98300879067027],[106.66390240071335,11.98301737390439],[106.66407787734502,11.983087945380342],[106.66436016553973,11.98352854213376],[106.66452801129998,11.983707833508236],[106.6647568931343,11.983813691814074],[106.66526806340163,11.983800339005978],[106.66554272101247,11.98384039406647],[106.66571819701574,11.983814645328952],[106.66581737886509,11.983738351218113],[106.66587078512858,11.983632493405734],[106.66588604451066,11.983478951441667],[106.66572582571851,11.982157158958525],[106.66579449138138,11.982054162073503],[106.66590893227348,11.982007431953608],[106.66654980071624,11.9820665605303],[106.66670238949483,11.982049393304825],[106.66683971823478,11.981954980724339],[106.66690838335461,11.981757569148883],[106.66693127105518,11.981486726515792],[106.66690075329238,11.980966973285954],[106.66680920005095,11.980478692280343],[106.66680157136922,11.979861665443297],[106.66686260598128,11.979631829264099],[106.6669846757933,11.97943441837406],[106.66745769914786,11.979156898776145],[106.66761028658621,11.979127335126014],[106.66844952003804,11.979256080919619],[106.66860973816597,11.979259895877107],[106.66870128976662,11.979212211921899],[106.66880047224484,11.978890824492938],[106.66889202456832,11.978061127441324],[106.66896831875648,11.97794668604072],[106.6690598718895,11.977877068234173],[106.6695405240943,11.978009629439157],[106.66966259363264,11.9780096285911],[106.66986858757782,11.977911400731749],[106.66996013959681,11.977461265802138],[106.67008221123142,11.97723333777388],[106.6703187216262,11.976992057706786],[106.670860408425,11.976620126304997],[106.67111217872751,11.976616310820368],[106.67138683685056,11.97668211360909],[106.67269146361149,11.977487015195058],[106.67293560430666,11.977677749463815],[106.67311870956144,11.977743553506391],[106.67346966176335,11.977677749999938],[106.67359936199088,11.97773020182933],[106.67374431984925,11.977862763057948],[106.6738129846983,11.97801058318162],[106.67380535537731,11.97823088125148],[106.67372906081441,11.978635238892673],[106.67369854404615,11.979122566791611],[106.67375957948161,11.979353355961655],[106.67384350181682,11.979527877604296],[106.67394268428559,11.979630874460824],[106.67404186592533,11.979660438845604],[106.67420971340866,11.979410576467103],[106.67431652512906,11.979331421432958],[106.67453777686801,11.979282783658816],[106.67484295311277,11.97939054890731],[106.67536938065003,11.97975199174226],[106.6756135221873,11.97983591490369],[106.67573559177858,11.979795860438518],[106.67621624432057,11.979175018524845],[106.67665111872167,11.978471207090623],[106.67681896646718,11.978103088945884],[106.67702496011727,11.978111671677082],[106.6773759121732,11.978222297541889],[106.67752849979236,11.978200363456745],[106.67766582946379,11.978106903237697],[106.67800152226117,11.977585243617309],[106.67818462758687,11.977170395561636],[106.67819225737372,11.97707788876591],[106.67810833362215,11.976952957134248],[106.6778489339451,11.976972984165458],[106.67679607778602,11.977304863746308],[106.67650616077918,11.977347778403002],[106.67645275462611,11.977297233607965],[106.67646038499133,11.977227616022839],[106.67675030115298,11.977030204489223],[106.67689526018428,11.976851867309072],[106.67694866607772,11.97666113390248],[106.67708599505438,11.975529121880488],[106.67704021746687,11.975261139298574],[106.67686474152092,11.974815773482176],[106.67681896555547,11.97450964364736],[106.67684948359555,11.973291801773538],[106.67680370713417,11.972811149447454],[106.67669689606913,11.972387718839817],[106.67673504246994,11.972197937132444],[106.67682659495561,11.972143577719889],[106.6769868130977,11.972120689671856],[106.67781841683119,11.972276138728093],[106.6780854461581,11.972407745283995],[106.67823803289234,11.972399162549559],[106.67827617981858,11.972245620514473],[106.67813122186969,11.97164575961541],[106.67815410993599,11.971537040382469],[106.67824566285837,11.971411155501839],[106.67891704935671,11.970925734942385],[106.67924511351949,11.970604346916065],[106.67940533052843,11.970354484679753],[106.67955028885588,11.969349312157895],[106.67965710061011,11.969212936490665],[106.67988598264218,11.969162391395232],[106.68028271033077,11.969199584907155],[106.68047344524616,11.969165251815463],[106.68061077506188,11.969090865873264],[106.68067943974812,11.968988823175707],[106.68063366303119,11.968457625880228],[106.68069469772729,11.968360350673645],[106.68106853831068,11.968289779251482],[106.68131267898674,11.968147681705137],[106.68147289704662,11.967976021031262],[106.68163311327963,11.967667984243167],[106.6817704429517,11.967250274411693],[106.68210613516588,11.966611313052885],[106.68216717147014,11.966317580695005],[106.68215954119088,11.965814993923006],[106.68223583590989,11.96573679285239],[106.68247997694203,11.965760634534757],[106.68257915881225,11.96583120710654],[106.68283855738255,11.966396735917257],[106.68296825733731,11.96643583582599],[106.68303692292663,11.966389105984316],[106.68304455160144,11.966275619110226],[106.68296062818266,11.966114448075878],[106.68294536922464,11.965841697066544],[106.68325817435154,11.96489183829775],[106.68354046276441,11.964522766042213],[106.68372356709574,11.964429305719214],[106.68385326742282,11.96443693480155],[106.68499004774601,11.965350554740573],[106.68547069902402,11.965593741706106],[106.68562328617224,11.965613769184616],[106.68572246817885,11.96557848236334],[106.6859360922775,11.965140746957102],[106.68688213624279,11.965422080885306],[106.68727123670999,11.965492652741018],[106.68742382375079,11.965481207883991],[106.68756115400599,11.965380118534199],[106.6875153764476,11.965231345942493],[106.68660747859106,11.964443610608232],[106.6865998496899,11.964307234861128],[106.68666851314076,11.964166091940788],[106.68683636025861,11.964010642740767],[106.68717968361581,11.963861869084736],[106.6875687829246,11.963796065731746],[106.6877366298021,11.963784621322635],[106.6878663282813,11.963843749856668],[106.68870556240047,11.96488897660818],[106.68881237338523,11.964974806416498],[106.68891918565724,11.965002463687538],[106.68902599616597,11.964935706905015],[106.68921673135303,11.964537070800239],[106.68963634840516,11.96392481135341],[106.69006359499069,11.963817999836598],[106.69071972226196,11.963266776621131],[106.69103252771849,11.963165686037799],[106.69116985693313,11.963189528521273],[106.69125378044764,11.963275359117935],[106.69139110950712,11.963865683484872],[106.69142925694022,11.963957236829296],[106.69156658553894,11.964040206118925],[106.6917725789466,11.964061186486044],[106.69185650264865,11.96398966117981],[106.69200909103455,11.9635204538064],[106.6921616772294,11.963244841759538],[106.69232189581689,11.963136122676188],[106.69245159475157,11.963223860232237],[106.69274151194223,11.963667319578445],[106.69285595286674,11.963760779600536],[106.69381725687929,11.963812276990716],[106.6941224323553,11.963777945171822],[106.69491588986966,11.963914320903754],[106.69525921292488,11.964071677446576],[106.69576275245318,11.964575217481613],[106.69641125040934,11.964882300532054],[106.69647228529135,11.964993879881316],[106.6965180624301,11.96525041865751],[106.69647991559205,11.965537474233978],[106.69649517475848,11.965806410648753],[106.69672405538577,11.96634523599702],[106.69731151970937,11.967100546188775],[106.697700619237,11.967527792872296],[106.69860088715326,11.968187735179308],[106.69882976908042,11.96839849704623],[106.69898998668971,11.968635007845085],[106.69918072097464,11.969406531318516],[106.69927990380592,11.969509527898971],[106.69937908606039,11.969542906236228],[106.69948589742785,11.969526693882898],[106.69958507867256,11.969435140857096],[106.69998180779231,11.968773291325475],[106.70027172531282,11.968541548458372],[106.70050060654508,11.968492911376766],[106.70066082398591,11.968501493985254],[106.70107281109536,11.968679831306472],[106.70112621671844,11.96878282780676],[106.70102703504573,11.969466611751397],[106.70108807017392,11.96957819256064],[106.7012101403553,11.969627782827699],[106.70143902232844,11.969586775219204],[106.70173656889357,11.969446584773667],[106.70249950832579,11.969235823545578],[106.70276653662397,11.969121381806973],[106.70289623679832,11.969005987987577],[106.70291912512558,11.968848631914458],[106.70284283139478,11.96881048467337],[106.70257580228342,11.96884386333436],[106.70246136064333,11.968826697052647],[106.70233929078013,11.96873991315314],[106.7022782563083,11.968649314348829],[106.70227062620263,11.968474790903423],[106.70234691997604,11.968354627634001],[106.70274364888752,11.96836321067504],[106.70292675434675,11.968442365631429],[106.70310986038054,11.968467161992617],[106.70333874119815,11.968417570772102],[106.70354473515941,11.968120024420825],[106.70359051136909,11.967737601426528],[106.70357525286039,11.967546866237125],[106.70347607083376,11.967380926990915],[106.70335399961422,11.967315123411083],[106.7025681732703,11.967264578203613],[106.70247661954056,11.967243598127046],[106.70244610159025,11.967148230423447],[106.70279705428015,11.966344282822442],[106.70318615349387,11.965950415016357],[106.70336163028077,11.965717719257265],[106.7034684407113,11.965677663681308],[106.70355236383892,11.96574823599799],[106.70340740579715,11.966544553911755],[106.7034913287699,11.966743872102766],[106.70368206393313,11.966827796196608],[106.70388805791548,11.966808722211876],[106.70402538733227,11.966732427936915],[106.70404064603791,11.966586515610198],[106.70388042827055,11.966104910291929],[106.70390331697921,11.966045782495286],[106.70394909328988,11.966040061231299],[106.7045289266043,11.966433927978306],[106.70460522059359,11.96659891419651],[106.70452129779362,11.96707384403958],[106.70454418645852,11.967323706208806],[106.704643368205,11.967381880003565],[106.70477306824806,11.967391416558003],[106.70542156558074,11.967152044774272],[106.70558941280048,11.96718733129821],[106.70571148263232,11.967269347212813],[106.70576488940003,11.967348501818648],[106.70566570721164,11.967639371693004],[106.70572674162753,11.967765256488578],[106.70627605816786,11.96825258533444],[106.7066422692661,11.968698904809806],[106.70722210359475,11.969681189000688],[106.70732891536711,11.969778464271544],[106.70743572603988,11.969804213198588],[106.70757305563887,11.969778463583857],[106.7076874963464,11.969719335785099],[106.70774090227195,11.969623015204027],[106.70771038509537,11.969108984459456],[106.70763409070867,11.968758986038358],[106.70770275544997,11.968473836958966],[106.70777142057315,11.968382285084564],[106.70795452490117,11.96829263853282],[106.70821392487441,11.968457624750586],[106.7083741419504,11.968360349886556],[106.70855724707394,11.968141004496509],[106.70864880043254,11.968120023686495],[106.70896923522596,11.96823160383957],[106.70922100501447,11.968258306569012],[106.70964062095044,11.9681419583178],[106.71023571437067,11.96776811792669],[106.71031200803586,11.967756674002818],[106.71042644920045,11.967803403603464],[106.71054089053501,11.967933103459778],[106.711677670553,11.968672201410508],[106.71198284509065,11.968783781471322],[106.71239483283415,11.96887247280284],[106.71261608507427,11.968969747485813],[106.71337902525116,11.969562933211161],[106.7139817471449,11.969864294491979],[106.71406567067248,11.969928190367327],[106.71410381755756,11.970034048644635],[106.71405041112041,11.970289632302292],[106.71394360005317,11.97038309293053],[106.71335613657081,11.970545217315975],[106.71324169649117,11.970617696935822],[106.71302807254106,11.971279546385789],[106.71302807221127,11.971589491079893],[106.71331036040202,11.971916601527715],[106.71355450166642,11.972274229962343],[106.71369183060993,11.972617551283584],[106.71381390026531,11.972697660463405],[106.71405041127467,11.972739622660757],[106.71422588721924,11.972701475588137],[106.71432507008014,11.972487852399093],[106.71427166490906,11.97232858870759],[106.71410381699995,11.972056792103965],[106.7140122646437,11.971717283826573],[106.71399700671941,11.971168920778785],[106.71400463564564,11.97110216386269],[106.71406567075181,11.971072600042316],[106.71411144753603,11.971084997710692],[106.71419537070533,11.971214696752227],[106.71440899339036,11.971730634598073],[106.71459972851214,11.972002431857103],[106.71494305101346,11.972277090254556],[106.7151871914808,11.972306654671533],[106.71543896178746,11.972005292710467],[106.7156296964077,11.97170011719391],[106.71572887854218,11.971674367440782],[106.71655285379619,11.972295209280865],[106.71717846343354,11.972444936514936],[106.7173844579022,11.972570821852472],[106.71754467495929,11.972754881476598],[106.71770489184522,11.97305052027689],[106.71779644456852,11.973087713849436],[106.71858227267477,11.972667142259558],[106.718780636425,11.972601339207953],[106.71900188819039,11.972554609872951],[106.71957409332077,11.972546979095627],[106.71967327594986,11.97250597196548],[106.71974956930778,11.972275182532131],[106.71976482833531,11.971917554658903],[106.71990215738634,11.971066877455831],[106.71987163955254,11.97071878633476],[106.71984112249581,11.970581456884279],[106.71971905125406,11.970363065702212],[106.7191697357227,11.96989767260362],[106.71910870010593,11.969794675687085],[106.71908581225418,11.969602987742071],[106.72010815169935,11.96865789586401],[106.72068798529978,11.968422338263556],[106.72088634898032,11.968438551275959],[106.72103893770738,11.968557760587549],[106.7213364836527,11.968945905080357],[106.72145092443992,11.969225332322276],[106.72158825367981,11.969800396953994],[106.72204601767936,11.970780774824494],[106.72225964014383,11.97111170035837],[106.72258770493472,11.971985265492147],[106.72257244590199,11.972192212812002],[106.72250378139486,11.97242490903079],[106.72238171071622,11.972651883984812],[106.72222912273524,11.973350927258144],[106.72211468141593,11.973650381561539],[106.72202312952604,11.973801061135719],[106.72180187701946,11.973899290057672],[106.72154247750738,11.973945066348106],[106.7213288544731,11.97405950705852],[106.72079479690977,11.975114271066873],[106.7205430266575,11.975890562501977],[106.72057354520666,11.976013586727968],[106.72069561432956,11.97603552068426],[106.72093975579311,11.975965902825426],[106.72236645186264,11.975810453055557],[106.72279369823563,11.975676939263412],[106.72320568572277,11.97546140816532],[106.72341930904976,11.975397512195194],[106.72361004360869,11.975403234618913],[106.72422802476102,11.975623533191161],[106.72448742402673,11.975661680663471],[106.72472393506243,11.975613042390735],[106.7249833349083,11.975489065095639],[106.72502911088026,11.975515768606021],[106.72506725739875,11.975590153967007],[106.72506725775195,11.975735113160658],[106.72495281654734,11.97607462152685],[106.72476208153412,11.97798292330346],[106.72478496970308,11.978105947209695],[106.72487652308865,11.978195592648264],[106.72570812696102,11.978568479571333],[106.72587597385647,11.978713438430152],[106.7259446377895,11.978904172262991],[106.72595226843539,11.979131147267744],[106.72584545581132,11.979479238597673],[106.72574627362279,11.979665205331226],[106.725509762979,11.979911253692999],[106.72548687480716,11.980000898459924],[106.72554791012007,11.980123922374064],[106.7261658908752,11.980848714259013],[106.72705090108792,11.98161451517923],[106.72710430629921,11.98178236225554],[106.72701275425064,11.982429906115808],[106.72711193613739,11.982606336575605],[106.72759258815813,11.98292200240482],[106.72779095215898,11.983264371543612],[106.72811901655182,11.983560011080822],[106.72836315689933,11.983659193386888],[106.72918713157549,11.983667776615022],[106.72960674822244,11.983738348410057],[106.72996532947052,11.983909055427738],[106.7303239114431,11.984234258404369],[106.7306138285635,11.984424039372582],[106.73176586687688,11.984986707327737],[106.73254406501877,11.985491201632996],[106.73288738781383,11.986393377016805],[106.73309338133598,11.98676626466091],[106.73359692137109,11.987200185253057],[106.73423779073421,11.987632200447711],[106.73484814262771,11.98811380514366],[106.73506176588435,11.988457128623905],[106.73518383607764,11.990506574091393],[106.73525250080351,11.99098341101257],[106.73571026395322,11.991718694481328],[106.7364274280803,11.992316647980063],[106.73683941518803,11.992605611664999],[106.73696148450492,11.992738172679548],[106.73731243706885,11.993602201352289],[106.73754894928376,11.993891164128208],[106.73952496188906,11.995677396097186],[106.73959362583325,11.995858594127638],[106.73953259104894,11.996100828459468],[106.73954785058494,11.996380254398643],[106.73963940325683,11.996595785571841],[106.74044048935802,11.996704504696504],[106.74044811834636,11.996820852441957],[106.74019634822574,11.997045919581282],[106.73958599753362,11.997718259835557],[106.73899090457216,11.998051092035304],[106.73867809900958,11.99840681287455],[106.73867809951936,11.998630926142313],[106.73896038745767,11.998990461887193],[106.73959362589974,11.999602720808625],[106.74059307759855,12.000123426846649],[106.74059307751219,12.00024835738538],[106.74024975478686,12.000301763415775],[106.74014294302785,12.000379011864512],[106.74016583167469,12.000515386727777],[106.740623595423,12.001158163363954],[106.74121105837082,12.001849577399142],[106.74180615116765,12.002266332071484],[106.7424241326561,12.002385542463392],[106.74272167831819,12.002529546475097],[106.74311840748257,12.002940580133277],[106.74328625329125,12.00304166986092],[106.74337780627148,12.003035947392954],[106.7434388417853,12.002957746585158],[106.74340069417777,12.002263471696729],[106.74343884134768,12.00211469811728],[106.74356854146494,12.001923962935008],[106.74362194709555,12.001758024413716],[106.74355328222433,12.001269743670436],[106.74319470072352,12.000742361350218],[106.74321758956114,12.000517293953587],[106.74334728860315,12.000421926769517],[106.74367535276768,12.000303670710355],[106.74396526908698,12.000250264899986],[106.74452984534327,12.000331327073292],[106.74495709114922,12.000458166617447],[106.74518597253608,12.000560208892376],[106.74553692504982,12.000813886194287],[106.74555218378389,12.001008436399147],[106.74537670755096,12.00119440238122],[106.74536144957338,12.00130026048264],[106.74540722508159,12.00144045019614],[106.7456971423587,12.001753255153522],[106.7457963248628,12.001984998625058],[106.74580395383374,12.00275652112882],[106.74586498978738,12.00301019796171],[106.74655163454324,12.004266186998354],[106.74658978167511,12.00456850218253],[106.74646771163613,12.00473158067533],[106.74628460604943,12.00475160699861],[106.74501812655258,12.004737302260377],[106.7445451037998,12.004789754172725],[106.74416363447385,12.004965231157717],[106.74402630462191,12.005226537492597],[106.74394238168328,12.005781576586525],[106.74407971063542,12.006283208247785],[106.74416363470107,12.006369039504783],[106.74428570493696,12.006381437113998],[106.74443829230111,12.006316587299809],[106.74456036266727,12.006177351060522],[106.74466717479818,12.00581018646776],[106.74480450375508,12.005536481373978],[106.74491131495796,12.00543443867728],[106.74499523892965,12.005434438498588],[106.74509442096993,12.005491659653275],[106.74555981356144,12.006181165720038],[106.7456132194435,12.006385252245328],[106.74534619068947,12.00720541241903],[106.74546063216837,12.00790254791887],[106.74555218393232,12.008066579632224],[106.7456818842912,12.008029386234975],[106.7459641715896,12.00762598211227],[106.74613964821556,12.007540151600953],[106.74646771198627,12.007531568009036],[106.74669659429162,12.007650777077778],[106.74720776290614,12.008037016614995],[106.74738323854436,12.00821249242723],[106.7480622546923,12.008699819667147],[106.74809277310791,12.00878374210753],[106.74805462563553,12.008875295701912],[106.74754345584832,12.009146139793302],[106.74745190371326,12.009329244327487],[106.7474061269667,12.00965254067483],[106.74746716161974,12.01002065858668],[106.74765789741652,12.0104498125594],[106.74772656187788,12.010745451283722],[106.74786389095253,12.011056348458226],[106.74844372527416,12.011528417830295],[106.74880993598404,12.011948034876252],[106.748840453079,12.012133047673519],[106.74874127124146,12.012371465829496],[106.74863445968425,12.012503072545899],[106.74838269035098,12.012598440808876],[106.74798596081328,12.012622282161798],[106.74787914995076,12.012741491962567],[106.74781048534219,12.013105795957964],[106.74781048505251,12.01344530382824],[106.74790966731217,12.01364271329365],[106.74810040263647,12.013761922197567],[106.74837506065074,12.013750478374273],[106.74862683059723,12.01361887193025],[106.7491151123851,12.013201162459426],[106.75003826842756,12.012530729819698],[106.75025952105025,12.012506887873842],[106.75061047315727,12.01264993818181],[106.75085461432188,12.01283590533675],[106.75096905464818,12.013008520799742],[106.7509614252194,12.013163969013396],[106.75068676744833,12.013336584395143],[106.74988567985729,12.013676092723577],[106.74962628108284,12.013884946719143],[106.74951947035834,12.014124319840889],[106.7494660638517,12.014386579628084],[106.74932873483326,12.01457159301301],[106.74912274151555,12.014648840714907],[106.74886334268791,12.014630720745524],[106.74863446031775,12.014475271397904],[106.7484666133616,12.014563963653355],[106.74819195480715,12.014827177956764],[106.74721539255522,12.015304015148654],[106.74707043457347,12.015482352050942],[106.74701702789024,12.015660688684637],[106.74703991614392,12.0158037399027],[106.74737561025964,12.016013547616357],[106.74752056790999,12.016174718390058],[106.74735272116762,12.017361089925092],[106.74745953308114,12.017611906885644],[106.74804699614279,12.017862722531113],[106.7482987664811,12.018062994566819],[106.74835980271158,12.018295690574968],[106.74829113783511,12.018588468444126],[106.74816143737884,12.018815444055475],[106.74731457561425,12.01950113503951],[106.74684155229095,12.019832060048415],[106.74658215375571,12.020094321144393],[106.74644482416491,12.021000310937094],[106.7465058598278,12.021323606729352],[106.74671948288491,12.021439002144394],[106.7471162104899,12.021439002176733],[106.74745953345638,12.021277830638793],[106.74795544411236,12.020962165333223],[106.74813854985129,12.020927832247736],[106.74870312450183,12.02096311780146],[106.74900067118668,12.020920202559129],[106.74929058818998,12.020805761946637],[106.74955761718269,12.020573064415116],[106.74985516379914,12.020405219166925],[106.75046551430557,12.020449087567975],[106.75063336195049,12.020514890925414],[106.75076306139408,12.020651266760247],[106.75080120890958,12.020757124388808],[106.75078594925232,12.020866797201647],[106.75069439631487,12.02094213680319],[106.75051892024675,12.020999358210352],[106.75001538067337,12.021003173007191],[106.7499085693145,12.02106039325147],[106.74964154044346,12.022104665418597],[106.74964154047628,12.022237226520284],[106.74971783455543,12.022320196525124],[106.74983227604723,12.022329733053924],[106.75066387952693,12.021510526394948],[106.75103009066105,12.021358892902164],[106.752845886641,12.02105085602612],[106.7529298093258,12.021122381872651],[106.75290692159429,12.021212026399404],[106.75261700508888,12.021716520799824],[106.75260937472868,12.021904395051239],[106.75267804006788,12.022082731921033],[106.75309002699997,12.022297309152787],[106.7532120965404,12.022408887977576],[106.75319683878811,12.02262537307603],[106.75306713872962,12.022867605624251],[106.75280773968706,12.02297823177788],[106.7522889405932,12.023010656670742],[106.75164044185787,12.023113653456054],[106.75109875461003,12.023421690985998],[106.75091564959203,12.02367059984353],[106.75085461504624,12.024004386063105],[106.7509690547191,12.024508879091446],[106.75105297923108,12.024692937857857],[106.75121319572226,12.024699614139614],[106.75137341281814,12.024345800800445],[106.75157940708607,12.024110243038026],[106.7518235482021,12.023946210905851],[106.75212109420771,12.023893759187407],[106.75252545169633,12.02394048922171],[106.75315106144015,12.023913786329562],[106.75361645509258,12.023803160135742],[106.75416577222066,12.023750707380072],[106.75450146499838,12.023797437296022],[106.75492871044105,12.024046346982376],[106.75566876265346,12.024678633105768],[106.75598156775824,12.024973318964141],[106.75620281971385,12.025379583801842],[106.75629437294997,12.02576772892453],[106.75627911413665,12.02613489334046],[106.75617230321525,12.026515409732074],[106.75550091575599,12.027018949733266],[106.75528729339842,12.027358458151063],[106.75527203365985,12.027548239025867],[106.75538647471419,12.027705596036443],[106.75615704380584,12.028001234511427],[106.75641644318443,12.028223440656594],[106.75657666001666,12.028438016853425],[106.7565842905531,12.028680251215357],[106.75636303753626,12.029184744060462],[106.75640881425078,12.029367849911187],[106.75656903111403,12.029426977543901],[106.75683605989857,12.029394553242334],[106.75719464127528,12.029158994469945],[106.75747692899606,12.029028341416018],[106.75841534554048,12.029067442758267],[106.75926220675008,12.028982565937028],[106.75959027118854,12.029055997353566],[106.75967419552202,12.02913419999815],[106.7596741954621,12.02924959397997],[106.75936138938107,12.029905721835087],[106.7593385008922,12.030038282986045],[106.75939190722332,12.030085012426394],[106.75971997134714,12.030172751106651],[106.75988781803471,12.030283376303698],[106.76015484771759,12.030814573737405],[106.76012432915864,12.031073019556272],[106.75991070592076,12.031160757493703],[106.75954449558043,12.031171247873573],[106.75928509619027,12.031041547753585],[106.75867474401893,12.030525610891553],[106.75838482753282,12.030430243188743],[106.75826275750627,12.030430242911567],[106.75820935114662,12.030538961664696],[106.75826275733738,12.030763074700808],[106.75852978502355,12.031163618700342],[106.75884259172676,12.031422063345389],[106.75920880202875,12.03194753841725],[106.75933850159977,12.032272741988885],[106.75961315994492,12.032666608623595],[106.7595902710048,12.032802984396472],[106.7594376830241,12.032849714762175],[106.75913250876104,12.032836363263065],[106.75888073791798,12.032686636593679],[106.7587205205016,12.032177373873612],[106.75852215596518,12.032076284556176],[106.75817883354831,12.032129690884847],[106.75765240568565,12.03230612116557],[106.75741589472395,12.032518790060836],[106.75734722977116,12.032634184198061],[106.75740063515917,12.032769605697434],[106.75875103836286,12.034094259737369],[106.75895703213911,12.034423277072781],[106.75907910279165,12.03450147925773],[106.75918591312873,12.034530088694522],[106.75931561349914,12.034469054091579],[106.75923931924858,12.03409616647124],[106.75927746681283,12.033979819229977],[106.75942242518859,12.033947394189106],[106.75962841835002,12.033961698827436],[106.76023877042645,12.034184859213383],[106.76042187514562,12.034208700368122],[106.7605820935107,12.034166738991567],[106.76079571633298,12.033770963917464],[106.76094067415748,12.033603117479624],[106.76106274455479,12.033579276036761],[106.7611771853773,12.033621237163032],[106.76134503229164,12.033869192785316],[106.76149762042998,12.033995078072241],[106.76169598469086,12.034079001114735],[106.7619706429069,12.034120962362719],[106.76214611883681,12.034214422322812],[106.76222241205909,12.03432123414686],[106.76222241230329,12.034690306104984],[106.76216900735962,12.034769460461746],[106.76172650260364,12.034792348912791],[106.76144421483166,12.034950658852008],[106.76096356224659,12.035377905122028],[106.76062024047434,12.035419867264348],[106.76059735148417,12.035479948972192],[106.7606736451031,12.035605834301299],[106.76082623325698,12.035689756419496],[106.7609330455717,12.035844251916783],[106.76096356223863,12.035978719516095],[106.76060498182541,12.036476538199686],[106.76010144198061,12.03700010470511],[106.75980389497116,12.038019583421143],[106.7598420416529,12.038140700405181],[106.75992596553745,12.038194105902297],[106.76007092344979,12.038223669662521],[106.76020062404847,12.038189336843306],[106.76039135837028,12.037844107047812],[106.76049816998524,12.03776972127717],[106.76077282779268,12.037750646888822],[106.76087201022646,12.037687705343188],[106.7609254160898,12.037551329255955],[106.76084912135744,12.037201330980787],[106.76085675125773,12.037011549800464],[106.76092541521061,12.036875173586804],[106.76100170997742,12.036865637264826],[106.76107037504543,12.036939070200901],[106.76129162663356,12.03736726969303],[106.76155102698496,12.037694379903622],[106.76203930727621,12.038190290727204],[106.76258099450767,12.038524076466695],[106.76261914176229,12.038626119905661],[106.76256573563937,12.038693830536797],[106.76247418238162,12.038718626899318],[106.76146710301204,12.038804457182541],[106.76136792062142,12.038848325890832],[106.76134503282962,12.038955137563512],[106.76137555076704,12.039067671017682],[106.7615433968977,12.039300367706959],[106.76171887256866,12.039334700260577],[106.76216137748594,12.03931085760562],[106.76236737171772,12.039456771224138],[106.7623215961371,12.039625571175323],[106.76193249559626,12.039800092861132],[106.7617646496309,12.039989873811278],[106.76148999177374,12.040667937197119],[106.76154339665,12.040785239046066],[106.7616502084483,12.040833875833114],[106.76198590148982,12.04067365861025],[106.7622453016596,12.040449545584478],[106.76239025946794,12.040372297999095],[106.76255810663389,12.040377066383549],[106.76253521889664,12.040790960646481],[106.76264202974414,12.040911123711888],[106.76276410017758,12.040915891780699],[106.76296246478898,12.040811942078095],[106.76302350005551,12.04082243209802],[106.76306164651419,12.040884421110553],[106.76286328261985,12.041306899012552],[106.76284802367162,12.041461393717716],[106.7629090586385,12.041493818667211],[106.76425946168935,12.041431829485669],[106.76449597247658,12.041533872623187],[106.76457989613449,12.041609213268993],[106.76459515505226,12.041716979223956],[106.76444256671986,12.04256956408366],[106.76443493786535,12.042654440655987],[106.76448834437683,12.042697356020165],[106.7645798959119,12.042710706812667],[106.76482403715377,12.042495176470663],[106.76522076464823,12.042250082454094],[106.76531231792177,12.0421470856635],[106.7653504651655,12.041995451744521],[106.76530468897292,12.041502402210876],[106.76531994801532,12.041389868167006],[106.76538861180751,12.041366026437665],[106.76612866262546,12.041590140024606],[106.76618969917585,12.041649267370337],[106.7660218522076,12.041902944486374],[106.76548016494357,12.042407439044394],[106.7654267587607,12.042544767700772],[106.76543438932428,12.0426620698393],[106.7655259407513,12.04274503961626],[106.76570141714276,12.042740270622389],[106.76599133390476,12.042642996299817],[106.76631939807746,12.0423940867767],[106.76651776264372,12.04218332469197],[106.76681530942858,12.041989730084293],[106.76748669632147,12.041847632179072],[106.76776135422627,12.041895316167198],[106.76789868332442,12.041998312919034],[106.76794445926821,12.042120383177648],[106.76795208862119,12.042339727661016],[106.76784527701746,12.042549535624739],[106.7677003193075,12.043114111739186],[106.76754010108881,12.043514654897688],[106.76730359038868,12.0438856337642],[106.76722729615051,12.044154569614504],[106.76730358994816,12.04435484194756],[106.76744854881848,12.044545576732475],[106.76763165418082,12.044594213804379],[106.76789868332291,12.044577048067078],[106.76803601239227,12.044523642235237],[106.76810467748035,12.044424459554424],[106.76821148830962,12.044360563702107],[106.76828778180477,12.044364379079456],[106.76834881742457,12.044414923001186],[106.76837933482453,12.044666692936575],[106.76844036979716,12.044737264406514],[106.76853955233587,12.044756338601358],[106.76923382721861,12.0444921710478],[106.77000439638417,12.044285223912631],[106.77014935448965,12.044256613020075],[106.77031720109102,12.04429762067895],[106.77034771935978,12.044379636864857],[106.77014935445102,12.044665739925572],[106.77000439601845,12.044731542301331],[106.76972973835932,12.044758245529579],[106.76952374418558,12.04485075158323],[106.7691727920681,12.04553739821964],[106.76917279236017,12.045648978059544],[106.76926434540889,12.04583112970171],[106.76924908647871,12.045950338469963],[106.76911175752281,12.045985624664572],[106.76904309191225,12.045965597635611],[106.7688523575736,12.045722411261124],[106.76870739918219,12.045618459568125],[106.76850140541131,12.04563753382111],[106.76817334081613,12.04574148383286],[106.76797497759038,12.04588072060527],[106.76788342450519,12.04603521632027],[106.76788342423448,12.046158240011298],[106.76792157148006,12.046255515083569],[106.76799786538915,12.046293661931596],[106.76836407581477,12.046292708078715],[106.76844037027065,12.046358511575809],[106.76847851701751,12.046520635713474],[106.76860058763731,12.0467447497365],[106.76946270918927,12.048011228871186],[106.76927960328766,12.048181937350481],[106.76910412774461,12.04819242714658],[106.76867688128901,12.048127577297349],[106.76852429361134,12.048283025689871],[106.76845562928156,12.048634932266259],[106.76847088825862,12.049152776624707],[106.76858532867155,12.049557134854409],[106.7686768810488,12.049727842764902],[106.76876843432655,12.049727842670327],[106.76886761615805,12.049663947201072],[106.7691575329357,12.049301550712823],[106.76930249222602,12.049210950967824],[106.76943982117571,12.04918424922381],[106.76955426219426,12.049253866637715],[106.7696839613621,12.049429343035259],[106.76981366111289,12.049611494906857],[106.76988232652177,12.049792693071366],[106.76985943759483,12.050000593908642],[106.76973736707772,12.050113127349837],[106.76960766703849,12.050171300755075],[106.76916516246227,12.050160810650846],[106.76898968674801,12.050261900879342],[106.76893628175009,12.050426885973936],[106.76897442826093,12.050582335282993],[106.76913464551745,12.050689146894737],[106.7694321919027,12.050731107881143],[106.76992047387911,12.050709174031033],[106.77005017256,12.050794050699457],[106.77010357884741,12.05095999015117],[106.77001202579285,12.051172660109055],[106.77005017238012,12.051386282764215],[106.77014935446901,12.051594184310066],[106.77034008966717,12.051803037887257],[106.77064526542345,12.052036688412818],[106.77079022321985,12.05197851374331],[106.77096570016768,12.051567480750522],[106.77121747097335,12.051540778287658],[106.77134716939746,12.051680014126061],[106.77165234536928,12.052442954370141],[106.77175152732681,12.052730962668283],[106.77174389861403,12.052901671296464],[106.7716370863697,12.053087637612215],[106.77110302935088,12.053586409128457],[106.77086651763226,12.053923056063647],[106.77087414795882,12.05406133895175],[106.77156079241338,12.054587767454374],[106.77161419838846,12.055138037094538],[106.77157605218751,12.055783675533148],[106.77160656963463,12.056329176711268],[106.77168286391756,12.056618140157632],[106.77222455099313,12.05744592935184],[106.772377138496,12.057574675244974],[106.77255261481125,12.05758516591957],[106.77319348416788,12.057245658021294],[106.77328503690184,12.057143614018958],[106.77330792516058,12.057011054129097],[106.77325451917672,12.056904241831349],[106.77287304915619,12.05661527945824],[106.77258313159595,12.056284354418013],[106.77212536879796,12.055926726085422],[106.77211010986898,12.055852338663746],[106.77220166155982,12.055766508860396],[106.77245343200207,12.055702612681062],[106.77307904242566,12.055676863019741],[106.77323925971945,12.05578367458621],[106.77345288258526,12.056018278614093],[106.77362835909953,12.056130811816617],[106.7738267236222,12.056189939633194],[106.77404034666931,12.056136534016398],[106.77410901127799,12.056003020336128],[106.77422345219665,12.055906698816512],[106.77457440419975,12.056062147753453],[106.77462780964021,12.056200431082942],[106.77410138190712,12.058053419940697],[106.77406323482319,12.058581754882162],[106.77410901099235,12.05891935624287],[106.77421582274926,12.059116767426474],[106.77451336896151,12.059221671107677],[106.77475750995532,12.059239790959719],[106.77492535645361,12.059178754667938],[106.77516949716484,12.058513091249944],[106.77529919713233,12.058519765858081],[106.77540600791077,12.058870719307794],[106.77566540801975,12.059369490420153],[106.77569592458619,12.0596460561988],[106.77565014936451,12.059855863683687],[106.7756730372542,12.059978887679595],[106.77583325437645,12.060015128404242],[106.77642071837172,12.05983774357974],[106.77682507626076,12.059615537708462],[106.77699292235552,12.059437200629604],[106.7771226222752,12.059394285579195],[106.77722180396032,12.05941908080047],[106.77722943271883,12.059671805429852],[106.77735150419475,12.059775755708621],[106.7777024560512,12.059856818346939],[106.77787793224424,12.059967443929343],[106.7779694853383,12.060220167929161],[106.77810681432717,12.060448096232422],[106.77830517853035,12.060589239602772],[106.77841199032063,12.060718939012705],[106.77842724826897,12.060891554279419],[106.77838147245767,12.06107561357638],[106.77822888459598,12.06119672965503],[106.77813733145541,12.061437055867781],[106.77814496113604,12.061892912630855],[106.77825940194998,12.06199686344073],[106.7783509538695,12.062058852363577],[106.77844250698286,12.06204645406608],[106.7784959136616,12.061985418690856],[106.77850354265105,12.061855718925905],[106.77843487831655,12.0616888257136],[106.77848065384178,12.061649726191293],[106.77854168947466,12.06166403058927],[106.7786179835411,12.061728880671211],[106.77899182469504,12.06232874207031],[106.77910626527061,12.06247656114915],[106.77919781743526,12.062516615885887],[106.77931988865589,12.062484190921076],[106.77974713393873,12.062177106549877],[106.77987683346883,12.062166616855858],[106.78004468044384,12.062209532149128],[106.78018200900269,12.062288686704768],[106.78025067442337,12.062405036112812],[106.78011334567691,12.06270830381643],[106.78012097411481,12.062816069298467],[106.78024304395629,12.062852309193536],[106.78105176000737,12.062694953112842],[106.78128827127054,12.062584325841524],[106.78147900618335,12.062578603586807],[106.78158581841593,12.062644408191197],[106.78165448245025,12.062932418023102],[106.78137982388975,12.063346311691427],[106.78140271259925,12.063417838065309],[106.78150952423995,12.063483640865057],[106.78161633534086,12.063472196480205],[106.78184521775925,12.063256666976072],[106.78199780554111,12.063249991008846],[106.78233349850787,12.063376830065348],[106.78244793925681,12.063496039109955],[106.78232586915597,12.064285681057411],[106.7823334981405,12.064484046362551],[106.7824021630482,12.064682409551109],[106.78277600356785,12.06502382499172],[106.78292859156139,12.065089629121573],[106.78297436884023,12.065209792205302],[106.78292859183824,12.065402433921689],[106.7828217809026,12.065497800582687],[106.78217328182934,12.065694258213183],[106.78169262941145,12.066239759673637],[106.78154767162769,12.066263601888442],[106.78105939074992,12.066005156431928],[106.78076184300096,12.065722868833166],[106.78055584928018,12.065596984405436],[106.7802888218304,12.065573141634356],[106.77975476385286,12.065644667459656],[106.77912152367514,12.065928862316763],[106.7789307887964,12.066186353996752],[106.77886212415956,12.066402837855815],[106.77893078847292,12.066690848435716],[106.77920544712141,12.066900656029908],[106.78005993942523,12.067455695355784],[106.78092206056758,12.067834303409503],[106.78117383014018,12.068030760294917],[106.78134167756791,12.068264410890405],[106.78156293026687,12.06879274610082],[106.78156293108215,12.069108411879592],[106.78150952475687,12.06944696691315],[106.78153241223472,12.069869443867361],[106.781715517792,12.070057318600742],[106.78180707040035,12.070234702616187],[106.78179944153942,12.07039015072198],[106.7817231473255,12.07048933336575],[106.78110516710943,12.070666716381961],[106.7810517606451,12.07078592650807],[106.78104413211781,12.071046279269975],[106.78096020787267,12.071113036215891],[106.7807618439296,12.071113036035948],[106.78051770373106,12.071168349445964],[106.78029645098555,12.071290419013147],[106.78003705146023,12.071606085054933],[106.77995312745354,12.071854994441013],[106.77996075782318,12.07223837166099],[106.78004468101456,12.072698042902674],[106.78022778727039,12.073479102488225],[106.78038800374209,12.073829100191473],[106.7806092562861,12.074039862702474],[106.78089917295522,12.074227736227517],[106.78125012489697,12.074364112339467],[106.7814103431471,12.074356482305216],[106.78150952513344,12.07427446632373],[106.78154004158775,12.074139044017645],[106.78123486681443,12.073965476373315],[106.78112042590254,12.07379286126215],[106.78121197806878,12.073679373533242],[106.78137982457616,12.073566840488324],[106.78159344828443,12.073506758089527],[106.78190625313353,12.073454306627719],[106.78230298214406,12.073469565073406],[106.7826157869583,12.073537276637477],[106.7828980746391,12.0736803269892],[106.78308880863256,12.074026511595681],[106.78337109668057,12.074139998409505],[106.78359997863316,12.074132368835135],[106.78380597284603,12.073996947122522],[106.78396618960312,12.07377092647405],[106.78399670709194,12.072808669546587],[106.78408826022236,12.072650358770145],[106.78424084763816,12.07264368297633],[106.78436291775166,12.072748587588748],[106.78437817724068,12.072914527421508],[106.78460705932382,12.07307951220445],[106.78494275146836,12.073185370415688],[106.78536236881602,12.073275969498887],[106.78625500836682,12.073387548763732],[106.78653729591244,12.073357984803092],[106.78681195415568,12.073259756788289],[106.78692639506156,12.07334272585969],[106.78695691254342,12.07353060022342],[106.78686535959311,12.073764249699177],[106.78670514157339,12.07386152537269],[106.78587353786689,12.073793814102114],[106.78572858002178,12.073846266291577],[106.78567517429997,12.073959754396551],[106.78572857971659,12.074072287215825],[106.78628552592414,12.074245855841703],[106.78659833136177,12.07446615485149],[106.78675091930958,12.07468454571053],[106.78658307183433,12.075903342287967],[106.78645337201885,12.076322958781653],[106.78648389044777,12.076694891848],[106.78661359032242,12.07696478153725],[106.78688061869839,12.07708589799283],[106.78713238915083,12.077093526896965],[106.78741467598309,12.07697908747944],[106.78775799955321,12.076610967877999],[106.78778851755835,12.076488897943975],[106.78794873383798,12.076460288429882],[106.78800213984367,12.076541350443463],[106.7880402873981,12.076733038686134],[106.78806317481208,12.07751409842465],[106.7881776162165,12.077687667421126],[106.7887116728007,12.077827856997558],[106.78933728455206,12.078263686202504],[106.78946698294916,12.078442977271406],[106.789466983052,12.078773902213916],[106.78933728389215,12.07932417241971],[106.78939068929444,12.07943861338477],[106.78948224243437,12.079507277019157],[106.78999341193688,12.07941191007509],[106.79019177595073,12.079411910424211],[106.79025281099972,12.07947103850337],[106.79024518261876,12.079625532737012],[106.78997815328763,12.079976484746183],[106.78994000669012,12.080153868431168],[106.78995526574731,12.080313132074476],[106.79008496422377,12.080436155996574],[106.79046643438251,12.080460951144412],[106.79087079239747,12.080111907299429],[106.79101574998548,12.080096647936616],[106.7913285567321,12.080236838358413],[106.79145825505826,12.080176756856208],[106.79154217926067,12.080057547346582],[106.7916795079219,12.079727576311583],[106.7917786904138,12.079662725961],[106.7919007603399,12.079718039150254],[106.79204571977822,12.079897330394617],[106.79212964212046,12.080082343416791],[106.79194653718815,12.080252097091346],[106.79174817270564,12.080316947521002],[106.79161847305794,12.080412313924924],[106.79159558452402,12.080536291781398],[106.79180157881838,12.08070127678041],[106.79216016001692,12.08078806248941],[106.79230511873989,12.08093301970591],[106.79230511854358,12.081028388424544],[106.79225934225185,12.081073210316807],[106.79195416624378,12.081138059871297],[106.79188550157401,12.08119814167026],[106.79188550167383,12.0812629920433],[106.79200757257577,12.081387922794052],[106.79217541821765,12.081472799819856],[106.79226697169966,12.081588194487692],[106.79221356553916,12.08201258000913],[106.7922974895278,12.082188056467551],[106.79247296523415,12.082353041312066],[106.7928468056736,12.082481786817302],[106.79300702272744,12.082492277988434],[106.79314435154397,12.08256666394999],[106.7933732331971,12.082851812741595],[106.79348004578083,12.08285181327516],[106.79370129713391,12.082410262241996],[106.79396832654888,12.08215086190864],[106.79439557277547,12.08203642060185],[106.79480755961767,12.082050726943011],[106.7953568764039,12.08220045324464],[106.79570782879904,12.082380697917563],[106.79596722721838,12.082769796686637],[106.79629529174238,12.083080694946176],[106.79664624457077,12.083303854821303],[106.79692853197866,12.083347724388805],[106.79716504234172,12.083297178489074],[106.79726422604406,12.08314554491162],[106.79726422594003,12.082965299633011],[106.79687512517097,12.082222388226713],[106.79690564372339,12.082013532698776],[106.7970200842747,12.081999227497326],[106.7974931063336,12.082201406749766],[106.79772198870107,12.082424566809769],[106.79873669902658,12.083817884985347],[106.79890454504772,12.08396188964941],[106.79908002112427,12.084041998652362],[106.79918683308172,12.084041998765555],[106.79927075581996,12.08394758448196],[106.7991486861431,12.083465026063458],[106.79917157358317,12.083118841632164],[106.79952252597953,12.082707808212193],[106.80011761846261,12.08188764776073],[106.8002778351796,12.081743642404442],[106.80072797107172,12.081736967686272],[106.80089581689917,12.081643507712666],[106.80090344701372,12.081463262699055],[106.80103314523076,12.08108846858113],[106.80173505019211,12.080357000396496],[106.80230725488215,12.079917356889643],[106.80265820658526,12.079787656343706],[106.80284894184875,12.079780981152155],[106.80307019455324,12.079860136214279],[106.80318463551339,12.080054685455517],[106.80326092942003,12.080293104578315],[106.80316174669115,12.080704137907754],[106.80322278221566,12.080848142173702],[106.80344403468366,12.080906316799856],[106.8036423986128,12.080790922590445],[106.80384076351044,12.080495283287142],[106.80400098091073,12.079649374350868],[106.80413068087687,12.079584524402762],[106.80468762580166,12.07954160814123],[106.80505383670653,12.079451009288741],[106.8051987957612,12.079371854260964],[106.80533612494573,12.079235479073363],[106.80539715998935,12.078543111157252],[106.80548108290076,12.078398153336018],[106.8056107829219,12.0783771719435],[106.8057557415688,12.078427716924525],[106.8065720868181,12.079159185308635],[106.80676282170671,12.07969324374433],[106.80733502563135,12.080183430932491],[106.80779279001189,12.08077661736524],[106.80813611238479,12.081007405910801],[106.80860913452126,12.081122800098452],[106.8092957805807,12.08116666965897],[106.80936444474686,12.081073209279108],[106.80933392768357,12.08095018519978],[106.80908215800153,12.080661222097675],[106.80879986959145,12.08041612833184],[106.80878461035637,12.080243512971053],[106.80902112178104,12.080034658079661],[106.80961621473325,12.079753323809129],[106.81015790192107,12.079582615868313],[106.81027234271505,12.079652235347357],[106.8102876014637,12.079852506035298],[106.81014264277266,12.080448552963237],[106.81014264229927,12.08059732576197],[106.81021893696094,12.080627843272724],[106.81053937194318,12.080027028872898],[106.81111920592701,12.07921068352118],[106.81137097538755,12.078997060098647],[106.81178296290443,12.078939839619744],[106.81198132739219,12.078983708904625],[106.81195080942099,12.079301282454878],[106.81201184433648,12.079330846263709],[106.81241620263455,12.079195425025619],[106.81269849110696,12.079204961373229],[106.81317151230154,12.079379484205157],[106.81318677159159,12.079494878229816],[106.81301892476141,12.079619809769264],[106.81301892509703,12.079701826101223],[106.8134156534162,12.080220625142635],[106.8134843179708,12.080514356388322],[106.81356824141571,12.081277295896173],[106.81362927695926,12.081373617426703],[106.81372082970927,12.08143083703242],[106.81382764104634,12.081383154327888],[106.81423962764426,12.080925390276073],[106.81445325057744,12.080857679005968],[106.81462109801201,12.080876751921597],[106.81488812660521,12.081002637241046],[106.81512463760019,12.081167623426555],[106.81526196719707,12.08132211787748],[106.81532300229067,12.081470891651236],[106.81531537253584,12.08158724000146],[106.81520856063291,12.081653996878455],[106.81493390316125,12.081644460285634],[106.81487286774966,12.08173601343256],[106.81488812706213,12.081923887195101],[106.815017826874,12.082174702833974],[106.81532300199106,12.083240911304214],[106.81540692629775,12.0834259240306],[106.81562817788955,12.083516523016998],[106.81583417202737,12.083522245302394],[106.81616986496196,12.083458349220562],[106.8170243571392,12.082780285687699],[106.81729901617257,12.082669660312177],[106.8176194498665,12.082663937737893],[106.81814587830063,12.082781239700141],[106.81923688218336,12.083277150516482],[106.81954205820008,12.08338396164932],[106.81977093935446,12.083394452447218],[106.81982434535018,12.083341046842708],[106.81979382815727,12.083029194841622],[106.81958783397538,12.082509443144104],[106.81939709883166,12.082250042482064],[106.81942761700437,12.082117482944383],[106.8195649463824,12.082022114720264],[106.82010663286715,12.081889554618268],[106.82035840346836,12.08192674819168],[106.82067883747743,12.08203832817608],[106.82083142505003,12.08219663773153],[106.82096112506316,12.082545682552334],[106.82130444821105,12.082874699677866],[106.82148755292587,12.082922383611937],[106.82188428218997,12.082747860927746],[106.82222760436497,12.082795545000511],[106.82264722091305,12.08271638946007],[106.82315839076377,12.082753583894384],[106.82339490226765,12.082848950888996],[106.82354749002235,12.082959576222096],[106.82363904239563,12.083262845925814],[106.82386029481286,12.083384915261206],[106.82395947718854,12.083340092899997],[106.82443249868129,12.082670613168073],[106.82465375187715,12.082526608407788],[106.82481396866957,12.082517072030837],[106.82498181652674,12.08258955191463],[106.82516492120541,12.082983418286544],[106.82518018002243,12.083155080035649],[106.82492840987541,12.083349630032162],[106.82459271685552,12.083317204246248],[106.8244859054664,12.083340092923201],[106.82442487052236,12.08341257165391],[106.8243943524267,12.08350793986403],[106.82444775791495,12.083778783036971],[106.82457745776182,12.08409349582022],[106.82474530478818,12.084206028337332],[106.82514203347527,12.084274693595106],[106.82607281923654,12.084297582003114],[106.82617200141416,12.084239408007702],[106.82617200142381,12.083786412821464],[106.82625592563392,12.083632870467746],[106.82692731134273,12.083106442150067],[106.82707989880606,12.082836552680899],[106.82704175228262,12.08272783362431],[106.826538212439,12.08248846126902],[106.82635510740431,12.082338734827214],[106.82620251913215,12.082094594437233],[106.82614148384089,12.081877156602909],[106.82618726035031,12.08160631237533],[106.82640851269106,12.081437512821614],[106.82675183521037,12.081313534868396],[106.8271790813729,12.081274434648389],[106.8275986978771,12.081125660414552],[106.8276597333391,12.08101026674173],[106.82765210427353,12.080878658933706],[106.82728589263206,12.080271168731393],[106.827224857666,12.080007954087934],[106.82724011728564,12.079664631692136],[106.82730115164269,12.079498691983877],[106.82738507507642,12.079439564415411],[106.82749188706411,12.079439564644213],[106.82759106883364,12.079504414259356],[106.82767499182577,12.079610272190152],[106.82770550963359,12.079876347448057],[106.82785046781042,12.079970761136876],[106.82844556121263,12.080089015928262],[106.82857526066554,12.080076619245371],[106.82860577822778,12.079959317176474],[106.8285752609523,12.079805775161859],[106.82837689624584,12.079593106166294],[106.82839215548046,12.079451961913692],[106.82883466043091,12.078634662928476],[106.82933819993653,12.077912732017012],[106.82944501170108,12.077701016274021],[106.8295899703843,12.077642841723623],[106.82970441122347,12.077642842285996],[106.82978833425798,12.077706737974378],[106.82984937016485,12.077976628256602],[106.82999432756702,12.078045291910435],[106.83014691603815,12.078040524249387],[106.83025372742438,12.07798235013939],[106.83033765080405,12.07752172485638],[106.83035291012104,12.07689706953285],[106.83042157429367,12.076759739361954],[106.83055127377936,12.07670633393279],[106.83068097411054,12.076728268035707],[106.83079541387421,12.07683412578484],[106.83090985539054,12.077204151997705],[106.83108533074352,12.077305241102836],[106.8313065839417,12.077326222489527],[106.8316956828737,12.077446384961279],[106.83181012368482,12.077435894722626],[106.83182538311608,12.077245159795078],[106.83165753593083,12.077028675656313],[106.8316422770063,12.076917095969343],[106.83167279520991,12.076864644204012],[106.83181012405092,12.076811238368746],[106.83220685192573,12.0768694116111],[106.83250439899815,12.076790256891044],[106.83269513438479,12.07668439921398],[106.83326733827606,12.075690670582496],[106.83331311482432,12.07552663870208],[106.83325970892355,12.075192852619095],[106.83319867348312,12.075045032518393],[106.8329697922941,12.075049801291312],[106.83280194492586,12.07517759389349],[106.8326798747147,12.075166149905012],[106.83262646866095,12.075082225777729],[106.83262646891926,12.074933453022215],[106.83267987516518,12.074801845713958],[106.83282483269522,12.07470647895271],[106.83303845582911,12.074637814077732],[106.83332074412144,12.074642581551347],[106.83385480223195,12.07501356199001],[106.83418286598214,12.075193806256639],[106.83449567106331,12.075256748860545],[106.8349992107107,12.07527296068493],[106.83518231623255,12.075177594027055],[106.83522046303308,12.075077457792597],[106.83518994558777,12.074944896579987],[106.83493054562663,12.074706479195957],[106.83483136354775,12.074542446488971],[106.8349152875438,12.074473781486502],[106.83538068078197,12.074531955672397],[106.8356019331025,12.074602527996602],[106.8359071086947,12.074559612435117],[106.83593762560535,12.074448987048878],[106.83580029662656,12.074062747801515],[106.83577740849557,12.073564930112166],[106.83588422091825,12.073353215095247],[106.83605206731715,12.073162479440434],[106.83618939608476,12.073093814477623],[106.83646405482283,12.073077602596726],[106.83728039993834,12.07339612994398],[106.83750928233303,12.073332233605642],[106.83821118576863,12.072653217160038],[106.83812726276119,12.072007579281143],[106.83819592709887,12.071849269527684],[106.83859265592753,12.071791095891319],[106.83894360791041,12.071934146673062],[106.839386112722,12.07230035753841],[106.83940900106656,12.07242147465668],[106.8393555951126,12.0724958616048],[106.83919537747262,12.072575016255476],[106.83901990193493,12.072606487602641],[106.83892072031189,12.072712345305979],[106.83885968351937,12.072834415475556],[106.83893597812994,12.07301465929249],[106.83969891797778,12.073645992404698],[106.83987439359909,12.073698444447377],[106.84005749865361,12.073640270846113],[106.84052289287483,12.073254032799081],[106.84072888599006,12.073243541823711],[106.84217084201461,12.0737833216885],[106.84266675220559,12.07421724338938],[106.84289563402422,12.07431833206858],[106.84306348109075,12.074307842698463],[106.84324658605149,12.074170513194401],[106.84341443342828,12.073937816574473],[106.84424603735023,12.07347719130416],[106.84462750718974,12.07330743760835],[106.8448792771598,12.073329372129152],[106.84515393541113,12.073472422835533],[106.8452149700407,12.07361452167346],[106.84521497018363,12.073858661126053],[106.84512341697,12.074075145064528],[106.84500134696034,12.074223918600614],[106.84481824241084,12.074319285963941],[106.84467328346099,12.074340267540503],[106.84458173023702,12.074313564577738],[106.84444440152353,12.074382228130519],[106.84436810716201,12.074509066909796],[106.84435284919589,12.074774188379552],[106.84443677205235,12.074853342912295],[106.84458935999278,12.074859066436977],[106.84478772429307,12.074695034016116],[106.84586346954393,12.074017925307864],[106.84647382008973,12.073959751301174],[106.84683240249505,12.073879642600541],[106.84708417221529,12.073906345008213],[106.84751904680158,12.074103755464092],[106.84766400575661,12.074093265037266],[106.84774792912555,12.074030322722274],[106.84777081732422,12.073871059036781],[106.84774030000293,12.073748989579816],[106.84761059977411,12.073690813860923],[106.8472672766661,12.073383731558051],[106.84706891303274,12.073256893096307],[106.84688580763243,12.073235912001751],[106.8467332198344,12.073294086285632],[106.84658826110253,12.073431414911534],[106.84647382022088,12.07344572013309],[106.8464051564865,12.073393268217645],[106.84640515628041,12.073192042968074],[106.84662640787,12.07266847596915],[106.84708417220801,12.072292727907902],[106.84765637569359,12.072271747034733],[106.84806836390302,12.072161120854181],[106.84822095248788,12.07177965112121],[106.84819043430092,12.071541232919646],[106.84811414002183,12.071345728647488],[106.84811413964636,12.071165485070823],[106.84822858117884,12.070964260296009],[106.84850323872031,12.07077447763128],[106.84904492644047,12.070662898978718],[106.84974683024305,12.070654315190051],[106.84994519543088,12.070554179741988],[106.85023511204076,12.070136470072622],[106.85038769981162,12.070109766438643],[106.85046399415698,12.070136470047874],[106.85048688236341,12.070252818650848],[106.85031903509615,12.07063333456048],[106.85038770015244,12.070643825059294],[106.85070050492409,12.07049600547445],[106.85092938694326,12.070486468782757],[106.85104382835085,12.070513172278776],[106.85139477980293,12.07070962898159],[106.85153973804069,12.070724886401122],[106.85184491432379,12.070587557626833],[106.85189069047318,12.070375843258294],[106.8517686201549,12.07031194546563],[106.85131848625029,12.070206089247572],[106.85092175710452,12.069737833907602],[106.85087598079888,12.069542330909199],[106.85091412837565,12.069319170755511],[106.85102856877322,12.069034023249058],[106.85110486264435,12.068932932693567],[106.85124219191235,12.06887475879173],[106.85139477982369,12.068895739579498],[106.85195935540624,12.069244784715771],[106.85209668380259,12.069292469172902],[106.85219586619834,12.069202822526439],[106.85219586590543,12.068991106791863],[106.85246289466615,12.067305010968981],[106.85253918922953,12.067082804209523],[106.85263837093319,12.066997927410274],[106.85280621761295,12.066993159743511],[106.85290539945257,12.067040842233425],[106.85292828800108,12.067109507508444],[106.85273755251939,12.067416591107023],[106.8527299237956,12.067511958572627],[106.85280621810251,12.067649287572888],[106.85305798770595,12.067819041493008],[106.85330212820064,12.06790391838612],[106.85360730422433,12.067866724976469],[106.85390485098385,12.06772367384128],[106.85537732402598,12.066036623063502],[106.8554917650475,12.065967959662848],[106.85560620444835,12.065978449798491],[106.8556596109483,12.066041392089026],[106.85571301734099,12.066348475868914],[106.85591901061773,12.066960734435295],[106.85623944529674,12.067635935517353],[106.8562241860984,12.067765635757635],[106.85605633959516,12.067974490216978],[106.85601819278985,12.068175715550405],[106.85601819312262,12.068552416227169],[106.8561021162108,12.068694514501953],[106.8563691454699,12.068706911633216],[106.8570329023222,12.06894151547032],[106.85737622496083,12.069339198630596],[106.85752881334236,12.069439333111806],[106.85794842986004,12.069526118812655],[106.85811627650496,12.069448870599206],[106.85813916370529,12.069374484503125],[106.85807049996554,12.06922571050418],[106.85766614185899,12.06903211438567],[106.85760510734481,12.068960589584613],[106.85760510706923,12.068880480646666],[106.85765851275826,12.068803233397627],[106.8578797650863,12.068675440476744],[106.85807812941036,12.068708819595624],[106.85845959932387,12.068916720244548],[106.8586121872215,12.068812769602392],[106.85883343904285,12.068423670413198],[106.8590394331541,12.068441790311908],[106.85929120324721,12.068793696560613],[106.8594819378403,12.069167535989068],[106.85955823169228,12.069236201006081],[106.85966504343375,12.069247645347644],[106.85977948376605,12.069197100830658],[106.86001599630605,12.06885282445861],[106.86012280708164,12.068764132769346],[106.86020673003051,12.068710725998944],[106.86036694803681,12.06873742928016],[106.86042035285332,12.068805140436941],[106.86046612988468,12.06914750921829],[106.86056531173938,12.069191377914159],[106.86087811689431,12.069164675681739],[106.86113751702267,12.069214266419417],[106.86122906901795,12.069323939093778],[106.86137402786021,12.069673937442355],[106.86135876952653,12.06985895058385],[106.86125195754143,12.070007723702021],[106.86097729900365,12.07015363522876],[106.86089337660022,12.070610445555424],[106.8609238930951,12.070774477061066],[106.86101544621359,12.070848864800992],[106.86136639809523,12.070920390015134],[106.86171735098112,12.071160716828178],[106.86193097432586,12.071187418156216],[106.86203015633538,12.071134013121076],[106.8621827439386,12.070573252742546],[106.8622971843642,12.070365351330237],[106.86243451390001,12.070222300547991],[106.86289227707292,12.070250910592442],[106.8631898237807,12.070228976045238],[106.8633500416004,12.070284288885091],[106.8634797414231,12.070383471023032],[106.86370099329953,12.070626657930477],[106.86401379800247,12.070725840113411],[106.86423505143514,12.070720118536418],[106.86486829029472,12.070400636804141],[106.86499036134708,12.070393007854404],[106.86513531960335,12.070440691220249],[106.86535657203746,12.070648591773995],[106.86566937766771,12.070717257052863],[106.86582196530833,12.07066480540942],[106.86617291744032,12.070225160805752],[106.86649335091536,12.070194643286944],[106.86663068162709,12.070314806364816],[106.86667645731444,12.070434016096193],[106.86663068176864,12.070838374261676],[106.8668443046857,12.071097773441249],[106.86689008077754,12.071293276416503],[106.86688245119532,12.071595591371837],[106.86700452142098,12.07175390151068],[106.86724866254559,12.071826380150087],[106.86759198485468,12.071786326223089],[106.86791241964436,12.071811121450162],[106.86869824728242,12.072174471280256],[106.8688279464875,12.072394770416045],[106.86889661172167,12.072818201015593],[106.86929333929055,12.07416383599904],[106.86946881588257,12.074366015241036],[106.86975873259077,12.074540537112036],[106.8699189502615,12.074534815045755],[106.87004864989693,12.074470919277331],[106.87013257386046,12.074307841441527],[106.87006390850418,12.07383481772279],[106.870239384301,12.073538226095879],[106.8704758953757,12.073372285842595],[106.87056744844706,12.073387544791776],[106.87068951898843,12.073657434698221],[106.87110913513263,12.073548715705895],[106.87140668260436,12.073688906438749],[106.8716965993203,12.073755662726692],[106.87217725041022,12.073682230398518],[106.87231458093073,12.073514383674366],[106.87245953900214,12.073120515518259],[106.87255872081369,12.073066156848638],[106.87268079069428,12.073137682077855],[106.87293256097108,12.073678415902112],[106.8731995898234,12.073716563090315],[106.87330640200288,12.07366220317892],[106.87343610129946,12.073520105555952],[106.87345135925621,12.073148173206338],[106.87349713654241,12.07297364965303],[106.87374890619257,12.072945994088872],[106.87409222851697,12.073137682275389],[106.87420666978656,12.073164384988608],[106.8744965867802,12.073143403616859],[106.87464154516816,12.073039453667985],[106.87476361558684,12.072864931665206],[106.87495435094625,12.07269517673671],[106.87522900852316,12.072657030639187],[106.8756257372174,12.07267896474053],[106.87603009559517,12.072766702312759],[106.87650311776055,12.073003214097684],[106.87734235176109,12.07313958962277],[106.87780011448245,12.073363702366779],[106.87848676031903,12.073851983675764],[106.87876904816984,12.07393018598461],[106.8792649587006,12.07387201163821],[106.88007367467796,12.073598306996837],[106.88024915074804,12.073501031312224],[106.88043225618769,12.073481958181388],[106.8806916555419,12.073588769623825],[106.8808060964044,12.073569696847454],[106.88105023688065,12.073374193895857],[106.88121808352581,12.073091905430672],[106.88172162371023,12.072683732135683],[106.88233960516172,12.072696130786152],[106.88317120879591,12.072825830731619],[106.8837663019432,12.07306043416236],[106.88481152875802,12.073908250398334],[106.8853761041479,12.073908250434167],[106.88612378512823,12.073673646385393],[106.88954175260143,12.07145921545805],[106.89015210480483,12.070917527770662],[106.8923188532669,12.070546548337997],[106.8931733446894,12.070146005127501],[106.89405072618247,12.069816986728084],[106.89524853966005,12.068257729965707],[106.89621747374598,12.067516724315391],[106.89669049569487,12.067292610871176],[106.89706433528367,12.067257325584258],[106.89756787619767,12.067340294535981],[106.8980256399137,12.06764642478626],[106.89846051534248,12.067704598362655],[106.89919293697514,12.067611138225681],[106.89981091753101,12.067457596827223],[106.90077985206621,12.067657868513624],[106.90260327725301,12.068351188959284],[106.90363324463779,12.068446556201563],[106.90476239500731,12.068446556622279],[106.91079724748154,12.067893424682964],[106.91191113813944,12.067416587386235],[106.9137879689043,12.065827766582313],[106.91447461519847,12.064772048393689],[106.91517651884445,12.063112655376816],[106.91561139389236,12.062540450284935],[106.9162751517045,12.062368789048836],[106.91695416774691,12.062387862300007],[106.9182053885354,12.06263581855664],[106.91905225111566,12.06287805117204],[106.91948712710735,12.063140312592902],[106.91967023155246,12.063330092961658],[106.92005170224499,12.063534179072134],[106.92048657766145,12.063593307262705],[106.9207993832181,12.06349030996739],[106.9212189989832,12.062790313115249],[106.92128003516228,12.062746444576046],[106.92168439315432,12.062732138881854],[106.9223252619699,12.063008704334091],[106.92268384279144,12.063519874143529],[106.92346204081691,12.063797393162409],[106.92469800352357,12.063855567403637],[106.9258805602242,12.064351477649538],[106.92716229831834,12.06536523425814],[106.92778790856272,12.06540910274507],[106.92840588923441,12.065087713518361],[106.92924512363511,12.064912238173912],[106.92974866366951,12.064912237446952],[106.9303208674195,12.065262236697201],[106.93070996615515,12.065963186444852],[106.93122876546848,12.06635705509753],[106.93262494412929,12.0666784428427],[106.93325818473188,12.066693701617552],[106.93366254212764,12.066486755184414],[106.93396008794547,12.066215911115792],[106.93466199380981,12.066184439400303],[106.93511975655015,12.066232123670899],[106.93565381482749,12.066518225830453],[106.93598187877595,12.067012228796097],[106.93651593583279,12.06766549579372],[106.9371873222134,12.06819192377902],[106.93822492083059,12.068574347183796],[106.93920148259195,12.06857339386738],[106.94180310690993,12.068031706067647],[106.94303906851783,12.067552962707879],[106.94385541405241,12.067302144995393],[106.94504559989014,12.067257323632518],[106.94563306277736,12.06749192603646],[106.94600690236994,12.06806317707066],[106.94639600206838,12.069071211298537],[106.94693768857636,12.070762076745401],[106.9486161563122,12.0727924480261],[106.94953931328047,12.073590674420558],[106.95094312221272,12.074316420598617],[106.95222486053486,12.074571051288196],[106.95403302665935,12.074655928159634],[106.95529950611066,12.07480851613006],[106.95658124466716,12.07523385545613],[106.95840466972392,12.07635442206328],[106.95946515508102,12.07659188677227],[106.9605409008905,12.076591887141172],[106.96170819782853,12.076311505660737],[106.96242536060801,12.076567090789265],[106.963501105532,12.077332891700113],[106.96397412772012,12.07835332267363],[106.9640733105681,12.079782881281737],[106.96407331096823,12.080854810795742],[106.96452344485907,12.081705487736297],[106.96497357874911,12.082215704028068],[106.96608747099793,12.08286229464895],[106.96758283223171,12.083134092811177],[106.9725266797483,12.08446065368911],[106.97489179170275,12.085132993449967],[106.97610486583069,12.085693753426037],[106.98026288594028,12.088089382988391],[106.98494733454862,12.090172207895785],[106.99134839643149,12.092816746606923],[106.9926148755464,12.093528188330152],[106.99252332369457,12.093897260007532],[106.99259961799974,12.094376958207233],[106.99280561122157,12.094979679968398],[106.99320996895618,12.095443166041719],[106.99362195744924,12.095641530217335],[106.99581159274267,12.096346296129262],[106.99682630197552,12.096284306955324],[106.99745954200007,12.096049702622725],[106.9988328327609,12.094949162361544],[106.99956525492816,12.09482518466185],[107.00003064792463,12.094870007771986],[107.00032056548834,12.095072186514342],[107.0006867766219,12.095529949814141],[107.00176252171423,12.097433483601902],[107.00212110192399,12.098434841882336],[107.00229657877841,12.099174893765674],[107.00231946594768,12.09962311973799],[107.0021516201699,12.099880612876394],[107.00190747914507,12.10009328202958],[106.99988568988694,12.101206220070772],[106.99836743999774,12.101392185628272],[106.99800122915536,12.10164586389319],[106.99791730612984,12.101923383356564],[106.99796308215778,12.102233327189811],[106.99818433483452,12.102462208967609],[106.99844373466175,12.102579511301453],[106.99958051407614,12.102375424811704],[107.0005418173747,12.10199204737064],[107.0013276451079,12.101624883097362],[107.00276197131961,12.101245319975558],[107.0044938442019,12.100860989942962],[107.00613416416545,12.101151859593337],[107.00797284855228,12.102114117628156],[107.00848401810461,12.10277215254978],[107.00856031202372,12.103090679183202],[107.00838483616593,12.10353986059923],[107.0081025473604,12.10385838745254],[107.00779737297691,12.103959478087667],[107.00614179401148,12.104016697911678],[107.00299848256125,12.104328549719678],[107.00186170406243,12.105190670780026],[107.00164808076191,12.10565987899451],[107.00154889752622,12.10644284632961],[107.00162519165521,12.108896650350943],[107.00173200383071,12.10915318848389],[107.00192273927424,12.109367764779126],[107.00215162046652,12.1095384724033],[107.00240339047087,12.10958424936003],[107.002624642672,12.10955945282094],[107.00286115435468,12.109424984760954],[107.0048753142501,12.107557690834497],[107.00533307763084,12.107289707821424],[107.00595868868744,12.107144750349345],[107.00844587078332,12.107666410110543],[107.01180280547803,12.108658230417474],[107.0119859104625,12.108749784032126],[107.01215375661529,12.108924305365605],[107.01226819807106,12.1091217166368],[107.01247419135389,12.109782613003222],[107.01260389072951,12.110478794996252],[107.01294721389104,12.111908352631225],[107.01298536161389,12.112256443376465],[107.01280988516991,12.112835323833332],[107.01264203784402,12.11298695924482],[107.01239789866437,12.113106167813294],[107.01142133549216,12.113164342051437],[107.01055921314658,12.113007939715759],[107.00911725848515,12.112169659520768],[107.00818647177947,12.11185685494347],[107.00738538526387,12.111710942076012],[107.00694287967295,12.11172810865454],[107.00616468223905,12.11195222174795],[107.00555433136665,12.112378513735305],[107.0037156474524,12.114017881183257],[107.00315107148688,12.11468068428566],[107.00310529495957,12.114849485010236],[107.00315107161947,12.115035451320413],[107.00326551233925,12.115179456457783],[107.00346387712858,12.115297712645349],[107.00364698207036,12.115350164146028],[107.00445569846896,12.115492261640691],[107.00515760237842,12.115435994064397],[107.00742353222098,12.114895261232418],[107.00803388429418,12.114962972091336],[107.00828565438658,12.115037358453334],[107.00891126464765,12.11590043455221],[107.012077463779,12.119891561091535],[107.01274885057923,12.120317852648657],[107.01439679965198,12.121206677925047],[107.01528943898127,12.12154713892811],[107.01555646746567,12.121558583071876],[107.01577009082001,12.121483242809408],[107.01593793772672,12.121355450845599],[107.01611341409178,12.121142780584648],[107.01631940674898,12.120701229645833],[107.01610578379066,12.1195711260769],[107.01595319520423,12.11849061292347],[107.01601423200493,12.11819211248265],[107.01643384745446,12.117623723009473],[107.01660932394938,12.117439663379965],[107.01674665223744,12.11736050888506],[107.01695264702106,12.117333806053164],[107.01715864053291,12.117367184336105],[107.0173646340163,12.11744920087148],[107.01756299831735,12.117597974008078],[107.01805890834258,12.118511593985854],[107.0185090434057,12.11907330813359],[107.01931013000363,12.119443333695086],[107.01981366938499,12.119507230144036],[107.02022565658494,12.119322217045994],[107.02066816207412,12.119366085501701],[107.02119458974182,12.119553959593397],[107.0216676126044,12.120072758901346],[107.02190412341035,12.120449459766531],[107.02198041815728,12.120861448117404],[107.02185834753772,12.121123708040962],[107.02140058416069,12.1214927798696],[107.01965345291889,12.123420155607345],[107.01944745861971,12.123692907004344],[107.01940931192189,12.123948490919034],[107.01959241753448,12.124359524483548],[107.01988233508658,12.124792493161706],[107.02250684598314,12.127183355287801],[107.02288831634957,12.127293026915545],[107.02317823280974,12.12730256383538],[107.02348340921857,12.127116596873238],[107.02374280818837,12.126664556091816],[107.02374280799069,12.12638608274472],[107.02333082145037,12.125072872491172],[107.02348340931162,12.123936093499758],[107.02372754943995,12.123431599982817],[107.02439130657525,12.122394955900907],[107.02578748607318,12.12070981254844],[107.02670301280607,12.12043515461904],[107.0272065526462,12.120436108201375],[107.02760328198397,12.12053815121347],[107.02793897527266,12.120788014763948],[107.0282136328456,12.121187603449881],[107.02832807393358,12.121595776083465],[107.02836622088725,12.124075329583599],[107.02870954421792,12.125363743406675],[107.02909864356978,12.125747120589624],[107.02938093123217,12.125850117721567],[107.03157819674391,12.126194393809913],[107.03395856745449,12.126800930298645],[107.03462995437603,12.12723103754795],[107.03508771822234,12.127749836330288],[107.03591932245051,12.129284298004213],[107.03722394836558,12.131414806510092],[107.03747571897752,12.131652271095312],[107.03782667073104,12.131779110280785],[107.03940595589823,12.131322300333196],[107.03986371970983,12.131378566904857],[107.04026807781312,12.131557858615741],[107.04070295315091,12.131825840538436],[107.04129041698403,12.132628834583512],[107.04157270368943,12.132776653534536],[107.04190839786843,12.132841502780112],[107.04249586113802,12.132713710883886],[107.04452527950616,12.131549275031182],[107.04481519702675,12.131462490055627],[107.04509748352527,12.131501591395072],[107.04529584868068,12.131592190261431],[107.04560102524654,12.131868755062708],[107.0458299058466,12.132351315369233],[107.0458985705346,12.13372937386625],[107.04607404672544,12.134454167129393],[107.04620374717805,12.134687816628029],[107.0465546986433,12.13485661680751],[107.0469437984207,12.13480225777842],[107.04806531857483,12.134233867536985],[107.04856122967355,12.134133732000938],[107.048950328753,12.134115611837734],[107.04936994481466,12.134215748251988],[107.04959119823604,12.13434640052796],[107.04993452105796,12.134937679038407],[107.0499574094014,12.135075962232474],[107.04992689105165,12.135241901654737],[107.04986585570735,12.135363017965995],[107.04872144710131,12.136513149183308],[107.04850019427488,12.136824047211743],[107.04840864174133,12.137026225996514],[107.04835523611554,12.13728085688304],[107.0484544180999,12.137948429423055],[107.04889692304478,12.139169132515718],[107.04930891058481,12.139778530140749],[107.04938520459368,12.139957821429716],[107.04930891012198,12.140449917125279],[107.04930891008455,12.141382610544733],[107.04936994517429,12.141770756451088],[107.0496293450802,12.1423868301859],[107.0499040037637,12.142541325411417],[107.05034650812684,12.142671023818778],[107.05160535889195,12.142819797675633],[107.05222333951819,12.142840778331127],[107.05252851546743,12.142753993944451],[107.05384840027588,12.142074024226982],[107.05433668179366,12.142053042910588],[107.05475629841484,12.142195140607406],[107.0549165156255,12.142409718044473],[107.05500806825096,12.142784511904072],[107.05493177491377,12.143430148665994],[107.05442060599853,12.144225513841418],[107.05431379366172,12.14495698247292],[107.05431379369958,12.145617877978287],[107.05418409328247,12.146068966264776],[107.05403150589683,12.146292126070325],[107.05236829751081,12.147613918047497],[107.0522004514166,12.147842800626094],[107.05201734542366,12.148309147104987],[107.05190290507446,12.14865723848088],[107.05190290513966,12.148902332301377],[107.05200971660427,12.14910355873055],[107.05219282231432,12.14923611878789],[107.05263532721044,12.14929619997729],[107.05294813184854,12.149205601370655],[107.05468763381643,12.147952473046518],[107.0549470340852,12.147924815762668],[107.05507673404838,12.148029720490097],[107.05516065730349,12.148157513135947],[107.05519117357585,12.148338710975993],[107.05512251019523,12.148799336396946],[107.05506147473417,12.150453961353099],[107.05513776862406,12.151039517165145],[107.05535139218519,12.15172520785087],[107.05551923768712,12.152066624323496],[107.05625929035445,12.152790463404068],[107.0580216799069,12.153547680651808],[107.05894483712953,12.154091274071881],[107.05910505413723,12.154300129274066],[107.05931104694903,12.154705440938761],[107.05930341841497,12.15500966331606],[107.05907453657449,12.15531197866114],[107.05879987867806,12.155503666055234],[107.05683149442115,12.156391537292684],[107.05651868958542,12.156618511860383],[107.05627454860183,12.15705910946117],[107.05619062525005,12.157343304560198],[107.05630506669428,12.15755597313155],[107.05664075974262,12.157638943854868],[107.05845655539008,12.15715829114474],[107.05857099672282,12.157172595979008],[107.05863966098342,12.157246028993232],[107.0588532842072,12.157623684133096],[107.05907453653211,12.158266461226232],[107.05910505462968,12.158919727543658],[107.05879224908539,12.160169041322822],[107.05887617290392,12.16078034693088],[107.05905164849683,12.161042606122562],[107.05985273445673,12.16163960755821],[107.06059278679875,12.1618026850051],[107.06136335529942,12.161759770303492],[107.06203474140887,12.161405003094098],[107.06229414145446,12.161050235968956],[107.06233228889143,12.16069451551762],[107.06196607725977,12.159054196665222],[107.06206525987828,12.158472454016241],[107.06270612857014,12.157925045218333],[107.06329359145062,12.157763874023445],[107.06427015463971,12.158046162405919],[107.0645829597965,12.15829411683715],[107.0660478033329,12.160914814465203],[107.06658186038723,12.161542331790272],[107.06694044256957,12.161683475940134],[107.0673219131057,12.16160527438336],[107.0677110120474,12.161275303251836],[107.06819166349504,12.160205280088338],[107.0686112800612,12.159799969361027],[107.06903852700346,12.159551059888766],[107.0694657726633,12.159473812258724],[107.06968702461032,12.159535800509857],[107.07116712803183,12.161717807742168],[107.07241071935927,12.162874614748214],[107.07344068744544,12.163789188679516],[107.07450880208539,12.164363299700828],[107.07502760122622,12.164340411716108],[107.07536329530372,12.164131557425925],[107.07584394576281,12.16348305836174],[107.07630933925263,12.16303387800945],[107.0772401260903,12.16245118269858],[107.07778851465005,12.162392160681692],[107.07862104609119,12.162504588518079],[107.0792161389721,12.162758266689668],[107.07942976167031,12.163296138842679],[107.07940687385705,12.163994227303117],[107.07874311634566,12.164656078136385],[107.07789625418869,12.165300761829618],[107.07773603654114,12.16565648244251],[107.07776655397747,12.165994083656958],[107.0779496591672,12.166181004247255],[107.0787812631358,12.166394626401408],[107.07927717387896,12.166625415525543],[107.0797425675424,12.167336857033227],[107.08058180084625,12.169003879626727],[107.08052076571086,12.169577038200776],[107.07971967972995,12.169986163846723],[107.07862104620227,12.170470631020637],[107.0777894422967,12.170977031751217],[107.07633985725026,12.171471034856026],[107.0757142473558,12.17192402980631],[107.0753938123769,12.172937786236147],[107.07489027262731,12.174999630561071],[107.07469190865989,12.175382054465876],[107.07443250871727,12.175630963647965],[107.07354749945641,12.175924694256599],[107.07173933259675,12.176173603835515],[107.07039655984029,12.176564610794195],[107.06987776068884,12.17711583320898],[107.06978620806765,12.177897847048422],[107.07003797803125,12.178280270389992],[107.0710908344398,12.178796208877117],[107.07262434286348,12.179311192873216],[107.0735246108979,12.179471409365973],[107.07400526241594,12.179703152093625],[107.07411207485382,12.180138027197943],[107.07402052206848,12.180360233392495],[107.0727540432334,12.180849468789033],[107.07216657865966,12.181205189749202],[107.07209791494786,12.181569492687998],[107.07220472577548,12.181774533123637],[107.07312788247623,12.182573712895621],[107.07403578112596,12.183525479021833],[107.07463850298167,12.184529698658933],[107.07484449752234,12.185161030680893],[107.07463850325416,12.185996449549336],[107.0744325095643,12.1865572100213],[107.07430280974286,12.187277234030713],[107.07434095766854,12.187837040874637],[107.07474531486152,12.188468372662388],[107.07537092545806,12.18885937997316],[107.07567610137858,12.188787854210547],[107.07727827391565,12.187534725946348],[107.07814039520905,12.186983502281395],[107.07892622297415,12.18661919871634],[107.07941450464065,12.186547672642526],[107.07982649128847,12.186412251930877],[107.08001722621582,12.186216747833168],[107.08033766111038,12.185065663205647],[107.08070387201444,12.18484822512811],[107.08138288787426,12.184861576656482],[107.08191694543858,12.185483372581885],[107.0825425559357,12.186296856200668],[107.0832368314711,12.186705982250206],[107.08413709925242,12.186789906417868],[107.08540357923293,12.18659440227524],[107.08628858929897,12.18660775433267],[107.08709730461601,12.186786090827546],[107.08766188054558,12.186510478724532],[107.08777632024557,12.186128056157367],[107.08774580355998,12.185648357733498],[107.08757795606745,12.185114299993769],[107.08705152786227,12.184412396240097],[107.08639540040556,12.183829701229552],[107.08573164364492,12.183087741880485],[107.08561720243141,12.182625209658168],[107.08573927201121,12.182092106451709],[107.08604444776454,12.181913768969837],[107.08685316381275,12.181940471902342],[107.08786024388198,12.18267003285103],[107.08835615409114,12.182812130399588],[107.08875288304262,12.182691966546335],[107.09101118396592,12.181180392595406],[107.09208692785276,12.181140338925548],[107.09254469193827,12.181291972793693],[107.09281172081228,12.181567585046633],[107.09340681424217,12.182954227858634],[107.09413160653209,12.185381328870285],[107.09448255842537,12.186278736220926],[107.09536756895584,12.186866199691712],[107.0958329619134,12.187381183594747],[107.09601606754741,12.188154613761743],[107.09580244470779,12.189337169794422],[107.09527601576794,12.190412913819468],[107.09484114033565,12.191008961288404],[107.09484877006554,12.191586886802718],[107.09510816938449,12.191817677414177],[107.0953904566947,12.191861545699409],[107.09586347978001,12.19178239094546],[107.09687055983659,12.191239750161243],[107.09735884042071,12.191079532839703],[107.09787764008829,12.191124355026489],[107.0980836331491,12.19140854962191],[107.09796156252395,12.19334641699804],[107.09806837529041,12.193817532276045],[107.09841169677611,12.194493686936587],[107.098327774002,12.19491139597726],[107.09741987647439,12.195417797406927],[107.09730543505229,12.195782101033933],[107.09763349907003,12.196822558788973],[107.09745039385376,12.19733849700238],[107.09666456588184,12.19784489830979],[107.09632124315816,12.198316013591818],[107.09635176119336,12.198591624824124],[107.09655775482067,12.198733723042315],[107.09870924391437,12.199284947370012],[107.09947218338849,12.199747478667774],[107.09959425429267,12.200333987964385],[107.09940351919013,12.201080714932989],[107.0994340360893,12.201392567031643],[107.09957136530771,12.201516544583543],[107.10159315514238,12.201890384843079],[107.1018601847441,12.202139294073357],[107.10205854859687,12.202645695332842],[107.1017762606502,12.203507816574922],[107.10103620926728,12.204867756017153],[107.10050978152124,12.20638791344142],[107.10056318770151,12.2070106626798],[107.10099043401691,12.20776597229638],[107.10163893150192,12.208459293499617],[107.10226454285825,12.208886539894722],[107.10269941739227,12.208957111082569],[107.10362257441075,12.208734905546297],[107.10415663258911,12.208779728560144],[107.10513319451313,12.209206019908542],[107.10637678606106,12.21025506193666],[107.10686506788673,12.210939799803823],[107.10694136162958,12.212531482833313],[107.10748304950435,12.213544285362426],[107.10836805815511,12.214202320420528],[107.10923018027448,12.214451229225405],[107.10994734340188,12.21481648637353],[107.1101838543686,12.21521607647999],[107.11008467205991,12.215989506450624],[107.11009230106636,12.21694985650136],[107.11016096620705,12.218105709480275],[107.11055006572597,12.219403660102781],[107.1114732224447,12.220292484719842],[107.11238112036678,12.220656788553738],[107.11297621341951,12.220621502149541],[107.11361708280369,12.220354473242642],[107.11396803458021,12.219848072205114],[107.11373152310355,12.219296848112204],[107.11304487733057,12.218958294061487],[107.11228193878792,12.218496716367802],[107.11228193846881,12.217998898453185],[107.1138993697207,12.216567432918575],[107.11441053974899,12.216389095166342],[107.11500563261231,12.216514027246816],[107.11563124223466,12.217162524616578],[107.11652388147178,12.21869507970148],[107.11692823976577,12.220028316776808],[107.1173631143175,12.22034398347994],[107.117942949081,12.220291531002054],[107.11952223402149,12.219326412252158],[107.11996473905101,12.219309245605595],[107.1202241378113,12.219554339922567],[107.12046827854748,12.22037926904468],[107.12029280327324,12.222185528316938],[107.12011732728187,12.223149692778835],[107.11988844506283,12.22411481101753],[107.12011732712001,12.224535381167046],[107.12049116721009,12.224640286387775],[107.12229170353469,12.222536479790278],[107.12308516130926,12.222097789787963],[107.1235734428461,12.222133075440443],[107.12389387727578,12.222430621996178],[107.12368025404572,12.224710858198671],[107.12394728271371,12.2253774758538],[107.12451948783266,12.225833331791998],[107.12548842098379,12.22637692657949],[107.12577070841584,12.226832782496801],[107.12578596722634,12.227499400858887],[107.12603010821017,12.227639590948966],[107.12824263250457,12.226569568767749],[107.12852492034885,12.226236735894613],[107.12874617224168,12.224587833249789],[107.12908186479079,12.224342738497782],[107.12960829411452,12.224290286338764],[107.13018812772806,12.224921619341973],[107.13106550783374,12.226798450644305],[107.13234724596025,12.228183185789028],[107.13252272227658,12.229253207622374],[107.13285078650172,12.229621326320864],[107.13334669773317,12.229744350990899],[107.13390364306339,12.229656613006613],[107.13441481247281,12.228885089597238],[107.13472761749601,12.228516971525805],[107.13518538144548,12.228481685477997],[107.1354829278535,12.228534137431984],[107.13558973957909,12.228832637875254],[107.13549818623598,12.229359065219581],[107.13581862126809,12.229762469742687],[107.13630690240214,12.230095302865502],[107.13660444889705,12.23007813643036],[107.13742842334231,12.229727183182066],[107.13793959380126,12.229796802897502],[107.13806166401719,12.230165874050519],[107.13834395101112,12.231340800410619],[107.13864149778301,12.231778537474774],[107.14006056516921,12.232971583305382],[107.14018263572069,12.233410274346832],[107.14003004812338,12.233655368520052],[107.13915266709006,12.234269534955283],[107.13903059715568,12.234795962461279],[107.13993849458019,12.236531651000975],[107.14004530554382,12.237181102471386],[107.13983168268531,12.237724696687897],[107.13941206735859,12.23798791074054],[107.13893904403818,12.237987911082085],[107.13853468639424,12.237741862818039],[107.13771071196852,12.236479198380163],[107.13729109474546,12.236409580102672],[107.13660444877807,12.236830151166386],[107.13574995691656,12.237777148810675],[107.13565840519114,12.23835602973914],[107.13572706883993,12.23958340752673],[107.13590254528397,12.239846623031303],[107.13652052609987,12.239917193949745],[107.13745131163505,12.239215289514867],[107.1378175226326,12.239215289765303],[107.13827528661028,12.239811336952995],[107.13892378535,12.240916644651055],[107.13935866113869,12.242424403657369],[107.13927473782772,12.242758190188416],[107.1389924502299,12.242898379923247],[107.13830580407681,12.242722903897223],[107.13760390015811,12.242196475969969],[107.1372376895422,12.24216214372076],[107.13697828986311,12.242354785950699],[107.13676466693646,12.242670452157016],[107.13687147833949,12.243915950820785],[107.13716902498109,12.244775211374732],[107.13780226397158,12.245072758003225],[107.13935866179355,12.245617306321613],[107.14009871226114,12.245563899920493],[107.14111342261718,12.245563899870925],[107.14169325677206,12.245827114159441],[107.14185347326429,12.246546185375344],[107.14163985052075,12.246984875106591],[107.14104475750311,12.247651493396576],[107.1403962591408,12.247967159289129],[107.13934340272073,12.248019610739947],[107.13915266782213,12.248212254016437],[107.13923659144218,12.248598492423378],[107.13992323633306,12.249334728107451],[107.14039625996475,12.250895893393105],[107.14080061629402,12.251176273044129],[107.14146437427924,12.251088535449961],[107.14192213749168,12.250738537392884],[107.14241042006572,12.250141536753764],[107.14267744860935,12.250193989294088],[107.14325728280207,12.250878726708985],[107.14362349274654,12.250983630619238],[107.14388289246172,12.250826274619309],[107.1445695374156,12.249931727640229],[107.14498915460969,12.249861157277397],[107.14528670101032,12.250036632899775],[107.14528670054727,12.250212108818568],[107.14511122501902,12.250475322617685],[107.14428725108024,12.251246844608268],[107.14427962059051,12.251601612322336],[107.14442458019451,12.25186101231155],[107.14546217745567,12.252621090005732],[107.14588179388673,12.253074084862066],[107.14608015826886,12.254158413485465],[107.14596571791337,12.25553361109295],[107.1456529119864,12.2560676691804],[107.14421858589048,12.256488239414349],[107.14394392809156,12.256763851029383],[107.14368452936606,12.258592045769834],[107.14381422775793,12.258931553456794],[107.14403548084273,12.259045039907864],[107.14554610122818,12.258656895591887],[107.14604201184325,12.258721745422363],[107.14617171153968,12.258689320113318],[107.14661421615796,12.258268748978185],[107.14706435037745,12.258106625052038],[107.14765944288652,12.258090412487666],[107.14808668891048,12.258317386985588],[107.1485368240909,12.258883868733344],[107.14862074686219,12.259353076968955],[107.14853682463871,12.259951031272545],[107.14729323273149,12.261536991271022],[107.14659132876373,12.262669955983217],[107.14609541703823,12.263025677721151],[107.14552321315225,12.263074313990526],[107.14508833744952,12.263802921295436],[107.14521803709152,12.264239704388133],[107.14576735365335,12.26474133704703],[107.14614119491135,12.264853871683078],[107.14706435030948,12.264465725213466],[107.14768233189899,12.26443330044007],[107.14806380140251,12.264627849986578],[107.14853682469862,12.265242970325193],[107.14865126476153,12.2659544111414],[107.149391316842,12.266941464461308],[107.15000929776244,12.267217075652875],[107.15039839651155,12.267232334514885],[107.1508180122171,12.266973889774977],[107.15132155383567,12.266165172887035],[107.1517411692207,12.265905773471033],[107.15214552755432,12.265938198395165],[107.15242018536314,12.266246234984612],[107.15258040330379,12.26687661436513],[107.15254988605797,12.267459309683373],[107.15181746416339,12.26935235258223],[107.15165724649037,12.270162022763518],[107.15177168745564,12.270582592627862],[107.153328083797,12.272410786467695],[107.15361800140909,12.27305833117169],[107.15347304331777,12.273381626402365],[107.15222945126118,12.27334920158936],[107.15177168761424,12.273511326416491],[107.15148177090623,12.274174130510168],[107.15172591115129,12.275080120899984],[107.15158095268303,12.27576009049121],[107.1516725061355,12.276067173579372],[107.15204634579831,12.276180660711915],[107.15327467948309,12.275711453342076],[107.15395369509437,12.275290882108399],[107.15454115795713,12.27529088227538],[107.15487685147978,12.275453007604655],[107.15504469811869,12.275743878667155],[107.15500655153306,12.276698506252954],[107.155265950733,12.27830067886321],[107.15554060907377,12.278575337482161],[107.15607466607557,12.278559124143229],[107.15715803995012,12.278008854591633],[107.15750136371402,12.278106129001054],[107.15901961303634,12.279271519550152],[107.15946211711565,12.279352581040337],[107.16233839971277,12.278656399629734],[107.163490438775,12.277993595333095],[107.16424574861013,12.277961169726236],[107.16583266241199,12.278333103056157],[107.16646590232372,12.2786563989267],[107.16685500185751,12.278365528069193],[107.16761031112276,12.278008854039019],[107.16786971085355,12.278041278980606],[107.16854872697661,12.279206668846761],[107.16960158391109,12.279966746993134],[107.16984572337213,12.280290997104391],[107.17023482349065,12.280226146574243],[107.1711732389619,12.279854214044617],[107.17231001882784,12.279805575424355],[107.17359938694297,12.280128872145724],[107.17585005747448,12.280825054063715],[107.17626967453049,12.28131047466733],[107.17625441547311,12.281860745037005],[107.17617049297954,12.28213540229149],[107.17554488181973,12.282539760441749],[107.17554488147614,12.282782947945785],[107.17599501594222,12.283154881206547],[107.17664351519942,12.283559238418055],[107.17730727193033,12.283575450733467],[107.17845168136851,12.28323594262202],[107.17872634040147,12.283300792722908],[107.17885603879799,12.283559238703027],[107.17881026266119,12.284465229002661],[107.1789399632909,12.285064136290964],[107.17935957911757,12.285727893392538],[107.17955794398527,12.285824214929177],[107.18042769499588,12.285646831802223],[107.18104567649151,12.28530732333221],[107.18259444269458,12.283548747214994],[107.18282332478222,12.283397113346043],[107.18319716488051,12.283415233406188],[107.18341841696932,12.283651744161222],[107.18492140847236,12.285639201765017],[107.18534865396414,12.28662720873986],[107.18550124232301,12.287708675665966],[107.18551650156597,12.288789188874826],[107.18520369681882,12.289798176050688],[107.18512740275824,12.290210162255123],[107.18519606659588,12.29041615640467],[107.18550124249056,12.290672694291477],[107.18570723611066,12.29068318565066],[107.1862031466034,12.29047719159672],[107.18772902516302,12.289499675535838],[107.18799605421988,12.289489184859399],[107.18843093059732,12.289757167465861],[107.18863692329771,12.290148173527829],[107.1887589936829,12.291404162462607],[107.18904891037029,12.291857158563156],[107.18931594003637,12.291980182133459],[107.18970503833427,12.291877185371916],[107.19045271981537,12.291161929809983],[107.19063582574348,12.291120921639997],[107.19081130180209,12.291193400627657],[107.19101729510169,12.29173890239953],[107.19094863065368,12.292201434101129],[107.19030013151993,12.29358140135843],[107.19007124991371,12.2944149129878],[107.19013228615597,12.294734393474046],[107.19044509078375,12.29504338470491],[107.19131484175982,12.295393382558869],[107.1972581396526,12.295496378931743],[107.1984483261123,12.2955783949409],[107.19902053033087,12.295825397183243],[107.19958510523412,12.296505365819156],[107.20031752704591,12.297164355391406],[107.20167555877968,12.298141872430183],[107.20217909943186,12.298317348264739],[107.20291915081167,12.298388873326164],[107.20389571332858,12.298193369892529],[107.20413985458556,12.298018848267835],[107.20510878683868,12.29656640150489],[107.20560469782461,12.296103870282407],[107.20610060858793,12.295917902924607],[107.20632186095455,12.29545060292976],[107.22097792353887,12.202536016797053],[107.22249617212341,12.1922287037743],[107.22292341782936,12.188541798956939],[107.22364821091888,12.18369617990766],[107.22414412075008,12.181022076852756],[107.22672285566507,12.160283474199874],[107.2295381006903,12.135084536676274],[107.22949995329677,12.134556201655364],[107.22921003620525,12.134027865774023],[107.22846235629402,12.133816149619033],[107.22832502724987,12.133827594375953],[107.22806562792778,12.133717921078064],[107.22779859846452,12.1333650618552],[107.22738661138573,12.132649806141425],[107.226532119288,12.131522563315977],[107.22636427203872,12.13135185549184],[107.2256089627106,12.131170657653604],[107.22502149964771,12.130803492181121],[107.22481550517641,12.130629924354118],[107.22469343569198,12.130379107693873],[107.22472395257682,12.13013210606901],[107.22483076457269,12.130025294741827],[107.22521223403544,12.129852679521541],[107.22528852790252,12.129757312513567],[107.22529615710307,12.129486467998007],[107.22518934522516,12.129245188361446],[107.22499861148401,12.129014399246973],[107.2247926170136,12.128878977302502],[107.22396864224442,12.128540423536817],[107.22367872546502,12.128358271308677],[107.22355665485381,12.128235247414162],[107.22317518487642,12.127638247477057],[107.22245039272009,12.127042201115207],[107.22216810548682,12.126737978992459],[107.22185529962864,12.126268771470352],[107.22169508273542,12.125927355661435],[107.2235795426015,12.125440028108613],[107.22442640559326,12.125148204671317],[107.22477735813054,12.12492122950694],[107.22560133324029,12.12427940623798],[107.22669996542193,12.122971918772178],[107.22704328755283,12.121984866128615],[107.22808851469475,12.116062547746692],[107.22833265552208,12.115616229005482],[107.2317124779446,12.115476038294789],[107.2343293593804,12.115075494027867],[107.23670210190623,12.114941980007293],[107.24011244062098,12.114367868134387],[107.24007429410526,12.113764192150372],[107.2397004539619,12.111788179098413],[107.23947157211593,12.111337091005177],[107.2391129893362,12.110820200413785],[107.23878492518483,12.1105035797252],[107.23856367384963,12.110086824027704],[107.23639692528171,12.10433330729554],[107.23605360224552,12.103748704441923],[107.23533643915201,12.103150750778687],[107.23399366571496,12.102239038329222],[107.23392500086035,12.102121735443623],[107.2338715946924,12.101652527856583],[107.23396314788019,12.101031685882344],[107.23374952529491,12.100546265618473],[107.23321546695342,12.099930193272435],[107.23291029226365,12.099480057687312],[107.23261274463894,12.099180605034462],[107.2323075691724,12.099065209547295],[107.232048170242,12.099016573260903],[107.2317506240129,12.098751450668155],[107.23168958895717,12.098013306476105],[107.2314454481056,12.097193147131867],[107.23142255972054,12.09662284987749],[107.23149122346413,12.096169854567375],[107.23217023993472,12.094755555859889],[107.23238386255905,12.094066048288585],[107.23275770391227,12.093727494561561],[107.23285688560851,12.093474770395035],[107.23280347947752,12.093290711410893],[107.2321015757544,12.093179131261058],[107.23182691779607,12.093030358410852],[107.23175825274141,12.092914010754768],[107.23175825249807,12.092830086179543],[107.23185743439768,12.092626954778586],[107.2324220094862,12.092236901535346],[107.23285688562179,12.09178104540797],[107.23305524976313,12.090806389145744],[107.23311628477002,12.089983368047335],[107.23294080825595,12.089257622703697],[107.232780591574,12.089078332506505],[107.23221601655257,12.089044953404953],[107.23167432947015,12.089084054895988],[107.23142255935737,12.089064980626754],[107.23118604690481,12.088581467036427],[107.23103345997608,12.086782837606455],[107.23091901916062,12.086492920020628],[107.23035444308996,12.086222077582887],[107.22977460917947,12.086125756675937],[107.22939314006152,12.08615722714556],[107.22986616215208,12.079080963881806],[107.23029340748046,12.075504685262274],[107.23207868611588,12.065358543375446],[107.23267377814992,12.062518501272653],[107.23297895433667,12.06150951317206],[107.2330247309646,12.06121482842893],[107.2324296378707,12.060162925048877],[107.23213209080674,12.059320831610213],[107.23192609798592,12.058521652216067],[107.23196424523934,12.057637596127552],[107.23207105548487,12.056851767983337],[107.23201002051721,12.055996321915664],[107.23137678057478,12.054355049378334],[107.23141492724451,12.053429031035208],[107.23162092159829,12.052510643092717],[107.23207105526544,12.051473045255683],[107.23329175868842,12.049911879634735],[107.23340619913711,12.049600028985493],[107.23336042325741,12.04935874904293],[107.23299421198524,12.048720741137718],[107.23278058943222,12.04842224123011],[107.23275007122007,12.048195265515519],[107.23281873598155,12.047939681603536],[107.23361219342324,12.04686202963791],[107.23398603323818,12.045996092955596],[107.23398603322129,12.045627020667677],[107.23387159235955,12.045371436776524],[107.23336042329177,12.045016669718292],[107.23332990547412,12.044846915514242],[107.23342908699907,12.044690512625749],[107.23408521492937,12.044562720981247],[107.23415388011473,12.04450645360367],[107.23415388058899,12.044265173181081],[107.23360456393878,12.043427847750722],[107.23303235894703,12.042377852950883],[107.23290265944996,12.042207144649387],[107.23250593088478,12.042023085997915],[107.23215497881782,12.041738890500051],[107.23205579584429,12.041398428236823],[107.23208631434507,12.041200064461627],[107.23228467841207,12.040915869916118],[107.23253644790876,12.040434264453326],[107.23284925320156,12.039512061399673],[107.23271955363336,12.039085768819128],[107.2325211895337,12.038815878194749],[107.23220838415335,12.038646124156323],[107.23189557909468,12.038532637769546],[107.23114789924061,12.037723921397482],[107.231002939651,12.037454031479843],[107.23104871612996,12.037311934351163],[107.23143018540345,12.036816023168065],[107.23158277331369,12.036673926470874],[107.23197187302512,12.036631011701434],[107.23208631415143,12.03654613465743],[107.23205579532937,12.03637542652984],[107.2319566138638,12.036219977485704],[107.23197187309022,12.036120795146495],[107.2320863141216,12.03606357404787],[107.23307813438645,12.035822295678726],[107.23311628157559,12.035751723101672],[107.23311628207651,12.035623930189173],[107.23299421180215,12.035453223427384],[107.23217023646002,12.034658812012044],[107.23201001920499,12.034346961090627],[107.23197187242567,12.034006499557162],[107.23205579570718,12.033835791012622],[107.2323228243389,12.033736609228086],[107.23238385961311,12.033623122619622],[107.23240674848617,12.033481024029992],[107.2323228245961,12.033197783225576],[107.23185743128845,12.03319778351005],[107.23174299049508,12.03314056305957],[107.2316132917086,12.032984160436225],[107.23157514479267,12.032828711526422],[107.23159803225094,12.032686613866833],[107.23175824932939,12.032601737246209],[107.2321397195964,12.032658003572596],[107.23242200691178,12.032587431560344],[107.23249830048923,12.032488249516378],[107.2325364472627,12.032303236642104],[107.23219312568604,12.031735800539392],[107.23205579563553,12.03172149517303],[107.2316819555252,12.032019995659814],[107.23155988564484,12.03204765241118],[107.23144544420126,12.031948470667889],[107.23143018572047,12.03182067727441],[107.23172773112275,12.03136672825181],[107.23172773115697,12.031040572573303],[107.23181165508372,12.030813596974014],[107.2322923071003,12.030516051362502],[107.23236860143419,12.030415914995903],[107.23226941925184,12.029550932039385],[107.23220838308406,12.02949371185585],[107.23141492664858,12.029252432321925],[107.2306290993411,12.028684996510675],[107.23131574429797,12.027834318785652],[107.23208631320982,12.02741756347077],[107.23275007042935,12.027336500988767],[107.23332227548256,12.027553937592913],[107.23361982128023,12.02779426391332],[107.23371900363587,12.02797164762792],[107.23394025624553,12.02873077278308],[107.23381055602333,12.029956244090144],[107.23383344477449,12.030126951938692],[107.23446668421444,12.031821631048961],[107.23506940688515,12.033185384674912],[107.23596204576563,12.036028288533387],[107.23616041123904,12.036476515421949],[107.23627485198712,12.03667011158747],[107.23678602081633,12.037001990062814],[107.2376481426076,12.037113570371414],[107.2382127177011,12.037048719985716],[107.23885358716478,12.03682365310245],[107.23926557418659,12.0365203836626],[107.23942579167128,12.036153219706026],[107.23942579194978,12.035956762926972],[107.23901380336675,12.034539603057837],[107.2391053572178,12.03398933261654],[107.23940290241374,12.033689878824152],[107.23983777849206,12.033525847062803],[107.24015058384236,12.033517264103983],[107.24039472517417,12.033696554911552],[107.24052442416973,12.033947371282201],[107.24057020062074,12.034180067520731],[107.24057020096588,12.036046408390655],[107.24079908285997,12.037086866651455],[107.24111951703563,12.037928961426335],[107.24144758098284,12.038554571900674],[107.24188245697518,12.039030455455315],[107.2421952617109,12.039198301761024],[107.24263776692356,12.039145849558828],[107.24291242482421,12.038897893596374],[107.24300397830132,12.038691901239048],[107.24316419486381,12.037911794876685],[107.24465192702051,12.03608741570289],[107.2455140479258,12.034808538972626],[107.24562848913438,12.03449477921797],[107.24560560073638,12.033938787704475],[107.2452775365713,12.032860181666505],[107.24523938982199,12.032451055199301],[107.24534620138478,12.032045743413647],[107.24516309541308,12.031328580454955],[107.24488843742348,12.030951879339199],[107.24391950448357,12.030296705453305],[107.24369062226187,12.029938123667394],[107.24359906963119,12.029669187219076],[107.24336255827254,12.028427503757591],[107.2425767318956,12.026458166491773],[107.24254621381077,12.02604522574707],[107.24269880188024,12.025870702729167],[107.24316419469167,12.02585830482916],[107.24370588189781,12.025998495275005],[107.24487317809398,12.026825330475498],[107.24567426546105,12.026977917957025],[107.24604047656564,12.027095220447002],[107.24639905746476,12.027077100623583],[107.24678052774895,12.026987455156387],[107.24954999733221,12.02605476074629],[107.24974073240661,12.025902173124722],[107.24987043272286,12.025498769277174],[107.24959577336428,12.0244487738086],[107.24958814408191,12.02422466045555],[107.24969495689015,12.024000547224725],[107.25154126958238,12.021668813276362],[107.25232709702824,12.020996472420256],[107.25276960260156,12.02084388496126],[107.25336469401715,12.020754239406036],[107.25419629799667,12.020502468940657],[107.25473035598867,12.02024306941502],[107.25527204301146,12.019883534182318],[107.25623334767687,12.019148251837422],[107.2568284391405,12.018879315697538],[107.25717176252195,12.01882590975018],[107.25839246552292,12.018825909540977],[107.25965131539299,12.018538852919342],[107.26024640843237,12.018663784018985],[107.26033033280318,12.01874484763579],[107.26022352049063,12.019534489736253],[107.26023877956287,12.01966895730945],[107.26082624277373,12.020404240617598],[107.26095594251012,12.020457646625315],[107.26114667723058,12.020439526410396],[107.26120771242122,12.020314595081922],[107.26169599370114,12.01815261521626],[107.26180280522328,12.017847438821407],[107.261947763786,12.017686268281244],[107.26212323906054,12.017578503100406],[107.26244367451385,12.01748027536382],[107.26276410844953,12.017470737724146],[107.26441205804467,12.01760615970244],[107.26505292703764,12.017578502671284],[107.26594556620586,12.01743545173011],[107.26697553476045,12.017049213730832],[107.26753248033398,12.0167173347856],[107.26779950920437,12.016413112502299],[107.26785291515132,12.016071697644295],[107.26780713835844,12.015982052172285],[107.26729596914421,12.015444179760603],[107.26718152803875,12.015238185995443],[107.2671586405891,12.015076061600938],[107.26726545104277,12.014825245145197],[107.26757825619167,12.01443996087378],[107.26824964324106,12.013758083524817],[107.26840986027594,12.013605495519462],[107.2687989605403,12.013507266963808],[107.26920331713198,12.01349773105579],[107.26937879475199,12.01358737541349],[107.2696381934372,12.013865848355696],[107.26969159937705,12.013990779710836],[107.26979841010538,12.01544418004877],[107.2703782445971,12.017013927591709],[107.27071393837296,12.01730098367138],[107.27091993144104,12.017309566474749],[107.27105726100251,12.017256160604118],[107.27120221953528,12.017130275609464],[107.27140821293797,12.016816516931375],[107.27169050051617,12.0161975827681],[107.27263654559354,12.015076061278796],[107.27314771458009,12.014637370591698],[107.27504743422932,12.013471027246915],[107.27555097404003,12.01331843953139],[107.27590192686569,12.013318439150183],[107.27606214371883,12.013363262023532],[107.27631391383484,12.013515849684842],[107.27688611870045,12.014251132325068],[107.27693189443886,12.014511485092047],[107.27692426515104,12.01486148467271],[107.27666486587773,12.017201801771272],[107.27668775346332,12.017399211577917],[107.27674878929321,12.017543216912733],[107.27693189481558,12.01781215249521],[107.27703107653326,12.017847438778453],[107.27847303248902,12.01778544933386],[107.27870191488648,12.017498393088612],[107.2793275244606,12.015596767018977],[107.27943433561096,12.014789005198741],[107.2793885594862,12.01368655758771],[107.27948774130995,12.013102907793034],[107.27959455341211,12.012905498180753],[107.27977765839604,12.012807269403558],[107.27998365278489,12.012789150275196],[107.28024305113563,12.012923617932158],[107.280365122189,12.013130564948725],[107.28062452181395,12.013982196305726],[107.28091443871678,12.014502902443596],[107.28367627983397,12.018062969027332],[107.283828868244,12.018197437585204],[107.28392805004916,12.018197437225606],[107.28402723226881,12.018144031275753],[107.28514112378713,12.016950984085705],[107.2853089700838,12.016861339004867],[107.28669751990986,12.016547579985698],[107.28923047848511,12.0156597092119],[107.2894059552333,12.015641590152686],[107.28994764195666,12.01573123500861],[107.29072584009751,12.016206165054262],[107.29089368662652,12.016358752653877],[107.29092420469156,12.016511339994016],[107.29078687576457,12.016789813016848],[107.29022992955774,12.01740874804667],[107.28919233197306,12.018009563381415],[107.28907789110205,12.018134494300227],[107.28893293282431,12.018502611862331],[107.28893293302664,12.018807787988994],[107.28907789100415,12.019202609324697],[107.28960431906566,12.02003612139889],[107.28971876005707,12.020162006416767],[107.29137433900128,12.021534342732615],[107.29151166800854,12.021605869135417],[107.29168714378692,12.021597285668909],[107.29195417303279,12.02151622263086],[107.29202283720574,12.021453281310176],[107.29202283763931,12.021103281542823],[107.29099286925506,12.019587893600523],[107.29090894633329,12.019337076729661],[107.2908936869325,12.019094843816843],[107.29093183363754,12.01885261100855],[107.29113019848863,12.01861896064048],[107.2927476298606,12.0170768690855],[107.29467786704903,12.016233820468994],[107.29476941963233,12.01621570095494],[107.29534162392873,12.016484637833488],[107.29548658317138,12.016476054824713],[107.29556287704888,12.016431231827394],[107.29596723367435,12.015928644788909],[107.29600538089505,12.015812296349736],[107.2959977517913,12.015633005351503],[107.29592908722941,12.015480418396686],[107.29563917009573,12.015031237283178],[107.29484571283628,12.013246912711844],[107.29459394294423,12.01237716140214],[107.29460920158739,12.012215037308401],[107.29472364291587,12.012053866365337],[107.29523481315977,12.01165046094524],[107.29535688310779,12.01148929102584],[107.29535688288495,12.011327166327513],[107.29528821772526,12.011219401260595],[107.29390729776175,12.0098918865008],[107.29390729737257,12.009685891967282],[107.29402936736591,12.00956096093187],[107.29431165565444,12.00941695675974],[107.29467023708294,12.009380717113952],[107.29489911822503,12.00941695624704],[107.29676832090794,12.010278124520678],[107.29700483145194,12.010268587282146],[107.29737104276964,12.01007213123468],[107.29833234657295,12.009309191173143],[107.29862989295661,12.009148020012036],[107.29975141340599,12.008842844257318],[107.30101026382788,12.008349794671823],[107.30138410469631,12.00834979513866],[107.30159009786253,12.00838603375296],[107.30184949740847,12.008592027930588],[107.30232251967175,12.00924624936469],[107.30286420703595,12.010359186272382],[107.30299390681924,12.010493655254113],[107.30313123631456,12.010555643399398],[107.30335248813977,12.010583300356426],[107.30358137031601,12.01058330027514],[107.30391706403258,12.010502238125747],[107.30419935077576,12.010349649584526],[107.30606855258264,12.008986848356551],[107.30618299429422,12.008834261185642],[107.30623639854979,12.00832309202682],[107.30616773458053,12.00819720689665],[107.30570997109218,12.007784265633882],[107.30552686550057,12.007569689069111],[107.30544294160332,12.007407563668528],[107.30545057148161,12.007111925129562],[107.30565656431982,12.006806749413512],[107.30630506412827,12.006358522507306],[107.30706800262385,12.005963701315956],[107.3080445655107,12.005668062841952],[107.3095628147904,12.005658525298761],[107.30999006194439,12.00578441074459],[107.31083692427036,12.006313699878511],[107.31111158243355,12.007058519751448],[107.31135572244976,12.0073722788655],[107.31163038108457,12.007488626308115],[107.31185163409536,12.007515329585344],[107.31270612631145,12.007273095341967],[107.31284345497093,12.007317918085345],[107.31336988340486,12.00804461819479],[107.31366743029096,12.008205789345157],[107.3138657941516,12.008197206043706],[107.31414045187188,12.008062737958182],[107.31510938533329,12.007452386495725],[107.31528486137522,12.007454294639768],[107.31546796737211,12.007569688222517],[107.31563581365599,12.007735627508305],[107.31571973669342,12.007670778482302],[107.31574262461014,12.007584946991576],[107.31566633114952,12.007197755103695],[107.31569684899736,12.007097619604687],[107.31615461198375,12.006589311058146],[107.31662000450206,12.00618399932043],[107.31716932227786,12.005548852174595],[107.31784833768567,12.00498999909866],[107.31802381350232,12.004960435084072],[107.31827558406229,12.00510062517271],[107.31872571789141,12.005483049035327],[107.31896985857313,12.005558388747929],[107.31940473430238,12.005412476825258],[107.3198319806188,12.004909889967562],[107.32001508576187,12.004814522805942],[107.32022107990086,12.004804032552391],[107.320930612823,12.0050004891357],[107.32139600612815,12.005051033981134],[107.3219376933556,12.004932778744038],[107.32231916338458,12.004747766198694],[107.32372297199565,12.003609078609779],[107.32450117017162,12.003096956061064],[107.32498182209407,12.002527611907148],[107.32498182174515,12.001902001467585],[107.32492078665514,12.001313584240622],[107.32429517586992,12.000479119997863],[107.32418836494537,12.000279801297106],[107.32416547716419,12.000136749978587],[107.32427991793725,11.99980963919652],[107.32465375798294,11.999450104444692],[107.32497419148939,11.9990447928506],[107.32547010299497,11.998589890186288],[107.32601941967037,11.998219864029894],[107.32901777135903,11.99678935353218],[107.33013166277188,11.996109383078949],[107.33090986030713,11.995550529697544],[107.33201612338135,11.99463118840806],[107.33437360678731,11.9911645820023],[107.33613599651487,11.9889263072364],[107.33856977316849,11.985625640257133],[107.34210218264965,11.981112852972661],[107.34394086605907,11.978472128927729],[107.34413923125985,11.977934256687298],[107.34410108369251,11.976450338289027],[107.34417737679381,11.975538627066303],[107.34431470730652,11.974966421504545],[107.34538282203297,11.973016157285207],[107.34670270683782,11.97193469121984],[107.34743512881872,11.9713949117567],[107.34832776749937,11.971120253691563],[107.34835828579277,11.97106112565012],[107.3483353979817,11.971003904309216],[107.34782422763494,11.970569029186459],[107.34774030506063,11.97036780445948],[107.34781659884975,11.969964398935863],[107.34902204276977,11.969422712071639],[107.34937299459757,11.9691575908246],[107.35060132730226,11.968490019312249],[107.35110486736777,11.968339338106583],[107.3512421966872,11.968187703710454],[107.35121930913245,11.967948331750161],[107.35096753870728,11.967557325118703],[107.35034955766172,11.9671672731868],[107.34915174286084,11.96692790014481],[107.34874738473393,11.966763868240001],[107.34850324359132,11.966423407084859],[107.34838117316747,11.965995206742367],[107.34850324399163,11.965906515255664],[107.34931195942063,11.96617163714747],[107.3496247644446,11.966171637018878],[107.34973157700495,11.966121092413335],[107.35079969180408,11.964990034251295],[107.3511277557218,11.964688672754841],[107.35179914274731,11.964414014596132],[107.35187543685849,11.964322461615911],[107.3519135835856,11.964112653445993],[107.35176862453379,11.963602437905104],[107.35153211320639,11.963117971851267],[107.35125745538154,11.962384595547793],[107.35119641955677,11.962109937411158],[107.351326119228,11.961848631136592],[107.35158551907759,11.961691274708349],[107.35178388351241,11.96167792316476],[107.35284436954274,11.961874379395491],[107.35295881052248,11.96187437922474],[107.35305036226768,11.961757077954088],[107.35306562179363,11.961613072940532],[107.3529588106691,11.961481465902173],[107.35253156335135,11.961193457101752],[107.35234845804317,11.960971251038258],[107.35220349998231,11.96061743687409],[107.35191358328858,11.960237874312899],[107.35187543604732,11.959989919718163],[107.35194409988134,11.95979346287663],[107.35244764045747,11.959348096804153],[107.35298932702706,11.959020986939134],[107.35337842592736,11.958955182766955],[107.35355390277422,11.958824529159529],[107.35356153271135,11.958641423795497],[107.35344709133419,11.958405866387276],[107.35322583795616,11.958143605878693],[107.35295117989062,11.95790804846907],[107.35289777431775,11.957738294628065],[107.35300458668982,11.957463636541517],[107.35341657288014,11.957109822775429],[107.35350812577015,11.95665205977173],[107.35346234986359,11.95531691583389],[107.35337079742527,11.955107106225407],[107.35258496945126,11.954413785182162],[107.35244764033428,11.95412577582581],[107.35244001059458,11.953864469510208],[107.35263074625252,11.953602208444954],[107.35317243270921,11.953288449665534],[107.35453046545241,11.952332867980774],[107.3549653395844,11.95213641163714],[107.35530103423933,11.952149762040566],[107.35645307184946,11.952515972906331],[107.35670484168377,11.952489270422896],[107.35688794838184,11.952241315403784],[107.35686505973983,11.951992405985589],[107.35665143728153,11.951455486909571],[107.35619367271173,11.950787914750249],[107.3560410845853,11.949715032408179],[107.35589612600965,11.949374569872107],[107.3555680633297,11.949164762485054],[107.35527814543028,11.949099911646798],[107.35428632381793,11.94930876610636],[107.35405744155106,11.94930876619313],[107.35396588999416,11.94925631402241],[107.3538743369328,11.949020757479174],[107.35387433721476,11.948772801223598],[107.35405744151844,11.948497189756731],[107.35456098156679,11.948209180036477],[107.35520185222254,11.947659864107443],[107.35525525650914,11.947410954903644],[107.35518659282322,11.947227848873823],[107.35496533992,11.946978939670057],[107.35461438770955,11.94687498974151],[107.35410321904686,11.946887386751078],[107.35374463676355,11.946992292485582],[107.35262311601797,11.947659864019295],[107.35244763934344,11.947685613023959],[107.352333198659,11.94758166241276],[107.35200513433786,11.946966542399192],[107.3519898760754,11.94670428253073],[107.35208142854385,11.946560277215019],[107.35434735882161,11.945160282895715],[107.35474408754106,11.94496382633498],[107.35476697566942,11.944806470080055],[107.35469068154823,11.944688214057898],[107.35315717324208,11.944401157784192],[107.3529740679312,11.944257153565383],[107.35292066300565,11.943981541600133],[107.35297406742379,11.943733586055597],[107.35315717345793,11.943667782850127],[107.35424054771013,11.94361533052837],[107.35466016491056,11.943523777951686],[107.35478223454457,11.943340672565274],[107.35478223474342,11.943157566414818],[107.35453046451326,11.942881954981296],[107.35412610635672,11.942572964808845],[107.3540421830666,11.9422944916005],[107.35413373530079,11.94209517390929],[107.35427106410927,11.941909207185914],[107.356727729401,11.94022215774962],[107.35684980001052,11.940061940023472],[107.35683454100533,11.939836872657953],[107.35671247151855,11.939637554266694],[107.35638440779239,11.939517391569384],[107.35606397196929,11.93954409505385],[107.35563672674998,11.939862621257248],[107.3552399984632,11.940075291353699],[107.3543473585048,11.940155400193214],[107.35346997800677,11.940115345646571],[107.35328687340123,11.94003523705035],[107.35301984409969,11.939676655444652],[107.35278333316522,11.93933142590263],[107.35282147946259,11.939212215703252],[107.35291303203488,11.939118756068238],[107.35336316775356,11.93895949251034],[107.35366834264676,11.938919437776104],[107.35520948047932,11.938972844030287],[107.35550702666646,11.938946140346566],[107.35581220239867,11.938760174472147],[107.35597241920006,11.938547504579134],[107.35685742953423,11.93646181959185],[107.35710919913083,11.936156643872172],[107.35873426015326,11.935372723376949],[107.35895551303808,11.935186756735959],[107.35906232386283,11.935040844341957],[107.3593675006269,11.934389484002565],[107.35945142363524,11.934283627195589],[107.36058057405172,11.934256924625815],[107.3613511428633,11.934469593278349],[107.3616181716643,11.93449629634714],[107.36183179452085,11.93441618719461],[107.36196149392195,11.934310329517777],[107.36254895808618,11.933632267237622],[107.36266339855916,11.933565510477802],[107.36280835725418,11.933565509923202],[107.36351789166704,11.933858287864693],[107.36367810871884,11.933871638875717],[107.36375440203484,11.933791530835384],[107.36386121300694,11.933193576599548],[107.36395276663411,11.933020962439391],[107.36409772553706,11.932941806949403],[107.3643113486352,11.932941806599157],[107.36647809586513,11.933497798629917],[107.36684430762915,11.933148753860879],[107.36682374211071,11.93262094960678],[107.36682141801616,11.932561290713279],[107.36684042595884,11.932556301261785],[107.36689771185614,11.932541263613158],[107.3674088819754,11.932952296499812],[107.36756909959075,11.93297327742676],[107.36763013469556,11.93292559390879],[107.36765302224508,11.932831180391963],[107.36760724657475,11.932399166087748],[107.36785901603962,11.932115924533266],[107.36795819836554,11.932068241198458],[107.36840070339873,11.932155978729515],[107.36852277298215,11.932135951764957],[107.36866010328978,11.931989085476765],[107.36872113822493,11.931558024947766],[107.36920179028156,11.93034399790253],[107.36948407699768,11.92948283000346],[107.36922467821356,11.928901088282393],[107.36920179027577,11.9286102172359],[107.36926282472385,11.928267848921987],[107.36952222420398,11.927952182455133],[107.3702927929239,11.927496325769276],[107.37073529830631,11.927091014101661],[107.37100232692566,11.9269517778231],[107.37123883787956,11.926977527691085],[107.3715821611711,11.92735708978235],[107.37184918922183,11.927433383836913],[107.37211621832743,11.927369487696998],[107.37248242942451,11.926977527802013],[107.37277234590478,11.926775348121874],[107.37341321466081,11.926559817514622],[107.37436688991593,11.926357637919114],[107.37460340095002,11.926243197021384],[107.37471021211542,11.926053416197552],[107.37488568771045,11.925193202556777],[107.3748551713543,11.924016368311737],[107.37502301775764,11.923649202688447],[107.37525189899776,11.923509967239955],[107.37771619447275,11.923029314946483],[107.37805951674451,11.923067461990769],[107.37849439205664,11.92328203892986],[107.37869275561589,11.923447023605119],[107.37892163768174,11.923509966785533],[107.37909711449917,11.923497568800542],[107.37961591311661,11.923142801856605],[107.37992108890214,11.92307985940074],[107.38055432930425,11.923092257264681],[107.38076795162402,11.923029314586012],[107.38134778616471,11.922712694943149],[107.3814164497125,11.92235792763964],[107.3814927437877,11.922219644980142],[107.38166821990694,11.922105204667632],[107.38189710220084,11.921839128637112],[107.38199628430174,11.921434771732674],[107.38290418160398,11.9205993525293],[107.38305677000311,11.920548807336408],[107.38374341611228,11.920536409517998],[107.38388074508298,11.920472513893456],[107.38397992706489,11.920257936571522],[107.38393414958327,11.920030008140785],[107.38380445072637,11.919878374643579],[107.383667121827,11.91962469757108],[107.38366712215408,11.9194854608584],[107.38385785630574,11.919194590516213],[107.38404096237987,11.91911162076147],[107.38556684138334,11.918719660575011],[107.38564313523669,11.918543230507924],[107.38491834231176,11.91781748421993],[107.38486493699914,11.917673479495122],[107.38490308284285,11.917503725506254],[107.3855286941198,11.91657484594617],[107.38648999754027,11.915838610258927],[107.38658155021622,11.915671717107662],[107.38654340240052,11.915446649485135],[107.38625348574979,11.914819131929788],[107.38609326849637,11.914113413325394],[107.38586438689934,11.912363419914408],[107.38614667484319,11.912085901329453],[107.39493573636184,11.896438966428267],[107.39725507204207,11.893570312494374],[107.39970410823886,11.89107836167003],[107.40088666425646,11.890077003303471],[107.40117658046489,11.889737495950948],[107.40136731545189,11.889375099679832],[107.401489385803,11.88894308589151],[107.40149701603143,11.888340362817756],[107.40087140452334,11.884991058394936],[107.40050519350363,11.884058365045913],[107.40050519393628,11.88380564132733],[107.40125287413268,11.881977446980741],[107.401474126384,11.881735214361893],[107.40395368012965,11.878166564800676],[107.40489209563296,11.876901039001229],[107.40573895824274,11.876128562551438],[107.40593732232172,11.875810988464423],[107.40599072864276,11.875311263267875],[107.40540326463405,11.868465789402595],[107.40546430006988,11.867889769105185],[107.40579999296426,11.867329963062291],[107.4063569385453,11.866844542769035],[107.40776837661478,11.86593664440995],[107.40929425534178,11.865111715980374],[107.41256726538228,11.864118941059738],[107.41318524637352,11.864138014801473],[107.41363538057784,11.864239103491249],[107.41531384774161,11.86522424996991],[107.4155503591363,11.865238554899264],[107.41577924099207,11.865166074652338],[107.41602338220453,11.86493433305501],[107.41639722174796,11.864739782684964],[107.41669476849033,11.864732153355146],[107.41687787420317,11.864760763403963],[107.4178239190063,11.86532533851562],[107.41824353617093,11.865441687027758],[107.41861737599775,11.865427381580194],[107.42034161895073,11.864645368157065],[107.42054761256318,11.86439836770852],[107.42063153638067,11.864152319567046],[107.42058575985281,11.863573438935529],[107.42060101851808,11.863356001569919],[107.42067731163209,11.863297827441125],[107.42089093453497,11.863327390688951],[107.42163098736054,11.863543874325517],[107.42176068599522,11.86352956910846],[107.42200482724137,11.863211042282938],[107.42211163864789,11.863152868155161],[107.422485478539,11.86318243283363],[107.42366040635771,11.862284071766537],[107.42377484731641,11.862052328305003],[107.42394269247814,11.860984213065349],[107.42422498058498,11.86048448706852],[107.42445386266135,11.860271817964863],[107.42517102544383,11.860029584753999],[107.4256516773848,11.859696751875523],[107.42574322950819,11.859393483813095],[107.42591107649577,11.858487493293207],[107.42629254636259,11.857144719725929],[107.42629254649663,11.856706983390316],[107.42607129339282,11.855994588973168],[107.42610181150495,11.854569799053124],[107.42626202892444,11.853584653418993],[107.42670453303185,11.852598553552847],[107.42678845686402,11.85232389547057],[107.42672742135598,11.85196817542737],[107.42626202854444,11.850954419981994],[107.42626202826189,11.850653058668131],[107.42662061070108,11.849804288615948],[107.42689526861719,11.84947527105157],[107.42727673812828,11.849311238411387],[107.42741406703227,11.849064236840555],[107.42718518496672,11.846444493414879],[107.42697919109342,11.845596677621346],[107.4270478561005,11.844537144670676],[107.42694104392892,11.844275838706503],[107.4264298746016,11.844051724569297],[107.42596448192518,11.844161397642118],[107.42577374719933,11.844326382575405],[107.42558301192066,11.845339184437439],[107.42541516548788,11.84553087350182],[107.4253083541688,11.845558530170955],[107.42508710110904,11.8454212004544],[107.42443097399862,11.844600087672061],[107.4241257977956,11.844435101219895],[107.42360699908681,11.844572430181351],[107.42291272368188,11.844938641345031],[107.42270673020957,11.845011120932444],[107.42212689636001,11.845011121006344],[107.42182935009477,11.84490144904092],[107.42169202143312,11.844791775658917],[107.42160809804494,11.844544774377486],[107.4215012860008,11.843778021008065],[107.42137921564851,11.843305951665497],[107.42040265286829,11.842134839685837],[107.42022717689609,11.842028981620187],[107.41996777744843,11.841997511135819],[107.41944134950616,11.842079526679234],[107.41922772592362,11.841997510659922],[107.41909039682002,11.841641789281734],[107.41914380297686,11.841176396941952],[107.41914380245235,11.840683347097011],[107.41883862672937,11.840107327905836],[107.41725171292471,11.838053113582395],[107.41667950869521,11.837587720684386],[107.4164048509029,11.837067013333332],[107.41637433277447,11.835944539313957],[107.41643536781802,11.835396176970532],[107.41656506710206,11.83509481517185],[107.41744244705235,11.834493046581395],[107.41774762380203,11.83413637270825],[107.41793835818648,11.831123715233742],[107.41765607006924,11.830744152936251],[107.41728223060025,11.830603009207893],[107.41706097711815,11.83060300944996],[107.41671765472769,11.830844289092948],[107.41645825519464,11.831123715881864],[107.41549695232447,11.833122616861374],[107.41503155796066,11.833835012057282],[107.41465008927217,11.834082014003009],[107.41432202559956,11.834108716643657],[107.41410077196089,11.834026700746],[107.41396344320893,11.833287602260654],[107.41411603125354,11.830796605892253],[107.41332257396887,11.828496342603911],[107.41330731465146,11.828039532337701],[107.41357434427009,11.826810246058248],[107.41355908509864,11.826543216943232],[107.41326153886216,11.826384907717154],[107.41278851650064,11.826353436581625],[107.41199505898183,11.826227551585138],[107.41156018403406,11.826007252895737],[107.41078198617028,11.82539308653819],[107.40995038128368,11.824431782917245],[107.40925610656711,11.823943501559416],[107.40872204870958,11.82381666222998],[107.40848553770773,11.82364404766471],[107.40831006161709,11.823076611252096],[107.40837872602577,11.822509175858292],[107.40872204892864,11.821769124085792],[107.40884411976418,11.821185475397098],[107.40863049546785,11.820760136837071],[107.40835583710194,11.82055509653419],[107.40659344753735,11.820303326443241],[107.4061509421248,11.819972401088615],[107.40541089175683,11.8190273105831],[107.4052583035371,11.818633443835015],[107.40515912117822,11.817735081390834],[107.40464032177687,11.814993268026512],[107.40473187549809,11.81343401054395],[107.40487683286771,11.812960988068037],[107.40552533186214,11.81211030976958],[107.40599835399365,11.811842328313876],[107.40640271204195,11.81181085752445],[107.40709698673959,11.811574345175723],[107.40749371573516,11.81127489225171],[107.4082185081098,11.809904461826543],[107.40824902611742,11.809431438668597],[107.40815747277658,11.809163457257242],[107.407432680919,11.808864003196767],[107.40734875655923,11.808612233210749],[107.40736401543337,11.808423405185533],[107.40755475058329,11.808203106676151],[107.4080277730728,11.80795705916198],[107.40940869366268,11.807360057738105],[107.40957653944577,11.807220821870839],[107.40962994556256,11.80705488311154],[107.40960705804262,11.80690324780807],[107.40925610597958,11.806270962189116],[107.40852368368157,11.805146579511211],[107.407379274225,11.803723697588543],[107.40690625200101,11.803512935384369],[107.40461743348105,11.8012822914921],[107.40434277541003,11.801106816146634],[107.40361798232897,11.801001912035947],[107.40302289016624,11.800755863921237],[107.40272534328689,11.800474529932053],[107.40235150343514,11.799982433517682],[107.40174115111566,11.798050289583127],[107.40128338792644,11.797804241465153],[107.4008942879157,11.797839527918594],[107.400489931036,11.798085575811578],[107.39842236539613,11.801001912032792],[107.39797986004668,11.801229839780518],[107.39766705521238,11.801335698467508],[107.39736950855388,11.801265125902491],[107.39575207691034,11.800105458258773],[107.39563000658472,11.79977167181285],[107.39578259375881,11.798103695737138],[107.39569867124163,11.79776990977704],[107.39548504795863,11.797628765874363],[107.39450085618752,11.797330266034454],[107.39437878645339,11.797154790057421],[107.39432538001479,11.796838169683172],[107.39437878603559,11.796715145867198],[107.3959275531623,11.796522503607841],[107.39606488179832,11.796382312625841],[107.39610302855695,11.796188718207933],[107.39553845312606,11.795521145753723],[107.39527905367638,11.79532755037797],[107.39389050379803,11.795468692646546],[107.39351666414153,11.795398122286935],[107.3932572646917,11.79522264482805],[107.39311230601116,11.794924145123353],[107.39316571188647,11.794484502048963],[107.39341748137376,11.79337823945697],[107.39344799866417,11.79223669080419],[107.39334118756221,11.791550998656483],[107.39271557664183,11.78967226059877],[107.39269268881444,11.789373761146216],[107.39285290614306,11.78891695118456],[107.39318859996679,11.788670902900686],[107.39362347429801,11.788565045081619],[107.394500855622,11.788635616807786],[107.39487469539522,11.788583164746667],[107.39536297678406,11.788231258369578],[107.39560711750208,11.787792568367896],[107.39595806995679,11.78656328226704],[107.397087220572,11.785420780208902],[107.3972245496692,11.784999256731142],[107.3972092908138,11.784754161923296],[107.39668286247931,11.784103756674936],[107.39661419716455,11.783717518540062],[107.39673626708725,11.78319013652871],[107.3970872201964,11.7822068972045],[107.39706433106666,11.781960849631313],[107.39692700224376,11.781767254586073],[107.39669811991652,11.781662349546625],[107.39592755243548,11.781609897010373],[107.39530957125329,11.781328563604806],[107.39515698365508,11.781030063832148],[107.3951569833546,11.780871753211823],[107.39533245918,11.78069627700378],[107.39666760294062,11.780079250124418],[107.39743054192404,11.77966726294382],[107.39820111091095,11.779015902960069],[107.39924633811279,11.777513866238234],[107.39929974370963,11.777088527553977],[107.39919293178215,11.776968364304475],[107.3990250861475,11.776941661021276],[107.39884631941965,11.776958421041693],[107.39872753862845,11.77695501293682],[107.39817059378878,11.777021770144604],[107.39765179531143,11.776914958745076],[107.39734661949859,11.77675569510286],[107.39711010831601,11.77641046493055],[107.3969193732237,11.775824908899232],[107.3968049315296,11.775080089471217],[107.39691937267244,11.774602298277866],[107.39718640161374,11.774189357326893],[107.39784253035148,11.773711566590533],[107.39775860566077,11.773352030795854],[107.39754498268303,11.773126011368948],[107.39738476589638,11.773072605107945],[107.39641583279749,11.773259525081189],[107.39621746845604,11.773272876361727],[107.39612591629157,11.773206119307064],[107.39578259282955,11.772181872928202],[107.39579022128724,11.770679836333134],[107.39562237587769,11.7704671671966],[107.39546215886341,11.770453815129208],[107.39455426064389,11.770679836218813],[107.39430249091993,11.770573978200135],[107.39363873259894,11.769576434756123],[107.3935624383962,11.769390468454922],[107.39367687955098,11.769111041681713],[107.39385235556351,11.768898371862386],[107.39385235554128,11.768645649114974],[107.39354717978284,11.768327120975103],[107.39277661134295,11.767914180081453],[107.39222729420429,11.767555599091862],[107.39158642511812,11.767041568385052],[107.39122784469033,11.76663434881027],[107.39069378637292,11.766805057388394],[107.38969433503584,11.76728952410706],[107.38908398441939,11.767861727840394],[107.3884507447891,11.768610363283589],[107.3881074213903,11.769194965057778],[107.38803875710907,11.769568805051408],[107.38811505133997,11.770070438732603],[107.3885880739116,11.771272068451905],[107.38854992674048,11.771593456045403],[107.38762676920396,11.772548084126013],[107.38684857142152,11.773036365626286],[107.38563549806196,11.77305830037053],[107.38491070531548,11.772891407227373],[107.38417828396824,11.772226696988952],[107.38349926797198,11.771980648570146],[107.38038647442994,11.771812802146217],[107.3800965570845,11.771746998138635],[107.37988293467174,11.771582966703136],[107.3796311641507,11.771262531408503],[107.3793031003789,11.77105653779373],[107.37902081193683,11.77098501250368],[107.37786114432265,11.770888692303647],[107.3769074702305,11.770981197703968],[107.37590801920419,11.77077043586001],[107.37516796827038,11.77076566797386],[107.37452709911832,11.770989780765731],[107.37398541187375,11.770942096824834],[107.3731385491121,11.770677930337694],[107.37193310502198,11.770171528905628],[107.37086498987627,11.769597417193564],[107.36972058041509,11.76892126101543],[107.36892712300357,11.768164044341967],[107.36807263089617,11.767629986586547],[107.36656964021302,11.767183666922245],[107.36527264289136,11.766148930630985],[107.36454785034195,11.765222912040425],[107.36443340963324,11.764695531082323],[107.36463940376424,11.763485318298054],[107.36453259211542,11.763025647467545],[107.36415112124551,11.762180691018285],[107.36343395830025,11.761355763390611],[107.36324322362314,11.761191731303791],[107.36295330660478,11.761073476630951],[107.36264050162958,11.761071568315893],[107.36082470562694,11.761366254762041],[107.35959637368757,11.761439686115843],[107.35914623908262,11.761609440104635],[107.35873425184498,11.761852627035314],[107.35813915819183,11.762325650743024],[107.3577882066638,11.762464886706889],[107.35734188317123,11.762464886906217],[107.35723126146173,11.7624648868629],[107.35696423286075,11.76239622247197],[107.35668957459703,11.762205487142355],[107.35648358007695,11.761950856849575],[107.35626232785171,11.760949498113531],[107.35604870478497,11.75965440868676],[107.35613262858507,11.758512860859879],[107.35646832106009,11.757474309817946],[107.35655224406118,11.757084255970529],[107.35639202753654,11.756853467691299],[107.35600292776266,11.75659597495477],[107.35569012285987,11.756095295971985],[107.35548412924908,11.755419141259102],[107.35497295991674,11.7544654666061],[107.35344708122365,11.753053074944884],[107.35300457625884,11.752732640283647],[107.35273754705676,11.752674465927585],[107.35184490821975,11.752653485850956],[107.35138714431156,11.75251901723419],[107.35085308715452,11.752207165818698],[107.35029614066625,11.751641637177311],[107.35002911137661,11.751449948660284],[107.34846508542554,11.750855809328822],[107.34747326511494,11.750551587761018],[107.34626782076892,11.750335103187817],[107.34504711686951,11.750294095996164],[107.34462750058093,11.750395184708537],[107.34418499537297,11.750821477354075],[107.34406292607424,11.751004582507248],[107.34394085496523,11.751078969643606],[107.34381115527907,11.751119977329841],[107.34363567892078,11.75111330144028],[107.34329998578873,11.75103605404526],[107.34261334024212,11.750786191411182],[107.34057629116404,11.750381833586145],[107.33990490538096,11.75021303319625],[107.33956158288291,11.750030882241628],[107.33938610645541,11.749858267248381],[107.33927929429572,11.749526388189805],[107.33889782437454,11.74906194930926],[107.33831799031601,11.748669988272967],[107.33778393295802,11.748480207183103],[107.33567059136213,11.747943289045798],[107.33383190727277,11.747871763026051],[107.33187115237352,11.747935659384428],[107.33049786105516,11.748262769026312],[107.32815563691618,11.749405271675597],[107.3276139505356,11.749557859532134],[107.32717144533368,11.749593145112291],[107.3266144994762,11.749488241445482],[107.32531750174286,11.749078161936406],[107.32469189223013,11.748694784203217],[107.32355511238606,11.747650511524368],[107.32330334241524,11.747188932983542],[107.32322704828792,11.746587164158274],[107.32316601318395,11.746383077601209],[107.32290661362813,11.746175176389338],[107.32171642746617,11.74563062831337],[107.32094585865906,11.745076544395506],[107.32064831326954,11.744492895323045],[107.32019054889008,11.743858701257423],[107.32005321971867,11.743507749994185],[107.31996166659717,11.743385679290595],[107.31962597407325,11.7431768245965],[107.31909954541223,11.742754347193483],[107.31868755806754,11.74260938861213],[107.31790935933641,11.742531187201655],[107.3176881078417,11.742390044006905],[107.31754314873413,11.742244132040861],[107.31708538536914,11.741585142889193],[107.31666576817032,11.741174108728694],[107.31524670019132,11.740394956604309],[107.31437694939663,11.740400679117215],[107.31220257286913,11.73999536740208],[107.3098832363451,11.739839918664268],[107.3078767052112,11.739873297333686],[107.30614483290333,11.740035421893893],[107.30471050707291,11.740258582174208],[107.30381786736432,11.740286238655768],[107.30322277565593,11.74023187902424],[107.30293285823006,11.740167982831448],[107.30108654372061,11.739400275759719],[107.30073559189077,11.739062674470073],[107.30041515691875,11.738663084885948],[107.29852306780519,11.735367186617298],[107.29792034461612,11.733774550328482],[107.29775249895962,11.73253382056604],[107.29745495170677,11.731276877393716],[107.29717266499384,11.730416663358795],[107.29695141181837,11.729981787001703],[107.29647838932559,11.729515441556353],[107.29599773784082,11.729226477369002],[107.29414379406913,11.729197867558675],[107.29360973710162,11.729152091708746],[107.2931748611412,11.729198821295798],[107.2928849448045,11.729306585880868],[107.29254925121269,11.729556449582892],[107.291710017754,11.729762442321768],[107.29048168522162,11.729870208650572],[107.28970348788398,11.729751952389137],[107.28892528880168,11.729082473839165],[107.28643047627223,11.726594336909068],[107.28578197784573,11.72560060893725],[107.2855683549435,11.724925406657915],[107.28540813676395,11.724066146890218],[107.28539287907732,11.7237771825383],[107.28546917272791,11.723196395720135],[107.28549206101604,11.72256601649495],[107.28542339612127,11.720734961090992],[107.28548443116436,11.717214949396181],[107.2855683550814,11.716532119331383],[107.28572857191588,11.713920958081527],[107.28569042443459,11.713301070030898],[107.28539287858365,11.71173799821476],[107.28534710170193,11.710293181104129],[107.28524791889716,11.708907492079081],[107.28497326118712,11.707257636167274],[107.28432476229216,11.70535982414485],[107.28399669796352,11.702729589289605],[107.2839432929805,11.701477415414134],[107.28398143949717,11.699164755812387],[107.28394329250845,11.698677427587981],[107.28385173934709,11.69826162535319],[107.2836228572718,11.697905905125952],[107.28319561202134,11.697403318986714],[107.28270733088839,11.6967138122572],[107.28144085032025,11.695767767207771],[107.28029644101927,11.69459188626746],[107.27937328423118,11.693771726369851],[107.2788163389795,11.693083173662057],[107.2785569389949,11.692563421709437],[107.27854168076425,11.692160017342765],[107.27874767434625,11.691619283829159],[107.27902996193328,11.691254026603112],[107.27951061326551,11.690943128181901],[107.28128826196554,11.690104849728906],[107.28296672945282,11.689218885254006],[107.28400432709529,11.688475019242379],[107.28489696592078,11.68752229918594],[107.28510295978307,11.687122709316213],[107.28517162394431,11.68678320062596],[107.28512584842639,11.686428433764306],[107.28485118975776,11.685892468864402],[107.28452312597852,11.685547239208844],[107.28377544514163,11.685028440124459],[107.28280651240368,11.684448605637971],[107.27851879138743,11.6819709598055],[107.27798473480671,11.681456930509825],[107.27771007601554,11.681024915019657],[107.27714550033349,11.679482824412974],[107.27626049064658,11.677749043719489],[107.27236949893036,11.67053449765773],[107.27146160144648,11.669202215249472],[107.26991283413683,11.667045956982857],[107.2673569870199,11.663313275534206],[107.26657115852072,11.662306195662843],[107.26610576556972,11.661359196853837],[107.26586162567997,11.660710698966945],[107.26568614916236,11.66002786769839],[107.26561748429042,11.659234410495609],[107.2656861494241,11.658301717811918],[107.26595317733666,11.657472021099645],[107.26645671721056,11.657004719350189],[107.26847850698759,11.655876523478728],[107.27016460280674,11.654598599771553],[107.27201854607547,11.652387981868745],[107.27246105108003,11.651765233595858],[107.27282726165394,11.651130086406347],[107.2730942909111,11.650294666806381],[107.2730790316364,11.649670964202352],[107.27282726217852,11.649029141280522],[107.27252971488068,11.648570424263022],[107.27136241778523,11.647295361549745],[107.26982127965343,11.645402318173497],[107.26895152882803,11.643822079478653],[107.26873027687704,11.643225079189744],[107.2686921293454,11.64269865112033],[107.26873027675312,11.641427403143135],[107.26953899212334,11.63934839278397],[107.2701417148045,11.638077144685434],[107.271011465361,11.637048130720016],[107.27209483938657,11.636167888991073],[107.27259837907415,11.635805492557244],[107.27351390638833,11.635583286517795],[107.27423869966331,11.635501270611876],[107.27767955657872,11.634776477106028],[107.2855683507072,11.632176761042032],[107.28697215872023,11.631473902768944],[107.28782665078089,11.630946521033305],[107.29003154560486,11.628908518375102],[107.29148876043253,11.627641085765116],[107.2939683134491,11.625689867896737],[107.29893504951299,11.622372987588516],[107.30316936300694,11.618924501427484],[107.30417644326174,11.617912653004208],[107.30442058444298,11.617517831450401],[107.30448924795714,11.616834047237308],[107.30441295431623,11.615961435271956],[107.30341350351286,11.614019754430133],[107.30149852485661,11.6105541021586],[107.3011246841918,11.609410646365767],[107.30081187920193,11.608233812110477],[107.30067455065557,11.607409836735734],[107.30064403217781,11.606727960352812],[107.30075847296816,11.60597360444603],[107.30187236535619,11.604570749362889],[107.30532848118557,11.601377846757781],[107.30624400789338,11.60025823342915],[107.30663310724235,11.599418999842149],[107.30668651337129,11.59891641357623],[107.30655681341563,11.598562600719728],[107.3053284810641,11.597254158801523],[107.30383311881056,11.595510842956893],[107.30205546996586,11.592889191147288],[107.30089580166933,11.591097237585812],[107.30062114366851,11.590497376231037],[107.29926311098802,11.588342072162936],[107.2980424081651,11.586827637527927],[107.29732524559819,11.585800530413477],[107.29725658067792,11.58510720926252],[107.29746257418084,11.58372152045467],[107.2982941781724,11.581100823564018],[107.29904185832667,11.579450966410318],[107.29940044026624,11.57880628275019],[107.29986583306426,11.578105331776328],[107.30067454918759,11.577412011101233],[107.3021088744996,11.576782585658002],[107.30462657488347,11.575867057816525],[107.30768596222669,11.574536682732642],[107.31076823775373,11.572800041333632],[107.31179057673822,11.572042823093788],[107.31204997554431,11.57162892937148],[107.31194316466583,11.570999504270766],[107.31169139448973,11.570200323772495],[107.31070720307876,11.568663001305707],[107.31029521429076,11.568291068127595],[107.30988322772346,11.568159460781306],[107.30941020587711,11.568289161324458],[107.30889903569873,11.569073081332524],[107.30767070362997,11.570588470112313],[107.30678569384625,11.571256042593586],[107.30522166754763,11.571811080376602],[107.30355845925102,11.571857810827588],[107.30250560400155,11.571604133360278],[107.30193339850803,11.571152091345205],[107.30174266327239,11.570871711552279],[107.30171214664338,11.570588470382651],[107.30199443324088,11.570042015620016],[107.30283366723963,11.568838478197808],[107.30371867673128,11.567088485576893],[107.30464946256157,11.564754844304245],[107.30574809528386,11.562770248092738],[107.30724345758479,11.560418486577404],[107.30901347580077,11.556956648477339],[107.31004344431767,11.555229544370166],[107.31095134167334,11.554225325906891],[107.31170665214384,11.553623557726125],[107.31227885717236,11.553378462812043],[107.31287395011556,11.553341269645124],[107.31341563680417,11.553764700740889],[107.31414042867713,11.55411279138844],[107.31519328586512,11.554310201946096],[107.31708537568387,11.554376006141645],[107.32244883982153,11.55419766809975],[107.32418834207616,11.554281592160992],[107.32585155034533,11.554507613093879],[107.32740794600895,11.55465829313002],[107.32916270705863,11.554611562862235],[107.33132945504708,11.554385541870987],[107.3327180051145,11.5541499843187],[107.33352672106011,11.553745626364604],[107.33383952653617,11.553190587028206],[107.33401500223391,11.551341412862593],[107.33430491946483,11.550151227221388],[107.33598338646426,11.547109006315623],[107.31422435276717,11.542524695029346],[107.30661784499898,11.54073178677888],[107.30203257934527,11.539602637476005],[107.29578410454472,11.537851691705711],[107.2874833238185,11.536222815788427],[107.25672160367222,11.528978706975886],[107.25638591051586,11.528807045242733],[107.25630198675624,11.528819443077317],[107.2460328209974,11.526653649612614],[107.23686991804045,11.52456700975896],[107.22553263746683,11.52233827461304],[107.20957194388102,11.519107225907064],[107.19502268763634,11.515814189830385],[107.18458567594917,11.51373327251426],[107.17591105414775,11.511922245095002],[107.14697276039361,11.505379086525911],[107.13078318379226,11.500481970313087],[107.13092051365973,11.500118620560265],[107.13097391865357,11.49962843091083],[107.13085184835518,11.499234564627082],[107.13065348434326,11.498996145405854],[107.13010416779798,11.498085386081865],[107.12951670453046,11.497595197217919],[107.12938700429487,11.497420675343442],[107.12905894044087,11.496678715915962],[107.12892899832862,11.49658599672787],[107.12869272937486,11.496417410017022],[107.12791453146167,11.495761281830616],[107.12771616712185,11.495541936846026],[107.12744150924719,11.495099431777748],[107.1272812913199,11.494968777966065],[107.12698374523276,11.49485910615608],[107.12603007087418,11.494650251216784],[107.12540446017326,11.494051344590389],[107.12345896521175,11.49322641499508],[107.12306223624631,11.492888815205312],[107.1227570600019,11.492535954873045],[107.12267313728903,11.492346174314974],[107.12263498983825,11.492103941374257],[107.12265787833395,11.491671926719897],[107.12274180206985,11.491366749870805],[107.12313090083798,11.490697271139078],[107.12316904790356,11.490535145945799],[107.12313090107796,11.49038351237926],[107.12302408883374,11.490270979605212],[107.12284098417267,11.490180380288939],[107.12216959703977,11.4900659388694],[107.12186442050708,11.489961988533654],[107.12157450361265,11.489573842883743],[107.12106333476079,11.489250547232745],[107.12088022860773,11.489066488224925],[107.12077341745481,11.48887956850542],[107.12072764065628,11.488641149038212],[107.12074289924716,11.488227255373394],[107.12103281681736,11.48729551477362],[107.12104044691813,11.487170583385398],[107.120941264926,11.486861592967776],[107.12072764085107,11.48654878833103],[107.1206360881784,11.486192113929063],[107.12073527020765,11.485845929905947],[107.12107859310566,11.485313780335064],[107.12108622231436,11.484990483965982],[107.12101003614045,11.484762789798252],[107.12100229908087,11.484739668339971],[107.12097133235369,11.484712959279616],[107.12093992208302,11.484685868159085],[107.12092600541601,11.48467386431296],[107.12089159024585,11.484662507264133],[107.12080468816978,11.484633830352545],[107.1207352704158,11.484610921938502],[107.12036143010258,11.484577542789996],[107.12007151363719,11.484629041051711],[107.11954508432937,11.48481691529726],[107.11948277946932,11.484830798312762],[107.11929647726322,11.48487231244455],[107.11919413217223,11.484895117393911],[107.11912730842,11.484890939795088],[107.11901802064082,11.484884109817493],[107.1189499923854,11.484879858291286],[107.1188697148083,11.484848669499222],[107.11875226077649,11.484803036086369],[107.11866770480613,11.484770185224399],[107.1186056473443,11.484725366481143],[107.11845045640897,11.484613284526391],[107.11839304666987,11.484571821656576],[107.11830912244548,11.484437352822761],[107.11827860560568,11.484285719451167],[107.11829011769072,11.484263929370552],[107.11838541626169,11.484083540529555],[107.11880503337535,11.483675367053529],[107.11888895638089,11.483513242489751],[107.1188508096524,11.483321554198424],[107.11870585152587,11.48315752180648],[107.1186808761554,11.483149920913265],[107.1185303751047,11.483104116084748],[107.11831675275722,11.48314417137762],[107.11805735205229,11.4832490755058],[107.11759958914963,11.483518965032335],[107.11740885416793,11.483559973535241],[107.11727915463862,11.483532315919105],[107.11717997233146,11.483461744433788],[107.11687479599094,11.482962018909557],[107.11671457962296,11.482822782038681],[107.11649332655573,11.48271597144099],[107.11586008732756,11.48256719831437],[107.11556254041034,11.482443220052359],[107.11544047067923,11.482311613187097],[107.11527262293015,11.481900579647558],[107.11517344158877,11.481816656384588],[107.11494455913008,11.481732733439454],[107.11439524287162,11.48162592099972],[107.11404429107547,11.481386549516547],[107.11375437399992,11.480988867014753],[107.1135560101241,11.480794317292794],[107.11351669120816,11.480772864350305],[107.11299143407575,11.480486279991608],[107.11252604146136,11.480367071016431],[107.1121293132214,11.480370886581895],[107.11121498174464,11.480705908521998],[107.11112986236957,11.480737097592035],[107.1109857238576,11.480815858488102],[107.11006174720792,11.481320745711614],[107.10975657127729,11.48143709376229],[107.10945139536827,11.481409437687372],[107.10913859009678,11.481236822340618],[107.10882578483834,11.481137640273149],[107.10864268040119,11.481120474445525],[107.10801706878462,11.481285459300343],[107.10730753477182,11.481257803685063],[107.10667429562842,11.481419927983286],[107.10649119033411,11.4814285110643],[107.10617075640522,11.481333143318004],[107.10569773339735,11.48091543508322],[107.10563669806852,11.480821975048643],[107.10540018678878,11.480736143571995],[107.10514841721118,11.480759032079394],[107.10488138823865,11.480857259855624],[107.10423288851345,11.481258756753238],[107.10397349038276,11.481250173612995],[107.10359202003397,11.481026060899056],[107.10322580902562,11.480976469711239],[107.10292826247185,11.481092817975354],[107.10231791095634,11.481156713858047],[107.10211191751681,11.481256850014564],[107.10198221765417,11.481503851807107],[107.1019669585575,11.481977827718538],[107.10191355413016,11.482215292633743],[107.1018372601562,11.482357389850069],[107.10168467215367,11.482462293890302],[107.10131083075159,11.482488044306303],[107.10080729116775,11.482135184115275],[107.10048685699117,11.482113250220555],[107.1000443522024,11.482212431657468],[107.09939585302266,11.482659705210667],[107.09919748866685,11.482731231135528],[107.09904490079909,11.482699759081784],[107.09890757201109,11.482559569530473],[107.09864817250406,11.481798536977603],[107.09805308022689,11.481359847511538],[107.09801493239469,11.481230146787325],[107.09803019151614,11.480778106355803],[107.09796915704948,11.480678922940958],[107.09782419789337,11.480656988650512],[107.09763346274693,11.480690367414311],[107.09724436366871,11.480940230467821],[107.09708414645539,11.480965025834365],[107.0969620757956,11.48092974013824],[107.09682474683633,11.480823881976553],[107.0965577191785,11.48039949752906],[107.09608469572427,11.480229743304003],[107.09575663139414,11.480271703890901],[107.09515390934791,11.480513938333033],[107.09501658107492,11.480520612894349],[107.09498587505614,11.480497308947054],[107.0949226521525,11.48044932827412],[107.09490976900311,11.480439550836213],[107.09439097050796,11.479936010988482],[107.09432435138541,11.47979527794263],[107.09431467648531,11.479774839902463],[107.09436045256669,11.479566939402064],[107.09458170448602,11.479315169076642],[107.09456644668172,11.478763945166625],[107.09463511067642,11.478696234377542],[107.09505472796533,11.478611356874799],[107.09530649769165,11.478487380194338],[107.09537516164632,11.478360540764982],[107.09539805022995,11.477872260247738],[107.0954819740014,11.47767008064988],[107.09566507877284,11.477480300394488],[107.09619913681983,11.477095969434332],[107.09624491260043,11.47693956590022],[107.09625254225708,11.476622946549977],[107.09613047116865,11.476438886854295],[107.0961075836068,11.47622526414873],[107.09643564771373,11.475515731347958],[107.09647379460006,11.475268729214916],[107.09644327762155,11.475150472924364],[107.09634409510332,11.475029357140423],[107.09585581341342,11.47481668651244],[107.09573374309703,11.474707968640733],[107.09567270821812,11.474566825002709],[107.09565744903216,11.474369414091033],[107.09569559688669,11.474255927219456],[107.09596262557719,11.473909743029877],[107.09603128966526,11.473706609661077],[107.09580240870766,11.473209746086255],[107.09549723225632,11.472856886922685],[107.09546671457741,11.472557433287188],[107.09558115531763,11.472267515409326],[107.09582529604151,11.472022421913156],[107.09597025422894,11.471810706255226],[107.09603128902117,11.471514112613129],[107.09600840117122,11.471207984048242],[107.09589396013126,11.470964796396576],[107.09558878447537,11.470719702829337],[107.09529886749868,11.470622428135208],[107.0948105862148,11.47062814992903],[107.09459696293224,11.470466979181271],[107.09452066939316,11.470214254674785],[107.09461222193359,11.469704038945933],[107.09460459311829,11.469171889168535],[107.09449778090458,11.468855268536917],[107.09432993440085,11.46859968520108],[107.09388742939963,11.468236334347898],[107.09329233666085,11.46797598199443],[107.0927811671926,11.467668897366979],[107.09210215066862,11.467105276798998],[107.09150705822825,11.466842063212484],[107.09124003027088,11.46665895730204],[107.09098825982254,11.466636069315319],[107.09028635448827,11.466803915823306],[107.0901185086257,11.466781980635226],[107.0898972555399,11.46667421631971],[107.08971415049433,11.466533072178862],[107.08956919215761,11.466343290910766],[107.08937082813426,11.465617545199722],[107.08926401542558,11.465495475108241],[107.08911142909007,11.465417272775378],[107.08889017549426,11.465388663343054],[107.08869944110421,11.465424903293117],[107.08809671899068,11.465767271649206],[107.0877686550526,11.46585787081532],[107.08757791960026,11.465843566365503],[107.08712778553867,11.465561278272672],[107.08654795217488,11.465517409267658],[107.08625803499409,11.465451605693419],[107.08605204085441,11.465498336328837],[107.0854798364787,11.465789206430609],[107.08527384241509,11.465822585423615],[107.08512125462072,11.46578157716417],[107.08505259101085,11.465566047504305],[107.08505259090468,11.465063459722154],[107.08498392555043,11.464841254000984],[107.0848923722664,11.464691526987094],[107.08426676225048,11.464013465028831],[107.08408365775121,11.463930494767437],[107.08367929985148,11.463854200808091],[107.08348856457071,11.463760741154475],[107.08253488982699,11.462644942521232],[107.08246622534348,11.462516195745406],[107.08247385489014,11.462188131786368],[107.08253488990304,11.462074644834347],[107.08267221916874,11.461952574730669],[107.08309183585945,11.461790449717112],[107.08367929995397,11.461684591802163],[107.08403025139494,11.46155870704611],[107.08408365783755,11.461251623798605],[107.08386240482015,11.46022165631934],[107.08364115258715,11.459873564896004],[107.08350382339451,11.459831602695724],[107.08219156755646,11.460068114251698],[107.08131418660803,11.459720023439735],[107.08099375241531,11.459497816822948],[107.08088694049712,11.459122069144575],[107.07981119631692,11.458146459642244],[107.07879648639185,11.45713079730392],[107.0784379053324,11.457200414846447],[107.07747660144045,11.458091146763804],[107.07717905414293,11.458188421891673],[107.07704172476326,11.458105452041357],[107.07700357811274,11.457728751528892],[107.07705698408876,11.457492239928525],[107.07785044105967,11.456879981023016],[107.0779496233096,11.456559546079678],[107.0779191061801,11.455738433197675],[107.07772074136518,11.45527876226404],[107.07489786573383,11.454122908290648],[107.07471476009042,11.454205877873001],[107.07471475981035,11.454387075758007],[107.07513437724472,11.455487616248897],[107.07508859997607,11.455974943812187],[107.07493601171112,11.456086524092617],[107.0747147598727,11.456016906639748],[107.07444010170445,11.455599195917364],[107.07354746323534,11.455264457022462],[107.07336435732933,11.45486105205334],[107.07332620985868,11.452800161935256],[107.07328043384807,11.452549346386343],[107.07312784596593,11.452521689315807],[107.07287607594982,11.452646620932416],[107.07251749385148,11.452702886809078],[107.07238016485798,11.452549346609832],[107.07238779524519,11.452285178556439],[107.07280741116118,11.45163000457682],[107.07282267011895,11.451449758901736],[107.07258615886809,11.45129621807881],[107.07193003057496,11.451296217829501],[107.07176218393973,11.451407798428212],[107.07135782574179,11.452577002092244],[107.07105265040535,11.452633268928519],[107.07076273407344,11.45246542263972],[107.07009134629448,11.451156981144376],[107.06996927673507,11.451003440305495],[107.06875620289694,11.450766928007427],[107.06831369739749,11.450460799634067],[107.06824503218026,11.449903853640414],[107.06789408039891,11.449569114324637],[107.06793222737272,11.449319251539299],[107.06826792190705,11.448914893471745],[107.06939707158563,11.448009856539032],[107.06944284754032,11.447801000910005],[107.06927500107876,11.447522528186763],[107.06767282822152,11.446743376835201],[107.0673066178176,11.44608820203887],[107.06723795247004,11.445796378351151],[107.06792459851442,11.444626219770603],[107.06794748626906,11.444278128558855],[107.06748972202196,11.443387396675048],[107.06728372881271,11.442537673303363],[107.06659708321426,11.4416612464765],[107.06667337693852,11.441429503101727],[107.06688700056677,11.441240675615285],[107.06716165769762,11.441261657287614],[107.06735239282615,11.441156752196186],[107.06723795237994,11.44091451879578],[107.06696329368344,11.44075716302711],[107.06624613125767,11.440543539918844],[107.06597910189124,11.440383323285548],[107.06591626519193,11.44027073883107],[107.06591043803643,11.440260298967534],[107.06591355485898,11.440210436733118],[107.06591985331674,11.440109667988228],[107.06592569692857,11.44001615765754],[107.06598673175287,11.439886458149937],[107.06650553088208,11.439356214827184],[107.0666810074548,11.439125425576096],[107.0668793709359,11.43845308617358],[107.06700144077134,11.438229926245599],[107.06718454715367,11.438048728325668],[107.06784670997362,11.437766632673384],[107.06793222681272,11.437730200950785],[107.06794010900259,11.437719609033406],[107.06799326187082,11.437648184549413],[107.06801615066766,11.43728578749781],[107.0678711917244,11.436962493096948],[107.0672455821288,11.436048872484523],[107.06713876948054,11.435720808806392],[107.06713114109081,11.435291654390687],[107.06716928778434,11.434974081768596],[107.0674439461695,11.434374220403487],[107.06742105765206,11.434200651377612],[107.0672303228767,11.433825857452279],[107.06731424598345,11.4332336258534],[107.06723032258114,11.432765371762802],[107.06826029042094,11.431507475716069],[107.06850443201989,11.431071645785453],[107.0684128789916,11.430354482777606],[107.06822214357709,11.429380781261044],[107.06803140872003,11.429330236404118],[107.06703195833681,11.429611570836341],[107.06649027189687,11.429675466527296],[107.06626138994399,11.429573423230732],[107.06595621310105,11.42861307396231],[107.06600961954304,11.428254492291888],[107.06616983686068,11.428113349031293],[107.0676041626168,11.427997953804798],[107.06784067435504,11.42788255906008],[107.06787882178217,11.42771661993699],[107.06716165774525,11.426986105490895],[107.0671616574508,11.426884062525025],[107.06733713449617,11.426820165608616],[107.06763468075509,11.426820165746946],[107.06848917281042,11.427626974300232],[107.07114420163337,11.427882559428904],[107.07130441975639,11.427767164325585],[107.07139597112314,11.427306539331822],[107.07133493660463,11.426973707050994],[107.0705643672151,11.426332838140329],[107.07056436768133,11.426166898077314],[107.07093820829306,11.425692922528523],[107.07286081579949,11.424130804085785],[107.07373056598522,11.423310644343719],[107.07389841337732,11.422888166268088],[107.07384500715318,11.422670727589677],[107.07301340298103,11.422029858789426],[107.07302103251784,11.421863919657685],[107.07385263665628,11.421057110926773],[107.07424173629593,11.42097986353863],[107.07539377409367,11.420967466104731],[107.07580576165861,11.420762425663467],[107.07605753158575,11.42042959379317],[107.07624063719062,11.41927660205356],[107.07620249017215,11.418431645481064],[107.07607278998903,11.418021565614236],[107.07452402317546,11.415908223706833],[107.07425699364497,11.415614491975475],[107.07385263608984,11.415639287460152],[107.07350931423372,11.415947323911858],[107.07308969698153,11.416740782191004],[107.07269296766206,11.416792279570538],[107.07246408664274,11.416690236553023],[107.07234201596242,11.416421300856978],[107.07250223392407,11.41517866295152],[107.07222757461282,11.41484583079156],[107.07194528754641,11.41482008051456],[107.07099924282741,11.415549641691383],[107.070831395623,11.4155496418557],[107.07057962551454,11.415383702647969],[107.06880960681627,11.413347607830012],[107.06864176003006,11.412809735475307],[107.06859598399038,11.41242540481814],[107.0682068850357,11.412220364470866],[107.06796274375172,11.411977177592645],[107.06788645005322,11.41167009497618],[107.06800089101216,11.411272412710758],[107.06784830244962,11.409838086801068],[107.06816873780012,11.409223920377503],[107.06811533153979,11.409082776551356],[107.06720743385371,11.408378010391024],[107.06719980342059,11.408186322688229],[107.06724558035245,11.407955533722008],[107.0674897203439,11.407853490440072],[107.06793985536558,11.407801992002936],[107.06879434786654,11.408019429357726],[107.06897745209623,11.407981282566098],[107.06923685274748,11.407712346789717],[107.06919107524664,11.407379513960416],[107.06893930573774,11.407084828636519],[107.06791696700306,11.40634191643501],[107.0679398549661,11.40616262592393],[107.06810770098451,11.405996686676515],[107.06935129366474,11.405586606332259],[107.06950388142755,11.40547121143883],[107.06948862273578,11.405279523851883],[107.06865701848645,11.404549008226013],[107.06820688420356,11.403742200691498],[107.0680314074094,11.403652554813183],[107.0678864492261,11.403755551344037],[107.06735239135269,11.404459363831815],[107.06716165664075,11.404510861462507],[107.06694040428451,11.404446965878329],[107.06660471104858,11.403806096914932],[107.06600961803173,11.40330732464532],[107.06578836488595,11.40323007678155],[107.06437692670312,11.40356290929584],[107.0639039048664,11.40348661600827],[107.06214151514614,11.402654057980335],[107.06069193037871,11.401424772101917],[107.06020364851105,11.400886900148993],[107.0600129134715,11.400822050130069],[107.05921945705491,11.400976544529124],[107.05893716929246,11.40092504646086],[107.05859384595887,11.400630360704966],[107.0579987539335,11.399567014333078],[107.0574646959461,11.399196034811798],[107.05741128952032,11.399016744118875],[107.05746469537712,11.398722058611872],[107.0576401715635,11.398530370098594],[107.05910501539375,11.398440724349372],[107.05927286301167,11.39838922665536],[107.05927286301895,11.398197537466757],[107.05769357742078,11.397467023763458],[107.0569993023001,11.397211438595887],[107.05659494481,11.397121792630161],[107.05627450993076,11.396749861013394],[107.0562821400567,11.396506673877981],[107.05655679761388,11.396365529796297],[107.05670938525363,11.396225339671677],[107.05661783222116,11.395956402571969],[107.05591592843201,11.395187741430604],[107.05567941784075,11.39486253925889],[107.05559549349702,11.394534475141109],[107.05564889966276,11.393444424593206],[107.05565865667828,11.393408955131532],[107.05574045254862,11.393111592849408],[107.05589286023536,11.39292298906773],[107.05596933410591,11.392828351967554],[107.05615243913904,11.392669087482663],[107.05654153796567,11.392431622962702],[107.05677042012717,11.392330534095581],[107.05765543011165,11.392083531487126],[107.0578003879629,11.392004376604934],[107.05783090620206,11.391856557237075],[107.05781545241383,11.39184338132642],[107.057794150235,11.391825220280955],[107.05753336014405,11.391602879702434],[107.05742027554467,11.391545592636433],[107.05738840144258,11.391529446345574],[107.05737817341759,11.391514104948225],[107.05735240502958,11.39147545269587],[107.05734262531003,11.391460782699653],[107.05733461560698,11.391399209294994],[107.05731312634175,11.39123401261532],[107.05731210755532,11.39122617862653],[107.0573178245427,11.391214437902502],[107.05735064707531,11.391147033586078],[107.05736551360603,11.391116505522394],[107.05739933567097,11.391089217649046],[107.05743275155203,11.39106225697893],[107.05744943666821,11.391048794370018],[107.05749257958543,11.391046230664449],[107.05791482892447,11.39102113848081],[107.05808267609987,11.390974408988805],[107.05825052354133,11.3908113309321],[107.0584641467961,11.390813237285858],[107.05861673472829,11.39090669795291],[107.05874643321928,11.391201382731497],[107.05898294541205,11.391530400475522],[107.0591965687379,11.39159048135635],[107.05926298037014,11.391588157218141],[107.05931211218973,11.391586437909393],[107.05938730249015,11.391583806183638],[107.05955514933072,11.391530400633854],[107.05958419739864,11.391508135910177],[107.05993339184397,11.391240474512356],[107.05995950756767,11.391220456331371],[107.06003721657652,11.391112463333636],[107.060065625082,11.39107298326847],[107.06008920704386,11.391040211672458],[107.06009164843141,11.391024190232809],[107.06010042766586,11.390966582512114],[107.06010446639297,11.39094007608976],[107.06009408305313,11.390913846359659],[107.05977640279397,11.390111333604828],[107.05976114311837,11.389949208000402],[107.0598145490421,11.38971746544842],[107.060028171932,11.389225369082114],[107.06059274717218,11.38873804278821],[107.06085977643093,11.388376598957267],[107.0608597762609,11.387962704416601],[107.06094369953338,11.387327557258702],[107.06093607009572,11.387090092151213],[107.0605774883283,11.38664758718689],[107.06050119375857,11.386483555267562],[107.06044778843263,11.386204129545304],[107.0604935650401,11.385862714298668],[107.06056985910529,11.38577974450119],[107.06082162869801,11.385780698571004],[107.06122598718962,11.38601720937758],[107.06139383312758,11.386050587172823],[107.06153655105538,11.386018306489298],[107.06155405058458,11.38601434805221],[107.0615797037452,11.385961875062993],[107.06161995737293,11.385879539403854],[107.0616379740159,11.385842686199915],[107.0615998268353,11.385689144895743],[107.06140146337646,11.385427838054673],[107.06120309796833,11.385312442879162],[107.06076822301554,11.38517606863556],[107.0606690408834,11.385106450357068],[107.06056985904833,11.384913808410891],[107.06043252866228,11.38425386555856],[107.06025705265895,11.384107953604786],[107.05990983594377,11.383976895366278],[107.059867954012,11.38396108759793],[107.0597229964074,11.383846646511518],[107.05952463164799,11.383169536888225],[107.05947122636215,11.383089428940458],[107.05914316170748,11.382992153951195],[107.05833444631075,11.382976895330074],[107.05814371070343,11.382913953536246],[107.05797586415004,11.382802372816487],[107.05790719981809,11.382625943502052],[107.05778512956054,11.38190973322396],[107.05771646467574,11.38179147810425],[107.05752573012471,11.381616002543808],[107.05733499521006,11.381139164839515],[107.05732736605297,11.381019955000763],[107.05744943592373,11.380651837042075],[107.05741891847126,11.380447751610493],[107.05735025413308,11.38032186661166],[107.0572281841596,11.380279904550163],[107.05708322454979,11.380293256384697],[107.0565644255267,11.38048685091598],[107.05643472704189,11.380487805618689],[107.05615243922895,11.38028085804545],[107.0561142913856,11.379972821000402],[107.05656442530874,11.379550342996854],[107.05736551246007,11.379269963048735],[107.0580903045374,11.378871327350062],[107.0582352635928,11.378585224852868],[107.05827341104036,11.377707843813612],[107.05841073946048,11.377363568390926],[107.0584870332568,11.377260570898624],[107.05877695056367,11.377200490027729],[107.05893716743584,11.377218609956945],[107.05966702631757,11.377694755250193],[107.05973825463899,11.377741222589483],[107.0598490231386,11.377769779619868],[107.06003788286571,11.37781847106971],[107.06010446560819,11.377835636858467],[107.06015686717036,11.37781847101731],[107.06027334554551,11.377780313589767],[107.0603257178161,11.377763157793797],[107.06037181654993,11.37771129712019],[107.06044626203422,11.377627545771745],[107.06045541779163,11.377617244965098],[107.06045643196926,11.377597035837876],[107.06047067587976,11.37731302318738],[107.06037149404307,11.377079373179413],[107.0603431634049,11.377051287170035],[107.0601502417038,11.37686002829023],[107.05953226043141,11.376854305801817],[107.05931863797541,11.376807576187758],[107.0584183685065,11.376265888930456],[107.0580063818234,11.376149541294915],[107.05764017083507,11.376158124075573],[107.0573273652723,11.376218205084252],[107.05640420887887,11.376614934115405],[107.05596933355793,11.37672174528176],[107.05565652720142,11.3767207921723],[107.05538186929336,11.376647359233758],[107.05487832909164,11.376223927008677],[107.05475625945853,11.37617052134056],[107.05455026578754,11.376220111705926],[107.05412301993404,11.376498584815257],[107.05392465582247,11.376453763065276],[107.0537568087936,11.376304036046498],[107.05363473841851,11.376105672079712],[107.05348977940777,11.375513440586992],[107.05340585633544,11.37534463918701],[107.05313119807649,11.375150089819515],[107.05249032927755,11.37486684957672],[107.0523530004881,11.37472570544851],[107.0523530008105,11.374568348873623],[107.05242166397842,11.374396687217343],[107.05315408607731,11.373715764274566],[107.05321512175286,11.373525028915436],[107.0532151209052,11.37327039837032],[107.05306061717056,11.372507995071373],[107.05302532837872,11.372458148021872],[107.05297146528007,11.372418713744281],[107.05285789464087,11.372396873093807],[107.05277413494717,11.37239248206285],[107.0525535933294,11.372439179444976],[107.05239931612005,11.372487979739855],[107.05214700618258,11.37267721186762],[107.05200967703966,11.372940426779703],[107.05191812449972,11.373325711276953],[107.0514908784196,11.37381208537682],[107.0514069554521,11.373971347863288],[107.05133829000673,11.374485378985352],[107.05126962598027,11.374654179646143],[107.0510865199484,11.374838238607792],[107.05072793895587,11.37501180689069],[107.0505524636818,11.375024205444648],[107.05022439939142,11.374968892268372],[107.04946908972855,11.37478483300333],[107.04886636648608,11.374831563491728],[107.04853067350392,11.374769574247441],[107.04836282600239,11.374624615382244],[107.04815683370795,11.374274617559594],[107.04805765155109,11.37417257434497],[107.04794321070541,11.374113446490261],[107.04776773423158,11.374094372516991],[107.04758462792745,11.37416494398266],[107.04707345899949,11.374538785393323],[107.04681755103078,11.37453013918094],[107.04679117156383,11.374529248464704],[107.04665329664364,11.37444861668267],[107.04657754808547,11.374404317029985],[107.04624948446558,11.374491101185377],[107.0460206022688,11.374741917079792],[107.045730685379,11.375860577144527],[107.04557046794842,11.376042729979426],[107.04537973300334,11.376085644872306],[107.04447946524327,11.375600224457108],[107.04409036533724,11.375574475250914],[107.04386911317806,11.375652676666562],[107.04379281893974,11.375773793957569],[107.0438691136154,11.375973111511867],[107.0444108002991,11.376736050835564],[107.04439554118152,11.376935368617781],[107.04405984821418,11.377429372941673],[107.04382333702783,11.377524739617725],[107.04315195054453,11.377143270077834],[107.04304513864213,11.37701357055622],[107.04299936213019,11.37649286392308],[107.04240426927036,11.376354581548538],[107.04170236564596,11.376016027132444],[107.04148874238011,11.375973112187651],[107.04111490182936,11.376224881764218],[107.04084024355666,11.3761895954276],[107.04076394954595,11.375625973841329],[107.0408249853284,11.375470524602383],[107.04132089547981,11.375305539758799],[107.04259500382601,11.37524545757513],[107.04277048046227,11.375150090751154],[107.04283151531493,11.374993687611424],[107.04277048047678,11.374820119674897],[107.04259500399816,11.374586468985113],[107.04210672361646,11.374369984276644],[107.04114541935374,11.374266034357966],[107.04098520240042,11.374109632040138],[107.04085550213784,11.373832113083827],[107.04085550186151,11.373563176346567],[107.04102334899899,11.373416310303309],[107.04251870983158,11.373238927700436],[107.04261789176616,11.373143559805467],[107.04264840977632,11.372995740319082],[107.04253396953584,11.372692471938775],[107.04199991150409,11.372345334466978],[107.04109964337815,11.372111684387315],[107.04049692077984,11.372164137017442],[107.03920755267492,11.37262762173874],[107.03901681800748,11.372549421222331],[107.03875741862021,11.372292882468122],[107.03881845371939,11.372064001096163],[107.03868112538076,11.371379263114397],[107.038566684373,11.371162778398906],[107.03836831915334,11.371084576381277],[107.03716287459758,11.371327764110559],[107.03624734756353,11.371318227514031],[107.03572091977851,11.371249562807241],[107.03561410823787,11.371110326556646],[107.03562936711734,11.370850926534587],[107.03582010221935,11.370304471777414],[107.03582010182527,11.369636899757657],[107.03591165417964,11.369464285048208],[107.03849801887809,11.3687700092378],[107.03966531665297,11.368008023510965],[107.04013070981169,11.367764836699541],[107.04148111173156,11.367349034237469],[107.04172525238799,11.36722791729317],[107.04172525286168,11.367054349576614],[107.04145059518613,11.366811162494455],[107.04089364916899,11.366672879271695],[107.03995523389881,11.36708868159978],[107.03692636364282,11.366950398812637],[107.03600320636872,11.366568928933397],[107.0356904013296,11.366170293884833],[107.0357285485462,11.365667707079151],[107.03586587764885,11.365459806088477],[107.03673562879246,11.365061169783134],[107.03695688162054,11.364679700732447],[107.03685006989376,11.363726025711896],[107.03627786480536,11.362547284846363],[107.03627786468951,11.3621486481856],[107.03638467638525,11.36183679660119],[107.0366440754977,11.36162889580126],[107.03695688155625,11.361732846405308],[107.03751382638889,11.362165814051115],[107.0378952965918,11.362131482809131],[107.038086031785,11.361923581750979],[107.03844461275854,11.361351376102153],[107.03846750163376,11.36098707357805],[107.03825387837954,11.36072672001826],[107.03770456159614,11.360709553360783],[107.03718576229808,11.360883122838256],[107.03678140404166,11.36072672041617],[107.03654489336475,11.36048448636506],[107.03645334016855,11.359721547670384],[107.03650674606394,11.359062557942567],[107.03642282312461,11.358907109565457],[107.03605661225937,11.358907109666863],[107.0352555266402,11.359132176526675],[107.0339051232201,11.358993893351824],[107.03376779449069,11.358803158939047],[107.03402719294613,11.357832318162929],[107.0347367272201,11.357485181221207],[107.03475961560713,11.35731161262648],[107.03453073283502,11.356878644231655],[107.03394327012032,11.356254941375608],[107.03274545519005,11.355335599621938],[107.03232583811193,11.35530126640626],[107.03179178044624,11.35547483518343],[107.03153238085217,11.355803853135928],[107.03142556949658,11.356601124250115],[107.03127298211213,11.356774693433994],[107.03090677110981,11.35679185912416],[107.03018197772128,11.356445676767317],[107.02967843796412,11.35602892098147],[107.02964029075441,11.355821019736412],[107.0303116783812,11.355519658862484],[107.03031930734782,11.355080014269223],[107.03129586992698,11.354332333760935],[107.03135690515704,11.353793507347081],[107.03118142897884,11.353100186454855],[107.03092202886312,11.352814084023763],[107.03060922388622,11.352770215131775],[107.03009805464866,11.352901822396639],[107.029792879059,11.35323179321252],[107.029823396842,11.353815442534104],[107.02956399696848,11.354133969112315],[107.02925119199567,11.354255086835357],[107.0285950636957,11.354189282566203],[107.02799997073039,11.353918439991604],[107.02753457826596,11.35384977450621],[107.02574929962189,11.354889280070392],[107.02524576005305,11.354976063633249],[107.02489480784556,11.35485494735278],[107.02411660942668,11.353294737190161],[107.0236664749314,11.353017217156655],[107.02156839151142,11.352427847062376],[107.02065286338699,11.35185564219881],[107.02046212918293,11.35152662349303],[107.02023324721242,11.350607281679938],[107.02020272919972,11.35027826498704],[107.02047738720779,11.349741346002798],[107.02047738790537,11.349480993034868],[107.02035531738079,11.349237805766668],[107.02011117647183,11.349169141787021],[107.01983651870293,11.349169142000637],[107.0196305254204,11.349342709487544],[107.01948556679619,11.351075535537701],[107.01910409639186,11.351370221849272],[107.0186005569775,11.351630574736395],[107.01801309320007,11.351578123087545],[107.01761636452882,11.351266270731278],[107.01711282396974,11.349949247356461],[107.0169907546939,11.348562605305188],[107.01686868410431,11.348302251998216],[107.01610574450376,11.347851163692532],[107.0155716871391,11.347660429177598],[107.01508340541264,11.347712880920701],[107.01412973093538,11.34828508512745],[107.01399240228125,11.348544485117017],[107.01411447239443,11.348770505942193],[107.01551828165343,11.349029904716298],[107.01577768067746,11.349220640011369],[107.0156250919345,11.34949815890506],[107.01505288850473,11.349758512024842],[107.014358613449,11.349828130210255],[107.01393899669118,11.349602110233338],[107.01335153370827,11.348995572930335],[107.01300821043044,11.348787672453318],[107.01182565442802,11.348596937462723],[107.01123819161684,11.34877050587102],[107.01055917396175,11.349048024974792],[107.01023111047272,11.348839170023435],[107.01016244648288,11.34835375021278],[107.0105439158353,11.346915609072862],[107.01047525121909,11.346655256538153],[107.00931558282126,11.346551306052996],[107.00903329651543,11.346326238536596],[107.00905618386138,11.346065885308072],[107.00931558291403,11.345476514844233],[107.00945291172226,11.345338232066181],[107.01069650417627,11.345285779889444],[107.01084146205966,11.345198994738677],[107.01099405015069,11.344401723765094],[107.0102692573373,11.343275434069024],[107.01031503347507,11.342790014295435],[107.01071939160802,11.342650777764128],[107.0115128485816,11.342841511979366],[107.01267251719868,11.343674070271723],[107.01309213307267,11.343742734910615],[107.0133515332366,11.343517668360688],[107.01350412066164,11.342911130829808],[107.0128861399398,11.34159315326632],[107.01302346913988,11.34142053790959],[107.01406106729434,11.34121263693134],[107.0141297309436,11.340935116869858],[107.01397714301208,11.340674763975061],[107.01258859281133,11.34058798026506],[107.01122293149186,11.340206509928423],[107.01065072673362,11.340397245133241],[107.01014718684576,11.340831167026609],[107.0096741650937,11.340882665000443],[107.00953683621398,11.34064043178516],[107.00934610037247,11.339599972672055],[107.00900277776022,11.339184170908748],[107.00543222082133,11.336705571776612],[107.00489053336719,11.336653120096575],[107.0046311349331,11.336930639494579],[107.00415048237569,11.338715917361363],[107.0038681943002,11.338785535979792],[107.00336465495629,11.338455564392905],[107.00317392008523,11.338160878924644],[107.00319680891052,11.337952978477842],[107.00386819434351,11.337502843994821],[107.00407418883914,11.337086087866412],[107.00402841289106,11.336479551465667],[107.00276193210092,11.335630780814475],[107.00243386789084,11.33500612369728],[107.00257119702574,11.334486371770279],[107.0034867251101,11.332995778935322],[107.00350198365899,11.332718260105025],[107.00321206631571,11.332406407689797],[107.00231179833911,11.332163220735847],[107.00100717090437,11.332631474924128],[106.99979409851437,11.33337724909668],[106.9989319757684,11.333498365370236],[106.9985962828751,11.333168394659209],[106.9986191713285,11.332908993881233],[106.99901589874729,11.331851370622676],[106.99953469808206,11.331365949511412],[107.00069436651161,11.331036932329067],[107.00081643726135,11.330950147202724],[107.00103005993309,11.330204374465623],[107.00085458362184,11.329216366941788],[107.000625701856,11.32887018357734],[107.00007638524215,11.32883489820689],[106.99948129328541,11.329095251358604],[106.99832162502484,11.330724127216461],[106.99804696562812,11.330914861345349],[106.99771890172408,11.330863362874137],[106.99617013456002,11.32945955436476],[106.99435433924627,11.32855737965609],[106.99424752785235,11.328228361450272],[106.99438485705546,11.327968008625362],[106.99513253819491,11.327291852925796],[106.99645242291659,11.326789266351799],[106.99652108682422,11.326598531525322],[106.99638375743636,11.326373464473201],[106.99601754656125,11.326235182532963],[106.99419412132727,11.326650983961262],[106.99218759110198,11.32770860872748],[106.99182137983051,11.328384763787552],[106.99182138008186,11.329112417634372],[106.99224099723315,11.32992685566331],[106.99359139965227,11.331036932810969],[106.99383554130442,11.331781751231807],[106.99372872863711,11.332353956375842],[106.99340066524582,11.332561857134877],[106.99232492000704,11.332544691393158],[106.99002847298635,11.332131750419594],[106.98973092611169,11.331986791284544],[106.98800668241856,11.3304818940665],[106.98719033785578,11.330083257972172],[106.98687753252936,11.32958067133719],[106.98623666369508,11.329042799670132],[106.98568734660108,11.329025633484795],[106.98544320682964,11.329320318416658],[106.98552713000954,11.330585844763515],[106.98638162188585,11.331348783473222],[106.98670968618485,11.331868537011484],[106.98646554515528,11.332232839686284],[106.98509225396177,11.332417853004682],[106.98307046447044,11.332232840070958],[106.98216256657449,11.331573851006365],[106.98166665593628,11.331435568875289],[106.98126229794572,11.331694968333961],[106.98136911012188,11.332493192952185],[106.98119363394636,11.33285654315368],[106.98066720561191,11.33294142002338],[106.98035140584815,11.332953263546964],[106.98005685374058,11.332964309580984],[106.9794465028723,11.332856543006763],[106.9782334287936,11.332284339025053],[106.97795114028506,11.331764585884175],[106.97792062361577,11.33046472829303],[106.9780960996627,11.329840071599323],[106.97852334527009,11.32942426951476],[106.97911843856777,11.329285987268374],[106.98086556962404,11.329389937437098],[106.98128518683681,11.32930315309096],[106.98135385063814,11.329164869605691],[106.98144540315104,11.324899084952246],[106.98157510376075,11.32470644234317],[106.98180398432805,11.324609168116561],[106.98210916081675,11.32464159236201],[106.98242959499879,11.325495130993776],[106.98273477132093,11.325672514657928],[106.9835587451595,11.325398809446554],[106.98555764787503,11.324320204995027],[106.98580941752351,11.323981649415716],[106.98555764752433,11.322387106398082],[106.98528298793246,11.322178251937784],[106.98328408702106,11.32142103431033],[106.98286446997248,11.32103479624909],[106.98254403640144,11.320551283931936],[106.98242959559164,11.319746382838456],[106.98258981222952,11.319456465280677],[106.98297891151218,11.319456465675245],[106.98499307128957,11.32079351601378],[106.98542794694849,11.320761091772736],[106.98574838161537,11.320246107114716],[106.98573312325641,11.319939977553531],[106.98550424110363,11.319488889280889],[106.98457345531922,11.31836164679584],[106.98444375536698,11.31810415446707],[106.98468789579188,11.317717916038209],[106.98510751186495,11.317234403764267],[106.98489388861043,11.317042715534937],[106.98197946080072,11.316188223692368],[106.98162087869423,11.31603086619253],[106.98148354968312,11.315854437399484],[106.98146066185893,11.315572149806561],[106.98200234868463,11.315065748838101],[106.98352822776884,11.314006216631318],[106.9836350387119,11.313677198408522],[106.98361978009409,11.313335783052434],[106.9835282280845,11.31301820931028],[106.98326882818874,11.312970525276466],[106.98300179844956,11.313041097016194],[106.98259744092289,11.313688642428392],[106.98237618857254,11.313841230608364],[106.98189553650816,11.313900358196163],[106.98031625278307,11.3134530856382],[106.98020944103482,11.313523657554521],[106.98014840623391,11.31381834271018],[106.98112496808399,11.315136320451384],[106.98114022716982,11.315442449051934],[106.9809418632878,11.315689451091876],[106.98007211203138,11.316030866897336],[106.97944650200917,11.315901167740064],[106.97855386172228,11.315383322966317],[106.97766885248704,11.31505430462598],[106.97718820060301,11.315006620527166],[106.97654733157319,11.315277464885925],[106.97511300488753,11.316678412063167],[106.97478494065696,11.316854841845593],[106.97450265384155,11.316795713804524],[106.97399911406818,11.315960294769495],[106.97365579049404,11.315901167990798],[106.97328958004671,11.315925009540612],[106.97231301789138,11.31670129998727],[106.97226724122561,11.317090399913894],[106.97246560567456,11.317465194148774],[106.97285470469197,11.317690260711892],[106.97296151595378,11.317972548028338],[106.97291574028814,11.318137533667771],[106.97281655768197,11.31825483599661],[106.97253427008503,11.31826723427578],[106.97212228248594,11.318126089685077],[106.97075662118843,11.317443258897253],[106.96866616652103,11.316866286349505],[106.96830758602135,11.316925413891818],[106.96789559791435,11.31719625688199],[106.96773538106082,11.317430861427068],[106.96768960509134,11.318172820585247],[106.9675370170425,11.3183025197818],[106.96732339350383,11.318313964223877],[106.96675881780128,11.31781996041599],[106.96660623042433,11.317525275054452],[106.96658334167239,11.316713697922637],[106.96665963527279,11.316442855628503],[106.96794900369501,11.31593645392016],[106.96819314437555,11.315572149842746],[106.96823892087043,11.315312750975755],[106.96801766828435,11.31510103531414],[106.96736916929797,11.315112479166407],[106.96552285635222,11.315654165840975],[106.96521768047889,11.315665610550203],[106.96491250486575,11.315477736407242],[106.96468362254832,11.314924605231491],[106.96463784670641,11.313829787551173],[106.96454629368515,11.313735373558872],[106.96340188438398,11.313688643484868],[106.96305093233717,11.313853629504546],[106.96295937948454,11.314124472277888],[106.96296700886913,11.314995177575415],[106.96290597332606,11.31527746543584],[106.9626999803637,11.315359481396158],[106.96250924527342,11.315288909374923],[106.96161660600477,11.313417800332443],[106.96133431878218,11.313159354751676],[106.96105203062264,11.313135512355656],[106.96023568565718,11.31334722805551],[106.96003732103983,11.313217528128732],[106.9600144334397,11.312876113741831],[106.96067056113957,11.311535246922045],[106.96062478440903,11.311322577254504],[106.96034249762731,11.311287291212436],[106.95960244546673,11.311511405445449],[106.9589997229485,11.311641104175125],[106.95858773637784,11.31148756342691],[106.95747384429652,11.30995786970795],[106.95745858524093,11.309698470181619],[106.95749673240022,11.30945146793571],[106.95780953793111,11.30912245178006],[106.959846586172,11.307957061298257],[106.96007546841231,11.307380088025223],[106.96001443320101,11.307086355955562],[106.95969399780358,11.306862242177802],[106.95923623364614,11.30682695756671],[106.95816811867607,11.307192214590097],[106.95767983802173,11.30725038786402],[106.95743569667323,11.307144529905724],[106.95715340995933,11.30670965559907],[106.95687112229675,11.305861837889513],[106.95695504523428,11.305132277275426],[106.95713815112065,11.30463827393047],[106.9580689368825,11.3036731565472],[106.95847329484961,11.302860624986822],[106.95858010604097,11.302284605612304],[106.95830544757435,11.301930792889982],[106.95788583130759,11.301802047448858],[106.95763406169138,11.301860221313795],[106.95739754971564,11.30206049225402],[106.95697793402067,11.303001769441815],[106.9566956454929,11.303285009863924],[106.95639809997613,11.30334318406068],[106.95589455963015,11.303367026099613],[106.95546731405251,11.303261167800171],[106.95472726211106,11.30253160692322],[106.95433053329104,11.301742919434858],[106.95423135123889,11.301659949082765],[106.95403298704107,11.301672347581444],[106.95302590627492,11.302213080070908],[106.95263680789904,11.302366622395754],[106.95183572126865,11.302425750016626],[106.9515076578118,11.302496321210242],[106.95130166350998,11.302695639532526],[106.95032510204811,11.304720290304788],[106.95018777150104,11.304790862561404],[106.9493485388645,11.304673560967611],[106.94890603395945,11.30476702050138],[106.94876107545977,11.30497968979324],[106.9487610760372,11.305367835631763],[106.9491425445774,11.306238539717738],[106.94921120988951,11.306639084004805],[106.94915017495688,11.307015784693837],[106.94877633450528,11.307756789719676],[106.94857034078852,11.3080390781784],[106.94834145890546,11.30808676059274],[106.94798287675654,11.308086760417945],[106.94756326105875,11.307732947961613],[106.94724282622934,11.30760420145085],[106.94702157341266,11.307650931776074],[106.94635018668318,11.308263190535147],[106.94617471038113,11.308298476826662],[106.94600686356804,11.308250793105469],[106.94590005286798,11.308003792238065],[106.94589242310857,11.307568915766877],[106.94600686339763,11.30728567461442],[106.94654092193656,11.306815512639727],[106.94672402714257,11.306544669529622],[106.94672402697799,11.30623853961412],[106.94657143873924,11.30603826909262],[106.94605264046722,11.305980095210103],[106.94517526012994,11.306297668167844],[106.94414529170139,11.306803115915717],[106.94346627563785,11.307533629723757],[106.94268807752965,11.308051474841134],[106.9424515659254,11.308451065366649],[106.94240579008039,11.308757193895344],[106.94268807766323,11.309486755356792],[106.942688078017,11.309698471068582],[106.94258126619707,11.309828170691993],[106.94227608952463,11.309898743478723],[106.94174966202792,11.30979288486932],[106.94142159750128,11.30951059678422],[106.9401703769583,11.306650528203713],[106.93993386593749,11.306368240429899],[106.93960580196044,11.306273826325587],[106.93923196167215,11.306332953950768],[106.93898019143684,11.306509383927471],[106.93889626830284,11.30683935481786],[106.938934416091,11.308109649524342],[106.93885049207614,11.308333762871893],[106.9387131622522,11.30848635111731],[106.93865212776392,11.308494934096622],[106.93812569953373,11.308187850852715],[106.93776711735985,11.308462509587837],[106.93766793550925,11.308472999075311],[106.93705758505179,11.308185943606764],[106.93682107283684,11.308217415100344],[106.93675240869642,11.308311828566618],[106.93669137330791,11.308647522311709],[106.93631753225377,11.309036621457318],[106.93633279154658,11.309085258710526],[106.93756112442951,11.309555420810824],[106.93762978868547,11.309566864746424],[106.93788918861463,11.30939234121203],[106.93796548214932,11.309383758588556],[106.93806466480261,11.30942095224227],[106.93827065804327,11.309734711349398],[106.93840798709334,11.309801468439673],[106.93871316240055,11.309799560354255],[106.93910226158646,11.309947379936673],[106.93921670250377,11.310110458344576],[106.93917855623113,11.310297378192262],[106.93908700267627,11.310383209115145],[106.93856820454978,11.310502418280587],[106.93846139234697,11.310638793958022],[106.93844613406809,11.310741791279346],[106.93865212770343,11.311132797182685],[106.93864449877924,11.311248192006158],[106.93859109304151,11.311356911678576],[106.93827065737871,11.3115094985788],[106.93795022388717,11.311850914545726],[106.93772134148462,11.312240967569627],[106.93772897095461,11.31233919515856],[106.93788918877027,11.312451729566911],[106.93846902201341,11.31239736905555],[106.93897256243808,11.312548050700423],[106.93917092715739,11.312553772667755],[106.93939217861114,11.312486061189363],[106.9397812779829,11.311972030612319],[106.93987283086649,11.311950096494018],[106.93994912527442,11.311996826608379],[106.94006356559849,11.312522301082963],[106.94020089492915,11.3126825181306],[106.9404068887323,11.312702545806168],[106.94094857560306,11.31243933170335],[106.94133767490484,11.312396415922008],[106.9414368566878,11.312438377432612],[106.94147500360438,11.312511810048491],[106.94145211622401,11.312606224590754],[106.94104775776344,11.312816032210232],[106.94093331666468,11.312981018093826],[106.94094094591784,11.313209900444539],[106.94104012806842,11.313343413904569],[106.94140633889876,11.31348741971719],[106.94150552178279,11.313650496915931],[106.94166573875587,11.313768753645354],[106.9418488441048,11.313839325261565],[106.94205483825145,11.313854584369418],[106.94216164896316,11.313957580706418],[106.94218453776256,11.314097771119915],[106.94202432042357,11.314395316943957],[106.94174203299484,11.314593681776875],[106.94174966239721,11.314717659354777],[106.94213876133054,11.314843544767273],[106.9424515657494,11.315125831348903],[106.9426957067541,11.315608391483671],[106.94290170104053,11.3157333227131],[106.94294747739386,11.315840134407596],[106.9430390305069,11.316810020218252],[106.94310769453737,11.31690920257563],[106.943275540862,11.316981682249569],[106.94373330563859,11.316881546337306],[106.94390878135187,11.316901573294224],[106.94407662700954,11.316986450785487],[106.94409188622483,11.317167648616117],[106.94386300467912,11.317497618993524],[106.94384774646227,11.317615875619918],[106.94387826308838,11.317721733579802],[106.94431313968255,11.318180449928098],[106.9444809854403,11.318235763206271],[106.94477090239168,11.318149933760312],[106.94487008530281,11.318020233299643],[106.94480904903895,11.317510971485085],[106.94490823160415,11.317413696758058],[106.94507607818059,11.317377456229645],[106.94651040462104,11.317767508894825],[106.94737252629022,11.318068870338134],[106.9476548147896,11.318442710872805],[106.94770059008246,11.31869829544563],[106.94768533121719,11.318757423494688],[106.94741067364916,11.318876632984912],[106.94733437912872,11.319001564614444],[106.9473420081821,11.319191344998163],[106.94747170796477,11.319389709227451],[106.94748696783472,11.319704422175622],[106.94758614931015,11.31982172454621],[106.94773873704422,11.319818862976645],[106.94790658480328,11.319898971582512],[106.94805154275973,11.320131668106239],[106.94765481473978,11.320386299059038],[106.94761666792499,11.320469269607452],[106.94760140894032,11.320924171507874],[106.9476548144049,11.321003326355518],[106.9481583544308,11.321088203405948],[106.94829568323424,11.321394333146783],[106.94837197717438,11.321467766312658],[106.94883737058964,11.321387657359361],[106.94936379853867,11.321511635529813],[106.94998177973794,11.321486838955924],[106.95013436767238,11.321600325903265],[106.950195402383,11.321723350248954],[106.95020303144442,11.322010406409046],[106.95024880899204,11.32208669999762],[106.95033273137011,11.322101005602788],[106.95042428491305,11.32206095149434],[106.95082101272324,11.321715720826628],[106.95098123037207,11.321680435195919],[106.95117196418737,11.321726210753592],[106.95174416940291,11.322445281871293],[106.95187386967702,11.322686561195649],[106.95182046326373,11.322972663950713],[106.95185861078969,11.323101410540788],[106.9519425335688,11.32319296246401],[106.95239266858103,11.323465712994283],[106.95243081455406,11.323569663888556],[106.95240792637857,11.323685058168092],[106.9522019335983,11.323804267822428],[106.95190438698198,11.323859581380905],[106.95182809242488,11.32392919921495],[106.95183572239638,11.324017891252586],[106.95193490469777,11.324133285428832],[106.95215615686249,11.3242648922053],[106.95232400366137,11.324465164014565],[106.95258340311857,11.326016792061617],[106.95273599104324,11.326688179328684],[106.95261392087102,11.326935180255871],[106.95213326864642,11.327288040762198],[106.95222482153358,11.327640899012389],[106.95294961405462,11.328629860329421],[106.95294961403675,11.328995117635486],[106.95282754422732,11.32951296278918],[106.9523316334769,11.330747970109698],[106.95141610594109,11.332398781267008],[106.95124063015201,11.334679016645559],[106.95135507178425,11.335974107022569],[106.95107278332486,11.337497124336375],[106.95063027823822,11.338295349436752],[106.94987496881986,11.339278587473423],[106.9495316462987,11.339526542915934],[106.94919595232109,11.33959616219566],[106.94886788877311,11.339608558716352],[106.94850930789423,11.340208421093665],[106.94821939028414,11.340373405740216],[106.94820413186464,11.340449700297366],[106.94842538356016,11.340952287210238],[106.94828042542753,11.341211686049693],[106.94811257841829,11.341359505797412],[106.9479981376023,11.341384301284219],[106.94755563286452,11.341218361653247],[106.94740304471105,11.34128893374864],[106.9477768856459,11.342063317494741],[106.94777688555969,11.342164407188955],[106.94770822057392,11.342220673227052],[106.9475785218928,11.342240700824288],[106.94716653351854,11.34204138325343],[106.94699105735518,11.342082391093928],[106.94683084056838,11.342199693445025],[106.94673165822891,11.342399010993613],[106.94670114081944,11.342581162049553],[106.94680032229074,11.342836747363403],[106.9467698059545,11.342928300570069],[106.94670114049929,11.342938789759916],[106.94647225832614,11.342814813166518],[106.946350188895,11.342824349088284],[106.94620523106913,11.34293020705931],[106.94618234175832,11.343078027675036],[106.94622048890439,11.343181977393431],[106.94657144084617,11.343655000432726],[106.94670877085501,11.344065080222746],[106.94670114073534,11.344153770988909],[106.94664773476858,11.3441985945249],[106.9460373837361,11.344177612924973],[106.94596109005323,11.344264398092948],[106.9459687185015,11.344361672176705],[106.94645700086333,11.34486521196344],[106.94648751772684,11.344939598890347],[106.94647988841852,11.345002541304225],[106.94613656582179,11.345425972929132],[106.94612130700425,11.345488915535316],[106.94628915331594,11.345784553957191],[106.94621285969203,11.345912347651401],[106.94602975342836,11.345976243679019],[106.94561776647602,11.346002946765296],[106.94512185680082,11.346460709477762],[106.94472512805629,11.34692228850804],[106.9442902528579,11.346774468258449],[106.94383248850431,11.34670485010211],[106.94353494134826,11.346743951096778],[106.94290170304076,11.346878419545918],[106.94216165113423,11.347316155807404],[106.94176492238329,11.347905526910068],[106.9411164239057,11.349221597608805],[106.94081887800903,11.349995980994697],[106.94023141521157,11.351047884113406],[106.93984231560691,11.351515184140313],[106.93496713205637,11.353823076079063],[106.9347306212842,11.353894602564747],[106.93447885105242,11.353898416236493],[106.93384561051444,11.354248415508366],[106.93334207089704,11.354455362264334],[106.93313607799028,11.354487787609866],[106.93298348986566,11.354295145035389],[106.93273171992928,11.354308496424132],[106.93260201976372,11.354206453123675],[106.932449431748,11.354224573312752],[106.93231973292028,11.35441244743316],[106.9318772281767,11.354291330366133],[106.93151864628476,11.354141603179977],[106.9309617001188,11.354269396710114],[106.93047341891341,11.354686151408817],[106.93021401948319,11.355050455289948],[106.93000039653027,11.355245958316129],[106.92984017861713,11.355280291739303],[106.92948159808837,11.355130564806526],[106.9286728818422,11.354693781486697],[106.92691812089089,11.354693781201973],[106.92652902193109,11.354842554807666],[106.9260941465186,11.355475794887067],[106.92597970580559,11.355475794902146],[106.92513284257795,11.354762445431891],[106.92489633224722,11.35463560808901],[106.92469033772407,11.35462416340768],[106.92453774999787,11.354751001870516],[106.92379769898986,11.355591188787821],[106.92353829891222,11.355705629773428],[106.92333993517128,11.355694185479534],[106.92067727531544,11.35346163447472],[106.9204483944548,11.353490245029448],[106.91992959580531,11.354362856532674],[106.91968545435303,11.354453455644904],[106.91924294986399,11.354374301421464],[106.91867837444954,11.354680429821865],[106.91829690439472,11.354695688660172],[106.91817483469973,11.35482824981897],[106.91800698767037,11.355464350952508],[106.91773995962954,11.356057536501039],[106.91674050914844,11.355901133789663],[106.91662606734762,11.355919253183067],[106.91629800378972,11.356133830155295],[106.91613015683399,11.356159579236325],[106.91577157537597,11.356044185493204],[106.91557321156026,11.355870616084387],[106.91534432964941,11.355822932573005],[106.9150925594877,11.355953586347002],[106.91504369196132,11.356076629709229],[106.91503915349192,11.356088054405191],[106.91502629168775,11.356084785078309],[106.91481027193929,11.35602988031528],[106.91445169047195,11.35538996452852],[106.91418548316454,11.355161656614946],[106.91417703161517,11.355154406977263],[106.91395578006437,11.35520113719521],[106.91389474457476,11.355179201894204],[106.91375741553766,11.355020892640113],[106.91349038678355,11.355074297972294],[106.913208098743,11.354875933940573],[106.91230783090636,11.354971301673016],[106.91194161938876,11.355082881644666],[106.9118729541349,11.355064761662232],[106.91182717833587,11.354984652612545],[106.91179666091509,11.353854548594725],[106.91175851379533,11.353772531973954],[106.91166696158004,11.353745830621182],[106.9110566091631,11.354023349504336],[106.91072091631716,11.353989017182528],[106.91036233417177,11.353811633428078],[106.91008767611093,11.353242290126985],[106.9100190118146,11.353203189275394],[106.90991982920086,11.353236567710725],[106.90942391972331,11.353779208920438],[106.90927133180953,11.353838336088112],[106.90908822574963,11.353826892542545],[106.90895089645633,11.353787791074986],[106.9086686088386,11.353433024816335],[106.90852365078966,11.353412044506138],[106.90830239827537,11.35360659316032],[106.908149810576,11.353600871279024],[106.90778359962422,11.353399646579073],[106.90742501778504,11.353144061150232],[106.90714273007087,11.35274637962997],[106.90704354771624,11.352224719318686],[106.90699014242533,11.35220469238795],[106.90678414820896,11.352291476749244],[106.90670022540758,11.352263820914871],[106.90620431438536,11.351552379363287],[106.90606698560664,11.351068866880336],[106.90600595064016,11.350997340643726],[106.90583047400635,11.35090960241346],[106.9052887873393,11.35030688045104],[106.90532693379558,11.350027453777209],[106.90528878723075,11.349899661526454],[106.90517434588392,11.349770915212734],[106.90500649916257,11.349668872413199],[106.904716582195,11.34935225221841],[106.90449532981755,11.348973643800086],[106.90459451241375,11.348762881906394],[106.90445455548371,11.348595303351908],[106.90444955278518,11.348589313543744],[106.90435800143855,11.348586452887526],[106.90441140632804,11.348142039245289],[106.90406045389686,11.348002803755284],[106.90406808411669,11.347760570652696],[106.90396890124555,11.347640407498439],[106.90359506073531,11.34751642990306],[106.90355691359366,11.347463023374138],[106.90353402553946,11.347260844698242],[106.90360269036019,11.347220790230791],[106.9038392020325,11.347257983548964],[106.90403756634281,11.346926105614227],[106.90378579620075,11.346685779212432],[106.90354928500537,11.34655321839525],[106.90353402636794,11.346508395656103],[106.90353402596786,11.34640539809611],[106.90357217292113,11.34637392745347],[106.90377816715406,11.346388232237256],[106.90384683074775,11.346342456706621],[106.90383920151433,11.345954310609166],[106.90409097232987,11.34589804463145],[106.9040836636865,11.345607569748083],[106.90408334207288,11.345594775746063],[106.90395364313906,11.345597636862307],[106.90393075366342,11.345513713356885],[106.90400704784344,11.345264804563106],[106.90401467818073,11.345027339701005],[106.9038544613024,11.344770801824238],[106.90382394298325,11.344647777495885],[106.90384683066692,11.344547641801032],[106.90413674793894,11.344402682266542],[106.90414437746861,11.344350230275497],[106.90400704762182,11.344062221775689],[106.90339669668396,11.343570124971707],[106.90335091994969,11.343587291612716],[106.90321359064042,11.343869578120753],[106.90314492712136,11.343923938179524],[106.9030762620813,11.343937289201168],[106.90283212135982,11.343842875586654],[106.90253457442546,11.343852412791774],[106.90249642773426,11.343819034641598],[106.90248116879097,11.343694102857418],[106.90274819751211,11.342990291057786],[106.90283975115057,11.3429683564031],[106.9030838922172,11.3431285732777],[106.90316781479473,11.343070399563777],[106.90313729701616,11.34294737510424],[106.90294656247596,11.342717540619754],[106.90287026857214,11.342700374533704],[106.90263375697499,11.34277666880606],[106.9025650927595,11.342749965204192],[106.90254220481465,11.342654597631581],[106.90265664575746,11.341935527564045],[106.90236672858944,11.341584574998242],[106.90207681195993,11.341409099439337],[106.90164193605102,11.341342341091066],[106.90148934738804,11.341420543278426],[106.90125283644797,11.341632258392554],[106.90108498965841,11.341637980500668],[106.90095529102464,11.341440570330137],[106.9008942544102,11.341241252627624],[106.90086373728101,11.340740573232916],[106.90076455568659,11.340541255038104],[106.90062722693018,11.340420138044289],[106.90049752633452,11.340416324543078],[106.90030491092902,11.340569120713607],[106.90029916291398,11.340573679990639],[106.8962937304901,11.340874087844794],[106.88788613721306,11.341119182773872],[106.88640603476634,11.341033352201936],[106.88548287697814,11.34070242708517],[106.88499459618444,11.340407742221805],[106.88308724769199,11.338179005221468],[106.8809662759491,11.335264576061759],[106.88009652493476,11.33399428237747],[106.87918099806451,11.333074939755667],[106.87879952735172,11.332774531824894],[106.8786087931658,11.332798374582614],[106.87837228189278,11.332644833302426],[106.87815865912752,11.332198513397909],[106.87784585378704,11.33175791609044],[106.87717446706671,11.331395519596034],[106.87710580134409,11.331323994557694],[106.8769379555679,11.330920589111006],[106.87637337949367,11.330515278499094],[106.87620553370822,11.330331219140605],[106.87615975620972,11.330159557588043],[106.8753434117366,11.32940329438916],[106.8743210727621,11.328627003477383],[106.87416085571972,11.328526867041685],[106.87374123861721,11.328418147903275],[106.87329873362468,11.328133952840172],[106.87296304025627,11.327834499261916],[106.87258157035097,11.327415836330491],[106.87228402443938,11.326897038177188],[106.87204751360697,11.326381100302955],[106.87187966648533,11.326161755001042],[106.87161263757403,11.326007259302958],[106.87120827881408,11.325250042358794],[106.87075051612419,11.324134242965297],[106.87071236952576,11.323115718845791],[106.87010964568468,11.321871174338861],[106.86994942887473,11.321723354416399],[106.86994942921345,11.321691883376257],[106.87007149959561,11.32163752380395],[106.87007150024498,11.32157458082185],[106.8699646876802,11.321470631585335],[106.87000283495867,11.321134937014326],[106.86994942905866,11.321030987026287],[106.8696289945338,11.320825947059076],[106.86952218306513,11.320716273797393],[106.86951455434004,11.320580852893174],[106.86959847716939,11.320494067728642],[106.86977395259449,11.320439709486575],[106.87059029754579,11.319563282286083],[106.87121590899477,11.318534267346728],[106.87229928310892,11.31739844048941],[106.87234505902718,11.31717814317693],[106.87225350551915,11.317062747893093],[106.87228402337028,11.317005527757427],[106.8723755769253,11.316970241775978],[106.87244424053675,11.31685675422564],[106.87245950022576,11.316674602794],[106.87233742963937,11.316406619927523],[106.87272652850902,11.315217388089431],[106.87332162196802,11.31372393409965],[106.87349709732021,11.313754451355631],[106.87363442651015,11.313393962475843],[106.8735810202814,11.313084019143798],[106.8737107203384,11.31294573566994],[106.87387093734641,11.312906634233048],[106.87442788368175,11.312069308316003],[106.87450417725707,11.311334025810131],[106.87472542957839,11.310936343749239],[106.874710170365,11.310754191673675],[106.87461861852711,11.310490024897705],[106.87462624704891,11.310395610885067],[106.87477120676368,11.310216319257359],[106.87478646407519,11.310094249734648],[106.8745881002304,11.30978525881438],[106.87467965336039,11.309678447304591],[106.87458047185703,11.30957449661983],[106.87456521199005,11.309377086736948],[106.87461861883567,11.309297931911004],[106.87487038805007,11.309221637227242],[106.87510689913115,11.309028995110424],[106.87541970405655,11.308903110501584],[106.87550362772981,11.308792483296566],[106.87553414496843,11.308630359571891],[106.87542733377018,11.307767283067632],[106.87535104040316,11.307588946317503],[106.87509927002999,11.307408702103409],[106.87502297638122,11.307661426421499],[106.87473305956802,11.308162105165415],[106.87351235562569,11.309284579654161],[106.87267312222451,11.309561146023183],[106.87187966530725,11.309944522810882],[106.87160500778276,11.30995215184468],[106.87091073281039,11.309667004016887],[106.87065133303784,11.309640301050752],[106.87029275132699,11.30971373335536],[106.87010201622049,11.309838664517704],[106.86996468760111,11.309994113347793],[106.8694230006697,11.310972583924512],[106.86930855914389,11.311084163961434],[106.86914834277702,11.31113566149017],[106.86862191425612,11.311118496301408],[106.86833199727799,11.311351191729495],[106.8681794095004,11.31138457095449],[106.86773690426136,11.311282527824037],[106.86740883994727,11.311384571004984],[106.8671799583296,11.311550510389493],[106.86691292975898,11.31181753883472],[106.86679848856791,11.311869991413419],[106.86665353003909,11.311850918203572],[106.86654671804823,11.311749828231775],[106.86640938972225,11.311399829892823],[106.86626443158916,11.310766589620735],[106.86607369609291,11.310663593153825],[106.8657303729223,11.310655963942212],[106.8651429104494,11.31079996861214],[106.86507424561066,11.310969722983247],[106.86521920402029,11.31183279850078],[106.86540993825567,11.312129391348467],[106.86642464860034,11.313216578685834],[106.86653145923194,11.313482655263625],[106.86665353010167,11.314479244533546],[106.86653908915073,11.314681423184352],[106.86614236079227,11.314856899396183],[106.86546334496768,11.314928424832024],[106.86533364596552,11.31502665279207],[106.86515816823541,11.315054309969856],[106.86505135776254,11.315003764933396],[106.86486062278206,11.314713847740444],[106.86440285806276,11.31467951654796],[106.8642884179186,11.314621342568351],[106.86418923554432,11.314457310652143],[106.86397561246821,11.314463032628497],[106.8638764306774,11.314428700623651],[106.86376198919886,11.314305675950578],[106.86282357466692,11.314284694840246],[106.86248788030615,11.31422938256874],[106.86230477539533,11.314243687305257],[106.86206826489452,11.314349545296645],[106.8607483786296,11.314733875070774],[106.86051186704036,11.314690006445364],[106.85995492160052,11.314880741832994],[106.85977181630096,11.315110577480851],[106.85958108162644,11.315215481780836],[106.85941323473956,11.315270794191875],[106.85922250086102,11.315278423788437],[106.85901650599628,11.315214527258568],[106.85790261442445,11.314518345258664],[106.85753640376679,11.314347637892476],[106.85729989281079,11.314360989659276],[106.85716256301329,11.314456356501832],[106.85705575121261,11.3146118052358],[106.85699471601909,11.314945591997342],[106.85700997567368,11.315387142947042],[106.85725411629808,11.316604031312856],[106.85724648621938,11.31698359329529],[106.85715493455842,11.317368877788821],[106.85655984194322,11.318985356188236],[106.85633096005435,11.319922817951763],[106.85598763688024,11.320546521108621],[106.85586556658517,11.32106531972026],[106.85557564950243,11.321846378484528],[106.8555527619709,11.322027576807018],[106.85559853760947,11.322202100285894],[106.85646828896668,11.32390536219861],[106.85659035901165,11.324007404627753],[106.8567810935905,11.32443751239309],[106.85681161196493,11.324823750830943],[106.85672768796796,11.325101269842461],[106.85647591801374,11.325534238364822],[106.85637673567356,11.326040638683768],[106.85645303013854,11.32703150713103],[106.85639962538002,11.327168836007521],[106.85562142609653,11.32827700522662],[106.8554840966897,11.328589809918286],[106.85542306194769,11.328853978444439],[106.85543832114813,11.329136266050199],[106.85556039144367,11.329468144484958],[106.85591897358788,11.330178632038573],[106.85613259575645,11.330385579044304],[106.85678109385007,11.330721273395495],[106.85710915858321,11.33150710038806],[106.85785683956907,11.333684339170977],[106.85840615529867,11.3350938688514],[106.85853585580186,11.33533705613747],[106.85873421967136,11.335548772066002],[106.85906991320331,11.33572234145694],[106.85950478868581,11.335806264340896],[106.86020669254309,11.33576525632684],[106.86134347245377,11.335383786534328],[106.86145791311262,11.3353866471421],[106.86155709598901,11.335471523764639],[106.86186227191952,11.336231602908995],[106.86313638059839,11.338439359111616],[106.86332711591363,11.339256658150715],[106.86336526294262,11.340052975922411],[106.8632660805408,11.340983762712664],[106.86325845104136,11.341667546598849],[106.86319741616522,11.342069997162435],[106.86306771622803,11.342387570736086],[106.86252602866587,11.343243016448445],[106.86199197209838,11.34396017959718],[106.86137399073202,11.344530477568522],[106.86048135156453,11.345039739241097],[106.85992440592767,11.345268621767138],[106.85854348477746,11.345607176019742],[106.85818490399068,11.345609082498452],[106.85769662324937,11.345509901018398],[106.85750588828587,11.345351590899817],[106.85737618773317,11.345333470712264],[106.85717782365926,11.345446958783626],[106.85680398258847,11.3459037691368],[106.85677346637198,11.346244230003396],[106.85685738896088,11.346763982762905],[106.85708627121926,11.347245588001483],[106.85728463522418,11.347481145848105],[106.85834512102643,11.348351850594074],[106.85897073130441,11.348772420694209],[106.85915383683944,11.34882868758965],[106.8593293134238,11.348828687635189],[106.8596650063203,11.348747625077307],[106.85992440622287,11.348621739309754],[106.86005410636034,11.348633184349616],[106.86022958248167,11.348700894378359],[106.86045083456446,11.348895444425233],[106.86061105119671,11.349141492601476],[106.86061105094988,11.34924448975396],[106.86038216924884,11.349849118810752],[106.86005410590049,11.350287808392174],[106.85946664191393,11.350867643055441],[106.8593674601959,11.350914373491937],[106.85922250220898,11.350903883249325],[106.85912331930129,11.350799932959236],[106.85873422002794,11.349929227680684],[106.85861977894281,11.34987200647467],[106.8584824503462,11.349915877041422],[106.85800179858266,11.350252524067205],[106.85755166403202,11.350859060063762],[106.85614785604129,11.352497473470104],[106.85581979196792,11.353001013211465],[106.85577401493721,11.35334528895111],[106.8562851852389,11.355166807566565],[106.85636147991916,11.35573424410333],[106.85662087899553,11.3570188435336],[106.85683450168494,11.357703580806904],[106.85680398363795,11.358100308939964],[106.85668191342657,11.358400717601041],[106.85650643766579,11.358432188503869],[106.85567483382421,11.35770358131911],[106.85547646964378,11.357674017584657],[106.85532388172261,11.357752218529923],[106.85519418145098,11.357894316262387],[106.85438546610808,11.360813513491184],[106.85439309539223,11.360974684072332],[106.85448464819954,11.361270323074953],[106.85468301275066,11.361501112524094],[106.85481271219142,11.361493483249047],[106.85570535208882,11.3608430771014],[106.8565827315952,11.360074415726828],[106.85684976113114,11.359958066880695],[106.85704812511372,11.359926596501113],[106.85781106459251,11.360185995016472],[106.85823831067732,11.36048830989542],[106.85849008094577,11.360830679279314],[106.85858926323311,11.36125315752651],[106.8586579265878,11.361892119437885],[106.85859689208313,11.362093344477897],[106.8578186941327,11.362759962454408],[106.85774240006874,11.362938299744952],[106.85776528807098,11.36334456525353],[106.85800942881598,11.364012137449617],[106.85812386967643,11.36422099168051],[106.85803994553291,11.364587202476221],[106.85800179898717,11.364705458052928],[106.85723885994379,11.365787878885573],[106.85721597248558,11.36590994866337],[106.85721597171964,11.366221800214804],[106.85733804208989,11.366758719742169],[106.85739907670632,11.367346182586687],[106.85738381795342,11.368101492296242],[106.85746774200184,11.36844862943039],[106.85745248295738,11.368569746691245],[106.85713967848004,11.369093313623242],[106.85685739063554,11.369271650484183],[106.85638436859345,11.369369879636691],[106.85597237994058,11.36932410351059],[106.85577401601485,11.369371787019684],[106.85562142813005,11.369476690444163],[106.85558328142083,11.369624510467627],[106.8555832807741,11.370112791803908],[106.8556214281724,11.370274916964473],[106.855903716566,11.37080706639254],[106.85698709022971,11.372011557597208],[106.85710916025172,11.372190848409302],[106.8571244193463,11.37238539817524],[106.8570710133876,11.372488394531112],[106.85706338449658,11.372609512008657],[106.85708627245207,11.372865095894277],[106.85710916008244,11.372964278132246],[106.85730752407231,11.37317027205642],[106.85730752430644,11.373225584826386],[106.85716256673882,11.373389616829995],[106.85686502040521,11.373465911022773],[106.8568268732528,11.373669043938511],[106.8566513977657,11.37381304863046],[106.85652169720308,11.374055281697443],[106.85654458574578,11.374157324983125],[106.85671243217612,11.374215498733744],[106.85693368491047,11.374490156792493],[106.85690316718694,11.374827758108639],[106.85675057965929,11.375066176799995],[106.8566465827519,11.37509447007588],[106.85661508138861,11.375088234636275],[106.85660270818063,11.37506001098302],[106.85672006173283,11.374838248158538],[106.8566742854955,11.374787704083131],[106.85657510320412,11.374814407253108],[106.85649117967473,11.374778166949671],[106.85642251539437,11.374802961909145],[106.85639962781418,11.374856367506961],[106.85600289880985,11.374776259663417],[106.85577401627205,11.374848738750478],[106.85519418223146,11.375716582068506],[106.85461434814708,11.376702682183824],[106.85373696813282,11.376587286848808],[106.85339364557296,11.376686469495208],[106.85257730084065,11.376629248888124],[106.85134133829243,11.376165762941257],[106.84952554265445,11.375952140228977],[106.84906777809881,11.375929252496235],[106.84752664144459,11.376074210432481],[106.84740457052594,11.376042739770405],[106.84683236637268,11.375732795277639],[106.84633645573234,11.375616447274933],[106.84556588661444,11.375552550427557],[106.84483346460875,11.37531985432206],[106.84381112639413,11.375146285754928],[106.84182748338029,11.374947921966239],[106.8414536430338,11.37498511499077],[106.84028634547424,11.375341788560464],[106.83990487599901,11.37550868131723],[106.83970651163018,11.375715629826159],[106.8393021533312,11.37626399289651],[106.83430490047797,11.38047732655053],[106.82682046431621,11.380528824696164],[106.82522591998004,11.383171456800426],[106.82505044462349,11.383903877830502],[106.82346352987942,11.382984535762125],[106.82283029149808,11.382429497558894],[106.82140359378849,11.380944626609951],[106.81652841088302,11.377801316623488],[106.81572732408273,11.377088922366763],[106.81501779113489,11.376744644942347],[106.8137131640356,11.37618770015644],[106.8125992729329,11.375948327128853],[106.81095895294312,11.375959771386006],[106.80697640862027,11.377973932709912],[106.80570229963939,11.37852610933762],[106.80445107889011,11.37881984189436],[106.80385598577183,11.379168885925713],[106.80303201177986,11.37995852832366],[106.80239877144231,11.380381007044193],[106.8019333788687,11.380531686528876],[106.80146798569395,11.38049067839874],[106.79953774825083,11.379629511019571],[106.79861459171114,11.37981070856264],[106.79844674579822,11.379754442655626],[106.79792031676098,11.379404444281867],[106.79763039927225,11.379304308257028],[106.79365548591137,11.379651446535526],[106.78518685772919,11.38004912869199],[106.78549966242423,11.389010806157076],[106.78598031575437,11.398930927192303],[106.77357491933593,11.398987193723285],[106.77279672104015,11.40139045395627],[106.77069100880253,11.405632397012505],[106.76928720045444,11.408138653282105],[106.76964578256893,11.426097295395978],[106.77069863977053,11.42668380498992],[106.77085885629477,11.426745793683192],[106.77136239663089,11.426817318918536],[106.77162942507974,11.42698039847644],[106.77194223080618,11.427089116938685],[106.77223214725463,11.427034757135182],[106.77277383454337,11.426822088399568],[106.77334603923232,11.426794430942737],[106.77395639079654,11.426640889552761],[106.77448281879454,11.426655194859162],[106.77508554126798,11.426926037720206],[106.7751229850286,11.426921010852947],[106.77514657693644,11.426930806923371],[106.77529153458835,11.4268983815724],[106.77542886329829,11.426934621308476],[106.77545051155035,11.426929845824912],[106.77547464070642,11.426934621145218],[106.7755006933031,11.426918776499189],[106.77555856327182,11.426906010629944],[106.77591544983663,11.426682082117695],[106.7760130322346,11.426657156160495],[106.77608384881783,11.426652048505472],[106.77720651255251,11.426759145241935],[106.77734384196236,11.426853559039992],[106.77782449402055,11.426900288655844],[106.77852639832733,11.426881215876945],[106.77877053899925,11.426997564076812],[106.77896890305254,11.42703761775812],[106.77938851952787,11.427037617724462],[106.77945718495064,11.427122494287866],[106.7797623594936,11.42726173176655],[106.78028115895256,11.42729510990761],[106.78063974082283,11.427401921328755],[106.78100595169718,11.427663228066951],[106.78131875665774,11.4275812114158],[106.7815394215699,11.427604738911798],[106.78163156174047,11.427671811773738],[106.78163919167763,11.427786251749355],[106.78157052678228,11.428015133332968],[106.7820435485756,11.42835273451964],[106.78228006111564,11.428274533551493],[106.78265390078414,11.428701779702255],[106.78286752355068,11.428826710967407],[106.7832489936939,11.428852459899568],[106.78347024569352,11.428524395334685],[106.78366098075898,11.428444287333654],[106.7841797797024,11.42850627616781],[106.78436288444117,11.428586384085648],[106.78459176675399,11.42875613856079],[106.78470620751935,11.42894973411523],[106.78472146706038,11.429188153246859],[106.784523102614,11.429773709910027],[106.78453836103448,11.430200001564431],[106.78558358835362,11.431434056657004],[106.78790292370213,11.432628056357784],[106.7891541454646,11.43413676983517],[106.7908173532831,11.43505801799877],[106.79222116219483,11.436514279661353],[106.79309091349062,11.43817748707376],[106.79568490740323,11.441395184595864],[106.79624948299241,11.442671200508425],[106.79723367469079,11.443519017548772],[106.79821786722401,11.444284817766167],[106.79968271083592,11.44605865130984],[106.8010636313636,11.446889302790643],[106.80262765689724,11.447954556140663],[106.80432901269738,11.449634929922315],[106.8049393632622,11.449954411306178],[106.8052674278273,11.450377842006018],[106.80596170284045,11.451849362069344],[106.80616006769911,11.453237912157048],[106.8061676965709,11.45660915091519],[106.80632791412482,11.458060643256882],[106.8069077478177,11.459608456559193],[106.80792245800974,11.461326023434731],[106.80763254097118,11.462397953987223],[106.80648050233934,11.465059659209597],[106.8058167456826,11.466911695288823],[106.80540475776138,11.4678701377391],[106.8038865088472,11.470821760607324],[106.80283365291123,11.473004720210104],[106.80289468765291,11.474211117989759],[106.80342111531063,11.475661657608875],[106.80347452185394,11.475959203065859],[106.80341348706216,11.476066968354289],[106.80297861060018,11.476458929752432],[106.8027039525148,11.476788900451234],[106.80255136477149,11.4770149218968],[106.8025284770512,11.477193258137879],[106.80259714048648,11.477658651209136],[106.80282602286889,11.478040121185048],[106.80288705737372,11.47821559737373],[106.80285654099437,11.478583715892867],[106.80293283464977,11.47877540376174],[106.80272684116521,11.479115865913577],[106.80275735896701,11.47954788030855],[106.80289468790463,11.48000278265224],[106.80306253420092,11.481216810549718],[106.80297098185761,11.481612585387243],[106.80292299763856,11.48172927264056],[106.80280313459193,11.482020757628474],[106.80253610633552,11.482407949665465],[106.80224618950108,11.483160398535254],[106.80186471873162,11.483914754763893],[106.80154428499083,11.484952352543504],[106.80143747289304,11.485168836445327],[106.80133829107496,11.48527564880051],[106.8011017799167,11.485310934843712],[106.80080423391183,11.486033819972354],[106.80065927495328,11.48630370965254],[106.80036172924487,11.486700437514237],[106.80036172945282,11.48691215401568],[106.8004837995598,11.487113378798952],[106.800445652207,11.487188719357455],[106.80038461751762,11.487221143678205],[106.80024728778764,11.487199210119876],[106.80008707022354,11.487459562619572],[106.79979715307066,11.487603567724323],[106.7998200425974,11.487745664708193],[106.7997056008802,11.487874411005972],[106.79974374781104,11.487969778894993],[106.79960641901522,11.488161467139147],[106.799369907509,11.48816146680531],[106.79927072513432,11.488114737311829],[106.79917154303294,11.488148115844911],[106.79879770294967,11.488670729431304],[106.79856882107325,11.48874416229492],[106.79803476306643,11.4892515173894],[106.79802713426848,11.489317320599238],[106.7981873517073,11.489489935393664],[106.7981263166091,11.489864728938729],[106.79779825270967,11.490245245209815],[106.79747781814169,11.49051513508028],[106.79740915353557,11.490624808018335],[106.797401524185,11.49081458943148],[106.79724893630393,11.490847968527163],[106.79715738335382,11.491035841209445],[106.79708108895443,11.491052053871286],[106.7969742779131,11.490979575519038],[106.79691084159315,11.491016957016116],[106.79663858416853,11.491328619579223],[106.79656229071043,11.491391562368111],[106.79644022045926,11.491414450429644],[106.79611978499415,11.491348647672643],[106.79521188694747,11.490982436172157],[106.79463205368297,11.491320036823502],[106.79433450708048,11.49138870109141],[106.79326639184322,11.491068266159472],[106.79292306950408,11.491059683831569],[106.79267129892288,11.491217040304234],[106.79242715842193,11.49151935485531],[106.79232034737605,11.491582297261482],[106.79171762507039,11.491679572828758],[106.79115304885462,11.491957091199906],[106.79098520323404,11.491988562732116],[106.7908631336178,11.491965674571219],[106.79000101092342,11.491464995745691],[106.78940591792824,11.491356276865739],[106.78936014232345,11.491320036581142],[106.78936225096732,11.49128220002838],[106.78935251194737,11.491265677766625],[106.78940591852977,11.49049892328271],[106.78934488317921,11.490415953690169],[106.78863534917659,11.489987753746975],[106.78833017387765,11.489756011435857],[106.78810129241192,11.4897045122701],[106.78775034036737,11.49000778204441],[106.78759775255209,11.490059279707571],[106.78723154146414,11.489999197281632],[106.78704843548734,11.489879035704377],[106.78695688313942,11.489759825707068],[106.78691110571975,11.489283942318943],[106.78687295921273,11.489226721482341],[106.78667459501713,11.489173316440295],[106.78654489544337,11.489181899647406],[106.78648386028796,11.489103697763099],[106.78649148898297,11.488922500050277],[106.78665170747212,11.488561057348544],[106.7865143777385,11.488432311261844],[106.7858506203418,11.488414191464019],[106.7854844091115,11.488645935132492],[106.78529367395522,11.488704109017068],[106.78500375803486,11.488607787594662],[106.78452310592809,11.488240622485044],[106.78442392437891,11.488204382760157],[106.784355258904,11.48822917890418],[106.78414926540941,11.488579176924087],[106.78404245432971,11.48862781474901],[106.78354654306128,11.48823013266989],[106.78332529052247,11.48817005102981],[106.78283700876325,11.487904929573915],[106.7827073101957,11.48786964343011],[106.78224191666429,11.487903022142909],[106.78202829395367,11.488148117241543],[106.78192911231858,11.488175772497192],[106.78179941234772,11.488058471020643],[106.78127298370762,11.487307929548294],[106.78075418487452,11.486940765040698],[106.78018197982949,11.486783408699786],[106.78000650371065,11.486643218681039],[106.77996835668131,11.486587905059267],[106.77997059240747,11.48657588617329],[106.77996835648541,11.486571693341622],[106.77998361576093,11.48650588861356],[106.78007516835955,11.486429596009668],[106.78015146254795,11.486273192708754],[106.78011331615546,11.486154936883725],[106.77999887513067,11.486122511740843],[106.77984628685148,11.486207388754346],[106.77970895741531,11.486219786999248],[106.77941904099534,11.486191176618028],[106.77929696956633,11.486127281247082],[106.77937326385216,11.485768698944343],[106.77917489973323,11.485481643134058],[106.77917490012814,11.485281372213048],[106.77925119376538,11.485187912263253],[106.7794877049488,11.485124968816526],[106.77952585180054,11.485035323485391],[106.77950296351463,11.484960936474117],[106.7793274874548,11.484895134161011],[106.7789078705362,11.484934234077851],[106.77851877195386,11.48489894780525],[106.77837381396033,11.484815978541342],[106.77810678454648,11.484524154138283],[106.77780160871572,11.484708213152416],[106.77773294349315,11.484728241105191],[106.7777100559964,11.484734916178839],[106.77759561491612,11.484693907763864],[106.7774659156216,11.484527015169489],[106.77740488098124,11.484285735536725],[106.77722940331793,11.484140776973408],[106.77740488097909,11.483953856936493],[106.77738391086632,11.4838306650306],[106.77725992121701,11.483682060216175],[106.77698526333127,11.483625792634236],[106.77695474540924,11.483806037094366],[106.7768021575717,11.484007262936553],[106.77674112251341,11.484042548961082],[106.77665719986963,11.484012030827024],[106.77648935248413,11.483528518447873],[106.7764435765188,11.483228110598725],[106.77633676447887,11.483133697351139],[106.7762375828476,11.483117484690624],[106.77607736582446,11.48315849262907],[106.77600870097942,11.483233832980092],[106.7759812351609,11.483340263191037],[106.77600870084358,11.483542823292083],[106.77591714813927,11.483578108905236],[106.77582559589908,11.48353137938774],[106.77580270722171,11.483188057333736],[106.77595529549122,11.482910537179855],[106.77588663022544,11.482839964597767],[106.77577981946607,11.482837103973953],[106.77542886618129,11.483025931688745],[106.77525339074673,11.48291053691445],[106.77524690553966,11.48288946111534],[106.77523813287841,11.48288288123411],[106.77524254496207,11.48287528686937],[106.77523813246086,11.482860946475833],[106.77533048015805,11.48270555271645],[106.77527627852056,11.482653044639097],[106.77492532665748,11.482685470076754],[106.77468118660566,11.482656860148976],[106.77413186908254,11.482516669961807],[106.77314767736198,11.48259296397696],[106.77272043120858,11.482686424462658],[106.77238473826054,11.48269309990198],[106.77227792598211,11.482635878793232],[106.77220163233653,11.482525252769708],[106.77210245081709,11.482079887148366],[106.77188882743744,11.482004547566863],[106.77172098139039,11.482018852214065],[106.7707673061722,11.48250045737142],[106.77035531978527,11.482505226055917],[106.77014932541353,11.48240032224603],[106.76974496733871,11.481926345171031],[106.76961526864967,11.481885337037829],[106.76942453350186,11.481948280645561],[106.76900491630538,11.482338333725165],[106.76866922328453,11.482736969328474],[106.7685395234771,11.482767486365896],[106.76808938977439,11.482448005767376],[106.76801309551757,11.482345962600148],[106.76799783645654,11.48221530916627],[106.76806650151853,11.481965446682505],[106.76795206067497,11.481736564202855],[106.76766977189996,11.48160400380075],[106.76744415325493,11.481363344119474],[106.76744088996976,11.481359863466082],[106.76772317785367,11.481235884933305],[106.76786050682983,11.481031799521684],[106.76759347793576,11.480099105246223],[106.76748666700334,11.47992744422684],[106.76728429733755,11.479797700693167],[106.76714334442518,11.47977867172278],[106.7667695045211,11.47992458343693],[106.76605997047139,11.480296516265772],[106.76528177229109,11.480553054241005],[106.76424417405099,11.480672264171982],[106.76393136956585,11.48063030242941],[106.76291665901476,11.480332756592961],[106.7624283782008,11.480044746679413],[106.76200876099088,11.479697609480418],[106.7615891447964,11.47947444936683],[106.76041421795291,11.47870006516958],[106.75993356630974,11.47822132151904],[106.7593461032832,11.477813148759873],[106.75867471611934,11.477472686538004],[106.7579956998997,11.477275276307616],[106.75679788480237,11.477372551337071],[106.75616464458142,11.477333450582618],[106.75476846546688,11.476945305175311],[106.7539292328796,11.476625824455269],[106.75376138539306,11.476521873506385],[106.75369795353957,11.476381531968041],[106.75368509185107,11.476353073925244],[106.75365457363077,11.475360299182206],[106.75347146853733,11.474610710519366],[106.75328844301238,11.4733236495901],[106.75320443969025,11.47273292591163],[106.75307473962467,11.472340965710654],[106.75293741071994,11.472093963869755],[106.7523957231682,11.471620941293116],[106.75185403617542,11.470909500793665],[106.7507935501573,11.469779397191239],[106.75031289891373,11.469045066893269],[106.75016794031635,11.468653106483746],[106.7501297930644,11.468426132532857],[106.75009164617842,11.467930221662515],[106.75013742264606,11.467099571872529],[106.75015322005984,11.466992936486267],[106.75017580390244,11.466840494269738],[106.75019082786385,11.466739082886532],[106.75042419283534,11.466127050641514],[106.75054508296623,11.465809999707663],[106.75059518643258,11.465678596336295],[106.75112924370525,11.464653396411244],[106.7520676589088,11.46309223154671],[106.75247964705663,11.4622577665339],[106.75260171679555,11.461746596956818],[106.75263986364943,11.461339378506194],[106.75257882846819,11.46044864629387],[106.7523270585564,11.459660911553959],[106.75239572309825,11.457283401533402],[106.75252542225256,11.456615829088843],[106.75271615784469,11.456100845190099],[106.75299081547772,11.455761336700936],[106.7544938065737,11.454794310765198],[106.75540933406319,11.454292677896335],[106.75617227370941,11.453607939649288],[106.756630036229,11.453075789668864],[106.7567826247392,11.452505492572431],[106.75672158942041,11.451763533974347],[106.7563782661032,11.450683975023054],[106.7554398515974,11.449217223573957],[106.75337991390074,11.44664516378549],[106.7514267891515,11.445282362690232],[106.74825296104216,11.44363155328645],[106.74206552145259,11.440906906450033],[106.7417756050599,11.440738105402998],[106.74160775793094,11.440566444436428],[106.74150857589629,11.440386199862223],[106.74134072958331,11.439875984370476],[106.74121102968425,11.439438247120373],[106.74120339958306,11.439248466420466],[106.7412568058915,11.438528442201966],[106.74188241643047,11.434996031415563],[106.74177560394082,11.43442382759564],[106.74156198123413,11.433699034792522],[106.74097451868634,11.433199310044941],[106.73872384573028,11.432272337904694],[106.73651132183224,11.431744003251573],[106.7345581966087,11.431673431326255],[106.73392495662982,11.431698226904949],[106.73287973023845,11.431955719626012],[106.73036965861985,11.432417297693107],[106.72963723662667,11.432595634620574],[106.72906503309535,11.432671928050633],[106.72798165891749,11.432636642101494],[106.72735604765376,11.432574653890809],[106.72705087298942,11.432483100456318],[106.72687539735064,11.432367706510657],[106.72661599683228,11.43210639928429],[106.72644932375428,11.43177526829834],[106.72625741556456,11.431394004131006],[106.72599038673853,11.430736923661753],[106.72576913332165,11.429332161680744],[106.72573098704758,11.428861045143814],[106.72576150505003,11.42812004004808],[106.7259980155684,11.427233123251883],[106.72637948526844,11.425409698002415],[106.72635659741466,11.424230003242462],[106.72614297464307,11.423771286034086],[106.7254868463296,11.423358345501985],[106.72473916570056,11.422975921573029],[106.72380075059823,11.42271556849288],[106.72077188053042,11.422823333589808],[106.71954354728803,11.423023605302335],[106.71929177719979,11.423030281140335],[106.71901711925958,11.422995948105823],[106.71860513269887,11.422850990474263],[106.71833047431059,11.422720336262616],[106.71806240496477,11.422492314374987],[106.71801766949744,11.422454261470754],[106.71798920612598,11.422404083923041],[106.71779641651241,11.422064209896725],[106.71762093993976,11.421503448511189],[106.71760568157053,11.42132511181895],[106.71763378643985,11.421072323530515],[106.71767677993796,11.420685608586703],[106.71778115703582,11.41974678086899],[106.7179490037094,11.418634796770476],[106.7182160325691,11.417612457083518],[106.71866616694656,11.416508102432278],[106.7188874193201,11.41579093894774],[106.71891030794121,11.415460014652082],[106.7187882371556,11.414646529876787],[106.71869668498536,11.414465332680981],[106.71841439726263,11.414126777316854],[106.71802529818838,11.413751983407277],[106.71701821778026,11.412556076461296],[106.71488198673396,11.41081943503257],[106.71358498953353,11.409823799013548],[106.71229562211852,11.408958816417123],[106.71079263168988,11.407749557785671],[106.70977029195903,11.406670951227722],[106.70934304609048,11.406077766543497],[106.70909890549596,11.40554561603411],[106.70891580047532,11.40502395647612],[106.70883187701607,11.404509925272356],[106.70891579998084,11.404022598486248],[106.70906075811368,11.403703117489714],[106.70964059165043,11.403005027411096],[106.71025094425126,11.402063751425072],[106.71040353210122,11.40129985788295],[106.71036538516222,11.400964164509759],[106.71029671992166,11.400732421077677],[106.71006020900361,11.400373839829072],[106.70972451586448,11.399994278102493],[106.70914468180551,11.399501228198075],[106.70862588300051,11.399153136732975],[106.70644387616737,11.398044014607038],[106.7054596836966,11.397664451475881],[106.70509347259296,11.397415542547664],[106.70471200222615,11.397106551993092],[106.70445260348696,11.396788024119354],[106.70423898056275,11.396384619931368],[106.70370492226148,11.396855735385609],[106.70339211774777,11.39728775050373],[106.703193753989,11.39746608696446],[106.7029419837704,11.397533798053077],[106.70253762527992,11.397869491740277],[106.70237740856494,11.397929573268907],[106.70189675622764,11.39798679328825],[106.70157632146264,11.398168945853458],[106.70141610450301,11.398186111735495],[106.7010651523023,11.39814414939336],[106.70092782399828,11.398186111509053],[106.70059212923218,11.398497009117659],[106.70043191312362,11.398543739501129],[106.70011910796327,11.398729705155487],[106.7000504423785,11.398837471414813],[106.70006570145159,11.398930931798471],[106.70023354856575,11.39919033061656],[106.70027932463213,11.399344825555106],[106.70021066049172,11.399518394251963],[106.69945535041084,11.40027942689949],[106.69911202815513,11.400564575857263],[106.69869241031583,11.40106143974663],[106.69824990612034,11.401749038722569],[106.69778451265155,11.402320289605644],[106.69758614844947,11.402810478984433],[106.69758614927052,11.403051757886999],[106.6972428256407,11.40303554591292],[106.69682320964758,11.402953530280262],[106.69423684472383,11.402014160912044],[106.69268807778018,11.401643180970469],[106.69216927821792,11.398771668136312],[106.6920243192814,11.398686790641356],[106.69165810848804,11.398581886540876],[106.6904984400302,11.398481750596694],[106.69038400041592,11.398404502777163],[106.68970498373884,11.39762821319289],[106.68918618567602,11.39716377291222],[106.68736275910422,11.395926857888675],[106.68647012049064,11.395458602695914],[106.6859665805505,11.396606827314624],[106.6855774817142,11.397142791953948],[106.68293771012729,11.399330521850356],[106.67967995915893,11.398129845172027],[106.67923745458184,11.399310494319137],[106.67901620260486,11.400318528577],[106.67841348011397,11.402255440432945],[106.67608651456563,11.401660348510884],[106.67427834821552,11.401142502547904],[106.67485818238313,11.399242783676522],[106.67534646292766,11.39745750548128],[106.67606362617202,11.39514198476604],[106.67633828392562,11.394039536472391],[106.67661294197181,11.393164063554721],[106.67691048849848,11.392405892335674],[106.67775735166748,11.389291192532374],[106.67804726849403,11.388384247589523],[106.67928322983369,11.385125541798729],[106.67826852045388,11.38410034193773],[106.67767342725737,11.383560563238388],[106.67709359313761,11.383106613908238],[106.67654427738158,11.382950211076329],[106.67627724839214,11.382793808876121],[106.67610940172712,11.382800484530494],[106.67600531678737,11.38267726554195],[106.67593020652927,11.382643231414859],[106.67567452629645,11.382624055018367],[106.67567452592607,11.382233047944018],[106.67585000246848,11.38173523005249]]]]}}]}