{"type":"FeatureCollection","name":"gis.vn","features":[{"type":"Feature","properties":{"ma_tinh":"60","ten_tinh":"Bình Thuận","loai":"Tỉnh","cap":1,"stt":39},"geometry":{"type":"MultiPolygon","coordinates":[[[[107.67765814960967,10.621340099986146],[107.67147833969659,10.616748158368502],[107.6687164991292,10.614377324495376],[107.6637955393051,10.609149281150936],[107.66277320045808,10.608639065253893],[107.66169745531593,10.608621899374041],[107.66072852221835,10.608267132332646],[107.65701300679139,10.60657912951329],[107.65071112705495,10.60415012104335],[107.64719397604549,10.60223228171844],[107.64080817219255,10.600152319133619],[107.63706976945754,10.598292654213797],[107.63494116683178,10.597997015967445],[107.6233978937908,10.594812697125585],[107.61981207725437,10.593531913405874],[107.61711890127393,10.592228240667898],[107.61527258737352,10.591117209114811],[107.6132660575915,10.590085334325016],[107.61131293212124,10.588929480182427],[107.60791022165796,10.58718330356903],[107.60643774762784,10.58660537635459],[107.59959418152158,10.583555527000266],[107.58652502783727,10.577087707385026],[107.58297735875104,10.57528717062374],[107.57444006597102,10.570127792688078],[107.57320410453032,10.569702453402678],[107.57207495382407,10.569209404793808],[107.5707169207172,10.568414993303355],[107.56924444864798,10.571903534728317],[107.56726080652528,10.57478172368066],[107.5660782491182,10.575515099312932],[107.56616980285264,10.577446289840497],[107.56623846761018,10.577544518226226],[107.56652838459416,10.577673264320426],[107.56711584778043,10.577734299913304],[107.56726080627412,10.577868767942547],[107.56735998850864,10.578117677600948],[107.56765753486873,10.578225441856809],[107.56771094102919,10.578292199606885],[107.56777960431975,10.578580209440046],[107.56792456318941,10.57858497678432],[107.56811529877143,10.578720399474385],[107.56826025677009,10.57851631345961],[107.56916052588858,10.578622170464923],[107.56930548387317,10.579047509053474],[107.56964117775097,10.579409905579894],[107.56963354730055,10.57969219339597],[107.56938177737477,10.580292054546003],[107.56923681952577,10.58141643586514],[107.56903845572877,10.581447907003314],[107.56877142712446,10.581418343383554],[107.56866461499386,10.581452675911983],[107.56862646743336,10.581497498550286],[107.5685425446138,10.581905671180627],[107.56833655053042,10.582223245421993],[107.56835180951947,10.583028145983178],[107.56842047445394,10.583490678570174],[107.56827551625645,10.583810159160224],[107.56828314493316,10.584000894641145],[107.5681915926212,10.584409066137503],[107.56821448059262,10.584541627423413],[107.56850439827362,10.5848267757626],[107.56852728632276,10.584927865610025],[107.5684509919412,10.58514434904743],[107.56810766864004,10.585390397894724],[107.56797796999393,10.585547753090012],[107.57136542173754,10.60094577964745],[107.570449893766,10.601844140704806],[107.57030493585252,10.602006266314238],[107.57019049483777,10.602217028244954],[107.5702667889268,10.603778192298893],[107.56992346581524,10.604677507377525],[107.569664067498,10.606529542887445],[107.56987769033913,10.60761482392699],[107.5696411788506,10.607925722046296],[107.56926733802817,10.60830337751505],[107.56893164552527,10.608876535450733],[107.56862646918741,10.60928756907538],[107.56837469892325,10.609778711693183],[107.56826025852344,10.610104868430842],[107.5679016770723,10.610640833416522],[107.56769568315896,10.61080200476224],[107.56748968944257,10.611531565461242],[107.56716162518114,10.611945459912938],[107.56682593268899,10.612661669382188],[107.56533820031528,10.613057445060186],[107.56434637952744,10.613776514476703],[107.56362158618676,10.614444087090583],[107.56320959959463,10.615379641915075],[107.56286627674689,10.615778277006187],[107.56270605916839,10.616236041206374],[107.56270605963205,10.616723369306941],[107.56280524161686,10.617571185269211],[107.56293494128313,10.61815197312289],[107.56322485832892,10.618865321238896],[107.56343848190085,10.619035075247357],[107.56347662880128,10.618683169472293],[107.56357581086651,10.61850578626343],[107.56386572767003,10.618377040335034],[107.5641937920104,10.618367503256195],[107.5642777145695,10.617877315069586],[107.56436163891962,10.617841075369206],[107.5644837087972,10.617873500145787],[107.5646057786626,10.618219683537534],[107.56472784993971,10.61821872993],[107.5647888849699,10.6181700930508],[107.56478888431225,10.617652246657677],[107.56481177238055,10.617455790612848],[107.56485754874065,10.617371867294196],[107.56503302438007,10.61727268452987],[107.56555182337638,10.617101977196663],[107.56596381204419,10.617058108086967],[107.5661392877824,10.617003748711799],[107.5665512742096,10.61655933658138],[107.56652075663756,10.6163724163723],[107.56606299388523,10.616250345375304],[107.56594092214824,10.616161654228195],[107.56592566487811,10.616030046851149],[107.56600195745075,10.615840266218514],[107.56607062223534,10.615807840426672],[107.56665808528203,10.61576969382126],[107.56685645048002,10.61585457087764],[107.566970891708,10.615954707175948],[107.5671616258027,10.61599571518239],[107.56733710229987,10.61593467943721],[107.56759650132479,10.615495990059308],[107.56776434880605,10.615945169481503],[107.5677003305961,10.616196794521091],[107.56769568370137,10.61621505948965],[107.56755835469697,10.616371462774723],[107.56751257851069,10.616512606650128],[107.56756598398368,10.616615602627862],[107.56795508295117,10.616920778328895],[107.56815344766235,10.61727840685411],[107.56819922391601,10.61763031290131],[107.56804976011813,10.61849720251833],[107.56804663613593,10.618515323120159],[107.56822974147961,10.61877186041261],[107.56826788900088,10.618989299150291],[107.56819159454103,10.619062731905098],[107.56771739311623,10.619189750070898],[107.5677109428845,10.619191478263696],[107.56754309533683,10.619363138783102],[107.56744391399667,10.619819948551369],[107.56733710241078,10.620086024175688],[107.56734473142404,10.62065918248593],[107.56725317893465,10.620968172722455],[107.56697852107925,10.621351549668423],[107.56685645048061,10.62141926076408],[107.56654364502458,10.621418307380845],[107.56629187502524,10.621709178084807],[107.56626898710932,10.621809314060613],[107.56633765142065,10.622166941593534],[107.56649023952166,10.622455904779965],[107.56650549845997,10.622552226003718],[107.56653601612612,10.62297851773655],[107.56649786872187,10.623085330153664],[107.56638342801652,10.623112987295723],[107.5656815235503,10.623046229430635],[107.56542975396754,10.62290603943447],[107.56523901859414,10.62298805533408],[107.56497962034892,10.623546908123535],[107.56493384268609,10.623960802945774],[107.56488806702339,10.62405903148174],[107.56471259074394,10.624223063471211],[107.56459052003176,10.624497721934109],[107.56452948493201,10.624929736112442],[107.56448370860053,10.625019381938543],[107.5643845272766,10.625143358978134],[107.56412512685206,10.625321696432547],[107.56365210462145,10.625483821332622],[107.56351477642636,10.625552485396671],[107.56340796411745,10.625679324112573],[107.56334569883217,10.625875632592463],[107.56333929974905,10.625895808209647],[107.56335288626974,10.625932224953843],[107.56340796392854,10.626079867759493],[107.56349951713,10.626169513728607],[107.56372839937828,10.626287768174375],[107.56392676318033,10.626308748978051],[107.56401068697936,10.626383136035797],[107.56398779761321,10.62669498719735],[107.56392676330282,10.626886676019968],[107.56385809886393,10.626955340297354],[107.56376654646111,10.626978229281546],[107.56340033471133,10.626857112681126],[107.56318671197108,10.626833269961871],[107.56304938299161,10.626865695372036],[107.56288153636879,10.627323459126258],[107.56279761271259,10.627411197754046],[107.56250769614591,10.627573321425617],[107.56231696075398,10.627764056351952],[107.56230933220915,10.628037761769185],[107.56237036748139,10.628168414625332],[107.56297308878753,10.628814052419493],[107.56285101906103,10.629396747921287],[107.56294257138879,10.629633258622533],[107.56317908322623,10.629813502633565],[107.56324774711466,10.630029033446464],[107.56314856568507,10.630444835626255],[107.56282050161198,10.630893062744068],[107.56281287248085,10.631292651847062],[107.56269843119391,10.631491969358514],[107.5624771780897,10.631594012969833],[107.56233222041753,10.63172657389629],[107.56225592637165,10.631854365990595],[107.56221777916024,10.632029841648585],[107.56221014950074,10.632281611762005],[107.5622711854755,10.632433246313465],[107.56246191928581,10.632458041840122],[107.5627365780458,10.632372211556431],[107.56278998301417,10.632417033349052],[107.56279723365186,10.632665330257552],[107.56279761377107,10.63267834082852],[107.56269080145786,10.632796596993206],[107.56260687878222,10.633297275857647],[107.56243140200579,10.633484195317884],[107.56222540815598,10.633594822095885],[107.56204993201527,10.633551906340486],[107.56186682741324,10.633359263383186],[107.56165320394484,10.633271525883995],[107.56143958091768,10.633282017096928],[107.56133276964789,10.63324387015804],[107.56125647502334,10.63327629444064],[107.5612793637183,10.633397410947968],[107.5614929865892,10.633445094592059],[107.56159216805484,10.633604358815473],[107.56159216840565,10.633779834708289],[107.56150824553485,10.634034465587666],[107.56163031516286,10.634188960574138],[107.56164557451685,10.634295772587755],[107.56150824547923,10.634362529575926],[107.56122595882961,10.634357761060047],[107.56114966478661,10.634497952188642],[107.5611344050604,10.634856532844031],[107.56085211698847,10.634888003561223],[107.56084079071151,10.634899657444988],[107.56065375301722,10.635092090616912],[107.56031806026846,10.635310481777056],[107.5602951710722,10.635880778678438],[107.55996710777283,10.636707614882717],[107.55970007924581,10.637084315920651],[107.55961615527545,10.637523959726977],[107.55918890979116,10.637735675715211],[107.55902106232418,10.637909245246718],[107.55893713965125,10.638084721011419],[107.558876104252,10.638105702473167],[107.55853278171367,10.638057063752345],[107.55841834093825,10.637757609762499],[107.55837941683899,10.637717470053877],[107.55836505021279,10.637702654920247],[107.55835730528703,10.637694668138],[107.55821234718199,10.637709927441989],[107.55810553519571,10.637810061894275],[107.55805975989118,10.637980770005294],[107.55811316551791,10.638254475469036],[107.55807501890112,10.63840801574594],[107.55798346563984,10.638560604129754],[107.55782312429034,10.638614355075102],[107.55781561845829,10.638616870947082],[107.55759436668647,10.638591122103847],[107.55744940739206,10.638627361210432],[107.55738837286313,10.63873989471274],[107.55735022580399,10.639008831265771],[107.55711371486703,10.639079402795662],[107.55700690213081,10.639225315420616],[107.55705267989646,10.6394618260396],[107.55704187020092,10.639490199466039],[107.55696112635489,10.639702151923256],[107.55692297947719,10.640356373678435],[107.55711371465578,10.640778851523475],[107.55712897328937,10.640905689657856],[107.55711371444649,10.64091484381791],[107.55706754738226,10.64094254441867],[107.55701453244833,10.64097435397429],[107.55679309526714,10.641002898350393],[107.5567703913905,10.641005825323763],[107.55676301572943,10.641009513471625],[107.55666358044304,10.641059231274282],[107.55673224506556,10.641406368409843],[107.55667883848844,10.64153892885676],[107.55654913951662,10.641557049529306],[107.55603034070262,10.641492199127903],[107.55570227644017,10.641586613549068],[107.55562598277825,10.641672443692247],[107.55552680026872,10.642517399711526],[107.5556412420681,10.642864536533812],[107.5556412417896,10.643343281150285],[107.55535895341964,10.64398701178299],[107.55534369483276,10.644115757386192],[107.55550391254485,10.644218754454846],[107.55587012386951,10.644276928079332],[107.55603034092208,10.64425022516753],[107.5561524110971,10.644151043269089],[107.55623105003806,10.644145681062447],[107.55623633403934,10.644145321655762],[107.55624222999904,10.644179220015983],[107.55625726923148,10.64426569257281],[107.55625922290994,10.644276928229338],[107.55610663514304,10.644463848389092],[107.5560848394035,10.644605518833227],[107.5560837465297,10.644612621215998],[107.55612189384651,10.644720387150047],[107.55629736986857,10.644955944311054],[107.55631262829654,10.645086597119146],[107.55625922329195,10.645150494023737],[107.55618292863332,10.645168613370926],[107.55590064065994,10.645152401313231],[107.55553442965719,10.644927334283503],[107.555427618735,10.64491970484051],[107.55535895429507,10.644962620859086],[107.55526740090274,10.645155410442321],[107.55525977182643,10.645171475711122],[107.55526740109164,10.645235371569367],[107.55538947208179,10.64550526143268],[107.5553742130585,10.64565021995386],[107.55538947146016,10.645675239481903],[107.5554481139258,10.645771395613586],[107.55550092151452,10.645857984116887],[107.55550391322905,10.645862888594335],[107.555450506742,10.646016430901211],[107.55554968869963,10.646090817565018],[107.55554968926907,10.64614708378141],[107.55535895412541,10.646339726365918],[107.555175849131,10.646426510787636],[107.55487830233449,10.646435093860529],[107.55441290934716,10.646356892726761],[107.55429846775694,10.646385502215894],[107.55422980384397,10.646449398159056],[107.55419165664952,10.64666969783511],[107.55420691580521,10.646844219739801],[107.55431372725366,10.647017788850295],[107.55438239227699,10.647241901782515],[107.55427558040826,10.64768154540291],[107.55422217364556,10.647745442099115],[107.55412299219829,10.6477645152374],[107.55381333920684,10.64765116087229],[107.55380255815243,10.64764721398537],[107.55377017358653,10.647651629866301],[107.55364129349833,10.647669203715067],[107.55363471069292,10.647670101957537],[107.5536323455641,10.647685981466573],[107.55358130507297,10.64802868343859],[107.55347449378789,10.648230862711289],[107.55347718219102,10.648242136641182],[107.55354315812305,10.648518871434646],[107.55348212259018,10.648652386570859],[107.55329138785532,10.648766827591164],[107.55281073630049,10.64874203162367],[107.55239874920122,10.648825002073542],[107.55221564438159,10.648988079915602],[107.5521469791063,10.649426770085874],[107.55193335623281,10.64980156429437],[107.55181891458673,10.649870229196939],[107.55125434028469,10.649882626946086],[107.55119534159357,10.64993261084916],[107.55118567514826,10.649940800914088],[107.55123908084843,10.650145840667761],[107.55123145161717,10.65053398575598],[107.55119330518974,10.65069229576763],[107.55113226997356,10.650796246883326],[107.5509644231939,10.65092690011199],[107.55094153517005,10.651035618681076],[107.55091476146994,10.65105726063583],[107.55071265282972,10.651220631529212],[107.55061434442445,10.651539256938058],[107.55060584146618,10.65156681541392],[107.55060966526293,10.651579611062267],[107.5506805383199,10.65181676492074],[107.55070502350054,10.65189869385319],[107.55071316635723,10.651905945579008],[107.55079464640909,10.651978514038595],[107.5508880340445,10.652061687983169],[107.5508881295581,10.65206177238478],[107.55091864615322,10.652150463575484],[107.55084998260297,10.65267403135331],[107.55089065614605,10.652836727656613],[107.55089575812755,10.652857137115763],[107.55101019931398,10.653023075658162],[107.55136115125929,10.653195690793583],[107.5513992985913,10.653261495287854],[107.55140110649494,10.65330342796725],[107.55141455679642,10.65361530783297],[107.55124671060885,10.653829884626596],[107.5511780464772,10.653859449286546],[107.55091101755463,10.653898549461655],[107.55080420654113,10.65414269042138],[107.55083472350752,10.654338192714281],[107.55078894679448,10.65439636707347],[107.55053717685799,10.654349636810723],[107.55037695945988,10.654435468074217],[107.55023200142308,10.654685330160904],[107.55014807865109,10.655069660978704],[107.55030066657955,10.655604673223722],[107.5502320010498,10.655734372147476],[107.55000311898782,10.655927967787933],[107.54990393748636,10.656121564235427],[107.55005652546919,10.656668019604496],[107.55001837804812,10.65676815551551],[107.54991919626714,10.656860662358367],[107.54989825021852,10.656861784109104],[107.54988867793473,10.656869245221376],[107.54988320812011,10.65686258995368],[107.54986579037792,10.656863523324683],[107.54977423705895,10.656730008098902],[107.54960639097922,10.656742406007357],[107.54928667306463,10.656987018530355],[107.54912152500685,10.657156416045583],[107.54910922624758,10.657178323602777],[107.54910559449029,10.657208967440345],[107.54913336791924,10.657404256205705],[107.54931647459641,10.657554936914837],[107.54963690814127,10.657668423972577],[107.54974372072627,10.657788587400763],[107.54969794316665,10.658117604750558],[107.54964453853168,10.658239675182498],[107.54959899639593,10.658275539509525],[107.54959876104779,10.658275914103763],[107.54959800783146,10.65827631788322],[107.54956824451155,10.658299756462815],[107.54955947531765,10.658296961020394],[107.54954535543854,10.658304525088857],[107.54941565600625,10.658251119005312],[107.54935462145367,10.658186269169637],[107.54928961655777,10.658014006461123],[107.54927212421119,10.657981099084399],[107.54923327819891,10.657962370178097],[107.54921657568268,10.657961421456987],[107.54906470458337,10.658017468915828],[107.54885871084649,10.658292127468526],[107.54885871037179,10.6584451230269],[107.54889509635935,10.658528942064796],[107.54890868176156,10.658550774985697],[107.5491409988699,10.65856201712393],[107.54920966268055,10.658643079479788],[107.54920966251952,10.65870697515056],[107.549057074501,10.658939672086147],[107.54904181535183,10.659068418714384],[107.54907233355898,10.659165692759322],[107.54924780944513,10.659350705689084],[107.54925543887792,10.659411740567693],[107.54890448668381,10.659822774228186],[107.54879767549104,10.659863782193016],[107.54879014544997,10.659857612307519],[107.54878241605535,10.65985996757028],[107.54875936793287,10.659832391590262],[107.54872901089887,10.659807515486001],[107.54869086378127,10.659513784010523],[107.54862219912074,10.65935356635099],[107.54850012812719,10.65930588372269],[107.54833991182309,10.659329724685735],[107.54807288245435,10.659565282056244],[107.54788214768611,10.659996343846043],[107.54786688911102,10.660215688790078],[107.54798895989452,10.66040737689764],[107.54839331768443,10.660609555782969],[107.5484619818722,10.660712552739017],[107.54851538728546,10.66095573936724],[107.5488205639488,10.661245656048719],[107.5489578923672,10.661619496202198],[107.5489578925339,10.661735845383387],[107.54890374202584,10.66187197674626],[107.548891015237,10.66193131394373],[107.54890244140401,10.66207747844542],[107.54891211638478,10.662124944679293],[107.54890901388546,10.662161539262954],[107.54891211694881,10.6622012386436],[107.54890176456563,10.662247012537788],[107.54888922874356,10.66239483485609],[107.54886034529204,10.662430164202203],[107.54885108205052,10.662471128499575],[107.5488057551962,10.662496938462283],[107.54878241620214,10.662525487765167],[107.54874956286329,10.66252893727545],[107.54871375194537,10.66254932978228],[107.54859168146056,10.66254551456068],[107.54838568905534,10.662446332646539],[107.54830939431919,10.662328076690313],[107.54823310036554,10.662325215581033],[107.54823310070738,10.662539792377926],[107.54821158970633,10.662555554173851],[107.54821021177013,10.662570310101088],[107.54807643745156,10.662654588185905],[107.5480164749909,10.662698527874362],[107.54793555344618,10.662915540690907],[107.54786688964896,10.662981343748593],[107.54774481832956,10.662935567921805],[107.54758460173004,10.662542653378209],[107.54746673328762,10.66251318642682],[107.54736334943345,10.662539792382686],[107.54727942533552,10.662611318646437],[107.54723364995829,10.662769628158028],[107.5470276557198,10.663143469074546],[107.54705817362596,10.663253141643771],[107.54720313140385,10.663373304480881],[107.54721092929171,10.663409368338288],[107.54722602047795,10.663424802367702],[107.547216136952,10.663433450922986],[107.54721839094877,10.663443875187204],[107.54719751158942,10.663449747369377],[107.54717261506106,10.663471532957402],[107.54697425107808,10.663512540376713],[107.54688269748887,10.663711858478619],[107.54687826639757,10.66371189205861],[107.54687506734955,10.663718534792354],[107.5468052811948,10.66371242776262],[107.54675299790395,10.663712812943384],[107.5467394623994,10.663706668465917],[107.54672248047271,10.66370518263943],[107.54670262384482,10.663689945849661],[107.54660803931614,10.663647008543757],[107.54645545177,10.663505864771995],[107.54645285174067,10.663498281110828],[107.54644782127477,10.663494420324197],[107.54644521433994,10.663476006364176],[107.54643256371746,10.663439107268857],[107.54643781579492,10.663423747090036],[107.54643256383562,10.66338665549781],[107.54647070965501,10.663327527553802],[107.54668433340656,10.663193060045266],[107.5466995915166,10.663017584053758],[107.54664618658003,10.66294701180333],[107.54652411583164,10.662958455330926],[107.54626471701991,10.663089109650672],[107.54618079233504,10.663082433832988],[107.54617349397414,10.66307682829691],[107.54616553423017,10.663075757875923],[107.5459671696991,10.662918401480738],[107.54587459200732,10.66293887549055],[107.54579169323053,10.663007093298242],[107.54567725230119,10.663228345973884],[107.54543267163841,10.66347663229073],[107.54542548230373,10.66373093177324],[107.5453034130058,10.66405708837835],[107.54528052422141,10.664257360570486],[107.54535681863214,10.664298368923461],[107.54565436434542,10.664289785824787],[107.54565912710063,10.664293644545019],[107.54566199484995,10.664293600071016],[107.54582352133558,10.66442686115945],[107.54587561796227,10.664469075563426],[107.54593515192778,10.664489807095316],[107.54599327160263,10.66449949317057],[107.54610449961841,10.664429975737365],[107.54626471696993,10.664153410094706],[107.54631049248195,10.664143872282624],[107.546322809792,10.664151680313621],[107.54633338047528,10.664148641824879],[107.54635107147263,10.664169596336913],[107.5464173048984,10.664211583982313],[107.54649359877006,10.664338422283556],[107.54643256406555,10.664614034473388],[107.54637152760868,10.664738965440087],[107.54624182835907,10.66480763106587],[107.54527286576513,10.664691062921971],[107.54522307592981,10.66470021604955],[107.54518897180824,10.664823842777677],[107.54527289568917,10.665194821958455],[107.54510504882035,10.665542913703838],[107.5450897895369,10.665652586200977],[107.54511267762038,10.665735555892327],[107.54526526548693,10.665872884659574],[107.54518134271905,10.666170430724803],[107.54506690186997,10.666356398014107],[107.54497623675795,10.666373832539863],[107.54465491465835,10.666613889508367],[107.5444336615896,10.6666644348659],[107.54418952198091,10.666933371253979],[107.54418952141246,10.667080237076089],[107.54428107346979,10.667458844610904],[107.54446212160639,10.667694070065572],[107.54451758520965,10.66772873449975],[107.54452904512739,10.667781020245897],[107.54453284392164,10.667785956335086],[107.54453102411878,10.667790049845271],[107.54453284352367,10.667798352854453],[107.54452263393769,10.667808928180255],[107.54450995577729,10.667837454074286],[107.54448305609716,10.667849919969024],[107.54447943887156,10.667853665912528],[107.5444511857894,10.667864689076701],[107.54421361994467,10.66797478014901],[107.54399115703487,10.668337179292285],[107.54394538072667,10.668673826136347],[107.54405982224755,10.668982816982611],[107.54409796860122,10.669458699672752],[107.54424292690634,10.669743849215838],[107.54434973887918,10.669768643953008],[107.54476935576824,10.669712378029578],[107.54477912283949,10.669716854200184],[107.54478461386576,10.669716191880793],[107.54492957300542,10.669785811370218],[107.54499060834374,10.66994126018833],[107.5449219432892,10.670168233862505],[107.54482276071343,10.670261694288497],[107.54474646713517,10.670279813711828],[107.54474115297958,10.670278387392374],[107.54473883772339,10.670278859776788],[107.54438788617318,10.67018349283384],[107.54425055679013,10.670275998945083],[107.54400641605316,10.670675589337423],[107.54363880810888,10.67113510053097],[107.54360405302027,10.671415743940392],[107.5436360416046,10.671478580534835],[107.54366783677881,10.671522297931956],[107.54380805198697,10.671585393886229],[107.54400888540985,10.671610497841398],[107.5442276678525,10.6715758567553],[107.5444718087656,10.671245886170864],[107.54449427874093,10.671233195320111],[107.54452521516146,10.67119343424252],[107.54464625561684,10.671147355874213],[107.54467780317202,10.671129538448751],[107.5446835787749,10.67113314825007],[107.5446930618057,10.671129537630673],[107.54486853842717,10.671248746872743],[107.54491431440299,10.671341253255536],[107.54491399115268,10.671345335467759],[107.54492194256956,10.671362233922965],[107.54490668488938,10.671447110685852],[107.5447200907514,10.671649566116074],[107.54470827058701,10.671698980525315],[107.54467780304573,10.671877218027195],[107.5446593213517,10.671903620947877],[107.54465491486255,10.671922040833243],[107.54446418011169,10.672182394142192],[107.54424292694937,10.67229683486501],[107.54391486331912,10.672314954723669],[107.54379748237069,10.672414912399354],[107.54378864221093,10.672451654715962],[107.5437241284864,10.672960592091787],[107.54367835175726,10.673066450616377],[107.54358679883852,10.67309410686278],[107.54331655650444,10.67307184191449],[107.54322099278525,10.673102056943394],[107.54325110581559,10.673550917183412],[107.54313755718897,10.673859392102157],[107.54314429365999,10.674006773290612],[107.5430756296982,10.674107863011585],[107.54306891166193,10.674106996907216],[107.54306037118562,10.674118353416018],[107.54283148895459,10.674076390838444],[107.54284674796878,10.673796965379786],[107.54296415109793,10.673685064962221],[107.5429764480684,10.673624350251847],[107.5429154135283,10.673492743341045],[107.54277808373404,10.673396421931487],[107.5426712717688,10.673366857833788],[107.54193884976922,10.673373533043202],[107.5419338001098,10.673372501906085],[107.5419235908973,10.6733725803054],[107.54170996761992,10.67332680323189],[107.5415116037831,10.673404051660805],[107.54125983432473,10.67361004571265],[107.54103095241798,10.673906637169328],[107.54098517582808,10.674100233684742],[107.54100806363479,10.67431671702449],[107.54123694576971,10.674432112132193],[107.54127509294777,10.674516989229593],[107.54123694572729,10.674591375547301],[107.54076392268428,10.674924208438721],[107.54055793021082,10.675200773791769],[107.54048163574114,10.675208403653057],[107.54047339030062,10.675199012271856],[107.54046637675934,10.675198866276379],[107.54039580099787,10.675110647527987],[107.54028360192164,10.674982864835991],[107.53993994905618,10.674840284879274],[107.53987128387382,10.674741102661349],[107.53977490128688,10.674444539667977],[107.53974640289744,10.674433456745653],[107.53969458047426,10.674428473818981],[107.53963533830878,10.67445994577914],[107.53961951432694,10.674474074098931],[107.53955085045433,10.674562765792398],[107.53951270346546,10.674767805049786],[107.53987128427703,10.67521698634247],[107.53987496619438,10.675228952408371],[107.53988654321279,10.67524368930536],[107.53988408204596,10.675258579790333],[107.53989417216523,10.675291372801006],[107.53984839640717,10.675474478711607],[107.53975684306863,10.675667120883745],[107.5395966259683,10.675847365622598],[107.53948981389614,10.675912214704901],[107.53924567407203,10.675931288550585],[107.53909308635218,10.675990416822817],[107.53899390368969,10.676074339718628],[107.53895575708842,10.676188780347182],[107.53903205127058,10.676736189279875],[107.53956610777871,10.677008940130978],[107.53957200614757,10.677018524814926],[107.53957373836172,10.677019430380275],[107.53958010003353,10.67703167752751],[107.53960425531035,10.67707092943151],[107.53960368921257,10.677077086209106],[107.53961188526807,10.677092863687346],[107.53959662629265,10.677153898995869],[107.538702370975,10.677653128910794],[107.53865058078588,10.677759482376077],[107.53866583997369,10.67807419431433],[107.53833014767196,10.678318335827164],[107.53824802202872,10.678427834348112],[107.53820595197217,10.678584844408618],[107.53820390963007,10.678613709681942],[107.53826382911352,10.678757685317578],[107.5383148879357,10.678834273947134],[107.53840644024152,10.67910034851142],[107.53832251725323,10.679478956539612],[107.53837368344688,10.679669914128846],[107.53849298867026,10.679680683389364],[107.53864295240916,10.679491354439103],[107.53880316894288,10.679222419011026],[107.5388642043555,10.67879803400338],[107.53896338608831,10.678750349927482],[107.53897220109286,10.678758377955717],[107.53898627406309,10.678753210257382],[107.53907019868329,10.678847624736878],[107.53920496663093,10.679187352706528],[107.53941352144776,10.679300619268531],[107.53973395547136,10.679391219017148],[107.53973829889809,10.67939895541874],[107.53975684370313,10.679404570745143],[107.53991605506633,10.679669620842484],[107.5403595651755,10.679768873863763],[107.54049689513892,10.679901434845966],[107.54049413046533,10.679924249213993],[107.54050452402544,10.679987265842538],[107.54048371395668,10.680010176391526],[107.54048163607185,10.680027319501214],[107.54030616008973,10.680205656845708],[107.54026038293932,10.680308653956866],[107.54025516895362,10.680312191229184],[107.54025275430631,10.680317237062527],[107.54003913133832,10.680464102502775],[107.53994757827141,10.68058235843665],[107.53990239713796,10.680714137883346],[107.53990648400362,10.680879170878653],[107.53990943144294,10.680981947556532],[107.54010016617453,10.681357696047353],[107.5407715535507,10.681421591321214],[107.54077530457866,10.6814261463329],[107.54078681245919,10.681427313965047],[107.54082495968107,10.681486441752966],[107.54074866512747,10.681745840709612],[107.54090125230134,10.68203003558068],[107.54089362314751,10.682115866342627],[107.54088660123764,10.682119776391193],[107.54088599439295,10.682123496027637],[107.54084784744252,10.682157828900685],[107.5408205843385,10.682156535603616],[107.54080970083656,10.682162596987478],[107.54076275044544,10.68215379354288],[107.5406710435492,10.682149445402121],[107.5405350421213,10.682178808296985],[107.54044348969124,10.682453467498018],[107.54045058155651,10.682511086044395],[107.54050112030352,10.682633587735666],[107.54053504264597,10.68267853485155],[107.5406113352656,10.682900740746874],[107.54063139077294,10.683089581374608],[107.540673384873,10.683141198748068],[107.54104621128758,10.683378531900756],[107.54134201280587,10.683687273832364],[107.54135952172182,10.683696940073416],[107.54193885089111,10.683688475590747],[107.54194653732762,10.683691459906077],[107.54195410959908,10.683691336934233],[107.54199289494937,10.683709453892101],[107.54208380971299,10.683744742739988],[107.54208940434043,10.683754533326626],[107.54209906793022,10.683759048063974],[107.54209960298846,10.683772379591243],[107.542121956586,10.68381149960244],[107.54211432686799,10.684139563620834],[107.54190772090541,10.684347951793203],[107.54187018676372,10.68443615560414],[107.54200751593986,10.6847632668261],[107.54205329164999,10.685071304018996],[107.54212195684352,10.685202911202204],[107.54222113877539,10.685278251171924],[107.54256446094152,10.685325934565705],[107.54266364333232,10.685434652872132],[107.54265601349994,10.685525252603426],[107.54246527872775,10.68565686015662],[107.54230506128039,10.68597061807996],[107.54206092060602,10.686130836015412],[107.5420549625319,10.686131528125637],[107.54204566289154,10.686137510892681],[107.54180034756052,10.6861835079278],[107.54176829836555,10.686202537391154],[107.54176183500937,10.686234855861375],[107.54177529791343,10.686289827772029],[107.54197699752613,10.686542822982691],[107.54203040336733,10.686725928414967],[107.54196936838775,10.686881376618874],[107.54172491036594,10.68703094664227],[107.54167605282368,10.687116957019901],[107.54167270572435,10.687174270260332],[107.54168417583702,10.687190614448971],[107.54179319059403,10.687201214175444],[107.54194648084756,10.687104536875825],[107.54194910333827,10.68710392355371],[107.54196173917963,10.687094999866664],[107.54218299222309,10.687049223848904],[107.54254758194837,10.68726117766259],[107.54259497923,10.687278105416913],[107.5426180643832,10.687302153182461],[107.54266364376068,10.687328651056575],[107.54267051760539,10.687356791815684],[107.54268653195706,10.687373473168751],[107.54270179079231,10.68744404488245],[107.5426938841672,10.687452447103327],[107.54269416037893,10.687453581510708],[107.54262549680439,10.68752510770813],[107.54221972772662,10.68753235429115],[107.5420149077061,10.687653302654107],[107.54200279626032,10.687673894157367],[107.54198260050025,10.687743312908362],[107.54199983823084,10.687821958124013],[107.54201348016561,10.687857425491424],[107.54230506173948,10.68787892085289],[107.5426618466717,10.688104757128064],[107.54269491572074,10.688114528206434],[107.54282851670568,10.68815140699417],[107.54340369519456,10.688000991229897],[107.54346472958865,10.68802387923959],[107.54350287710746,10.688065840956261],[107.54350227313446,10.688073622857942],[107.54350287725221,10.688074423710283],[107.54349524761442,10.68816406907634],[107.54324347751361,10.688392950588794],[107.54321544850727,10.688475286246643],[107.54347235914882,10.688606573470738],[107.54347403970529,10.688610338710514],[107.54347998882572,10.68861324980213],[107.54356391156628,10.688811613397304],[107.54384619948594,10.689186408111691],[107.54380805294046,10.689277961275657],[107.54339606479392,10.689238859566746],[107.54325110727434,10.689276053969039],[107.54316610757901,10.689365479514047],[107.54316260171407,10.689386517778237],[107.54322058929516,10.689655615614871],[107.54308840320068,10.689798817738973],[107.54300696591838,10.690084768552707],[107.5429077841991,10.69026501398016],[107.54293067160098,10.690389944768807],[107.54306037219047,10.690429046285736],[107.54325110724328,10.690354658752371],[107.54332133540628,10.690357950668176],[107.54335791912365,10.690347983790515],[107.54336500910505,10.690359997955383],[107.54337317661815,10.690360381209155],[107.54342658266847,10.690464331751558],[107.5434339585701,10.690703154184808],[107.54358813327582,10.69096206448771],[107.54364484764592,10.690999031139572],[107.5437151384284,10.691035823062046],[107.54418952305322,10.691146208721515],[107.54443366322785,10.69129975114514],[107.54449469843499,10.69140846902876],[107.54449469817034,10.691520049283563],[107.54448730523163,10.691524907778962],[107.54448706944027,10.691528631609321],[107.54423560675642,10.6917146086213],[107.5442124115219,10.691754789069382],[107.54421241098912,10.691799478656817],[107.54422138596411,10.691836499988142],[107.54428870483227,10.691913917148256],[107.544448922036,10.691982580743751],[107.54457372007758,10.692006422137665],[107.54483039181724,10.692050291897477],[107.54484042351241,10.692057372791059],[107.5448532798462,10.69205982930879],[107.54491829878474,10.692112343623135],[107.5449585311185,10.692140744294997],[107.54519660275683,10.692172363062582],[107.5451367681003,10.692447224036622],[107.54515845590639,10.692760780242102],[107.54487528973,10.693031556676715],[107.54485258385294,10.693061561042008],[107.54484564972965,10.6931508318426],[107.54495246226844,10.693198515683706],[107.5456085905153,10.693162275513853],[107.54561190794618,10.69316267033552],[107.54562384908247,10.693160368507371],[107.54572982194654,10.69317667208984],[107.54591376626631,10.693198515971876],[107.54592081639527,10.693206055903318],[107.54592139532582,10.693206144752368],[107.5459824303146,10.693271948484506],[107.54600531786652,10.693372084909928],[107.54596717128776,10.693413092574632],[107.5457713514349,10.693379873123977],[107.54566581888231,10.693422745211866],[107.54564075850588,10.693505130828562],[107.54558833959396,10.693804576776184],[107.5455859854493,10.69387225273707],[107.54559975590384,10.693887960795625],[107.54599291713521,10.694099663104378],[107.54607398322008,10.694137885280137],[107.54625708848081,10.69433815653342],[107.54652411738023,10.69451840127723],[107.54653937600833,10.69458325105633],[107.5464936002932,10.694843604021749],[107.54657752351967,10.695121123997476],[107.54658515264005,10.695308044036702],[107.54657752364626,10.695328070370484],[107.54657752326808,10.69534523675189],[107.54657007371806,10.695347625732822],[107.54656226475315,10.695368124850585],[107.5464236910985,10.695394564289378],[107.54641533314945,10.69539724407624],[107.54637555603057,10.695426722360487],[107.5463115001102,10.69548769809697],[107.54632575372314,10.695668533155757],[107.54632405337986,10.695676014094015],[107.54632575306621,10.695690466724646],[107.5463113707418,10.695731816622661],[107.5462876060374,10.695836378722262],[107.54614264853674,10.695931747192542],[107.54573066000579,10.695928886070998],[107.54538733754464,10.695976569034137],[107.54514319720023,10.695924116822285],[107.54504401536076,10.69597943013458],[107.54496009135612,10.69610913040245],[107.54489142713717,10.696307494295882],[107.54498298065347,10.696435286692928],[107.54509742057373,10.696420028462164],[107.54530341392415,10.696292235728095],[107.54531632087772,10.696296897012429],[107.54532630271834,10.696291281621072],[107.54536444967226,10.696304633448303],[107.54536695513409,10.696315180946106],[107.54537207945417,10.696317031220357],[107.5453873369043,10.696400954343332],[107.54536444924547,10.696560217889976],[107.54523475044563,10.696794822069222],[107.54472180616453,10.697288908418729],[107.54471595121812,10.697323792728039],[107.544715951808,10.69743031654566],[107.54495246201856,10.697672202528109],[107.54497036352004,10.697715356660142],[107.54498298032914,10.69772846951375],[107.54499064999118,10.697764261973823],[107.54500586809012,10.697800948168641],[107.54500203655034,10.697817396450015],[107.54500586811692,10.697835280949704],[107.54499072277753,10.697865951295462],[107.54498298030776,10.69789917727354],[107.54497250898382,10.697902833476792],[107.5449677212009,10.697912528248258],[107.544807348693,10.697960495687475],[107.5447617273236,10.697976424368939],[107.54475867002316,10.697975056537588],[107.54475409824464,10.697976423979663],[107.54460151009857,10.697905852778735],[107.54449469794187,10.697770431130117],[107.54429622703093,10.697716219163436],[107.54425165072418,10.69772805869474],[107.54424201068367,10.697731673943315],[107.54414374627282,10.697870567115917],[107.54418952342918,10.698107078111603],[107.54418791240734,10.698116239476036],[107.54418952306632,10.698125197948901],[107.54418485925525,10.698133603277142],[107.54417426476999,10.698193861830744],[107.54409797009731,10.6982901830451],[107.54399115864152,10.69832070095836],[107.54394800937793,10.69830982145576],[107.54393775286123,10.698311163741357],[107.5439246507002,10.698303931510283],[107.54354865339648,10.69820912129897],[107.54345710172886,10.69825966657737],[107.54344713931746,10.698323793086034],[107.54355757077168,10.69859461143699],[107.5436046525434,10.698690913590212],[107.54383857056845,10.698826148642254],[107.54402930514117,10.69910271444076],[107.54402951702178,10.699107978367373],[107.54403693545832,10.699118925988946],[107.54404364042173,10.699458407047883],[107.5440445646767,10.699481322193444],[107.54404411770886,10.699482542995684],[107.54404456415988,10.699505164465263],[107.54400641752049,10.69960148498088],[107.54399927633929,10.699605056034951],[107.54399115810041,10.699627235137367],[107.54394838332522,10.699630502345963],[107.54389960678505,10.69965489085844],[107.54386950226413,10.69963652845157],[107.54385382980911,10.699637725663003],[107.54370887177049,10.699538543258312],[107.54357917162673,10.699520422800632],[107.54329956047903,10.699395732108245],[107.54319770178935,10.69942028743465],[107.54315955478398,10.699480369106272],[107.5431748137477,10.69966347435012],[107.54334266039812,10.699885680690183],[107.54340369543196,10.70018990211665],[107.54365546571292,10.700187040835523],[107.54379279424761,10.700294807369616],[107.54388434755808,10.70053799392787],[107.54387696613993,10.700858108592803],[107.54391260728953,10.700886864587948],[107.54399286761657,10.700926994040747],[107.54428107539194,10.700981452337315],[107.54431424761665,10.700994529172947],[107.54432685234977,10.700996711462194],[107.54477698662599,10.701176955255741],[107.54489905682289,10.701319053189387],[107.54488379744835,10.70140583692499],[107.5448766563758,10.70140958603836],[107.54487616814673,10.701411558984045],[107.54487170800058,10.7014121838291],[107.54484565069245,10.701425864477901],[107.54463202768495,10.701445892444205],[107.54452521649657,10.701499297713404],[107.5444315225911,10.701585784500304],[107.54441476676685,10.701613311899056],[107.54428107549032,10.701879813671786],[107.54422707402433,10.701921665342779],[107.54422004097951,10.701933219357734],[107.54420486160583,10.701938879108747],[107.54420478155708,10.701938941023107],[107.54420413582702,10.701939149885675],[107.54377939034065,10.7020975306812],[107.54376583786761,10.702115530558164],[107.5436478367835,10.702534988103169],[107.54373912063265,10.702684202426118],[107.54399115893611,10.702797248098483],[107.54399630462049,10.702808925440815],[107.54400641767106,10.702813460926427],[107.54418952359516,10.703247382701164],[107.5442505588492,10.703660323541964],[107.54411806972945,10.703898619303136],[107.54414984978555,10.704048083623414],[107.54417426463684,10.704141929458048],[107.54417164646698,10.704150599567493],[107.54417426471836,10.704162910502559],[107.5441320730315,10.704305305849404],[107.54416663514245,10.70441849460688],[107.54413611736857,10.704487159570137],[107.54412988354409,10.704492916068844],[107.54412848745456,10.70449574284353],[107.54389960717016,10.704705550036264],[107.54373938902306,10.70501168038318],[107.54378516565248,10.705375030046405],[107.54390723592158,10.70566208678448],[107.54401404649349,10.705735519398088],[107.54423529962204,10.705719306403585],[107.54430396400237,10.705827071631923],[107.54428870542131,10.705981567491499],[107.54420478179117,10.7060778886179],[107.54395169664417,10.706245733159918],[107.54393012363025,10.706262643234735],[107.54393012423343,10.706527068923636],[107.54361980343526,10.706467464189693],[107.54350287784612,10.706524207239726],[107.54342658377435,10.706618621723537],[107.54335029015031,10.706860854274069],[107.54338080827547,10.707127883421428],[107.54332740156072,10.707191779120802],[107.54316718480355,10.707258537808398],[107.54296633408582,10.70724933196614],[107.54289456604369,10.707279938505195],[107.54285887619035,10.70730596163192],[107.5428391204471,10.707382514777914],[107.5431061484789,10.707534148684353],[107.54312903776378,10.707763984368404],[107.54293926430675,10.707828507300771],[107.54298407910079,10.708035781715633],[107.54298173894425,10.708039681228007],[107.54298407929693,10.708051040333583],[107.54296119118717,10.708105399570176],[107.54294157266227,10.708106625830995],[107.54293830314514,10.708112075168447],[107.54285437860172,10.70811207536589],[107.54264097750033,10.707950184573502],[107.54252631568319,10.707983329636297],[107.54243580586953,10.707948445549734],[107.54243498200451,10.707949132606089],[107.54244978551759,10.708022781214513],[107.54250342718308,10.70818169323567],[107.54250342689699,10.708289646817782],[107.54251105648827,10.70832760579891],[107.54247290990676,10.708440139289948],[107.54222241030715,10.708790541892856],[107.54215247515971,10.708900764780186],[107.54209144015105,10.709117248897705],[107.54209144039334,10.709280326581032],[107.54194648155004,10.709358527829123],[107.54194032522825,10.709355884565252],[107.5419388519296,10.70935662054204],[107.54177100535574,10.70928318764533],[107.54170997017917,10.709225013725582],[107.54161841828437,10.708995177625784],[107.54154975289579,10.708986594692654],[107.54145901635529,10.709228019021786],[107.54145057134544,10.709266021648746],[107.54144464754874,10.70926624729378],[107.54144294075302,10.709270789327084],[107.5412967135055,10.709271897399883],[107.54118747048929,10.70927607066949],[107.54100806596031,10.709439590335695],[107.54083259031418,10.709432914350776],[107.54059607861797,10.709330871855437],[107.5404663792354,10.709338500808316],[107.54004266334908,10.709766420061342],[107.5399834983728,10.709835900072507],[107.53993995109492,10.710069968736443],[107.54001920201387,10.7102259967982],[107.5400476243994,10.71026398373913],[107.54011559009984,10.710322037751315],[107.54013351668715,10.710330656698458],[107.540195434924,10.710343924760572],[107.54023659305459,10.710327919050485],[107.54028394717321,10.7101632560342],[107.54030616231367,10.710070923171616],[107.54031111984993,10.710068765492377],[107.5403137911919,10.710059478741467],[107.5404968968583,10.709987952632755],[107.54059607885472,10.710059478965885],[107.54059476058131,10.710067938256499],[107.5405960791441,10.710069016063551],[107.54055030198504,10.710353210480662],[107.54063422612417,10.710532500679506],[107.54064948395629,10.710676506061624],[107.54064185533241,10.711079910522715],[107.5405960793038,10.711170509880684],[107.54055793171447,10.711202934551487],[107.54054006186608,10.71120289445458],[107.54053504380633,10.711205796260385],[107.54013068560145,10.711201980650417],[107.5401077971332,10.711054161014001],[107.5400315027227,10.710920647022627],[107.53984076916751,10.711002663033838],[107.53960356063088,10.710897140039952],[107.53955766661129,10.710885845777058],[107.53941166103868,10.710877085748615],[107.53938499361294,10.710879793751783],[107.53925911440902,10.71096840657063],[107.53924567565602,10.711067513111134],[107.53950714576683,10.711462440726205],[107.53965766263485,10.711539581981253],[107.53974158658419,10.711975410828598],[107.53958136908264,10.712145164907966],[107.5395889990934,10.712312057888852],[107.5396347750857,10.71256382821925],[107.53979499179728,10.712716416024683],[107.53984076901567,10.712844207571878],[107.5396271460372,10.713015869070944],[107.53954322188316,10.713134124862696],[107.53934485824249,10.713614777356588],[107.53924567627061,10.713714913222429],[107.53878791183739,10.713884667038569],[107.53865821244531,10.714082077007689],[107.53846747841341,10.714706734325315],[107.5385285127057,10.714804008852811],[107.53869635955061,10.714931800920832],[107.538719248178,10.714991883472747],[107.53868110155037,10.715074852046937],[107.5384522187472,10.715070084235842],[107.53809363744392,10.714882210557311],[107.5379257910534,10.714924171982975],[107.53767402107809,10.71505387148379],[107.53749854517464,10.715028122601504],[107.53738410414678,10.715083435409843],[107.53738410386025,10.71518929347089],[107.53754432088706,10.715339020243963],[107.53766639144919,10.715582206862065],[107.53778846211881,10.715595558357311],[107.53787238481873,10.715492562408826],[107.53799445555164,10.715499237037422],[107.53808600801742,10.715762450952537],[107.53797156751806,10.716065719792114],[107.53774268526392,10.716026619600843],[107.53765876264592,10.716062859382944],[107.53738410418298,10.71634896126474],[107.53729255105154,10.716386153917785],[107.53703315163554,10.716358497934632],[107.53694159876063,10.716312721306192],[107.53680426979349,10.716144875011937],[107.53670508734174,10.716098145250534],[107.53656012900947,10.716056183162909],[107.53643042922229,10.716103867143538],[107.53635413476637,10.7164309769841],[107.53616340004191,10.716780976003331],[107.53624732395528,10.717527703742054],[107.53621680651014,10.717599228678942],[107.53561408418891,10.717999771307898],[107.53553779069115,10.718127564085828],[107.53556830871518,10.718396500695581],[107.5356980075342,10.718737915625116],[107.53553016165509,10.71951897528704],[107.535705637784,10.719944313233851],[107.53565986083423,10.720191315389615],[107.53559119629863,10.720340088082654],[107.53527839099763,10.720559433705882],[107.53515632034386,10.720789269495462],[107.53506476853383,10.721302346221007],[107.53500373337096,10.721371964818163],[107.5342560520497,10.721768693039449],[107.53418738712415,10.721782997816945],[107.53389747048361,10.721689537565268],[107.53318030701196,10.722083405446803],[107.53266913863547,10.722216919609904],[107.53253943809015,10.722176865904077],[107.53244025612086,10.722090081392365],[107.53236396275487,10.721936539605302],[107.53235633344494,10.721844986868463],[107.5324173688145,10.721735315075655],[107.53234107396072,10.721435860466604],[107.53219611553175,10.721319512797178],[107.5320628821914,10.72135559628058],[107.53195197565229,10.72153027461243],[107.53195197534987,10.72164185448535],[107.53189856926507,10.721740082801258],[107.53175361026929,10.72184880157491],[107.53151709897043,10.722224550004462],[107.53125007082369,10.722411469909634],[107.53121955364989,10.722482994592225],[107.53126532982074,10.722773866125863],[107.5312348126337,10.722845391717337],[107.53115851805516,10.722865418631006],[107.53097541240545,10.722804384167045],[107.53019721396751,10.722887352665417],[107.52986915023814,10.723078088321323],[107.52955634551094,10.723173456268496],[107.52941901621654,10.72326024021583],[107.52932746369027,10.723480539135387],[107.52940375745298,10.723666505234561],[107.5293808693547,10.723755196985362],[107.52929694524155,10.723820047330927],[107.52929173788422,10.723822044538817],[107.5292816874974,10.723829583139333],[107.52896888101328,10.72394593183287],[107.52856452443315,10.72390110930403],[107.52819831364374,10.723999337042295],[107.52788550734931,10.725039796282642],[107.52786261973533,10.72528775112922],[107.52792365442507,10.725511864862124],[107.52801520772692,10.72630532207659],[107.52801520751714,10.726391152826587],[107.52791602536887,10.726621942407364],[107.52796943167986,10.726876572811275],[107.5278855072338,10.726920441753537],[107.52770240278169,10.726817445063714],[107.52760322025968,10.726899461155005],[107.52762610838776,10.727011994960167],[107.52781684354379,10.727328615348782],[107.52779395525398,10.727372484362437],[107.52743537399851,10.727464990080426],[107.52735092462265,10.72752589106021],[107.52731356137333,10.727584133560095],[107.52715308621669,10.72792180046189],[107.52701575625588,10.728082017059242],[107.52677924531696,10.728147821629904],[107.52668006321431,10.72805912937157],[107.52658851050963,10.728045777989296],[107.52623755833977,10.728216485572675],[107.52618415291688,10.728302315835121],[107.52616126438735,10.728398636892301],[107.52619178248632,10.728535966566863],[107.52640540527088,10.7286666204376],[107.52651984667617,10.728808717029867],[107.52625281760699,10.72884877091694],[107.52600104766668,10.729006128676062],[107.52602393603205,10.729145364529243],[107.52629096495356,10.729161577589771],[107.52645881133171,10.72930176689839],[107.52639014636513,10.729412393480848],[107.52617652377806,10.729475335059709],[107.52614600612114,10.72952969569817],[107.52619178229551,10.729665117191852],[107.52615363560355,10.729729965907385],[107.52608862711611,10.729765816985275],[107.52603918947632,10.72981407695843],[107.52613837679026,10.729895906328547],[107.5261841522908,10.730104760230283],[107.52644355250108,10.730429009913795],[107.52626044714626,10.730967836339053],[107.52606971301135,10.731138543800466],[107.52588660660217,10.731614427438895],[107.52561194860488,10.731778459002985],[107.52554328398769,10.73175652413481],[107.5252915135055,10.731519059674655],[107.52517707282239,10.731509523219714],[107.52503974332193,10.731608705270355],[107.52492530305123,10.731636361222177],[107.52463538568199,10.731525735897666],[107.52447516850393,10.731352166808811],[107.52441413385468,10.7312196065283],[107.52440650381665,10.730990724626679],[107.52387244645882,10.730963067243543],[107.52386481674483,10.731044130151155],[107.52399451658151,10.731189088676407],[107.5240174046065,10.731275873516468],[107.52398688806652,10.73148282057606],[107.52393348136609,10.731643991819007],[107.52359015848273,10.73195488980055],[107.52352149474498,10.73218949376654],[107.52354438241586,10.732372598369688],[107.52351386442858,10.732431726992704],[107.5234528295642,10.732474641216344],[107.52332313010584,10.732474641550873],[107.52325446573784,10.732400255800037],[107.523223948,10.731874780100226],[107.52316291226828,10.731735544489828],[107.52294166036154,10.731586770450837],[107.52285773714281,10.731626825446655],[107.52284247904774,10.731847123255374],[107.52271277863595,10.732063608926737],[107.52219398000493,10.732283906260244],[107.52214820355803,10.732355432494801],[107.52204139203039,10.732589082445529],[107.52211005716445,10.732734995063531],[107.52243049074387,10.732775049188819],[107.52249152578216,10.732836084283441],[107.52243812090857,10.733427362734604],[107.5223923441529,10.733577089695613],[107.52218635100107,10.73373063079934],[107.52190406304238,10.733631448868532],[107.5216141461791,10.733737306583551],[107.52152259298316,10.733848887100395],[107.52149970469898,10.733982400630776],[107.52155311125861,10.734122591034499],[107.52151496364232,10.734182673077242],[107.52069861921647,10.734254197940102],[107.52066047216445,10.734349565580706],[107.52084357665834,10.734397249849883],[107.52089698326256,10.73445446972125],[107.52088935398137,10.734502153892976],[107.52063758346537,10.73461945548996],[107.52057654754311,10.734784441242912],[107.520515512813,10.7348292637208],[107.52039344246032,10.73483212507215],[107.52019507891669,10.734752969690705],[107.51997382579887,10.734835940158568],[107.52011878513524,10.735081033862786],[107.52008826682983,10.735122995714445],[107.51985938472735,10.73508484854376],[107.51963050345063,10.735148744484794],[107.51950080416223,10.735223132196511],[107.5194245097361,10.735410051727575],[107.51930243944206,10.735391932317933],[107.51911170502062,10.735155421180664],[107.51898200451905,10.73513443951078],[107.51887519296221,10.735173540289423],[107.51878364039143,10.735356645977296],[107.51859717952405,10.735214210502384],[107.51856671148532,10.73520075357227],[107.51847083538989,10.735213595240882],[107.518425058557,10.735285120215222],[107.51843268837104,10.735417681123186],[107.51831824776512,10.735475855232355],[107.51770026706025,10.73520119652984],[107.51754767845614,10.73520119733683],[107.5174484965527,10.735237437315627],[107.51725013164648,10.735453921391574],[107.51712043272532,10.735518771015707],[107.51694495694822,10.735485391747874],[107.51679236886793,10.735392885964952],[107.51677710966098,10.735320405721833],[107.51679236898595,10.73528438979983],[107.51679236906612,10.735246973028143],[107.51690681020744,10.735014276723527],[107.51692206804165,10.734871226000267],[107.51688392039433,10.73478444124476],[107.51680762798244,10.734776811579062],[107.5167389630693,10.734846430281452],[107.51671607451196,10.734980898139874],[107.51667792794184,10.734986619592126],[107.51660163349267,10.73488553109997],[107.51628882842638,10.734967547073849],[107.51617438803632,10.735205964816112],[107.51609809383437,10.735278444622658],[107.5159531344866,10.735250788337167],[107.5158600346595,10.735119195236402],[107.51575477113411,10.73512013467558],[107.5157089944386,10.735332804209603],[107.51581580531995,10.735475854864555],[107.51583106461867,10.735569314689503],[107.51571662387475,10.735779124344461],[107.51564032961252,10.735839204713292],[107.5156632181063,10.736027078691999],[107.5156327010611,10.736561136706747],[107.51554877662805,10.737128573255472],[107.51555640723147,10.737449960768442],[107.51568610705621,10.737877207169726],[107.5156174416264,10.738030749188118],[107.51534278395647,10.738300638774408],[107.51532811577945,10.73842164929945],[107.51542670701087,10.738722163366885],[107.51541144770894,10.738772706942989],[107.5148545025165,10.738872843338463],[107.51456458621885,10.73897202504402],[107.51426703883014,10.739225703294162],[107.51407630424123,10.739312487075544],[107.51378638709588,10.739290551971248],[107.51371772276998,10.739316302498958],[107.51364142927191,10.739517527533872],[107.51251990793388,10.74017937754565],[107.51235206079703,10.740352946480321],[107.51228339734912,10.74049790430245],[107.51229102629239,10.740638094226965],[107.51243598375738,10.741198855560476],[107.51223762031948,10.74175770856817],[107.5121842140886,10.742023783816714],[107.51174933936286,10.742795306916957],[107.51155860386386,10.743230181460538],[107.51122291126269,10.743664103681224],[107.50955207285477,10.74434693483369],[107.50914008588482,10.7444241822008],[107.5087738751808,10.744747477803685],[107.50844581132884,10.744935352178981],[107.50714118473803,10.745374995597894],[107.50632483872803,10.745925265934694],[107.50607557746828,10.746178088695927],[107.5060560518921,10.746208073357561],[107.50600440535034,10.746559458550985],[107.50588996415414,10.746733027654455],[107.50563056534436,10.74700101003825],[107.50561318256472,10.747133551593453],[107.50564582299134,10.747280436637265],[107.50554664146205,10.747515994224024],[107.50544745882875,10.747629481714716],[107.50558478855983,10.749102909220163],[107.50579841111914,10.749672252511404],[107.50615699321989,10.75027688218818],[107.50619514020558,10.751876193016132],[107.50662238620262,10.752729732575894],[107.50633246937873,10.753618555985472],[107.50618751055659,10.754329044318556],[107.50740821368906,10.755965549080573],[107.50711829695015,10.756924944923567],[107.50535590670295,10.757917720554614],[107.50488288497122,10.759161312528615],[107.50412757446342,10.759906131713652],[107.50398261609897,10.761149722607337],[107.50366218199261,10.761754352944617],[107.50308234801771,10.762570698165913],[107.50251014308786,10.763173419549707],[107.50499246975104,10.771417064688974],[107.50499732608523,10.771433194369944],[107.50550086682966,10.771483737703269],[107.50642402329572,10.77172692530755],[107.50682075185912,10.771770793854623],[107.50749213871642,10.771719295653385],[107.5084915899286,10.771738368989979],[107.5088959462554,10.771807033683691],[107.5099716915559,10.772142727057792],[107.51055915470423,10.772237140989649],[107.51320655492665,10.772436458346343],[107.51438148151175,10.772609073594145],[107.51629645943477,10.772709209097044],[107.52204139367116,10.773538906466047],[107.52404792471587,10.774522143877697],[107.52606971515105,10.775604564165409],[107.5276642581495,10.776580172904662],[107.52919013744668,10.777407009218518],[107.53365333347026,10.780139285177754],[107.5361023688197,10.781827289220846],[107.53970344397628,10.783916788693743],[107.54203040862006,10.785614329435186],[107.54229743840249,10.785987215337187],[107.54258735489712,10.786198932046792],[107.54280860680093,10.786454516404898],[107.54287727238847,10.78657086500562],[107.54287727239324,10.78677971935651],[107.5442047864122,10.787708598394005],[107.54518134900056,10.788895922910738],[107.54531867826637,10.789017039881971],[107.54605872916177,10.789391833408335],[107.54626472346266,10.789549189275162],[107.54664619337618,10.789944964842384],[107.5474549083653,10.790495234326125],[107.54756172010883,10.790517168974885],[107.54840858369955,10.790443735273861],[107.548576429412,10.790476160401735],[107.55292518503097,10.79260094723957],[107.55314643766737,10.79292710371059],[107.553253248257,10.793020563184466],[107.55348213071242,10.793100672339992],[107.55394752330618,10.793182688024205],[107.55417640541393,10.793073969151532],[107.55447395158093,10.793161707508277],[107.55445106381374,10.793297129220754],[107.55451972881173,10.793424921710201],[107.55545051501433,10.794155436387884],[107.55710609240626,10.795801478546977],[107.56147773723244,10.799791651472257],[107.563583449717,10.802236872722892],[107.56465919472417,10.803394633458748],[107.56524665733706,10.804550486185633],[107.56623084929629,10.805977183389503],[107.56628425518653,10.806426363587592],[107.56643684354732,10.806598025760376],[107.56671913147392,10.806760149197565],[107.56671150169232,10.806926089261506],[107.56682594303112,10.807122546617943],[107.5668106835146,10.80727513304603],[107.5668488305707,10.80747540537463],[107.56700904904997,10.807654696603988],[107.56708534270183,10.807685213691089],[107.56721504139355,10.807637530752563],[107.56733711305225,10.807515458972372],[107.5674973293952,10.807545977492474],[107.56771858175476,10.80793793759854],[107.56763465849991,10.808344202501281],[107.56767280552805,10.808409051900018],[107.56795509231382,10.808456736318371],[107.5680771636131,10.808701830324438],[107.56811531086271,10.808915452908488],[107.56826789909731,10.80899365515545],[107.56843574514451,10.809181528240371],[107.56862647947179,10.809500056628584],[107.56880958598946,10.80964787548032],[107.56865699776945,10.810053187428869],[107.56842811589718,10.810097056672504],[107.56839759795302,10.810184794613287],[107.56842048717199,10.810349779483822],[107.5684967800155,10.810454684511095],[107.56872566174005,10.810446101639391],[107.56885536226011,10.810529070664996],[107.56909950303832,10.811008767922983],[107.56928260803356,10.811086970443604],[107.56941993692666,10.811083155677801],[107.56963356008661,10.810969668379917],[107.56986244235516,10.810777979375315],[107.56996162394526,10.810764628152416],[107.57007606524591,10.810839014464653],[107.57017524733696,10.811030703325331],[107.57015998886895,10.81133111021548],[107.57020576455126,10.811544733353745],[107.57018287735119,10.812081652012433],[107.5702515406773,10.812177973640276],[107.57035835292405,10.812220888583994],[107.57090766862457,10.812342958925813],[107.57094581636493,10.812447863027314],[107.57088478089673,10.812801676343685],[107.5710373693144,10.812971430233418],[107.5711594393584,10.81329854064424],[107.5712052161568,10.813634234398581],[107.57130439829143,10.813825922608475],[107.57155616824173,10.814104395201987],[107.57170875618091,10.81399663080363],[107.57227333079771,10.813809710733468],[107.57304390032728,10.813758211329493],[107.5734024815775,10.813795405422004],[107.5738373575205,10.813959437239795],[107.57353218172808,10.816638308660515],[107.5731201943134,10.81617768337619],[107.57270820615683,10.816963511595935],[107.57320411783198,10.819598513737795],[107.57347114647078,10.821395235150572],[107.57360084603418,10.822034197516917],[107.57421882706566,10.824276286500497],[107.57629402323465,10.830294924615432],[107.5767899335773,10.831569987570905],[107.57712562720431,10.832725840519721],[107.57713313696557,10.8329671209263],[107.57707222083481,10.833456354803733],[107.57684333960982,10.834322291833422],[107.57662208760557,10.837565738252584],[107.5764923876189,10.838355380057534],[107.57559211863254,10.84053834077402],[107.57353981214538,10.84724839385245],[107.57216652136202,10.849265415603899],[107.57180030959016,10.849448520891892],[107.57151802329761,10.849697429961935],[107.5693436447778,10.852986653070339],[107.56838234193683,10.85435326771583],[107.55965431491103,10.86736234038745],[107.55979927434669,10.877152761669409],[107.56050880846013,10.907395682260564],[107.56024178220721,10.936552368403046],[107.54273995329396,10.978268946720258],[107.54255684740706,10.97827276164227],[107.54234322380607,10.978146876446495],[107.54221352409111,10.97820791099355],[107.54186257225102,10.978680934105547],[107.5417099842536,10.978783930962607],[107.54164131975232,10.978731478473632],[107.54160317281939,10.978436793347196],[107.54152687937435,10.978347147984305],[107.54145058523329,10.97833475069055],[107.54109200268671,10.978438700276335],[107.54098519191359,10.978167856991602],[107.54093178570204,10.978123034084703],[107.54016121667534,10.977804507348571],[107.53951271869339,10.977808322551615],[107.5392990962838,10.97750028567196],[107.53917702452713,10.977487887547902],[107.53846749200193,10.977681483488459],[107.53801735672356,10.9774764431177],[107.53701930220144,10.977554070552117],[107.53698738847777,10.977556552462447],[107.53698054378563,10.9775776023543],[107.53694924148628,10.97767385438709],[107.53713234815531,10.977904643433687],[107.53718575288293,10.978037204860183],[107.53717812381065,10.978198374970292],[107.53710945853497,10.978238429814047],[107.53699501798032,10.97823270791572],[107.53658303136255,10.97799142722673],[107.53636940763901,10.978052462235661],[107.53630074434615,10.978107775328308],[107.53617104434564,10.978288020990785],[107.53614052629285,10.97845682094804],[107.53615991373998,10.978559994395278],[107.53619393220356,10.978741015289591],[107.53665169640375,10.979171122267644],[107.53666984392046,10.97921422354217],[107.53672798967638,10.979352320508346],[107.53671273145936,10.979640331112591],[107.53664406595756,10.979748095406629],[107.53655251410545,10.979811991866097],[107.53607186191218,10.979769076754355],[107.53595742104113,10.979835833916395],[107.53589638577715,10.979971255986326],[107.53591927362261,10.980096186774505],[107.53622444961508,10.980303134487846],[107.53621681992853,10.980388965015107],[107.5360489744934,10.980570163968151],[107.53599556790103,10.980743731654298],[107.53614052651841,10.9809630770386],[107.53632363191095,10.981135691983438],[107.53634652039031,10.981215800827174],[107.53625496697819,10.981392230451815],[107.53618630287855,10.981429424021314],[107.53568276345011,10.981502857099006],[107.53550728740612,10.981613482961379],[107.53515633415454,10.981993045700266],[107.53493508173395,10.982351626516914],[107.53485115905542,10.98253568552471],[107.53490456441688,10.98280271481231],[107.53480538234791,10.98282751098666],[107.53473671806081,10.982747402113539],[107.53465279395438,10.98271783752247],[107.53440865430335,10.982791270836984],[107.53415688393248,10.983050669660287],[107.53420266036485,10.983377780849896],[107.5340042963156,10.983408297920514],[107.533943260858,10.983457888803462],[107.53393563128992,10.983546580552826],[107.5340653313941,10.983744945205103],[107.5343094724799,10.983846987728056],[107.53446205957556,10.983859385574874],[107.53467568359038,10.98383173020196],[107.53485115904266,10.983744944772786],[107.53496560036294,10.983744944792335],[107.53506478182088,10.983820286305626],[107.53517922279427,10.984018649512553],[107.53517922342317,10.984274234618171],[107.53511055853103,10.984393443508305],[107.53498848866107,10.984482136205969],[107.53482827027902,10.984508837783865],[107.5346070186231,10.984432545006989],[107.53449257678973,10.98446401610532],[107.53445443059023,10.984565105176552],[107.53446205888024,10.98483881043165],[107.53450783660908,10.984901751804342],[107.53459175923147,10.984926548313341],[107.53476723544054,10.984833087944008],[107.53491219389606,10.984870281372192],[107.5353394404804,10.985195484277844],[107.53533944034255,10.985251750878552],[107.53503426400435,10.985573139424893],[107.53502663519181,10.985617008363787],[107.53514107591371,10.985803927639783],[107.53499611706843,10.98606618885982],[107.53501137609953,10.986638392710615],[107.5349198231768,10.98672136297871],[107.53454598329631,10.986833895705082],[107.5345230954214,10.98701795634645],[107.53462227770035,10.98740610120448],[107.53456887096215,10.98763116836424],[107.53443917134325,10.987712230512486],[107.53436287761234,10.987707461884414],[107.53422554815091,10.98761781681229],[107.53416451331006,10.987392750512749],[107.53419503173376,10.98705896436027],[107.53412636661264,10.986975994313166],[107.53392800254102,10.987091388355656],[107.53372200842095,10.98748907118861],[107.53369149123006,10.987833346866436],[107.53379067360945,10.987997378988029],[107.53379067329789,10.988104190795486],[107.53366097377439,10.988075580579219],[107.5334854971404,10.98778184902072],[107.53331765007354,10.987731303980825],[107.53315743376356,10.987734164752656],[107.53305062221847,10.987790432296295],[107.53295143977769,10.987926807122278],[107.53297432851035,10.98807367331217],[107.53321846815672,10.988177623972545],[107.5335541623798,10.988547649024733],[107.53362282612339,10.988674488549645],[107.5336228267572,10.988752689420714],[107.53356942077295,10.988814678082464],[107.53347786833817,10.988842334849952],[107.5333634276972,10.988824214932878],[107.5330658808058,10.988547649481365],[107.5329438100765,10.98854002025071],[107.53247841776528,10.988631573633374],[107.53241738250618,10.988734568975678],[107.53246315849606,10.988906231161717],[107.53251656434439,10.98895963627686],[107.53295143981637,10.989014950286562],[107.53299721680311,10.989069309176418],[107.53298958657444,10.989192333350918],[107.53292092275473,10.989301052503977],[107.53278359307726,10.989354457954908],[107.53253945263349,10.989327755471088],[107.53240212349344,10.98935445846807],[107.53232582972556,10.989439335053403],[107.53232582914995,10.989587154248493],[107.53249367657497,10.989832248556407],[107.53241738256074,10.99002965941726],[107.53224190648862,10.99001058653241],[107.5319825062116,10.989642467148792],[107.5318528076136,10.989690151221511],[107.53182228958565,10.989770260726292],[107.53185280723773,10.989964809748127],[107.53211983543137,10.990271892267135],[107.53213509445106,10.990351047555178],[107.5320893184277,10.990476932406347],[107.53200539488051,10.990564670586654],[107.53183754822562,10.990602817187787],[107.53162392585939,10.99050745023676],[107.53151711313264,10.990519848011894],[107.53144081930934,10.990577068723322],[107.53136452535452,10.990774479444712],[107.53137978419223,10.990849819277585],[107.53150948447903,10.991024341791231],[107.53147896622619,10.991240825785198],[107.53137978478918,10.99128469436453],[107.53122719642836,10.991205539326755],[107.53111275512461,10.99119218853435],[107.5310440912405,10.991216030655856],[107.53101357360963,10.991302814121246],[107.531074608907,10.991507854735525],[107.53116616128939,10.991571750199238],[107.5314789662768,10.991635647846454],[107.53154000199257,10.99168237775279],[107.53154763130907,10.991741504295904],[107.53149422544205,10.991818752087319],[107.53135689692904,10.99191221280207],[107.53124245572796,10.99191888860097],[107.5310135739109,10.991856899388127],[107.53089913255911,10.991770115626933],[107.53075417427588,10.991467800878153],[107.53054055179255,10.991437282588079],[107.53038796394964,10.991505947328122],[107.53018315236332,10.99180036246548],[107.53015892696361,10.991875639888805],[107.53034981672444,10.992112484152461],[107.53034981638227,10.992417660682058],[107.53063973349285,10.99268278147841],[107.5305710682685,10.992777195302057],[107.53044899874824,10.992785778110463],[107.5302430044055,10.992713299479307],[107.52995308720372,10.992540684298481],[107.52989205292992,10.99257883177044],[107.52987679364922,10.992715206239456],[107.53034981668031,10.992971744291376],[107.53083809801652,10.993042316133948],[107.53088387362502,10.993070926425217],[107.53094490997266,10.993230190714916],[107.53054818052688,10.99341806459975],[107.53044136938823,10.993426647533376],[107.53002938202017,10.993256893872779],[107.5299530877226,10.993267383715896],[107.52989205232637,10.993346538572522],[107.52993782970835,10.993532505332183],[107.53013619334212,10.9936755562569],[107.53021248737265,10.993861522249572],[107.53016671047743,10.99391016033809],[107.53001412259442,10.993954029625444],[107.52990731188675,10.993905391341642],[107.52968605939535,10.99360116957594],[107.52960213561288,10.993596401264181],[107.52949532457689,10.99377569275793],[107.52964028225335,10.99414190406103],[107.52951821282122,10.9943116575558],[107.52931984831382,10.994464245910345],[107.52894600793763,10.99464925755435],[107.52880867881842,10.994680730094338],[107.5284119506864,10.994598713493268],[107.52814492120984,10.994801846105121],[107.52789315185971,10.994923916471054],[107.52790841036162,10.995049801862999],[107.52806862779386,10.995117512369335],[107.52816780933273,10.995223370023549],[107.5281525502273,10.995355930806916],[107.52799996299812,10.995407429374126],[107.52769478801144,10.995270099781882],[107.52758034684354,10.995040265197193],[107.52744301727074,10.995013561711303],[107.52729042968504,10.995036449803811],[107.52705391763577,10.995333996926606],[107.52706917635997,10.995442714349073],[107.52726754046519,10.995733585758856],[107.5272522828893,10.99590143247392],[107.52700051233404,10.996043529735886],[107.52674111232403,10.996057835040698],[107.52645882557462,10.996305791009505],[107.52629860793586,10.996235218506984],[107.52628334952186,10.996107426089361],[107.52629860771651,10.996030178672088],[107.5264283077392,10.995936719149224],[107.52653511987772,10.995739307768604],[107.52650460190388,10.995655384620896],[107.52639778962387,10.995597210823052],[107.52629860775657,10.995594350058933],[107.52607735596936,10.995687809562158],[107.52587136151071,10.995692577645809],[107.52540596818085,10.995601024683337],[107.5252533806408,10.995670643464393],[107.52514656982534,10.996065465217631],[107.52498635124647,10.996069280325045],[107.52487191151288,10.996043530105],[107.52478798729962,10.995948162961028],[107.52477272828774,10.995698299619708],[107.52467354633049,10.995530454153645],[107.52422341215093,10.99527677572611],[107.52404030791884,10.995225277568773],[107.52397164243686,10.995257702813342],[107.52404793634534,10.995570507904615],[107.5240174189518,10.995758381812989],[107.52381142544024,10.995801296592791],[107.52352150903286,10.995675412294275],[107.52342232668337,10.995679227322702],[107.52333077370625,10.99576505705848],[107.52327736743193,10.995882358778106],[107.52327736721473,10.995975819449995],[107.52335366117747,10.996110287949488],[107.52359780256351,10.996355381628117],[107.5236283197504,10.996446935341917],[107.52355965557355,10.996666280032413],[107.52340706808673,10.996835080178014],[107.52304848592433,10.997071591128126],[107.52307137326476,10.99722322487643],[107.52318581448684,10.997335758753833],[107.52324685077802,10.997461644101707],[107.52324685089081,10.997580852830472],[107.52311715066043,10.997685756937527],[107.52294167425961,10.997670499327086],[107.52288826846475,10.997606602977829],[107.5228653806145,10.997485486248358],[107.52288826910274,10.997218456972107],[107.52277382726794,10.997135487471706],[107.5225907222754,10.997188893170284],[107.52253731669855,10.997365322950602],[107.52241524644748,10.997527447818774],[107.52245339247398,10.99766668389002],[107.52270516326867,10.997911777961697],[107.52283486249789,10.998220768974605],[107.52311715076873,10.998501149443628],[107.52308663292726,10.998763409074693],[107.52275093939659,10.998719539976138],[107.52265175811925,10.998835888731804],[107.52257546368895,10.999039975077139],[107.52245339266534,10.99908956620791],[107.52239998786376,10.999072400593978],[107.52229317528177,10.998892155453005],[107.52221688169871,10.998856869844026],[107.52216347649336,10.998874989288606],[107.5221863648198,10.999255505471739],[107.52211007029213,10.999324170117562],[107.52160653045866,10.999551144330052],[107.5215378656681,10.999554959012519],[107.5214310543399,10.999467220819781],[107.52142342509384,10.999263135055653],[107.52131661354514,10.999161092609153],[107.52113350805097,10.999135341994727],[107.52106484403846,10.999188748582899],[107.52085122076038,10.999523488155052],[107.52068337366683,10.999677983537673],[107.52055367407841,10.999934522322436],[107.52062996820393,11.00003084336747],[107.52087410859305,11.000119534582087],[107.5209504023531,11.000238744223902],[107.52091988483207,11.00034269441105],[107.52066048605258,11.000342694531072],[107.52021035134909,11.000725118406152],[107.52017220485871,11.000867215074626],[107.52024849764534,11.001062718484683],[107.52024086895959,11.001139012237124],[107.52017983385858,11.001166669531386],[107.519790735135,11.001131383247932],[107.51929482401287,11.001258221105852],[107.51924141812124,11.001392690580316],[107.51937111802951,11.001831380012337],[107.5193634890168,11.001920071116277],[107.5193100830216,11.001981107300569],[107.51921090102786,11.002010671190916],[107.51898201910325,11.001955357701382],[107.51895150082713,11.001808492560079],[107.51907357163986,11.001571980015749],[107.51904305398993,11.001427975176705],[107.51891335353822,11.001143781429995],[107.51871498946444,11.000926343630017],[107.51869973118622,11.000821439137189],[107.51874550808783,11.000736562857401],[107.51880654318613,11.000673619778421],[107.51897439020085,11.000632611772055],[107.51902016585511,11.000555363841814],[107.51897439018697,11.000389423965403],[107.51882180180188,11.000327435580397],[107.51860054849779,11.000317899812934],[107.51848610814737,11.000248280383339],[107.51840981357786,11.00010332275778],[107.51840218514697,10.99997266815852],[107.51849373781165,10.99982389575068],[107.51849373775536,10.999744739992499],[107.51841744382267,10.999628392575469],[107.51826485573002,10.999565450396501],[107.51814278529535,10.999588338364834],[107.51807412093034,10.999678937320992],[107.517990197859,10.999952641851173],[107.51802071448033,11.000055638423314],[107.51816567353903,11.000238744167241],[107.51816567407671,11.000329343846959],[107.51803597352486,11.00039514639986],[107.51795967957925,11.000720349796248],[107.51755532195372,11.001030293260634],[107.5174408805733,11.001169530588262],[107.51744088074463,11.001441327911003],[107.51724251715238,11.00161489633278],[107.51686867630713,11.001734105831625],[107.51652535347962,11.00174078130417],[107.51599129571143,11.001667349026706],[107.51588448513186,11.001690236987269],[107.51546486764452,11.00197443196557],[107.51535805673308,11.002001134407648],[107.51506051009753,11.00224813587091],[107.51508339779382,11.002380696603055],[107.5151749509804,11.002438870828195],[107.51533516778268,11.002422658500064],[107.5153885741794,11.002473203665849],[107.51541909189906,11.002565710080862],[107.51539620338397,11.002654401390833],[107.51528939206028,11.002730696011803],[107.51512917513786,11.002728787656725],[107.51490792165595,11.00255808098165],[107.51477059284468,11.002542821470083],[107.51464852234206,11.00259241256736],[107.51451882268077,11.002853719582891],[107.51451119335702,11.002985327110974],[107.51454934077177,11.003055898265858],[107.5146790398245,11.003134099968648],[107.51493080942338,11.003184644836816],[107.5150071041355,11.003296223283831],[107.51499184618015,11.00335344484619],[107.51479348045766,11.003456441607943],[107.51462563524653,11.003444997834825],[107.51432808739298,11.003235188639943],[107.51392372948838,11.003085462177811],[107.51372536596475,11.002947179429214],[107.51368721907397,11.002859441777654],[107.51371010680174,11.002754536697507],[107.51380165966981,11.002646772014252],[107.51415261209767,11.00255235897663],[107.51421364648061,11.002501814002082],[107.51421364630015,11.002407399507096],[107.51414498283997,11.00234827142798],[107.51404580067579,11.002315846868044],[107.5139084721111,11.0023530403511],[107.51367195956593,11.002570477648776],[107.51322182612617,11.002640096423985],[107.51316079060322,11.002700177399921],[107.51311501489923,11.002868024611987],[107.51310738470814,11.003298131712505],[107.51304634940767,11.003355351474186],[107.5129319091232,11.003378239428855],[107.51254280994026,11.003397313509515],[107.51250466266232,11.003493634922142],[107.51284035548142,11.003761617395192],[107.51304634942318,11.00378831977564],[107.51313790235609,11.003773061980285],[107.51335915516331,11.003631917876422],[107.51352700145885,11.003468839343098],[107.5136185552002,11.003472653741595],[107.51371010689515,11.00353178184196],[107.51374825424318,11.00360712209841],[107.5137177364993,11.003780690833375],[107.51360329624387,11.003987638202387],[107.51322945579831,11.004172650803177],[107.51285561499913,11.004272786435969],[107.51253518113907,11.004269926171176],[107.51238259296134,11.004321424276606],[107.51233681560974,11.004478780959177],[107.51224526421386,11.004604666051998],[107.51219948725098,11.004798262336823],[107.51185616381056,11.004994717500725],[107.51158150538338,11.005332319101598],[107.51136025404661,11.00547346310366],[107.51104744927737,11.005504934243685],[107.5105133911805,11.005750027825512],[107.51045998464362,11.005723325832374],[107.51044472674802,11.005662290401045],[107.5104752436172,11.005379049348145],[107.51042183823989,11.005328504176818],[107.51028450885839,11.005372373061993],[107.51013192092928,11.005481091760988],[107.5100556271257,11.005693761863844],[107.51010140349698,11.005837767368563],[107.51024636175232,11.00595697608206],[107.5105133904482,11.005963651915353],[107.51063546093336,11.00601038189562],[107.51071175496513,11.006052342581711],[107.51071938484466,11.006117192588412],[107.51069649688813,11.006187764857835],[107.51054390876443,11.006326048475634],[107.51015480957255,11.006523457995542],[107.51006325728304,11.006662695288151],[107.51007088600343,11.006791440979587],[107.51029213903742,11.007081357815771],[107.51024636204156,11.007203428179162],[107.51015480983858,11.007264462900556],[107.50997170391067,11.007264463422493],[107.50985726332463,11.00718626173721],[107.50981148659896,11.006786671802898],[107.50972756244384,11.006653158275963],[107.50958260496469,11.006639807081319],[107.5093232056533,11.006756154742497],[107.50920876523097,11.006899206274992],[107.50920876494266,11.007028906303228],[107.50941475830744,11.00726064868891],[107.50964364027573,11.007751791058752],[107.50968941602133,11.007980673287237],[107.50962075190641,11.008101789079495],[107.50946053448916,11.008110372294256],[107.50931557561749,11.007977812499236],[107.509201134941,11.007572500220217],[107.5090866939032,11.007420866379219],[107.50894936463334,11.007396070152822],[107.50885018275133,11.007464735564167],[107.50879677648092,11.007644026434841],[107.50878914816283,11.008372633404926],[107.5087204825825,11.00842222407668],[107.50841530804698,11.00823721119605],[107.5083542715118,11.008298245847536],[107.50836190170399,11.008438436532913],[107.50849923135785,11.008620588133313],[107.50879677735766,11.008865681798758],[107.50881966522672,11.008973448493258],[107.50872811326848,11.009050694953944],[107.50848397237867,11.00906690795267],[107.50828560800448,11.00900396518975],[107.50801094998955,11.008703558328346],[107.50788124996275,11.008689253228082],[107.50776680902216,11.008785574204836],[107.50772866226121,11.008942930713884],[107.50775918000961,11.009171812290651],[107.5079041375926,11.009337751305921],[107.50825508977428,11.009428350369362],[107.5083542719605,11.009560911006792],[107.50833901440183,11.009674397926357],[107.50817116673937,11.00976785815943],[107.50770577390608,11.009789793026924],[107.50764473859329,11.009875624210375],[107.50783547374117,11.010308592412377],[107.50785836209272,11.01053270573711],[107.50804909733613,11.011012402973833],[107.50801094965975,11.011174528519563],[107.50772866182697,11.011501638291541],[107.50733956345992,11.012545912583906],[107.5071717159061,11.012728063062795],[107.5065918824102,11.012875883514475],[107.50655373500516,11.013055174516378],[107.50660714078147,11.013258306517615],[107.50658425300963,11.0133946821846],[107.50630959481195,11.013640730910513],[107.50603493613454,11.013671247209539],[107.50514229683372,11.013422338745519],[107.50498207997457,11.013410894196053],[107.50492867455733,11.013515798496938],[107.50508889208628,11.013820022046195],[107.50508889199092,11.013964025679758],[107.50496682116555,11.014061300197412],[107.50474556940893,11.014068930330172],[107.504303064028,11.01400312699368],[107.50428780548181,11.014092771637854],[107.50447091137993,11.014470426256219],[107.50444802223309,11.014518110376473],[107.5041428472199,11.014479010698857],[107.50403603520691,11.014147131758254],[107.50392922437625,11.014088957665745],[107.50370797072675,11.014135688025767],[107.5035248657439,11.014264433982587],[107.50352486605863,11.014470426668113],[107.50367745387564,11.014708845485696],[107.5036545654232,11.014860479788736],[107.50352486626609,11.014923422593462],[107.50326546644642,11.014919607718788],[107.50301369650654,11.01479849078739],[107.50267037292168,11.01437124451603],[107.50256356229326,11.014347402798176],[107.50246438044329,11.014395086450477],[107.50243386198706,11.014544813657954],[107.50248726852172,11.014856666035746],[107.50244149179811,11.014904348500908],[107.5023499393352,11.014910071048384],[107.50220497969684,11.014819471958358],[107.50198372778212,11.01453050879512],[107.50186165808344,11.014523832820563],[107.50176247648757,11.01456293349402],[107.50157937034328,11.01484140657854],[107.50125893542706,11.015134184955567],[107.50075539533225,11.015222876314052],[107.5005875490755,11.015637725004169],[107.50038155525617,11.015608161229908],[107.50032814931014,11.015534728128493],[107.50046547828538,11.014876693140856],[107.50040444323828,11.014666884236195],[107.50021370827018,11.01451334268565],[107.49992379079345,11.014482824721766],[107.49965676297668,11.014671653111103],[107.49945839801101,11.015026419853102],[107.49932106882915,11.015013068206297],[107.49892434060207,11.014542907264671],[107.49868782962868,11.014539092038309],[107.49838265424042,11.01461538639149],[107.4982605834012,11.014521925841633],[107.49823006638323,11.014084188814989],[107.49776467254082,11.013965933597811],[107.4967270749773,11.013882010011878],[107.49656685833718,11.013953535850998],[107.49657448673813,11.01410326293266],[107.49674233419391,11.014453261342778],[107.49666603958921,11.014561027503722],[107.4964905640016,11.014578192820304],[107.49637612256537,11.014502851726474],[107.49625405321936,11.014066070278634],[107.49619301795111,11.013975470280586],[107.4960404302551,11.013956397443453],[107.4959259891869,11.014018386308345],[107.49585732428015,11.014250129236094],[107.49577340108647,11.01431784025982],[107.49566658924431,11.014303534082334],[107.49543770668154,11.014110892375562],[107.49515542015317,11.013985961101529],[107.49492653818399,11.013974517528663],[107.49481972691747,11.013741819957515],[107.49483498467423,11.013584463685707],[107.49493416663293,11.013453811082025],[107.49496468477756,11.013326972155117],[107.49491890905978,11.01326307629182],[107.49480446764667,11.013242095228799],[107.4940567869257,11.013225882130813],[107.49389656993984,11.0134089885143],[107.49383553501679,11.013756125517778],[107.49369820567502,11.013738005783615],[107.49333962370856,11.013311712865283],[107.49328621781491,11.013124792976244],[107.49335488268973,11.012415258910922],[107.49326332948017,11.012252180959706],[107.49312600106897,11.012186376864],[107.49297341271134,11.012183516304699],[107.4928589718099,11.012234060864081],[107.49281319564498,11.012325614069905],[107.49288186018049,11.012769072271286],[107.49282845474987,11.012816756615894],[107.49273690148746,11.012794821774515],[107.49248513153319,11.01252016341201],[107.49223336210869,11.011992782137044],[107.49203499742754,11.01175436296073],[107.49189003904326,11.011728614196773],[107.49166878669212,11.011893599175595],[107.49143227440506,11.011905043942543],[107.4913330930086,11.0118134912109],[107.49131020435568,11.011615126899443],[107.49118050506732,11.01144060420422],[107.49092110578792,11.011337607262492],[107.49046334175928,11.010873167935598],[107.49015816557423,11.010771124990322],[107.48954781474848,11.010426847990727],[107.48931893252366,11.010384887644756],[107.48900612731704,11.01045164449963],[107.48881539276816,11.01044115307684],[107.48873909875883,11.010341971648806],[107.4887467272889,11.009959548721225],[107.48867806400658,11.009761184031513],[107.48859414072633,11.009722083571821],[107.48812111752743,11.009694425903097],[107.48738869516518,11.009087890078947],[107.48728188443158,11.009091704239617],[107.48709877860368,11.009258596892526],[107.48699196710626,11.009290069086036],[107.48685463891428,11.009254782908279],[107.48659523892738,11.009056417971713],[107.4864731685497,11.009087890512712],[107.48634346892398,11.009265273369675],[107.48620613904527,11.009335844951023],[107.48603829276391,11.009314864762953],[107.48580178151417,11.009032576779255],[107.48506173065033,11.008974402321249],[107.48352059220854,11.008441298854565],[107.48321541653226,11.00838980089979],[107.48276528241578,11.008488982543419],[107.48246773634085,11.008474677243408],[107.48181923762186,11.008282035356425],[107.4817200552826,11.00808462416999],[107.48170479607747,11.007853835229641],[107.48132332766822,11.007308333508757],[107.4812241443198,11.006847709118963],[107.48104866792234,11.00674375864555],[107.48085030433111,11.006762832467526],[107.48056038733436,11.007035582352142],[107.48036202342378,11.007021277871262],[107.4797898184241,11.006697028351015],[107.4794770134707,11.006674140746616],[107.47938546061287,11.006753295321527],[107.47927864945537,11.007148116605995],[107.47933968447943,11.007383674567048],[107.47929390779012,11.007529586556938],[107.47908791382375,11.007529586752257],[107.47870644402846,11.007454246607438],[107.47812661016988,11.00755724254285],[107.47776039878711,11.007548659915434],[107.4770966419945,11.007303565543765],[107.47684487209285,11.007313102451718],[107.47621926252839,11.007703154719033],[107.4760132686315,11.007670730918642],[107.4759140860537,11.007520049993778],[107.47591408617917,11.007322639100384],[107.47579964519285,11.00724253079773],[107.4756317984078,11.007252067725226],[107.47531136402068,11.007496207876791],[107.4750214470783,11.007604926753626],[107.47476204694568,11.007505744735962],[107.47443398292246,11.007011741790429],[107.47431954179797,11.006748528126463],[107.47419747252306,11.006786673566767],[107.47396859050187,11.006974547494249],[107.4735718624079,11.007101386999944],[107.47332772099513,11.007261603896815],[107.47312172751481,11.007768958877039],[107.4729462506945,11.008018821771342],[107.47264107593857,11.008065552100874],[107.472374046851,11.008014053284779],[107.47217568288804,11.007661193803111],[107.47203072449938,11.007642120020705],[107.47190865428163,11.00769361933531],[107.47175606573187,11.007953018363384],[107.47158059050841,11.008089394172645],[107.47120674907748,11.008126587514784],[107.47106179070667,11.008216232510996],[107.47096260901158,11.008686393697017],[107.47040566349341,11.0089915700317],[107.47000893432083,11.009504646356104],[107.46958168769837,11.009776443127612],[107.46960457675998,11.009889931067532],[107.4698182004915,11.010073035998646],[107.46984108860754,11.010275215181883],[107.46974190582354,11.010361999380995],[107.46920021903408,11.010370583589642],[107.46883400789719,11.010510773205729],[107.46858223787257,11.011043877762171],[107.46867379064585,11.011378616275222],[107.46933754837542,11.011905998675768],[107.46934517771268,11.011985153753153],[107.46920021965786,11.012111992014171],[107.46897133686133,11.012111992549013],[107.46876534344315,11.012252182209881],[107.46866616099753,11.01258024664924],[107.4685212031478,11.012626022803339],[107.46839150343214,11.01247152732695],[107.46813973339688,11.011935562167082],[107.46800240444773,11.011848777941674],[107.46784218651098,11.01188978607727],[107.46768959922859,11.012198776217112],[107.46768959910918,11.012698502306055],[107.46761330522939,11.012831062450738],[107.4674912341706,11.012912125689716],[107.4675370117053,11.012994141332548],[107.46780403893845,11.013007492055968],[107.46810158654937,11.012902588451793],[107.46819313912482,11.012964577075431],[107.46818550934245,11.013530106695733],[107.46804818039027,11.013662666399446],[107.46770485731957,11.013733238143129],[107.46692665897284,11.013554901238471],[107.46624001460576,11.013647408298066],[107.46591957925554,11.01376566338821],[107.46588143245181,11.013932557022876],[107.46590432029383,11.014035553732873],[107.46621712540028,11.014506668752851],[107.4662094961436,11.01466593294344],[107.46577462121896,11.01522287807536],[107.4655915152207,11.015263885519174],[107.46535500417352,11.015194267465397],[107.46517952848205,11.01521715559475],[107.4651871572682,11.015702576976567],[107.4651718984568,11.015841812933859],[107.4651184937135,11.015888542365385],[107.46501931053132,11.015902847311509],[107.46468361762511,11.015820831452443],[107.46450814117428,11.015861839478015],[107.46431740623369,11.016038269546884],[107.46401986071218,11.016407342137962],[107.46381386616969,11.016514153615276],[107.46373757251511,11.016508430963322],[107.46366127863726,11.016410202950645],[107.46367653757804,11.016281456816039],[107.46391304827267,11.01601252070889],[107.46391304876408,11.015943855443965],[107.46386727224008,11.015910477304477],[107.46372231302543,11.015881866388968],[107.46304329707898,11.016009659834438],[107.46282967466152,11.015950531469077],[107.46270760455906,11.015841813257193],[107.46261605176636,11.01567778116078],[107.46260079216692,11.015572876564239],[107.46277626868499,11.015140862039976],[107.46280678603603,11.014964432730988],[107.462768639014,11.0148671575869],[107.46269234545888,11.014817566459998],[107.46243294635201,11.01490816590816],[107.46192940670251,11.01568445717606],[107.46176918802517,11.015862794089381],[107.46157845400629,11.015931459164571],[107.46124275996053,11.015940994976445],[107.4606400381437,11.015855164671082],[107.46057137364119,11.015924782951814],[107.46056374423742,11.016045899097296],[107.46064003803849,11.016396851827524],[107.46060951990567,11.016473146149927],[107.46049508010509,11.016520829071908],[107.4603272332311,11.016509384943902],[107.46009072246238,11.016428323036367],[107.4598542100614,11.016447395936867],[107.4594040766078,11.016641945994182],[107.45868691344363,11.016803117437558],[107.45854195518042,11.016919465303188],[107.45851143744139,11.01706251620461],[107.4585266963337,11.017143579259624],[107.4587174315153,11.017328590634708],[107.4587250600813,11.01739725647391],[107.45866402492352,11.017464012647105],[107.45841225541324,11.01747068874248],[107.45771798060689,11.017309518251997],[107.45763405768551,11.017257065917265],[107.45733651019177,11.016898484224493],[107.45710762836465,11.01676878479335],[107.45671852942999,11.016686769453418],[107.45652016546686,11.016714425050463],[107.45571907948816,11.01726278779898],[107.45533760953288,11.01743826383174],[107.45461281584086,11.01746210635126],[107.45447548739634,11.017535539099324],[107.4542923821787,11.017722459681107],[107.45419320030985,11.017989488488858],[107.45419320050671,11.018195481606247],[107.45424660524955,11.018448205224026],[107.454444970666,11.018804879444735],[107.45445259953037,11.018995614022588],[107.45440682358918,11.019077630444695],[107.4542923824471,11.01913961957603],[107.45414742374376,11.019154877915282],[107.4533463375174,11.018961282642453],[107.45314034290901,11.019023271275149],[107.45290383244887,11.019460053571887],[107.4527512444495,11.019942613446789],[107.4526825806572,11.020019860738058],[107.45259102698849,11.020053239841872],[107.45243843938746,11.020011277337836],[107.45217141020673,11.019583077752346],[107.45208748739785,11.019520135739867],[107.4519959339871,11.01951727490116],[107.45190438116843,11.01956686537517],[107.45185097643115,11.019716592232598],[107.45194252787685,11.02023920554238],[107.45193489934066,11.020414681128928],[107.45189675232878,11.020582528562173],[107.45170601690485,11.020783753963876],[107.45153054113791,11.020820947607895],[107.45095070770881,11.020808549145334],[107.45050820217166,11.02058062144023],[107.4503022084086,11.020553919027469],[107.45005806853648,11.020604463911138],[107.44925698147517,11.02089628727258],[107.44913491149464,11.02103075547129],[107.44908913553395,11.021176667939155],[107.44910439376572,11.02140745649448],[107.44959267507069,11.021891923416423],[107.4498749625188,11.022385926562354],[107.45026406183443,11.022777886278227],[107.45033272659144,11.022919030551344],[107.45033272637528,11.023037286315594],[107.45028695058753,11.023117394515321],[107.45008858537732,11.023182244358349],[107.44925698099028,11.02299532490045],[107.44911965198467,11.023014398327451],[107.44891365963886,11.023149819451968],[107.44889077042141,11.023395867515756],[107.44898995311475,11.024245591691823],[107.44914254020313,11.02462896921815],[107.44917305881214,11.025023790070463],[107.44886788238213,11.02590880008269],[107.44871529427361,11.026096673491741],[107.44855507765205,11.026195855917294],[107.44811257236664,11.026303621262432],[107.44804390815167,11.026358933645202],[107.44798287272505,11.026579233164938],[107.44792946771362,11.026625962915821],[107.44749459110459,11.026623101755407],[107.44735726245672,11.026670785822844],[107.44729622734779,11.026739450854596],[107.44728859811393,11.026924463138592],[107.44741829754243,11.02728590630321],[107.44753273900828,11.027815194981013],[107.4474869627281,11.028173777139711],[107.44725808024506,11.028408381475948],[107.44702156974,11.02853235773635],[107.44661721201369,11.028640122934354],[107.44610604143521,11.028632494316035],[107.44598397153219,11.028562875871463],[107.44590767758416,11.028327317761944],[107.4460373779537,11.02784094434574],[107.44590767791199,11.027646394892882],[107.4457474606512,11.027568194352565],[107.44542702598456,11.02761873851493],[107.44523629018491,11.02769884732736],[107.44504555672377,11.027863833500792],[107.44497689140067,11.027960154315751],[107.44474800942957,11.028625817820755],[107.4446640868073,11.028706880794575],[107.44454964527375,11.02876410150904],[107.44427498789472,11.028808924555076],[107.44342812492833,11.028798433235947],[107.44326027774495,11.028842302435947],[107.44317635418282,11.028907152512485],[107.44310006014597,11.029033991341535],[107.44310768928166,11.02937731436743],[107.44326790794406,11.029579493170786],[107.44340523656477,11.029669137938972],[107.4438401114309,11.02982554141836],[107.44421395284122,11.029848429596848],[107.4442826162777,11.0298808539742],[107.44430550496162,11.029962870525894],[107.44417580541759,11.030257555320937],[107.44404610578015,11.030412050676718],[107.44350441833194,11.030880304494099],[107.44337471848657,11.030926080923077],[107.44326027779942,11.030916544149152],[107.4426880734728,11.030636164815045],[107.44220742132715,11.030646654425416],[107.44194802179669,11.03080210384005],[107.44187172746871,11.03090986862072],[107.44174202881575,11.031308504223919],[107.44161995757372,11.03150210077448],[107.44141396464696,11.03156599623097],[107.44131478278523,11.031540247756308],[107.4411850822638,11.031457277159825],[107.44107827080451,11.031204554540516],[107.44101723527173,11.03119406361867],[107.44097145935262,11.031228396314203],[107.44081887208817,11.031648966304786],[107.44071206001776,11.03178152777692],[107.44044503131596,11.031873079415124],[107.44007882037572,11.031849238770931],[107.43998726781892,11.031810137603658],[107.43988045598273,11.03165373463845],[107.43982705105527,11.0313056432541],[107.43977364475268,11.031217905690035],[107.43968209198857,11.031145426670202],[107.43958290986191,11.031131121921922],[107.43946846870365,11.031172129298955],[107.4392472164944,11.031392428475234],[107.43885811746041,11.031562182199727],[107.43878945282727,11.031639429903953],[107.43882759958335,11.031787249875388],[107.43922432863309,11.032068583502486],[107.43932351079053,11.03219828243718],[107.43939217466082,11.032400461484425],[107.439415062738,11.032494875461849],[107.43930062274316,11.0327790706747],[107.43911751677437,11.032861086798258],[107.43898018783725,11.032849642645656],[107.43853768250871,11.032494875727334],[107.43817910179132,11.032320353961088],[107.4381104370712,11.031916948227128],[107.43804177171867,11.031807276962464],[107.437675560532,11.0315373867356],[107.43692025081683,11.031287523648647],[107.43680580974178,11.031369540128658],[107.4367905513229,11.031456324861427],[107.43686684530822,11.031957004076204],[107.43692025031407,11.032058092644712],[107.4375992673851,11.032305094350336],[107.43775948430594,11.032416675073314],[107.43779763190126,11.032558771694479],[107.4377213378374,11.032657001001132],[107.43733986774451,11.03280672752434],[107.43717202099842,11.032936426838292],[107.43694313945299,11.033398958473759],[107.43687447494828,11.033455225916635],[107.4365921867766,11.033519122114663],[107.43629464027556,11.03364405368687],[107.4361267936958,11.033646914819505],[107.43605049956115,11.033521029542118],[107.43605050009312,11.033267352264875],[107.43595894803734,11.03304419216615],[107.43554695923386,11.032584520664082],[107.43536385466064,11.032535883880264],[107.43520363764524,11.032634112286187],[107.43511971349243,11.03278574712882],[107.43497475539435,11.033671710338584],[107.4349213495672,11.033719393530918],[107.43476876210853,11.033727976628223],[107.43466957933903,11.033677432150352],[107.43426522119188,11.032997461827659],[107.43415078095929,11.03288588220637],[107.43402108033814,11.032820078957537],[107.4337387933699,11.032781932093279],[107.43360909382034,11.03282007869946],[107.43347939384148,11.03292402923768],[107.43338784127998,11.03314051416061],[107.43339547014483,11.033214900372592],[107.43364724030737,11.033521983020998],[107.433685387612,11.033641192585776],[107.43370064683064,11.033768984975548],[107.4336167238958,11.034018847857562],[107.43351754088822,11.034077974775432],[107.43335732330678,11.034071299773686],[107.43328102934989,11.033928249356904],[107.43318947663673,11.033448550132215],[107.43306740644326,11.033385607879078],[107.43292244816392,11.033476206745132],[107.4325409789904,11.034157129817904],[107.43241890880022,11.034261081029204],[107.43233498481125,11.034282061704772],[107.4322205433803,11.034245821876464],[107.43201455038604,11.034043643113167],[107.43134316396237,11.03352389067755],[107.43125924058444,11.033297870195161],[107.43111428168683,11.032414766904544],[107.43087014116068,11.032106731008543],[107.43070229446003,11.032078119901124],[107.43040474730755,11.032755229467504],[107.43038948991334,11.032889696814198],[107.43045052418242,11.033036562693212],[107.43065651768758,11.033181521773724],[107.430687035102,11.03325876901473],[107.43064888871297,11.033376070696727],[107.43024453074885,11.033487651352887],[107.42996224332403,11.033459041141356],[107.42984017277934,11.0333951449223],[107.429786767586,11.033322665320208],[107.42971810224584,11.03287539184348],[107.42954262604832,11.032824847372714],[107.429344262844,11.032912584766319],[107.42926796842238,11.032997461918702],[107.4291306393882,11.033307406950039],[107.42872628116174,11.03335318332579],[107.4284668810794,11.033340784943725],[107.42829140523347,11.033283565439906],[107.42819222317765,11.03332838681177],[107.42821511106087,11.033533427668779],[107.42842873463177,11.034008357303062],[107.42841347620549,11.034226749332689],[107.42805489433387,11.034368846036344],[107.4270707028968,11.034983966149545],[107.4269104852612,11.035133693698384],[107.42678078526454,11.035414073419021],[107.42677315633014,11.03576693364702],[107.42681893241534,11.035894725017389],[107.42711647870696,11.03635821105485],[107.42713936759547,11.036458346385704],[107.42710122095505,11.036580417033615],[107.42703255528994,11.036627146963086],[107.42671975033907,11.036678645809479],[107.42657479141856,11.036642406550316],[107.42589577529876,11.036102626514644],[107.42543801283873,11.035897586402397],[107.425285424384,11.03589377155198],[107.42470559023816,11.03601965666936],[107.42396553862454,11.035874698485593],[107.42377480447529,11.035917613365605],[107.42357643985267,11.036093089854614],[107.42342385152641,11.036563251810566],[107.42337044641353,11.036672923668243],[107.42331704092406,11.036698672489088],[107.42322548800557,11.036671970383484],[107.42292794111289,11.036441180257256],[107.42271431882298,11.036413524566543],[107.42240151351817,11.036465977018318],[107.42218789059073,11.036556575506541],[107.42205056058721,11.03668246056319],[107.42184456734155,11.037003848378937],[107.42176827377345,11.03704676477819],[107.42147835632606,11.037054394133369],[107.42108925711518,11.036987636295075],[107.4208451167674,11.037028644405925],[107.42070778760807,11.037093494686818],[107.42063149326874,11.037292812673742],[107.42076882271792,11.037556979700561],[107.42075356311958,11.037768695980631],[107.42066964078015,11.037921284196017],[107.42075356322206,11.03810820421711],[107.42106636992462,11.038408610939621],[107.42154702079716,11.038594577320339],[107.42166146140372,11.038677547797484],[107.42169960827573,11.03875479471968],[107.42167672065187,11.038916919872985],[107.42134865656048,11.039249751741664],[107.42119606875384,11.039531085997625],[107.42102059222888,11.039933536843835],[107.42101296408774,11.040115687547598],[107.42112740472955,11.04025873983009],[107.4213562865624,11.040403698074401],[107.42157753903528,11.040637348033611],[107.42215737252843,11.04077563095916],[107.42230233059543,11.040850017486713],[107.4223633670158,11.04093870875993],[107.42237862476527,11.041097972437248],[107.42229470185136,11.041297290448977],[107.42208107918319,11.041455600585957],[107.42137154437478,11.041662547862842],[107.42108162802636,11.04184374632938],[107.42032631766158,11.04220900431395],[107.41993721846711,11.042306278304928],[107.41878518084933,11.042375897396997],[107.41834267609309,11.042340611437838],[107.41753395992075,11.041934345458767],[107.41733559569883,11.041872356730567],[107.41675576126559,11.041956280151748],[107.41626747997749,11.041866635416179],[107.41596993369481,11.041650150605784],[107.41582497571608,11.041589115002743],[107.41561898205205,11.041611050598481],[107.41534432386646,11.041703556135639],[107.41481789510321,11.041890475952243],[107.41430672543432,11.042125079917838],[107.41403969625885,11.042158459246272],[107.41259774150559,11.04176363795035],[107.41251381783748,11.041813229769083],[107.41241463563533,11.04201350012868],[107.41233834117901,11.042532299723215],[107.41231545345013,11.04312548566823],[107.41243752371385,11.043856953399422],[107.41244515338157,11.044414852859921],[107.4124909298588,11.044688557493107],[107.41271218248433,11.045134876610843],[107.41273507109437,11.045274113480897],[107.41270455262503,11.045416210501871],[107.41262062967378,11.045554493293809],[107.41232308261162,11.045696591363486],[107.41197976096844,11.04558405767016],[107.41111763915008,11.045047138286046],[107.41086586865731,11.044943188969656],[107.40970620054853,11.044760083033635],[107.40930184261877,11.044562672908976],[107.40890511429345,11.044300411601068],[107.40813454573576,11.043929432320967],[107.40721138822929,11.043195103858494],[107.4064789661969,11.042840336898038],[107.40631112069586,11.042813633311072],[107.40612038573849,11.04284796571581],[107.40584572692968,11.043043470112435],[107.40547951647058,11.043392514113162],[107.40536507597658,11.043615674020467],[107.40531929851784,11.043785427530501],[107.40512093452662,11.04593119489201],[107.40503701147368,11.04612860561786],[107.4046784293634,11.046563481597342],[107.40449532460418,11.046670293300783],[107.40428933083614,11.046693180686267],[107.40343483861625,11.046417569261545],[107.40338920863832,11.04641407333945],[107.40319832755523,11.04639945019861],[107.4027176756407,11.04667696944071],[107.40261849395193,11.046776151150935],[107.40259560429618,11.046861027830637],[107.4026184940537,11.047080373245642],[107.4028321166319,11.04756197947743],[107.40309151582959,11.047952984801281],[107.4031220333806,11.048215244918387],[107.40303810972041,11.048364019513397],[107.4028168578343,11.048559522194038],[107.40233620601647,11.048778867028005],[107.40203102929212,11.048829411709043],[107.40111550301869,11.04868826803139],[107.40087136197914,11.048667286993926],[107.40075692114993,11.048693989947289],[107.40060433290184,11.048856115141938],[107.39984139334996,11.05006346617329],[107.39967354633602,11.0502561080883],[107.39945229495456,11.05037150333549],[107.39912423037343,11.050442074983403],[107.39889534845601,11.050426816116707],[107.39868935470912,11.050316190369141],[107.3978653810856,11.049415920978756],[107.39761361087055,11.049195623405971],[107.39739998806445,11.049084996561225],[107.3970490360924,11.049029683791098],[107.39678200627499,11.049070691355196],[107.39511879840002,11.04967341340104],[107.3944550404749,11.049848890566167],[107.3975373170112,11.052315091215853],[107.3990631959152,11.053593969169349],[107.39966591810611,11.053853368447037],[107.40005501728284,11.053914403353685],[107.40065773914498,11.053879117560351],[107.40357979714511,11.053040838343275],[107.40662392646459,11.052305555479768],[107.4070511716564,11.05214247592206],[107.40791329294798,11.051695202857786],[107.40824898732882,11.051447247711282],[107.40887459700299,11.050768231759795],[107.40901192586624,11.050672864312995],[107.40944680239762,11.050622318571314],[107.41056069347921,11.050800656719684],[107.41109475066926,11.050832127390306],[107.41156014359413,11.050787304540957],[107.41413887948737,11.050183628734597],[107.41506203574387,11.050135945833578],[107.4154511347872,11.050245617484043],[107.41568764651785,11.050361012841677],[107.41628273903639,11.050789211744439],[107.41675576181318,11.050981854384453],[107.41683968487489,11.051061009581344],[107.4168930916046,11.051229809809875],[107.41690835032578,11.051517819707142],[107.4167328733384,11.052878712704763],[107.41676339118918,11.05313238920995],[107.41780861873224,11.055147504019978],[107.4181214230807,11.056043003934652],[107.41835030558248,11.05647501898539],[107.41851052237419,11.056656216347085],[107.4187851812323,11.056860302504829],[107.41992959083555,11.057363842675755],[107.42100533451911,11.057742451853274],[107.42137154525027,11.057997082128962],[107.42166909297133,11.058274601738512],[107.4224930671173,11.059413288274042],[107.42366036460398,11.060587261450546],[107.42456826265193,11.061721180669137],[107.4252243910361,11.062882755476798],[107.4257279311384,11.064015721561228],[107.4259644423099,11.064707134457395],[107.42610940005757,11.065537785699073],[107.42623147116042,11.06635985231886],[107.42624672894938,11.067036007523706],[107.42623910042767,11.067457531761015],[107.42617806502396,11.0677875026916],[107.42594918354055,11.068543766841017],[107.42542275575724,11.069647167971365],[107.42481240299038,11.070739125236043],[107.42406472381053,11.071896885511162],[107.42276772611586,11.073746060801861],[107.42263802665319,11.07399401568447],[107.42259987989738,11.074307775354423],[107.42268380295735,11.075324392162605],[107.42286690846322,11.076425884902235],[107.42328652445664,11.077126836292052],[107.42367562510925,11.077573156357138],[107.42411049997125,11.077852581843596],[107.42449959857736,11.077949857178687],[107.42565163772035,11.077952717962514],[107.42717751712163,11.077686643214676],[107.42757424509078,11.077690458077045],[107.427734462201,11.077759122008565],[107.42796334372643,11.077935552101],[107.42826851985863,11.07827315341004],[107.4285965839506,11.07879862704872],[107.42888650112354,11.079349850958295],[107.42929085923298,11.080449436785646],[107.42958077607317,11.080872869232786],[107.42977914014375,11.081059789191983],[107.43019112704528,11.081328725184342],[107.4314957540257,11.082014417271138],[107.43183144727583,11.082289074613952],[107.43200692270598,11.082509374296674],[107.43219002953175,11.082954740349948],[107.43222817652992,11.083256101273907],[107.43217476974027,11.083530758698421],[107.43204507046887,11.08381781462991],[107.43186959379732,11.084050512358386],[107.43086251446708,11.084918354728634],[107.4303894926113,11.085473393936024],[107.4302750513228,11.085702275063989],[107.43024453342889,11.085954998902148],[107.43025216319762,11.086207723478156],[107.43039712154624,11.086786603613044],[107.43054208021337,11.087020253493288],[107.4307480731893,11.08723387641079],[107.43103799030888,11.08745417551473],[107.43141946007553,11.087662076569183],[107.4318009301537,11.087781285470525],[107.43250283457397,11.087882374976894],[107.43331917968767,11.08791384611423],[107.4346848410874,11.087884281767286],[107.43525704506516,11.087964390953326],[107.43566140354693,11.088087415284443],[107.43669137267473,11.08861575116051],[107.43698128993992,11.088726376980484],[107.4375153469077,11.08875308036942],[107.43790444590698,11.088700627942027],[107.43854531461557,11.088407850056003],[107.43879708463979,11.088193273016287],[107.43894967222293,11.087998722893365],[107.43913277839145,11.087647770767669],[107.43953713663059,11.086577748703538],[107.43961343070073,11.08617720465185],[107.43959054120556,11.085688923592905],[107.4397355004581,11.085099553005413],[107.4405213279469,11.083815908023825],[107.44062051039454,11.083705280662521],[107.44112404991915,11.083334301122413],[107.44139107962346,11.08323511938743],[107.44186410156753,11.083196018949645],[107.4421692770349,11.083227490361672],[107.44242104762108,11.083310459880211],[107.44271859317101,11.083521221174164],[107.44303139823492,11.08382830477716],[107.44335946287106,11.084423397488685],[107.44355019755228,11.08492026237276],[107.44367226852017,11.085458134723027],[107.44365700997506,11.086048458687225],[107.44342812732346,11.088335369964028],[107.44345864559537,11.089235638684874],[107.44367226917214,11.090081547962976],[107.44388589158093,11.090380047872326],[107.4440384802221,11.090493534610053],[107.4442826201427,11.09060797530558],[107.44499215351725,11.090816831039595],[107.44561013486003,11.091052387191265],[107.44620522832491,11.091485356955513],[107.44645699802183,11.091872547677765],[107.4466019556529,11.092359875352155],[107.44686898554231,11.094798420702691],[107.44715127176164,11.095703458076827],[107.44772347688892,11.09674582360266],[107.44798287624523,11.097045277711327],[107.4482041289563,11.097206448893427],[107.44828042345462,11.097444866649703],[107.44824990540863,11.09783492011609],[107.44829568244502,11.097936962529824],[107.44879922189722,11.098555898143593],[107.44929513254495,11.099401806400584],[107.44935616758175,11.100015019593917],[107.44931802150707,11.100436544017887],[107.44873818798071,11.102559423299299],[107.44871842915639,11.102837261939897],[107.44871491134461,11.102886727965862],[107.44875344512266,11.103136395814406],[107.44885262780132,11.103338575355831],[107.44918069183474,11.103677128523668],[107.4496100167669,11.104760119665535],[107.44982156129466,11.10514006528311],[107.4503022123516,11.105590200142156],[107.4505234654017,11.105871534139638],[107.45056924216803,11.106002186878943],[107.4506302772414,11.106625889761355],[107.45058450078679,11.1069873331847],[107.4506226474415,11.107101773182395],[107.45105752258591,11.107682560904104],[107.4512558878177,11.108210896892368],[107.45143899321833,11.109118795469696],[107.45169076331958,11.109395359911703],[107.45283517191963,11.109849308769315],[107.4532319008265,11.110084866964977],[107.4534607830864,11.110268926379948],[107.45396432343199,11.110945081087536],[107.45404061752853,11.111370419758162],[107.45400246989504,11.111674642285713],[107.45384225203392,11.111971235235005],[107.4536744063245,11.112183903806523],[107.45350655947755,11.112801884873507],[107.45336922979172,11.113546705444406],[107.45318612478013,11.113855695350903],[107.45269021405898,11.11424097912788],[107.4512864050971,11.114884709898904],[107.45079812463315,11.1152270793887],[107.45053872564398,11.115491245959864],[107.45043954313103,11.115675306350662],[107.45040902553626,11.116074894959938],[107.45049294838472,11.116508817226384],[107.45085915932941,11.117382383017498],[107.45090493598916,11.117644643337574],[107.45083627125332,11.118061399308568],[107.45054635473115,11.11865363003235],[107.44990548572954,11.119392728929984],[107.44753274307205,11.1212256903593],[107.44684609847225,11.121861791803653],[107.44641122277608,11.122518872809461],[107.44590768265442,11.123501158131214],[107.44502267218381,11.12462267864523],[107.44451913307869,11.125029898281015],[107.44402075896424,11.125220111107009],[107.44394692839826,11.12524828876588],[107.4438038564927,11.125254109124533],[107.44136819256524,11.12535319441718],[107.43960580215219,11.125324583610517],[107.43934640330639,11.125425673693092],[107.43921670367278,11.125539159896713],[107.43822488279801,11.126948691457267],[107.43698129189016,11.128380156215114],[107.43628701637033,11.129292822516584],[107.43582925293889,11.130029059396078],[107.43569192398907,11.130368567509453],[107.43551644798121,11.132375098707563],[107.43485269001654,11.134904242948583],[107.43467721435417,11.135997154351164],[107.43472299120631,11.136512138163472],[107.4348755792368,11.13679156356977],[107.43523416034067,11.137183523676496],[107.43685922094255,11.138559676207139],[107.43780526603823,11.139149047192486],[107.437973113409,11.139183378889218],[107.43819436521399,11.139165259803526],[107.43994912653632,11.138458586475567],[107.44048318407721,11.13839373666284],[107.44099435359858,11.1384700304985],[107.4420624683301,11.139183378599316],[107.44264230199299,11.139307356654383],[107.44287881400979,11.139454222454132],[107.44293984932867,11.139593458595982],[107.44296273754173,11.140267706493407],[107.44322213617033,11.14054808635665],[107.44335183656014,11.14088854899032],[107.44333657773701,11.141684866850916],[107.44344338970633,11.142616606680361],[107.4434205016679,11.14397463882184],[107.44356545998092,11.144234992053782],[107.44456491027758,11.144825317116254],[107.44488534436121,11.1453202742314],[107.44532022089409,11.145703651228645],[107.44538888469225,11.145900107866943],[107.4453736264554,11.146068907596527],[107.44490823319194,11.147513724646156],[107.44475564540271,11.148127890775957],[107.44483194029668,11.148518896869263],[107.44499215686812,11.148919441362326],[107.44522103877951,11.149105407285907],[107.44561776669056,11.149170256698191],[107.44589242526983,11.149119711466588],[107.44624337764164,11.148962355661297],[107.44653329521165,11.148722983959397],[107.44683084069044,11.14836154065252],[107.44786080861434,11.147318220890476],[107.4485932309144,11.14672789694399],[107.448806854181,11.146641112943811],[107.44920358263742,11.146655417490376],[107.45130929511124,11.147361136389504],[107.45178994655444,11.147563315568682],[107.45225534031242,11.14785227899487],[107.45342263837135,11.148720122409658],[107.45395669551121,11.148946142450866],[107.45468148839541,11.149184561392095],[107.4552689509069,11.149313307604269],[107.45575723280176,11.149327612880919],[107.4560929262654,11.149420119065589],[107.45629128993896,11.149522162544166],[107.45706185930095,11.150321341479218],[107.4580002742868,11.151573515007227],[107.45812234538481,11.151843405210876],[107.45818338076296,11.152155257862876],[107.4581604919224,11.152683592244061],[107.45809182771664,11.153010702411299],[107.45764169328272,11.153871870443728],[107.45722970608905,11.154396391919317],[107.45697793650251,11.154605246371673],[107.45625314347616,11.154942847903264],[107.45602426178016,11.1551116474808],[107.45582589727387,11.15533480722991],[107.45563516227338,11.155648566688992],[107.45471963517664,11.159116126173357],[107.45465860017896,11.15946326413014],[107.45466622994707,11.159698820650641],[107.4547501531019,11.159907675719134],[107.45513925285813,11.160203314694135],[107.45564279242919,11.160457945721838],[107.45710763551496,11.160925247195623],[107.45735177652915,11.161077833880329],[107.45750436449315,11.161253310706215],[107.45845803902496,11.163222648049734],[107.45878610334655,11.16374049249581],[107.46120462092097,11.166125633223443],[107.46188363737764,11.167181350200023],[107.46218118452911,11.167742110865824],[107.46221933105447,11.168008185576491],[107.4621430370775,11.168255186769338],[107.46009835917872,11.171587325166064],[107.45996865972769,11.17187819624415],[107.4599152547567,11.172123289715188],[107.4598084429468,11.174345352457772],[107.4598465897086,11.174653388432583],[107.46013650699634,11.175803520584275],[107.46039590555823,11.176340438671808],[107.46065530601521,11.176676132208673],[107.46092996377605,11.17685542202676],[107.46488198992236,11.178412772420645],[107.46505746566056,11.178574897571881],[107.46514138957717,11.178708411681766],[107.46541604836835,11.17999396502648],[107.46555337685784,11.180264808120139],[107.46566018876736,11.18037924917682],[107.4658293573275,11.180428149218667],[107.46590432893083,11.180449821107699],[107.46607980498499,11.180439329750115],[107.46651468103687,11.18024764179102],[107.46759042490248,11.179381706452029],[107.46862039358763,11.178674079082228],[107.46923837479092,11.178147651324709],[107.46990976047505,11.178056098301408],[107.47017679011525,11.178105688726067],[107.47039041338836,11.178222038006538],[107.47058877676182,11.178393698810451],[107.47071084786407,11.17859015583063],[107.47074238829533,11.178705720041174],[107.47083291793179,11.179037428654407],[107.47085580559099,11.179517126914199],[107.47077951204444,11.180196142547075],[107.47061166628052,11.180904722873233],[107.47047433683764,11.18131003494503],[107.47036752479111,11.18149504840825],[107.47020730842318,11.181649543311156],[107.46964273328115,11.181941366606766],[107.46837625273797,11.182406761455438],[107.4679032307522,11.182539320999782],[107.46776590070046,11.18262801304298],[107.46759042552591,11.182813026131669],[107.46739969137641,11.183110572069895],[107.46723947337014,11.183593131069733],[107.4672928787977,11.183757163444424],[107.46745309581344,11.183891631060947],[107.46891793996149,11.183970785718197],[107.46943673882524,11.18403849749639],[107.46973428562124,11.18414721640512],[107.47027597183603,11.184427595975878],[107.47083291827356,11.184824325322875],[107.47116098250952,11.185122824916117],[107.47145089926232,11.185469962407174],[107.4716492636487,11.18588004252028],[107.47190866320013,11.186642028554107],[107.47196969814549,11.18765673779112],[107.47177133472198,11.188831663840311],[107.47100076548905,11.190730430093444],[107.47082528990525,11.19171843769402],[107.47082528949728,11.192080833549166],[107.47087869503078,11.192334510203601],[107.47138986462016,11.19294676939587],[107.47160348743608,11.193143226218723],[107.47205362158265,11.19335589496003],[107.47268686204966,11.19353900163753],[107.4733735068496,11.193651534118597],[107.47389230540679,11.193659164059474],[107.47422036939197,11.19361243407636],[107.47500619749049,11.19325957381562],[107.47531900236626,11.192984916077997],[107.47567758521423,11.19256911377392],[107.47679147554585,11.190656996920566],[107.47705850501531,11.19042716204866],[107.4774323445965,11.190233565902703],[107.47796640235877,11.19008479210654],[107.47930154661857,11.190001822804362],[107.4796448701949,11.19005713584857],[107.47982797513839,11.190171577225357],[107.47990592247726,11.190354455157127],[107.47992715696738,11.190404272674403],[107.47991189904083,11.190539694453332],[107.47978982822899,11.19066367317543],[107.47947702279083,11.190786696895518],[107.47830972533708,11.191109991756557],[107.47787485017473,11.191297866125504],[107.47743234516734,11.191614486046493],[107.47719583423633,11.191852904891467],[107.47666940543151,11.192571974746759],[107.47643289448139,11.193276740330939],[107.47625741910181,11.194721556782461],[107.4760743129684,11.195382453691314],[107.47481546293884,11.197521545265795],[107.47432718229095,11.198214866686914],[107.47331247193765,11.199201919979062],[107.47319040215373,11.199474670176368],[107.47311410773392,11.200050689269055],[107.4731980313885,11.200683929493131],[107.47330484354688,11.200985290775607],[107.47364816644546,11.20165381662766],[107.47405252462754,11.20208010864534],[107.4745713224993,11.202351905753751],[107.47501382704361,11.202469207753373],[107.47727975715279,11.202778198874142],[107.47791299724919,11.202726699282294],[107.47811136149146,11.202648498774304],[107.4782926000917,11.202531268244526],[107.47859201334657,11.202337600607791],[107.47884378310631,11.202045776452238],[107.47898874264624,11.201626159797348],[107.47902688883862,11.200558044750016],[107.47896512325073,11.200006780420878],[107.47895059558346,11.19987712067221],[107.4786988249202,11.198860503878326],[107.47869882477359,11.1986392513623],[107.47876748951022,11.198452331079169],[107.47894296471279,11.198268271933735],[107.4791489591856,11.198167182400306],[107.47944650600242,11.198149062382445],[107.47984323391046,11.198239661795924],[107.48029336825822,11.198409415767271],[107.48050699094017,11.198542930447804],[107.4809494964699,11.198942519161875],[107.48165140153156,11.199640609449277],[107.48226175229122,11.20035109648053],[107.48255929830653,11.200790740377428],[107.48264400296151,11.200966585433365],[107.48372659610169,11.203214027145545],[107.48403177279923,11.203920699189501],[107.48419961890156,11.204602577477923],[107.48422250781437,11.204860068879867],[107.48419198936836,11.205063201033786],[107.48408517795956,11.205291129271306],[107.48383340748423,11.205639221144306],[107.48348245561576,11.205943443295519],[107.48299417475629,11.206270553329267],[107.48236093437468,11.206637717975914],[107.48115549104938,11.207183219775894],[107.47904214862282,11.208238937582115],[107.47873697309326,11.208427765058097],[107.4783326142902,11.208799697690873],[107.47814950871567,11.209232665765928],[107.47814950912745,11.20941577153871],[107.47821817332141,11.209677078396416],[107.47821543604383,11.209678105528958],[107.47824106188128,11.209780074659733],[107.47835550307161,11.209969856817432],[107.47857675567398,11.21014247188305],[107.47882089608068,11.21020827457237],[107.47920236536514,11.210226394585394],[107.48012552304765,11.210151054584545],[107.48151407205341,11.210150100977017],[107.48205575930291,11.210267402243254],[107.48273477544969,11.210616447280877],[107.48297891621189,11.210808135459166],[107.4834595678984,11.2114585415263],[107.48368081959559,11.212055541383718],[107.48388681401971,11.212446548787991],[107.48408517837346,11.212716438729718],[107.48503122273549,11.213673927736908],[107.48587045732587,11.214331008696346],[107.48735055926836,11.215352393431656],[107.4877854354899,11.215718604631471],[107.48815927504943,11.216149665473734],[107.48825082807338,11.216390945703484],[107.48826608689897,11.216681815431201],[107.48804483405237,11.217207290233347],[107.48703775472289,11.21854624934775],[107.48631296261955,11.219333984690344],[107.48590860426577,11.219669677679402],[107.48540506452409,11.219971039137333],[107.48495492905047,11.220115044074815],[107.48426065458264,11.22024760492744],[107.48259744660551,11.220407821610138],[107.48218545954674,11.220568038942652],[107.48209390657382,11.22078452323295],[107.4820862773109,11.221001007034767],[107.48227701204792,11.22122702759872],[107.48255167046644,11.221279480115086],[107.48436746640137,11.221184112745021],[107.48513803554351,11.221287109509863],[107.48547372858292,11.22143588244752],[107.4862442975326,11.22192797842286],[107.48645029121764,11.222141601676029],[107.4867249494979,11.222745277881192],[107.48714456644532,11.223368027055004],[107.48793802354515,11.224087097718602],[107.48874673902243,11.224583961609369],[107.48928842553417,11.224868156935147],[107.48991403671097,11.225033141877477],[107.49069223436432,11.225011207956213],[107.49117288692521,11.224837638814236],[107.49169168620956,11.224467613198351],[107.49240884840069,11.223528243516531],[107.49263773049489,11.222960807510912],[107.49337778215101,11.221940376468277],[107.49380502769331,11.221526481722723],[107.49467477891893,11.220901824513573],[107.49564371172558,11.220435478706076],[107.49615488175874,11.220255232827961],[107.4978333475561,11.219888068845197],[107.49810037641343,11.21989760557876],[107.49841318165136,11.220053053941918],[107.49855051104845,11.22024569641458],[107.49869546940316,11.22064624035112],[107.49874887615478,11.220930435179966],[107.49868021081426,11.22123370343369],[107.49847421638735,11.22146926125483],[107.49777231303284,11.22190795097413],[107.4960480702402,11.222611762231422],[107.49488840143661,11.22316775416468],[107.49449930270981,11.22343669177165],[107.49407205696163,11.223783828492452],[107.4935914052274,11.224297859453822],[107.49341592870356,11.224630691355864],[107.49333963475993,11.224892951136862],[107.49333200581654,11.22526297729194],[107.49340066998616,11.225419380456017],[107.49355325796745,11.225568153136518],[107.49382028688443,11.225693084488817],[107.49601755188205,11.226105071111395],[107.49683389837125,11.22639689681556],[107.49768250975204,11.226834370403598],[107.49830637141882,11.227213241230396],[107.49882516991846,11.227689124818703],[107.4993287100622,11.228286125447793],[107.4995652210383,11.228716232607937],[107.4996033679076,11.22892985510964],[107.49956522159522,11.229412414072012],[107.49938974491319,11.230220176887551],[107.49924478602165,11.230573036106737],[107.49890909286457,11.231106139804096],[107.49809274799881,11.232014991284377],[107.49751291428984,11.232840873340372],[107.49660501597525,11.234216071898974],[107.49629221128542,11.234851220219074],[107.4960251825431,11.23557219700388],[107.49587259470984,11.236657478636717],[107.49584970652174,11.23751292510043],[107.49597177626273,11.23906932121825],[107.49610910558836,11.23993621143151],[107.4968110101987,11.242130615654393],[107.49702463342254,11.242556908465223],[107.49760446759562,11.24294696108765],[107.49797067832904,11.243110993288303],[107.49882517059706,11.243282654180383],[107.49952707500717,11.243262627052674],[107.49984750958713,11.243170121057897],[107.50009927955541,11.243003228251704],[107.50065622522042,11.242454865081353],[107.5008393309158,11.242135383528206],[107.5009537714994,11.241769173147365],[107.50106058245721,11.241255143173301],[107.50122080106995,11.237768508425903],[107.50141153497472,11.236367561519367],[107.5015717523991,11.2359813238244],[107.50190744527958,11.235596038257462],[107.5021286972,11.235475876007524],[107.5024415036069,11.23541484038095],[107.50272379022904,11.23542056225729],[107.50328073643816,11.235589362893833],[107.50405893458198,11.236149169341257],[107.50460062174193,11.236482002165877],[107.50519571433718,11.236772872770965],[107.50572214230691,11.236942626261904],[107.50715646873456,11.237060882046766],[107.50756845694659,11.237133361327706],[107.50785837380751,11.237236358284681],[107.50808725590757,11.23740611260189],[107.50833139628654,11.237792350393093],[107.50840006090017,11.238124229126997],[107.50823984314059,11.23917803920399],[107.50819406681157,11.239809370992564],[107.50827799019548,11.24081645163025],[107.50846872517141,11.241747238836998],[107.50875864247784,11.242552139679503],[107.5092240351,11.24351248970633],[107.50945291715861,11.243875839528345],[107.50974283440198,11.244077064185223],[107.51010141602056,11.244172431864106],[107.5107270262856,11.244108535433305],[107.51167307079314,11.243930198811805],[107.51226816439373,11.243874885421937],[107.51287851512227,11.243949272415987],[107.51333627899096,11.24411330298566],[107.51406870164153,11.244551994269989],[107.51463327641557,11.245043136654141],[107.51609812086548,11.247339584075105],[107.51628122527833,11.247826911060198],[107.5163804071061,11.248291351689335],[107.51641092541745,11.248832084152905],[107.51622782092457,11.249770500302425],[107.51622019055576,11.250208236001374],[107.51628122550518,11.250820495215999],[107.51659403029866,11.251442291235456],[107.51676950817603,11.251671172862109],[107.517013647922,11.251869537223332],[107.5172577887872,11.251938201914976],[107.51766214688004,11.251922942051834],[107.51795206373708,11.251733161609591],[107.51818094549901,11.251439430788373],[107.51830301573973,11.251153327090778],[107.5185090094108,11.249399520654904],[107.51870737400698,11.248819686100319],[107.51899729064341,11.248184539185978],[107.51922617221575,11.24796137913319],[107.51948557179531,11.24790797459065],[107.51973734178765,11.247976638362594],[107.51989755843938,11.248118735785111],[107.52035532297789,11.24958071779247],[107.5205765749864,11.250069952810811],[107.52094278562518,11.250592566920938],[107.52146921512322,11.251104689950752],[107.52196512495613,11.251418449657695],[107.52255258889217,11.251652098818418],[107.52349100428,11.251804687224226],[107.52416239087945,11.251829482387219],[107.52429209098662,11.251910545022335],[107.52439127264392,11.252037382890812],[107.52445993693136,11.252260543338798],[107.52445993674375,11.252480842119269],[107.52426920204131,11.252906181021613],[107.52430734870816,11.253001548032483],[107.52441416117998,11.253074981518964],[107.52442630366514,11.253156943504452],[107.52438364310375,11.253247596424256],[107.52417001984425,11.253374434863806],[107.52410135628995,11.253510809904803],[107.5241013560356,11.253821708557131],[107.5241776496701,11.254020072622296],[107.52417001973326,11.25414500393185],[107.52387247411046,11.25453601015928],[107.52359781629944,11.254635192045445],[107.52354441006516,11.254739142980775],[107.52356729804345,11.25487933306196],[107.52400217389781,11.25535330889521],[107.52407083770048,11.255552627590408],[107.52398691541492,11.255614616118296],[107.52373514531565,11.255483009023676],[107.52355203892,11.255460121588792],[107.52349863428141,11.25549826690934],[107.52340708117708,11.255673744727108],[107.52339182190195,11.255808212363739],[107.52346048665915,11.256126739014693],[107.52343759824969,11.256373741752927],[107.52359018650972,11.256732322559143],[107.52432260785992,11.257441856295292],[107.52437601432662,11.257535316520675],[107.52438364278838,11.257706024600761],[107.52432260864866,11.257930137186646],[107.52405557918435,11.25835261525587],[107.52405557950415,11.258620597449148],[107.5243836432879,11.258986808217713],[107.52468881947242,11.259524680537067],[107.52500162442497,11.25995001912587],[107.52510080661888,11.260302879861623],[107.52494821941431,11.260435439557158],[107.52491007251314,11.260516502607915],[107.52493296061087,11.260610915777207],[107.52507791806302,11.260764457002844],[107.52510843660696,11.260897018107466],[107.52508554832148,11.26097235808858],[107.52495584835708,11.261062003015178],[107.5245896370541,11.261000015301514],[107.52442178997838,11.261069633880297],[107.52417002043681,11.261378623495652],[107.52411661569391,11.26154551634377],[107.52429209139649,11.262190200174732],[107.5242844614534,11.262393333224274],[107.52416239128381,11.262484886180204],[107.5238190688316,11.262509681865824],[107.52357492758975,11.262671806842159],[107.52356729804688,11.262745239216494],[107.52364359214592,11.262872077846124],[107.52392588064909,11.26305041436541],[107.52395639748536,11.263424255784987],[107.52405557925844,11.263823845024842],[107.52388773390382,11.264230110577005],[107.52379618039951,11.264860488312111],[107.52369699869976,11.264960624456842],[107.52352152227056,11.26500640062355],[107.5234757458489,11.265083648514459],[107.52349100451829,11.265313484263823],[107.52345285713757,11.265427924948927],[107.52309427672597,11.265600540297926],[107.52297983544415,11.265910484573306],[107.522941688187,11.266402581026075],[107.5231019054854,11.266874648957835],[107.52333078772271,11.267133094871529],[107.52337656361637,11.267306664009036],[107.52335367573056,11.267417289387152],[107.52323923477383,11.267492630225986],[107.52285013568678,11.26752982411392],[107.52268228822571,11.267627097688758],[107.52262888369073,11.267791130248698],[107.52265177137265,11.267858840697972],[107.52310953465657,11.268363334825686],[107.5232621223269,11.268499710060533],[107.5235672990258,11.268676139935568],[107.5237122579396,11.26882014439598],[107.52377329258746,11.26897559408928],[107.52375803343976,11.269163467442683],[107.52365885165234,11.269286492065376],[107.52342234087526,11.269456245525003],[107.5233231580363,11.269624091458159],[107.5233079001402,11.269769051173007],[107.52336130513442,11.269933082975607],[107.52360544593847,11.270121910061528],[107.5236512221775,11.270207741305775],[107.5236435927937,11.270382263734293],[107.52323923505135,11.270574905996465],[107.5231553116464,11.270634987163763],[107.5231171647109,11.270719863865796],[107.52314005251532,11.270811416837514],[107.52329264056868,11.27096209759781],[107.52342234094976,11.271171905654802],[107.5234070820464,11.271461822495223],[107.52369699903456,11.271851876325174],[107.52367411126573,11.272264816652822],[107.52344522864561,11.272926667098597],[107.52332315825572,11.273125030890037],[107.52307901819051,11.273312905237365],[107.52278147123582,11.273440697058275],[107.52268228868493,11.273447373242814],[107.52251444285179,11.273389198825395],[107.52217874866334,11.273153641053153],[107.52195749736882,11.273119308769983],[107.5218888321634,11.273170807344298],[107.52189646172334,11.273266174809676],[107.5221406019797,11.27348933390927],[107.52217742240225,11.273599795268028],[107.52217874871795,11.273603775429129],[107.52217558110868,11.27360485710813],[107.52206430832776,11.273642876430669],[107.52159891471463,11.273525574017455],[107.52150736269967,11.27354083291395],[107.52140818036537,11.273628570763584],[107.52141580993596,11.273726799412772],[107.52142820118145,11.273739515694276],[107.52156076803674,11.273875573563204],[107.52157283835496,11.273915705860139],[107.52159477618,11.273988649975985],[107.52159891458928,11.274002411401241],[107.52159291124943,11.274008236416586],[107.52127848087713,11.274313309529218],[107.52108011622826,11.274869301345726],[107.52076731107954,11.275194504550267],[107.52070627566323,11.275477745203808],[107.52073679430299,11.27561126012213],[107.52097330484668,11.27579436509661],[107.52109537515884,11.275944091987249],[107.52114115234791,11.276066162417692],[107.52113352215889,11.276656487469337],[107.52123270408269,11.277001717148888],[107.52138529236036,11.277339318687865],[107.52139292194654,11.277566291925078],[107.52097330517653,11.278840401258007],[107.52055368861673,11.279500343952831],[107.52052317157867,11.279668190028826],[107.52057657589049,11.279804566800255],[107.5206757588417,11.279855111344217],[107.52091226992385,11.279819825654195],[107.5212784815988,11.279657700252395],[107.52150736322521,11.27968535621404],[107.52171335595764,11.279899933265227],[107.52171335615115,11.280352929616894],[107.52158365751232,11.280552246119765],[107.52127085104937,11.280650475183961],[107.52108774659347,11.280632355616934],[107.52077494167935,11.280454018448168],[107.52062998275147,11.280479767492485],[107.52050791208345,11.280657151098156],[107.52052317099161,11.281138756713887],[107.52048502456768,11.281252243055187],[107.52040873037333,11.28131327971159],[107.52007303590513,11.28142962727349],[107.51966104932545,11.281757691495029],[107.51917276805575,11.28199038791615],[107.51912699129875,11.282093384201872],[107.51923380350459,11.282668450923504],[107.51911173352089,11.283114770064525],[107.5185624168163,11.283782341485724],[107.51838694039022,11.284113266715849],[107.518623451499,11.285594323965821],[107.51873789292343,11.285977701152277],[107.51885996346273,11.28616462071145],[107.51911936223068,11.286406853980298],[107.519409279156,11.286838868783414],[107.51977549038179,11.287056305755675],[107.52008066663522,11.287344316017526],[107.52018747803348,11.287356713388078],[107.52024851286319,11.28729186365689],[107.52039347194223,11.286873201135881],[107.52044687728241,11.286821701390917],[107.52059946598348,11.286856987397442],[107.52066812949296,11.287012436873951],[107.52067575996216,11.287239411843565],[107.52038584226536,11.288262703793032],[107.5202790310309,11.288420060697728],[107.51978311964004,11.288728097031978],[107.51972971473639,11.288874010237343],[107.51977549098643,11.2891238717965],[107.51994333760366,11.289250710501996],[107.52023325429364,11.28929362615794],[107.52046213698878,11.28937468846954],[107.52085886478241,11.289721825345962],[107.52103434096325,11.289973595603913],[107.52124033525244,11.290104248669383],[107.52159891540852,11.290059426864834],[107.52186594474037,11.290095665396105],[107.52199564489777,11.29005275084651],[107.52220926800999,11.289893486839095],[107.52236948447242,11.289858200452267],[107.52257547887238,11.289937355456342],[107.52267466123654,11.29006514884758],[107.52275095514378,11.290376047076482],[107.52270517892683,11.290824274011461],[107.52262125490388,11.291077950547479],[107.52235422634226,11.291597702857297],[107.5223313375708,11.291916230623636],[107.5225220730684,11.292253830425777],[107.52299748614857,11.29286790701238],[107.5231828126774,11.29315973306707],[107.52350292542584,11.29369820704913],[107.52361652748745,11.293930668903508],[107.52364524778704,11.294013960934391],[107.52370291289975,11.294284265150365],[107.52371988830089,11.294629434081223],[107.5236130760093,11.294857362028848],[107.5233002709446,11.295140602843038],[107.52324686610673,11.295355179538552],[107.5232926419264,11.2956889656245],[107.52334794741894,11.295927036013966],[107.52342342349243,11.296354039062496],[107.52345185987923,11.296809730897357],[107.52344285057995,11.296857934506363],[107.52336893578249,11.297095636158078],[107.52291117264558,11.29757438042239],[107.5228425081433,11.297705034130558],[107.52284250800989,11.298296311864389],[107.5228653961597,11.298401215812858],[107.5230790194335,11.29869590119201],[107.52358255909398,11.299036362873395],[107.52386484657464,11.299279549574361],[107.52407084036302,11.299521783186782],[107.52407084030794,11.299658160195817],[107.5240464414325,11.299716107622324],[107.52339945346645,11.300468782196461],[107.52282724929493,11.301250795271761],[107.52256022022874,11.301782944952592],[107.52256022078386,11.301993707329604],[107.52262125523984,11.30210338039371],[107.5224610387579,11.302281717060817],[107.52241526250899,11.302495339898075],[107.52240763255925,11.302921632230936],[107.52201853325897,11.303234437331218],[107.52194223990462,11.30357013164682],[107.5217515044876,11.30370555190278],[107.52132425866907,11.303803781652993],[107.52085123677989,11.303973535019578],[107.52056131977828,11.303938249477048],[107.52043161918171,11.303960184647266],[107.52036295424776,11.304086069230971],[107.5203705849637,11.304283479035496],[107.52033243739338,11.304427483977868],[107.51997385566318,11.30476317711896],[107.51987467365697,11.304841379042896],[107.51918039899319,11.305100778931287],[107.51877604098418,11.305450776445936],[107.51869211798372,11.305673936214413],[107.51877604025843,11.306043962846706],[107.5187378931313,11.306269983161636],[107.51889811158041,11.306605676324692],[107.51896677553161,11.307123521910812],[107.51920328641418,11.307476381135658],[107.51920328629262,11.307539323729987],[107.5190888464261,11.307858804681215],[107.51892099988929,11.308034280324163],[107.51871500598564,11.308152536759373],[107.5182877595379,11.308258395044689],[107.51826487202987,11.309066156388853],[107.518188578091,11.309131959675238],[107.51792917866688,11.30915294027126],[107.51776896076211,11.309271196543774],[107.51775323737532,11.309297114947032],[107.51764689030999,11.309472421498853],[107.51765452001828,11.309613565552722],[107.51773844331187,11.309839586823228],[107.51788340171102,11.310059884371645],[107.51801310172185,11.310226777770403],[107.51818857752468,11.310349801582323],[107.51827250062584,11.310514787724724],[107.51824198396511,11.310678819347046],[107.51805887819562,11.311120370923263],[107.51805887751615,11.31126532989749],[107.51821146578467,11.311300616163589],[107.51844797679246,11.311250070475682],[107.51860819489244,11.311259607564564],[107.51869974668627,11.3113797708079],[107.51872263573944,11.31155429246197],[107.51867685880731,11.311765054970778],[107.51847849505279,11.312191347558787],[107.51863108266548,11.312468867038469],[107.51875315330601,11.312597612834864],[107.51873789423964,11.312951425707212],[107.51876841216155,11.313067774092762],[107.51903544057657,11.313636164213202],[107.51929483984597,11.313855508657074],[107.51965342169015,11.313922266128326],[107.5198212676958,11.314070085897404],[107.52002726229139,11.314114909095753],[107.52014933177071,11.31439719544869],[107.52021036840523,11.314453462990247],[107.52041636074055,11.314501147028636],[107.52065906425014,11.314473337499017],[107.52074442532678,11.31451068381128],[107.52084360704386,11.314745286941797],[107.52075968399635,11.315101008070911],[107.5207776564108,11.315190117455401],[107.52078257242411,11.31521449452494],[107.52080425499535,11.315224613684725],[107.5208595087719,11.31525039918296],[107.52089701316477,11.315267900900459],[107.52108774842249,11.315276483621162],[107.52147684712979,11.315198282387318],[107.52179728243729,11.315434794136603],[107.52207956933675,11.315572122364246],[107.52262125606002,11.315512994453552],[107.52307902020524,11.31558833456224],[107.52375803664334,11.31594596252729],[107.52394114160035,11.316138605883333],[107.52415476443207,11.316702226375856],[107.52413187631953,11.31681857429246],[107.52407847137746,11.316855768704135],[107.52394877101335,11.31684527751848],[107.52381907141276,11.316781381599915],[107.5237504076487,11.316803317085148],[107.52388773636186,11.317117074365708],[107.52394114168465,11.317494730162368],[107.52455912190031,11.317727426950547],[107.52486429827331,11.317985872378609],[107.52494059210267,11.318217615919737],[107.52491770417485,11.318622926355914],[107.52500925696798,11.31875548754795],[107.52536020977851,11.31887088149833],[107.5256730144796,11.318868020770614],[107.52595530282079,11.318811754951682],[107.5265961716744,11.31858764067518],[107.52682505301298,11.318584779651879],[107.52704630522436,11.318659166202696],[107.52754984556425,11.319072107635682],[107.52768717489755,11.319132188209556],[107.52837382076243,11.319170335255619],[107.52904520686602,11.319361070219108],[107.52928934714078,11.319367746179692],[107.52972422277755,11.3193038502701],[107.52987681026879,11.31935820961555],[107.53013621044312,11.319575647442292],[107.53040323925165,11.319698671389876],[107.53062449199615,11.31989226730534],[107.53067789753149,11.320043901918002],[107.53051005057037,11.320501665487242],[107.53048716299669,11.320693353660873],[107.53063212056071,11.321106294537012],[107.53078470838999,11.321329454559011],[107.5318604535557,11.321874002642181],[107.53237925229101,11.322565416121552],[107.53273783338125,11.322948793796662],[107.53296671600008,11.323071817129778],[107.53355418008765,11.323574403923345],[107.53406534863036,11.323948244576384],[107.53450785352057,11.324436525350805],[107.53512583455749,11.324741701523601],[107.53524790500734,11.324877122371303],[107.53527842294973,11.32497439787338],[107.53527079289616,11.325328210295048],[107.53527842311249,11.325358253896647],[107.53529204092162,11.325411872374762],[107.53530131095943,11.325448373871009],[107.5353405591864,11.325461907379202],[107.53552256258104,11.325524667903048],[107.53554744439175,11.325551967537352],[107.53556951505581,11.3255761835502],[107.5355912279944,11.325600007707912],[107.53557330684606,11.325631648902752],[107.5354691576302,11.325815538322567],[107.53490458159845,11.326047281436994],[107.53478251188227,11.326205591176786],[107.5347367355919,11.326331477000043],[107.5347455108373,11.326371328823136],[107.53478251153714,11.326539377592207],[107.53499613495039,11.326750139312587],[107.53503428157161,11.32683406260174],[107.53495798759461,11.327328065609459],[107.53499613534346,11.327493051956182],[107.53523264600487,11.327849725240958],[107.53526316399301,11.328008035875314],[107.535186870074,11.328276018265186],[107.53517161076412,11.328489641925492],[107.53556834052746,11.329314569818342],[107.53569041040203,11.3299363656202],[107.5356675218408,11.33046660781943],[107.53554545223359,11.3310445343021],[107.53555308157449,11.331423144106568],[107.53550730517274,11.331655839600737],[107.5355225631093,11.332076410990371],[107.53537760554288,11.332491259033544],[107.53551569529746,11.333047370685213],[107.53555308108389,11.333197931934485],[107.53559685049647,11.333297597811582],[107.53586712358566,11.333913037687122],[107.53618632137646,11.334639886901643],[107.53636942685924,11.334969858609817],[107.53717814278974,11.335388521712122],[107.53903971486373,11.336839059980285],[107.5392609672556,11.337264398674726],[107.53976450737646,11.338061670638766],[107.54133616307787,11.34122691628216],[107.54151926803688,11.341781000627273],[107.5416337088864,11.342308381621525],[107.54177866836922,11.34335742367108],[107.5420380670881,11.34435973593639],[107.54199991966709,11.344866136651055],[107.54180155651216,11.34589896626729],[107.54176340948383,11.346926073810263],[107.54174815004899,11.347955088264166],[107.54180155640819,11.348998408566324],[107.54187784987845,11.349362711300552],[107.5422211737532,11.350027421825057],[107.542782446705,11.350446200912943],[107.54305345238477,11.350648405833564],[107.54320536499995,11.350761752002242],[107.54329240508379,11.35086709001362],[107.54354105819402,11.351168017420775],[107.54360972350358,11.35134730821446],[107.54361367052732,11.351452414990863],[107.54362055483303,11.351635710813008],[107.54362498176702,11.351753573072811],[107.54355631766654,11.352217059075576],[107.54340372920946,11.352696757330898],[107.54315195984906,11.353249887830636],[107.54286967148296,11.353691438982217],[107.54308329422501,11.355817178958029],[107.54337321155647,11.359872202284567],[107.54396067552621,11.360091547567047],[107.5445786573341,11.360555987087874],[107.54468546766498,11.36072764801273],[107.54473887418729,11.360939364313836],[107.54454813878877,11.361373286657296],[107.54453288004315,11.36149726378732],[107.54461680398896,11.361649851488087],[107.54497538462977,11.361996035754327],[107.54466257978994,11.365569453751055],[107.5443116281724,11.366185526577722],[107.5438004579076,11.36654315449086],[107.5464936352679,11.367532114612183],[107.5484009837797,11.368452411024274],[107.55273447951424,11.369859080457784],[107.55590830842439,11.371305804305258],[107.55919657758437,11.373917918301213],[107.56213389423039,11.37664351924494],[107.5637742139747,11.378336290866356],[107.56554423449688,11.3804610775434],[107.56658183130605,11.381786684271786],[107.56894694455174,11.381962160722244],[107.57086955175299,11.382168154022839],[107.57395945629027,11.38224063312139],[107.57621775742125,11.381596902649973],[107.57780467175547,11.38001380359963],[107.57958994941241,11.377040246169742],[107.58116923445168,11.374540666528683],[107.58461009141615,11.369744637566766],[107.58683787385222,11.367684700567672],[107.58937846195394,11.365929940885287],[107.59130107015282,11.364038803349553],[107.59213267442222,11.362349846342298],[107.59227000315026,11.361470558883834],[107.59323130705961,11.359037735176324],[107.5939560987433,11.357989646870758],[107.59560404790967,11.356640198246323],[107.59835062998717,11.354209281864065],[107.59928904533089,11.352835037702581],[107.6004029370973,11.352477409828268],[107.6014786815105,11.352345802565477],[107.60369883532866,11.352269508274247],[107.60703288099944,11.349826193563075],[107.60974894539014,11.34572253385745],[107.61019145058305,11.345338202990627],[107.61107645935047,11.345309592181268],[107.61198435744426,11.345551825696184],[107.61270915033023,11.34553752034947],[107.61322794972943,11.345295286904095],[107.61369334216884,11.344057417000625],[107.6143723583616,11.342462874225838],[107.61682139334198,11.341395711751632],[107.61951457053547,11.340485906965904],[107.62334452636607,11.339349126506402],[107.6306992622365,11.338260984131278],[107.63390360897567,11.337636327480709],[107.63595591601228,11.337388371890114],[107.63957987756866,11.33703455867683],[107.6434632401835,11.337074613017451],[107.64595805161758,11.337519024256075],[107.64659892101838,11.338149403508435],[107.65242777893769,11.334642742266123],[107.65592204123212,11.333350513481113],[107.65742597833884,11.332124367578828],[107.65763102558434,11.331957194519902],[107.66496287347043,11.326623294523028],[107.66854106021738,11.324947687819],[107.67116557136545,11.324280115446012],[107.67527018608659,11.323623034351087],[107.67755137478179,11.323530527181324],[107.68115244886695,11.322524401677931],[107.68396769587027,11.322479578191718],[107.68816386358472,11.32395014371078],[107.69276438802986,11.325639100358156],[107.7077027427036,11.33296331967093],[107.71052561880087,11.334415765482982],[107.71221934529594,11.335674615289738],[107.71422587586716,11.33732065701397],[107.71678172357417,11.339613289972423],[107.71890269452163,11.342671723539894],[107.71932994088466,11.343479486113573],[107.71992503406346,11.344419808414173],[107.7204514621756,11.345015855496447],[107.72053538591398,11.34562429937878],[107.72046672096413,11.34743723402402],[107.7206269383329,11.34831080028779],[107.72101603854279,11.349171014623236],[107.72181712449986,11.350310655243613],[107.72228251771419,11.351091714341429],[107.72252665801668,11.351687760686017],[107.72263346939812,11.352124543198336],[107.7225953223272,11.35273298777023],[107.72227488806091,11.35424170081428],[107.72196208243341,11.355431886720476],[107.72164164818692,11.357562395023761],[107.72165690736814,11.358316751840581],[107.7218934188739,11.359124513417012],[107.72293101696935,11.361269326810957],[107.72352610917272,11.362791391100394],[107.72395335520754,11.365039202036662],[107.72445689580326,11.365911814166564],[107.72492991816861,11.36695799522024],[107.72564708160665,11.368360848623308],[107.72579203983555,11.36824640880832],[107.72587596331401,11.368104310625684],[107.72592936895789,11.367623658700165],[107.72591411003339,11.366883607628585],[107.72580729811176,11.366532655890047],[107.72565470971571,11.366257044181628],[107.72539531124228,11.36596140466678],[107.72527324105516,11.36572966148548],[107.72517405878635,11.365406365506429],[107.72489177120853,11.364015908889929],[107.72480021831777,11.363211962052423],[107.72488414163023,11.36246332697277],[107.72532664568672,11.361081452491252],[107.72567759879642,11.360375733984991],[107.72588359191761,11.360151620972573],[107.72627269078919,11.359903665115768],[107.72644816679981,11.359922738854346],[107.7267634426021,11.36018745142946],[107.7276154653429,11.361161561755285],[107.72776042273009,11.361251206139391],[107.72788249411302,11.361251206190689],[107.72804271113237,11.361165376555146],[107.72821818711087,11.36100706626699],[107.72834025736738,11.360807748245941],[107.72890483329097,11.359477372397462],[107.72933207918425,11.3586247877772],[107.72966777196986,11.358161302406735],[107.72999583594164,11.357975335234135],[107.73020945838535,11.357941003091346],[107.73052989423718,11.358016343039147],[107.73085795809845,11.35826715882452],[107.73126231516548,11.358965249003008],[107.7316056379325,11.359917970367064],[107.73178111390689,11.360143991162373],[107.73202525505931,11.36028513407133],[107.73244487165132,11.360391946370724],[107.73300181662545,11.360419602256078],[107.73380290392991,11.360230775648464],[107.73425303818418,11.360003800342774],[107.73437510801782,11.359996171366419],[107.73460399035862,11.360123962750412],[107.7348786476634,11.360419601911216],[107.73507701271443,11.36072191735665],[107.73518382436401,11.360831590153214],[107.7353821880752,11.36094507722183],[107.7357483986549,11.36105570334419],[107.73632823272615,11.361113877558434],[107.73649608040108,11.361165376254721],[107.73664103938526,11.361261697051397],[107.73679362609413,11.361454339292878],[107.73719798414466,11.362238259567757],[107.73734294312935,11.362701744749547],[107.73740397791236,11.363063188232386],[107.73744212544972,11.363523812006253],[107.73741923750578,11.364503235862898],[107.73716746712014,11.365462632452957],[107.73720561455309,11.365902276336866],[107.73728190880786,11.366194100702078],[107.73738109076221,11.366403909508787],[107.73753367805165,11.366572709209711],[107.73776256041332,11.36672052899034],[107.73818217661508,11.36689600502462],[107.73891459826845,11.367043823781716],[107.73938762130311,11.367026657817776],[107.74001323176564,11.36690935648448],[107.74154673951884,11.366772026654061],[107.74245463741748,11.366826386455156],[107.74319468895632,11.366634697878393],[107.74361430516986,11.366596550944605],[107.74394236911566,11.366678566935667],[107.74417888071542,11.366847367123288],[107.74497233799383,11.36759695538384],[107.74550639536267,11.367916435545176],[107.74597941773499,11.367971749126482],[107.74671946980588,11.367899269665855],[107.74871074152944,11.36733183413169],[107.74923716975236,11.367084832135046],[107.74954997462349,11.366930336399403],[107.75044261349684,11.36795458250892],[107.75167094650473,11.36832460902399],[107.75339518953506,11.368554443425415],[107.76950847122036,11.369683594206863],[107.77905284444641,11.370893805525183],[107.78773509535297,11.371080725694968],[107.792892565732,11.370546667480436],[107.79659282308016,11.372114509047682],[107.80423747635513,11.371094076554838],[107.82149516748333,11.370069829342308],[107.87786113424072,11.365822160005921],[107.88401042617963,11.36541684896871],[107.88666545666253,11.36519941067872],[107.89208232644997,11.36486085659463],[107.89745341949701,11.364446007003288],[107.90283214351628,11.363878571269812],[107.90823375488145,11.363463723076519],[107.91071330764753,11.362981163402994],[107.91311656694036,11.362375579571507],[107.9162675073552,11.36188729877931],[107.91825115008109,11.361494383916462],[107.9281464756028,11.3592408513363],[107.93393718533491,11.357388815636572],[107.93547832357073,11.355985960877888],[107.93590556940225,11.355332693780744],[107.93639385043736,11.353773435708785],[107.93709575364048,11.350241025610993],[107.93750011155511,11.34932168348331],[107.93878947949575,11.348050436494756],[107.93980418998508,11.347301801667069],[107.94091808132586,11.346863111671146],[107.94319927009988,11.346498807595303],[107.94474040838402,11.346585592159027],[107.94571697039837,11.346491178086737],[107.94726573721348,11.3464911780397],[107.94860088089463,11.346596082009631],[107.94971477303297,11.34692796148464],[107.95049297071766,11.347221693155822],[107.95137798078876,11.347790082062408],[107.9516144926818,11.348103841266374],[107.95162212237577,11.348425230541876],[107.95169078588431,11.348634084435702],[107.9520722560384,11.348918279120548],[107.95262920201674,11.349174818530098],[107.95309459490889,11.349297841963725],[107.95435344548605,11.34984048222941],[107.95568096072225,11.350182850592194],[107.95635234625799,11.350324949361982],[107.95818340163031,11.350258191740071],[107.95875560683167,11.3501170476138],[107.96095287160334,11.349718411935031],[107.96253215614473,11.349207242065328],[107.96441661639797,11.348667462859018],[107.9665681066237,11.347454388382163],[107.96720134536272,11.347198803040461],[107.96910106506292,11.34616502016443],[107.96973430437106,11.345776875372675],[107.97041332064693,11.345575649943143],[107.97427379429574,11.342943509119142],[107.97514354555622,11.342592556102506],[107.97773753962579,11.34221490102338],[107.9807282628008,11.341688472256783],[107.98431407763896,11.34079678679054],[107.98532115716824,11.340637522717675],[107.98627483281686,11.340287524651863],[107.9868241489346,11.339968997034587],[107.98740398218882,11.339809733973183],[107.98793804048768,11.33984120513588],[107.98872386806308,11.33995278502032],[107.98927318497205,11.340143519731537],[107.98998271787653,11.340207416204766],[107.99061595788537,11.340128260510067],[107.99138652658753,11.340175944470973],[107.99298106996065,11.340542156138357],[107.99360668050433,11.340463000522961],[107.99462138949332,11.339889841570598],[107.99531566436646,11.338520365300297],[107.99572765138919,11.338043528593921],[107.99624645046656,11.337772684473988],[107.99658977346422,11.33766110543576],[107.99774944175043,11.337677317467975],[107.99819957616938,11.337375002528441],[107.99934398461414,11.335847216046192],[108.00021373561523,11.33554585531833],[108.00079356971482,11.33547051492401],[108.00104534002264,11.335385638394124],[108.0015488799061,11.335051852243787],[108.00157176904771,11.33488114383028],[108.00138866276248,11.334575968542794],[108.00134288654445,11.334355668719729],[108.00139629268946,11.333786326152604],[108.00151836287361,11.333545046401806],[108.00186168539342,11.333126383071333],[108.00197612657057,11.332706765684966],[108.00209819618046,11.33245499576336],[108.0022584135816,11.332307177160393],[108.00270091883823,11.332119303085046],[108.02930461743506,11.32652218719489],[108.0285035305451,11.324837998184728],[108.02828227833761,11.321318938970967],[108.0278550327013,11.319766358485346],[108.02728282753047,11.3173030169974],[108.02726756830472,11.316695526091415],[108.02772533218395,11.313422515781385],[108.02787029117354,11.312104537524473],[108.02822124277051,11.310536697399291],[108.0285035304568,11.309900596718975],[108.03048717263675,11.307428672307509],[108.0311280420959,11.306325271956336],[108.03176128180571,11.305085494202418],[108.03193675747174,11.304520919605988],[108.03199016408003,11.303537681695863],[108.03192912859697,11.302793814961065],[108.03178416927746,11.302289321591415],[108.03128825843879,11.301551177643391],[108.03099834191227,11.300669028732353],[108.03076183016967,11.299137428044551],[108.03065501946321,11.298874213005387],[108.03337871185211,11.292948080929781],[108.03411876374638,11.290072752299269],[108.03670512823456,11.286435438371738],[108.03678905153407,11.285954786679953],[108.03673564611768,11.285032583651319],[108.03685008716153,11.284551932390235],[108.03784953757317,11.281874014619122],[108.03810893694371,11.281374289017164],[108.03873454649685,11.280500722991858],[108.0392075693271,11.280086827702807],[108.04109965958197,11.279665303965881],[108.04142009349624,11.279490781553418],[108.04208385165464,11.278910947523432],[108.043060413543,11.278564763463514],[108.0433579611266,11.278399778674553],[108.04391490529679,11.277881933114383],[108.04406749340103,11.277632070344803],[108.04483806297257,11.275293660988387],[108.04479991548484,11.274791074384577],[108.04442607553918,11.273572278868054],[108.04399119969801,11.272646260336614],[108.04365550604128,11.270005536089764],[108.04331218329236,11.268842054460976],[108.04304515434134,11.267477346359541],[108.04281627299164,11.266992879255671],[108.04267894349337,11.26646835820518],[108.04260264949819,11.265650105900006],[108.0423737676698,11.264820409442851],[108.04238139665716,11.264485669671902],[108.04268657320884,11.263545346242203],[108.04275523718715,11.262959789874039],[108.04267894317191,11.26224644222724],[108.04257213205909,11.261867832914106],[108.0426026486467,11.261449170150321],[108.04256450183392,11.261019063115826],[108.04248057882765,11.260620427467332],[108.04245006136371,11.259677242894348],[108.04428874556902,11.257998777031961],[108.04469310332853,11.257245374036447],[108.04478465536272,11.256764721378286],[108.04493724394257,11.256583523389791],[108.04544078344286,11.256233524352332],[108.04632579345795,11.25574428972009],[108.0467988157872,11.25539333763152],[108.04714976818018,11.25509579127699],[108.04740153872339,11.254710506819492],[108.04788981996626,11.253585171201923],[108.04789744876096,11.253419231786724],[108.04775249059819,11.252642941234898],[108.04785167230945,11.251829456095242],[108.0488816401744,11.250559162555666],[108.04931651626657,11.249803852535921],[108.04970561494477,11.248124432412514],[108.04994975529394,11.247730564143566],[108.0501481206427,11.247519801795509],[108.05052196033097,11.24735672421092],[108.05098735306031,11.247243236763474],[108.05138408209125,11.247230838911095],[108.05162822220088,11.247106860822267],[108.05168925708709,11.247012447249535],[108.05171977560899,11.246831248986792],[108.05165111002005,11.246404002923047],[108.05175029265631,11.24626095212346],[108.05259715511188,11.245900462941906],[108.05282603695257,11.245642017357165],[108.05231486803493,11.245148967803228],[108.05212413304943,11.244479487668963],[108.05191813889036,11.243307423056553],[108.05199443315325,11.242636990074374],[108.05259715531069,11.2423766369334],[108.05278788999321,11.241985629489323],[108.05307017776303,11.241234135092464],[108.05301677247571,11.240657162112608],[108.05271159598976,11.24022991535275],[108.05104075874111,11.239429782500228],[108.05072032428738,11.239206622768894],[108.049301256383,11.2375205263897],[108.0480729236398,11.23653442786747],[108.04659282138496,11.235641789067001],[108.04628764531498,11.235176394939518],[108.04641734515307,11.234711001484074],[108.04672252186322,11.23419029548433],[108.04742442560148,11.23368675543302],[108.04778300696421,11.232923816576362],[108.04789744772921,11.232440303969646],[108.04717265510433,11.228778193270927],[108.04633342071271,11.22635872249892],[108.0461274285456,11.225595782833475],[108.04618846293886,11.224758456438606],[108.04629527446775,11.224479983145432],[108.04764567745902,11.224255870429479],[108.04796611243665,11.22401459024015],[108.04811869981705,11.22354919687224],[108.04802714691314,11.22258407898932],[108.04753123558106,11.221822092938687],[108.0473633895952,11.221207927626157],[108.04734050128026,11.220333406936424],[108.04747783057923,11.220239947214031],[108.0479279647449,11.220338175806063],[108.04812632841744,11.220183681330754],[108.04824076971927,11.219848941561576],[108.04791270536928,11.219262431082898],[108.04731761305342,11.21860630339395],[108.04720317184477,11.218060802120036],[108.04690562547371,11.217711757208098],[108.04643260370443,11.217404674113745],[108.04596721009014,11.217418978696344],[108.045738328488,11.217335055154727],[108.04547892904655,11.217127153905857],[108.04549418790661,11.216652225110076],[108.04579173375794,11.215884517239068],[108.04603587498991,11.215115855438258],[108.05754100199013,11.218746492896871],[108.05843364078952,11.220624277287905],[108.05883799901984,11.222288439385249],[108.05899821646962,11.22334892547392],[108.05876170505319,11.225282022713838],[108.05863200559168,11.226055453037464],[108.05806743075428,11.226704905822059],[108.05759440833627,11.227108310280997],[108.05716716230711,11.227648089129728],[108.05694590972718,11.228123019233466],[108.05662547591649,11.229265521149204],[108.05642711089298,11.229828189049764],[108.05632792858856,11.230681726786186],[108.05647288747019,11.231777498990635],[108.05651103472988,11.232787439895352],[108.05628978194177,11.236461947734753],[108.0563431876718,11.237316440806836],[108.0564728877409,11.238224338096046],[108.05679332201254,11.239509891123909],[108.05715190448923,11.240539859463375],[108.0575257444867,11.241193126510975],[108.05792247374457,11.243565867709313],[108.05977641646277,11.243914912391944],[108.06505595781394,11.24752170854424],[108.07385264932726,11.25364620543683],[108.07727824881621,11.256276439655277],[108.0798722428799,11.259148906638789],[108.08388530432362,11.264547656360767],[108.08461009718819,11.265308687823111],[108.086166493422,11.265897105255222],[108.08679210449523,11.26651985533969],[108.08748637849423,11.267973254283092],[108.08800517747194,11.268457720970465],[108.08893596329376,11.268527338795236],[108.09263622038347,11.26852733938937],[108.09465037992418,11.267317126241958],[108.09658061743363,11.267223665805714],[108.09736644449745,11.267035791586446],[108.09797679591769,11.266370127239812],[108.0986176656278,11.265970537369435],[108.09983073905818,11.265450785189746],[108.10038768563625,11.265050241178754],[108.10083019036233,11.26501304838737],[108.10139476541829,11.265088388725914],[108.10314189664759,11.265833208413609],[108.10438548735227,11.266657183602074],[108.10529338529587,11.268297502636042],[108.1064072774493,11.269827196666483],[108.10699474098901,11.270567247076698],[108.10729228829896,11.271544764284707],[108.1073304350564,11.273152658019294],[108.10740672890446,11.273853609935772],[108.10752879922119,11.27426464307375],[108.10772716318095,11.274694750439242],[108.10803233919076,11.275107691384582],[108.10862743183053,11.275454828786884],[108.10962688217856,11.27585823236502],[108.11026775219145,11.275984117489632],[108.11144267831591,11.276336977494509],[108.1120454000191,11.27673656692779],[108.11240398257142,11.277116129462724],[108.11244975796816,11.277594873690067],[108.11236583527109,11.278551409022176],[108.11235820652855,11.279286692253836],[108.11222850654906,11.280225107813608],[108.11218273022699,11.280993769280295],[108.11183177707014,11.282169649696751],[108.11168681946567,11.282869647069761],[108.11169444854113,11.283809970030992],[108.11177837298807,11.284288713835636],[108.11205303040795,11.285402605707679],[108.11273204637916,11.287084887576018],[108.11364757363452,11.289144823576187],[108.1142274077509,11.290295909245843],[108.11453258443434,11.291242907687103],[108.11586772813513,11.292653391444503],[108.1161423860107,11.292861292617456],[108.11671459125117,11.293020556232081],[108.11700450843044,11.293040583568303],[108.11757671341081,11.292994807116763],[108.11796581228447,11.292724916412363],[108.11838542857583,11.292216608509358],[108.11891948646094,11.291110347067029],[108.11920177433448,11.289489099367172],[108.11952983842738,11.28827888720524],[108.12014781809519,11.2862332557963],[108.1206437292556,11.285109827686062],[108.12159740227366,11.28188831491328],[108.1220551666891,11.281004259462819],[108.12242137769137,11.28073436905855],[108.12295543579818,11.280518839389314],[108.12339031069426,11.280692407914714],[108.12435924401562,11.281180688623603],[108.12533580717789,11.282079050345011],[108.12631999885645,11.283335992542451],[108.12723552627952,11.285003015018546],[108.12796794772065,11.286784479440401],[108.12916576336589,11.289243051095827],[108.12973796759626,11.289730379343641],[108.13041698459283,11.290151903473618],[108.13187419817349,11.290678330855267],[108.13239299778698,11.290788957684255],[108.13285076029271,11.29079372597515],[108.13354503545236,11.290574380673023],[108.13392650581267,11.29054767824168],[108.13478099718694,11.291442224018505],[108.13546764394795,11.29299957506585],[108.13604747717868,11.293366739177317],[108.1380311199487,11.293464013656923],[108.13842784898972,11.293545075451185],[108.14082347913913,11.294697114653747],[108.14969646395497,11.298239060186715],[108.15204631847233,11.299219438793513],[108.15386211421719,11.299920388347399],[108.1557770920567,11.30055458189502],[108.15723430643679,11.300772973161152],[108.15985881833181,11.300913162767861],[108.1622239303443,11.30116302623873],[108.16403972689744,11.301265068659498],[108.16526805947441,11.30146534113937],[108.16732799540615,11.301723785582205],[108.17000591399089,11.301479645209028],[108.17104351055711,11.301845856603338],[108.17388927601868,11.302700348654444],[108.17548381883833,11.302810020539795],[108.17662059947952,11.30294067476643],[108.17759716069727,11.303172417164435],[108.1800614563949,11.304152794124784],[108.1814271172235,11.304593390912986],[108.18595897837776,11.306586570921011],[108.18660747612118,11.306844062649915],[108.18696605842601,11.306911774236553],[108.18759166831427,11.307292289744735],[108.18858348917655,11.308611220799273],[108.18881237118228,11.309262581369653],[108.1888886660121,11.3100093079914],[108.18949138776196,11.310776062066557],[108.18999492785768,11.311080284402824],[108.19051372645136,11.311152762719372],[108.19120800170943,11.312121695613762],[108.19165813621574,11.312538451644524],[108.19252025774747,11.313620871944162],[108.1934052682566,11.313903159560937],[108.19431316607495,11.314467735238905],[108.19451915893724,11.315418547592301],[108.19541179905107,11.316834755108703],[108.19606792594172,11.317611998627463],[108.19657146600794,11.320337600784402],[108.19730388868635,11.322674103475379],[108.19905102021848,11.32345134679377],[108.2005158632644,11.323858565929228],[108.20162212657316,11.324227637896044],[108.20541393572705,11.326314277933179],[108.20800793031124,11.327620811281612],[108.20869457479841,11.327865906175417],[108.2093049268867,11.328228301374805],[108.21136486322716,11.32920677133682],[108.21282207814325,11.329953499015966],[108.21364605229546,11.33030254339402],[108.2163239700461,11.331198043438185],[108.2180787318073,11.331932372397402],[108.21960461059976,11.332969016115255],[108.21966564566868,11.333333319092812],[108.2196809044247,11.333755797328427],[108.21961986831803,11.335696524800772],[108.21968853380503,11.336328811600735],[108.22000896793082,11.33734161386311],[108.22037517838862,11.338079757726195],[108.22097027217173,11.33888179808873],[108.22174084122017,11.339956588331697],[108.22320568551167,11.341531104430175],[108.22455608784149,11.342902488549607],[108.22772991607845,11.34582359250676],[108.22882091920056,11.346730536650432],[108.23143017287086,11.348629302549039],[108.23854076865359,11.35309154469562],[108.24150097393242,11.35477382558166],[108.2455521821053,11.357148474870082],[108.24865734695295,11.35889846675127],[108.25003063730739,11.359625167437375],[108.2505036598622,11.359793967374138],[108.25182354553813,11.359846419234474],[108.25257885529355,11.359689063232334],[108.25522625583525,11.360142057748746],[108.25699627480796,11.3610814271206],[108.25846111911805,11.36237270228035],[108.25971996928169,11.36389381254738],[108.26087963703462,11.36512119167786],[108.26170361259838,11.366404836854448],[108.26258099268092,11.36743766695211],[108.26479351638815,11.371593778721698],[108.27186596575544,11.379827802765549],[108.27618420298248,11.383474653620855],[108.27721417207621,11.384479826874198],[108.27799999977196,11.390805547832606],[108.27844250488431,11.392969435977593],[108.27849591087006,11.39349967796268],[108.27858746368901,11.393945998363689],[108.27883923389086,11.39470893690767],[108.27946484390364,11.395035093880994],[108.28814709523415,11.39791614364114],[108.29004681447698,11.399002378892117],[108.2920914923194,11.400285070837732],[108.29811108519728,11.405263250704278],[108.30187237725522,11.40798122237582],[108.30675518933589,11.413632696860155],[108.30672467277343,11.41381198749978],[108.30661023181537,11.413965528673756],[108.30639660888028,11.414048498447187],[108.30607617352538,11.414086645799607],[108.3059769918438,11.414240186584905],[108.30580914459452,11.414688413712772],[108.3055268579483,11.414982145583023],[108.30541241682079,11.415237730858314],[108.30536664032427,11.41544849263734],[108.30549634009274,11.415800398504397],[108.30567181576329,11.41597968848638],[108.30588543899627,11.416011160608598],[108.30599225075791,11.416075057195167],[108.30604565646834,11.41626102306046],[108.30630505578945,11.417635267974234],[108.30628216777353,11.418434447304291],[108.30639660893486,11.418517417294321],[108.30647290278854,11.41865856083927],[108.30659497332095,11.419783895780917],[108.30658734420535,11.420058553744559],[108.3065110502537,11.420237844529249],[108.30601513934975,11.420678443130901],[108.30599988018237,11.420787161970718],[108.30606091488357,11.42088920505103],[108.30609143279763,11.421056098108203],[108.30599988019603,11.421427076716661],[108.30586255081906,11.421567267010753],[108.30545819284698,11.421848601487204],[108.30525220009118,11.422098463928064],[108.3052140527952,11.422328298737979],[108.30501568845752,11.422647780156243],[108.30477917674415,11.422916716473646],[108.30425274938536,11.42323619707451],[108.30400860764848,11.423319167108673],[108.3038178729348,11.423281020570569],[108.30361950920415,11.423139876153641],[108.30341351589078,11.423056907344849],[108.30324566921634,11.423050231458802],[108.30311596940469,11.423229522099126],[108.30302441621545,11.423805541681963],[108.3030549339895,11.424016303653639],[108.30318463421965,11.42424709220701],[108.30261242880171,11.424614257753257],[108.30239117742151,11.42486030560956],[108.30226910591422,11.425192183670248],[108.30228436515944,11.425480193821674],[108.30238354731092,11.425718612060932],[108.30256665346208,11.425978010941368],[108.30259717016177,11.42612296956896],[108.30255139389648,11.427140540848672],[108.30239117744414,11.427436179792071],[108.30184949033561,11.427854842320295],[108.30144513231329,11.42794067387979],[108.30097210965074,11.427962607436514],[108.3006898221753,11.42784721392994],[108.30043042177876,11.427241629105614],[108.30031598113689,11.427118605108566],[108.30015576424675,11.427075690792192],[108.29996502882744,11.427125281694574],[108.29945386045642,11.42750102931785],[108.29902661432702,11.427594489837288],[108.2987977320426,11.427681273800975],[108.2986604032728,11.427796668913622],[108.29853833198587,11.428027457392544],[108.29847729763107,11.428518599576176],[108.2983933738202,11.428655928480996],[108.29821026824365,11.428777999574775],[108.29805768143913,11.42900878884593],[108.29797375680599,11.429254836825093],[108.29797375723136,11.429492301576754],[108.29770672806963,11.430214232608062],[108.2975388823745,11.430386848147362],[108.29697430683616,11.430661507047176],[108.2968598665025,11.430819816024114],[108.29682934820771,11.43116790773635],[108.29647076661291,11.432186431545361],[108.29573071525628,11.434627838524273],[108.29573071570847,11.434840506843535],[108.29582226870457,11.43504173293935],[108.29586804490648,11.43552333846291],[108.29568493925514,11.435960121420175],[108.29526532269666,11.436508484348305],[108.29491437088524,11.436732596786687],[108.29463208234247,11.436810799053617],[108.29445660661735,11.436923331947101],[108.29429638934343,11.437124556799077],[108.29421246631463,11.437516518348358],[108.2942277247469,11.438378638880685],[108.29402936041365,11.438748665687438],[108.29380810871798,11.438983269712582],[108.29336560349824,11.439140625340702],[108.29296887467895,11.439464874211199],[108.29254162863069,11.439935036098241],[108.29231274671429,11.440326996301756],[108.29227460008003,11.440584488411485],[108.29235852355242,11.44080860146713],[108.29254925900965,11.440943069919099],[108.29261029334107,11.44111091691444],[108.29257214633486,11.441312141110922],[108.29245007667157,11.441480942487747],[108.29165661935028,11.441883392233798],[108.29145825456433,11.442045517927612],[108.29125989096724,11.442366905164192],[108.29086316289005,11.442662544759674],[108.29031384567905,11.44298393283294],[108.28917706591598,11.44334823664721],[108.28882611402734,11.443591423474865],[108.28838360903958,11.4440777980862],[108.28818524458313,11.444433517910024],[108.28796399317079,11.444702453931102],[108.2873383820888,11.44517166154721],[108.28664410674124,11.445510216911437],[108.28623974867075,11.445962258284368],[108.28583539155211,11.446030922820935],[108.28570569213045,11.446135827285847],[108.28565228580726,11.446265527464494],[108.28560650980336,11.44682151895103],[108.28546155091861,11.447151490218912],[108.28528607515916,11.447377510718612],[108.28485882866111,11.4475072107073],[108.28421796027324,11.447542496798542],[108.28329480261704,11.447490045050959],[108.28184521810732,11.44729072728073],[108.28144848970241,11.44716007364289],[108.2813187900782,11.446977921570813],[108.28126538328428,11.446673699393418],[108.28117383112951,11.446544000484886],[108.28067792108796,11.44629223052998],[108.28021252724831,11.446239777490566],[108.28009045681475,11.446117707530526],[108.27995312791671,11.44555408603061],[108.27995312723816,11.445159264152657],[108.28015149286901,11.44458324528302],[108.28018200996856,11.444210359529269],[108.28017438036983,11.443876572778539],[108.28010571551098,11.443628617566533],[108.279365664496,11.442404098777134],[108.27870190740465,11.441718408352388],[108.27819073693458,11.44084960978282],[108.27794659756823,11.440175363548654],[108.27780163869579,11.439937898564636],[108.2776261623014,11.439780541401007],[108.27734387454919,11.439627952831907],[108.27709210444007,11.439573594036988],[108.27688611090116,11.439580270557908],[108.27617657742667,11.43975002391837],[108.27589428906742,11.439740487682931],[108.27439129883942,11.43911869135757],[108.27335370096559,11.439374276620605],[108.27301037851159,11.43965370357108],[108.2727891259168,11.439931222427914],[108.27258313226072,11.440295525236378],[108.27258313197473,11.44079429734524],[108.27243054444654,11.441511460319717],[108.27124035978817,11.44429905087972],[108.27079022417057,11.44494182804706],[108.27020276121253,11.445905991884796],[108.26823437741126,11.448201486951486],[108.26779187220374,11.449223825381171],[108.2676087673186,11.449809380688032],[108.26740277355685,11.45115310879542],[108.26727307435219,11.452569315244142],[108.26706708090649,11.453738519989678],[108.26643384040247,11.454219171474717],[108.2650376613799,11.456206629208898],[108.26426709246658,11.458400080371348],[108.2634660073696,11.460199663545414],[108.2630235024559,11.461469004966762],[108.26064313089825,11.466569255067094],[108.25944531675869,11.469914744642628],[108.25905621779404,11.471679042628347],[108.25849164213585,11.473407100561218],[108.25772870264382,11.474463771234905],[108.25782025517628,11.475259135835019],[108.2579728437588,11.475944827275791],[108.25836957208044,11.47649032944422],[108.2595750170912,11.477451633482376],[108.26165021210896,11.479232142462115],[108.2656861625098,11.482384036092206],[108.26834119162515,11.484557460291397],[108.27035535140536,11.486278842876013],[108.27157605479029,11.487679790509443],[108.27182782444221,11.488250087216558],[108.26553357471333,11.496274302904139],[108.26550305706486,11.496653866425156],[108.2656556451493,11.497208903732307],[108.2662202200617,11.498113940986954],[108.26647199025881,11.49865467484453],[108.26673901883078,11.499092411304336],[108.26699078869451,11.499637912789092],[108.26727307695393,11.500514340076844],[108.26753247657639,11.500916789905359],[108.26812756936607,11.501547169365157],[108.26960004236253,11.502816508965635],[108.27130139723664,11.504594158038282],[108.27271283590181,11.50581486094998],[108.2738267275429,11.506879162099423],[108.27567304066679,11.50921280325308],[108.27663434485135,11.510664294737516],[108.2779694887251,11.513011288206707],[108.27831281102252,11.513409923940284],[108.27876294587622,11.513784718587763],[108.27912915716155,11.514014553356354],[108.27979291397261,11.514621089759464],[108.28062451798274,11.51456959192214],[108.28195966254812,11.514411282450626],[108.2834550232801,11.51431305328933],[108.2847062442133,11.514347385344006],[108.28643048738682,11.51449139000762],[108.28750623231213,11.514502833561032],[108.28845990625246,11.51446564032616],[108.28977216231871,11.514330218465068],[108.29092420147201,11.514293025527305],[108.29454053436031,11.514325450313622],[108.29552472603424,11.51445801183602],[108.29653943516004,11.514663051231466],[108.29731000433281,11.51491672851244],[108.29804242694097,11.515229533425089],[108.29880536580492,11.515629123182613],[108.29973615171771,11.516257594260487],[108.30068219704684,11.517006228634076],[108.30126966059352,11.51736862544727],[108.30229199994685,11.517827342512016],[108.30377973111811,11.51929790828391],[108.30429853023291,11.521126101927594],[108.30461896512237,11.522093127490518],[108.3047028876284,11.522250484017482],[108.3052522053699,11.52226192816499],[108.30547345751445,11.52233917485248],[108.3056947088361,11.522494624291129],[108.30609143796059,11.52288277041064],[108.30674756585292,11.523712466494471],[108.3070603708579,11.523974727555467],[108.3078843464315,11.52444012054692],[108.30848706871308,11.524524043268919],[108.31001294716206,11.524923632842649],[108.31062329808528,11.525233577359412],[108.31118024430916,11.525287936170733],[108.31148542075222,11.525264094308522],[108.31188803560379,11.525137498809826],[108.31222547107404,11.525031398111262],[108.31231702481833,11.52507908235091],[108.31256879399352,11.525389026357438],[108.31282056402192,11.52584583572335],[108.31302655834031,11.526106189164002],[108.31323255161213,11.526245425076603],[108.31349195108233,11.526353189683157],[108.31382764479353,11.526410410860436],[108.31436170208691,11.526651690422403],[108.31489575938491,11.527228663383978],[108.31529248825524,11.527576754996572],[108.31668866804381,11.528401682597645],[108.31729138966868,11.528661082297562],[108.31758130640576,11.528826067793641],[108.31774152404164,11.529015848577506],[108.31787885347438,11.52930767294151],[108.31807721772476,11.529573749439038],[108.31907666783401,11.530207942143555],[108.3192674027913,11.530290911757344],[108.31945813780203,11.530290911709239],[108.32025159485192,11.530188868562691],[108.32095349945817,11.530164072664322],[108.32116712309471,11.530195544253651],[108.32144178099338,11.530354807976538],[108.32180036219492,11.530749628722575],[108.3220216148485,11.530897448887567],[108.32312024774437,11.531198809615494],[108.32362378818368,11.531429598347785],[108.32377637579019,11.531412432820792],[108.32398236900382,11.531325648030947],[108.32424939769365,11.531133005502088],[108.32483686058997,11.530859301281403],[108.32547010139623,11.53073246274277],[108.32562268908731,11.530381510306231],[108.3257371298049,11.529864618265579],[108.32569898333703,11.529673883472821],[108.32527173688705,11.528678247350063],[108.32518018350872,11.528378794350642],[108.32520307209816,11.528038332551134],[108.32543195395513,11.52739269445443],[108.32555402396702,11.527186701291125],[108.32569135370942,11.527073214901716],[108.32697309156323,11.52648956522554],[108.32717145587387,11.526433298066047],[108.32726300883546,11.526329348163156],[108.32740796658231,11.525101015173233],[108.32740033760447,11.523774454034433],[108.32746137274103,11.523547480201342],[108.32754529525127,11.523472139020738],[108.32775128998966,11.523445436293704],[108.32785047199786,11.523480722667667],[108.3280335777768,11.523654291081314],[108.32836164127498,11.52369911456459],[108.32878888812553,11.523516962150252],[108.32897199297567,11.523316689866027],[108.32920087449003,11.522186586557524],[108.32937635101598,11.521876642454643],[108.32957471444153,11.521716424773224],[108.32981885585762,11.521637270203883],[108.33004010737582,11.521672556264502],[108.33025373082712,11.521805116689308],[108.3304444659134,11.521982499754609],[108.33088697077692,11.522735903492448],[108.33111585250775,11.522922823244162],[108.33150495173582,11.523037263696432],[108.33200086282866,11.522958108843692],[108.33223737328052,11.522692034012804],[108.33254254978533,11.522469827552872],[108.3328553549195,11.522452660800045],[108.33315290058309,11.522523232633654],[108.33347333613506,11.52270920007183],[108.33370221762343,11.522966691760718],[108.33415235192606,11.524121592393133],[108.33430493996568,11.524398157226878],[108.33466352205444,11.524822542251448],[108.3348389976112,11.524975130249636],[108.33499158503042,11.525020906001856],[108.33516706172762,11.525002787411859],[108.33555616095289,11.524891206750198],[108.33587659479828,11.524863550301992],[108.33630384076643,11.524928399814986],[108.33644879950913,11.524905512005237],[108.33671582904357,11.524711916108732],[108.33699811566052,11.524619409977017],[108.33706678054469,11.524665185687777],[108.33734906802702,11.525445290508467],[108.33757032119152,11.52582771490228],[108.33776868476832,11.525975533629405],[108.338234078223,11.526095697082106],[108.3391801228002,11.525947877382169],[108.3398209919531,11.52565700711525],[108.3400117266812,11.525510140406103],[108.34013379682888,11.525482485141737],[108.34018720320968,11.525578805972566],[108.34014142729598,11.525731393327185],[108.33998120897337,11.526026078413457],[108.33995069165096,11.526344605432778],[108.33976758566791,11.526648827752984],[108.3397294392541,11.52679664753059],[108.33977521583422,11.526967356168443],[108.3399659513255,11.527308770722996],[108.34014142682523,11.527409860703246],[108.34037030934618,11.527493784213737],[108.34128583594034,11.527612992549454],[108.34161390066005,11.527876207114854],[108.34169782336215,11.527968713593037],[108.34180463532792,11.528217622572486],[108.34187329919648,11.528572389452147],[108.34188092887813,11.529056855414687],[108.3421555873873,11.529550858459153],[108.34223950994749,11.529651949039563],[108.34230054551051,11.529656717163846],[108.3424607635885,11.529384919964837],[108.3427049030115,11.528429337324333],[108.34304059760994,11.528328248898966],[108.3431397788634,11.52823574238692],[108.34333814363092,11.527848550587349],[108.3435059905925,11.527105637880155],[108.34334577255356,11.526561089829872],[108.34348310190472,11.526482888862093],[108.34376538944848,11.526482888829415],[108.34394849499358,11.526395150842726],[108.34429181762488,11.526123353309004],[108.3446351402196,11.526026078622568],[108.34513867995197,11.525648423237447],[108.34521497432887,11.52554638022393],[108.3451920863372,11.52504379452038],[108.34532178623365,11.524707147592057],[108.34532178648483,11.524185487895396],[108.34526075067886,11.524116822293482],[108.34471906352758,11.523844071493361],[108.34455121668759,11.523720094770582],[108.34450544020413,11.523622819866226],[108.3445359583407,11.523558923155052],[108.34466565789047,11.523512193051802],[108.34526075145422,11.523466416577298],[108.34558118511636,11.523386308742733],[108.345672737869,11.523037263302863],[108.34581006726552,11.522802659491582],[108.34616864807901,11.522631951578436],[108.34675611165528,11.522504159708882],[108.3472062459567,11.522453614214685],[108.3474198693575,11.522375413021129],[108.34760297493087,11.522169418838935],[108.34779370911993,11.521791764658476],[108.34793866769645,11.521172830292064],[108.34806073821224,11.520440408176762],[108.34809888497475,11.519534416707522],[108.34820569662655,11.518862077164544],[108.34848798348992,11.518328973247717],[108.3489228602918,11.51792270718575],[108.34955610025165,11.51746017489005],[108.34990705222724,11.517109222816522],[108.35011304501464,11.516700096821975],[108.35023511606785,11.515517540822707],[108.34971631651361,11.514224357808523],[108.34948743461048,11.5133517457655],[108.34995282784766,11.512327499605346],[108.34984601694008,11.511827774616734],[108.349846016531,11.511676140965825],[108.3500443803169,11.511354752080019],[108.35012067498899,11.511067696106366],[108.34979261085493,11.510564156053402],[108.3497010575529,11.510338136115742],[108.34962476305637,11.510035820590229],[108.34959424603873,11.509409256421593],[108.34981549856104,11.508710213161562],[108.34989942104134,11.508553810168845],[108.35034955668316,11.508172340095978],[108.35038770375922,11.508080788489714],[108.35038007306719,11.507319755733798],[108.35045890700883,11.507045479695098],[108.35050214481187,11.506967850270458],[108.35056317925105,11.506682701171764],[108.35076917219945,11.506434746223864],[108.35144818868989,11.506553001063228],[108.3515321120619,11.506544418841862],[108.3516084065334,11.506469078864649],[108.35165418223825,11.506287880558508],[108.35164655293266,11.506019897141906],[108.35160077615834,11.505881615347244],[108.35140241260726,11.505621261240313],[108.35139478290202,11.505499191095035],[108.3514405596651,11.505386658649531],[108.35153211217786,11.505318947482897],[108.3517152176306,11.50527317038306],[108.35171521757563,11.505197830542395],[108.35157025930897,11.504970855959467],[108.35165418239085,11.504740065922014],[108.35174573560988,11.504652328178466],[108.35195935813853,11.504563637342784],[108.35385144809135,11.50440914156073],[108.35411847746037,11.504456825120235],[108.35594190242965,11.505616492966782],[108.35650647726617,11.506063766150431],[108.35786450982809,11.508014984002521],[108.36022962215804,11.50665218273595],[108.36076367960774,11.506421393641414],[108.36157239532514,11.506251639682413],[108.3623200762144,11.506177253471895],[108.36292279821659,11.50617725357514],[108.36354840837694,11.506248778554143],[108.36428083081177,11.506416625632578],[108.36568463959517,11.50698406132958],[108.36669172000543,11.507576293686245],[108.36705030048546,11.507877654648924],[108.36758435842373,11.508530921844516],[108.36814130475588,11.5090745160756],[108.36832440951747,11.509195632802351],[108.36960614835506,11.509278601776058],[108.37079633433095,11.509252852167856],[108.37287915927568,11.509117431900803],[108.37369550365071,11.509164161473494],[108.3740998615714,11.509224242300956],[108.37430585478978,11.509309119664223],[108.37452710847602,11.509477919244118],[108.3748322837245,11.509755439002612],[108.37498487169393,11.509997672557533],[108.37505353614884,11.510469741669805],[108.37508405401064,11.51159507672621],[108.37520612393921,11.512769049280289],[108.37519849508303,11.514426535363622],[108.37546552315992,11.515538520225247],[108.37583173419755,11.516455954718252],[108.37638105162024,11.517000502932973],[108.37689222008926,11.51777679359812],[108.37780774883345,11.518949813695379],[108.38031018995525,11.521584816002697],[108.38099683480254,11.522589034924003],[108.38134778821866,11.523321457030779],[108.38175977508605,11.524421042542533],[108.38464368583416,11.524374312872848],[108.38560498962083,11.524203605601407],[108.38662732931907,11.523960418789411],[108.3884507543354,11.523413962228494],[108.38970960413876,11.522916143887352],[108.3902284034489,11.522588080025805],[108.39167035781024,11.521448439153376],[108.39240278008378,11.52080661703501],[108.3934937843049,11.519703214583826],[108.39424909413526,11.518746680183186],[108.39506543911426,11.518055265973091],[108.39582074908138,11.517918891218203],[108.39711011677929,11.518428152613891],[108.3977280981638,11.518596952638681],[108.39833844876394,11.518825835025249],[108.3988419894808,11.519114797579846],[108.39945997027587,11.51957446829106],[108.40028394517773,11.520081823274909],[108.40082563179206,11.520274465658378],[108.4036790254806,11.521032636741781],[108.4042283426128,11.521128958085637],[108.40619672663424,11.521223371594091],[108.406639231222,11.521379774096207],[108.4077454931805,11.522032086980845],[108.40882123778164,11.522816961414462],[108.40979017065942,11.52366287080634],[108.41024030523833,11.524182622951358],[108.41156781985357,11.525923078462867],[108.41203321314342,11.52639419307637],[108.41278089425093,11.52690154851123],[108.41336835726685,11.527106588410463],[108.41389478570734,11.52721435362639],[108.41484845951184,11.527262037359867],[108.4153748877167,11.52713996703073],[108.41653455613385,11.52666694373646],[108.4177018536403,11.526096646956638],[108.41841901719376,11.525683706386676],[108.41933454424434,11.524919813158316],[108.42028821791578,11.524010960576382],[108.42225660144634,11.52193862627592],[108.42283643590696,11.52140456900693],[108.42318738799861,11.520943944556189],[108.42353833967701,11.519600217753649],[108.42362226398912,11.519020383610979],[108.42379773938117,11.518692319871661],[108.42599500418503,11.516071622199815],[108.42689527359381,11.515357319942442],[108.42836774635505,11.514365498401826],[108.42916120362895,11.513928714670916],[108.43006910143583,11.51360065116562],[108.43067945370416,11.513442341848855],[108.43503583746609,11.513641658351212],[108.43676771041595,11.514377895406609],[108.43782819604264,11.514896694628924],[108.43943799892864,11.515789333917429],[108.44102491258738,11.516525570495583],[108.44258130853844,11.51652270907303],[108.44331373095284,11.516581836198997],[108.44449628741201,11.517015758814535],[108.44545759101007,11.517521206482776],[108.44796766183032,11.517264666966573],[108.45066083783642,11.51723701104502],[108.45153058959275,11.51727134318214],[108.45304120926862,11.517644229811712],[108.4543687245515,11.517835918142774],[108.45800794512522,11.518083872929344],[108.46210493027147,11.517872157327645],[108.4633561507497,11.517736735335847],[108.46542371687016,11.517431559273268],[108.4664918324984,11.517417254715033],[108.46716321859442,11.517586054005161],[108.46765150101426,11.517875971503253],[108.46882642700993,11.518950762673613],[108.47013868310641,11.520727458527746],[108.47071088811369,11.522009196618349],[108.47149671512665,11.523290934021844],[108.47200788492539,11.523834529323928],[108.47267164199937,11.524159732604604],[108.47422803884365,11.52472621441584],[108.47536481833468,11.525026621428042],[108.47639478724899,11.525183024057648],[108.47809614253583,11.525579753081368],[108.48078931839028,11.525453867652294],[108.48227705034527,11.525161089615093],[108.48345197744872,11.525061907142831],[108.48371137665193,11.525206866204739],[108.48394788705528,11.525460543340737],[108.48504652031905,11.52683860331126],[108.48570264892481,11.527599635054264],[108.48647321804224,11.528203310938496],[108.48714460487318,11.528564752911356],[108.48794569084446,11.528927148715326],[108.48904432391953,11.529300035557231],[108.49092115457869,11.52947837233556],[108.49173750022737,11.529343905020966],[108.49230207477001,11.529439273047297],[108.4927903570485,11.529681505437889],[108.49353803693202,11.529800714773762],[108.49439252919234,11.529823602770282],[108.49491132782781,11.529762567139642],[108.49536146290811,11.529652895510647],[108.49562086209274,11.529445947831109],[108.49668897648746,11.527992548080487],[108.49779523879387,11.52658683266603],[108.49831403764028,11.526113809180407],[108.49893964880097,11.525628389568675],[108.49972547539765,11.525275529374241],[108.5004350096167,11.525118173103293],[108.50118269051366,11.525279344089476],[108.50270856923218,11.525480568625404],[108.505516186702,11.525678933598313],[108.50708784235326,11.524325670022112],[108.50871290257922,11.522798836718227],[108.51029981670776,11.521557152431837],[108.51257337710322,11.520144761149073],[108.51418317874004,11.519044220009551],[108.51496900568435,11.518657029498721],[108.5159226803668,11.518461524950412],[108.51641859083628,11.518481553297713],[108.51667036041444,11.51844054505099],[108.5168534668924,11.51829844707669],[108.51702131386745,11.517972290704606],[108.51697553669774,11.517647088441825],[108.51612867359862,11.516104042661839],[108.51610578554478,11.515839874703506],[108.51636518596482,11.5151379695465],[108.5168534670677,11.51448661099239],[108.51733411839062,11.514079391734555],[108.51790632289133,11.51379424258272],[108.518715038751,11.513609230468706],[108.5198213006416,11.513465225395954],[108.52110303953735,11.513361274762246],[108.52375806885144,11.513651191061514],[108.52426923800073,11.513630210554593],[108.52464307880683,11.513528167056418],[108.52488721915978,11.51324301920013],[108.52498640045066,11.512876808008624],[108.5249864003128,11.51240950722144],[108.52463544877506,11.511515914652257],[108.52446760257605,11.510702430529868],[108.52457441346148,11.510073005385664],[108.52495588353206,11.509411154837919],[108.5257798586568,11.508434593562471],[108.52699293198478,11.507741270995131],[108.52853406994143,11.507291137445963],[108.53246320727085,11.506907760047843],[108.53351606484827,11.50658064977561],[108.53627027607973,11.506179152800016],[108.53886426935169,11.505605040608698],[108.54032148373231,11.505328474785182],[108.5408784293398,11.50532752112658],[108.54141248746706,11.5054276574461],[108.54201520943914,11.505771933240869],[108.54246534397653,11.506320296083851],[108.54348005435098,11.508046446283316],[108.54438032227561,11.510209380821536],[108.54508222689239,11.511143027314894],[108.54594434789121,11.51161891067556],[108.54680647054097,11.511963187213045],[108.54769910885864,11.512204466517337],[108.54955305189632,11.512343703486666],[108.55086530865204,11.512493430443547],[108.55226911662089,11.512714682085337],[108.55373396017673,11.513342200188971],[108.55470289333417,11.514031705869684],[108.5559541146509,11.515034972009765],[108.55682386600455,11.516090688900839],[108.55781568672833,11.517714795655824],[108.55836500361906,11.519167242370806],[108.55937208372889,11.522203740777467],[108.55980695906344,11.52336436301912],[108.56015791137631,11.523604689079871],[108.56054701016821,11.52421408757357],[108.56124128485443,11.525685606544148],[108.5616151265346,11.526131926366125],[108.56227888297606,11.527045545899716],[108.56391920311519,11.528537093267703],[108.56447614939397,11.529287634013402],[108.56487287723009,11.529978095689572],[108.56513227743501,11.530821143128103],[108.56529249507142,11.53556662642309],[108.56542219402606,11.536542235181681],[108.5657426287293,11.537323294332554],[108.56620039292386,11.537973700819675],[108.56677259665733,11.5384190667461],[108.56768049503702,11.538702307392107],[108.56838240000882,11.538802443772047],[108.56929029768474,11.538800536185416],[108.57018293676093,11.538880643986625],[108.57037367198988,11.539174376764509],[108.57039656057842,11.539581595761641],[108.57009138387207,11.540781317382715],[108.5699922020231,11.541431723141832],[108.57000746111976,11.54200106749396],[108.57031263668178,11.543351469850883],[108.57095350643849,11.54473239085224],[108.57164778020442,11.545391379251681],[108.57202162131846,11.545594511760529],[108.57331861853365,11.545856772590408],[108.5737534937054,11.546099005907504],[108.57398237559622,11.546383200186986],[108.57393659934884,11.546627341313474],[108.57325758361569,11.547685919840623],[108.572120803615,11.549019156513438],[108.57190718035713,11.54962092446313],[108.57197584496713,11.550381957818411],[108.57254804953241,11.551386177121486],[108.57308210775876,11.552076636356997],[108.57380689949481,11.552725134680887],[108.5752564846472,11.553535757546108],[108.57728590406899,11.555025397439376],[108.57891859373768,11.55559092702886],[108.58020033309877,11.555751143479823],[108.58115400764106,11.555597601562965],[108.58216871582037,11.555537520861508],[108.58270796640676,11.555481051438512],[108.58419050641336,11.55532580418657],[108.58564772025333,11.55509882990414],[108.59912886133414,11.55399066000219],[108.62156691070645,11.552067097278996],[108.62436689874569,11.55168372043331],[108.64233412322777,11.550321872793884],[108.64296736319355,11.549798305170096],[108.64617170835648,11.541157062272418],[108.64933790661381,11.531697565126448],[108.65902723644598,11.503896050880572],[108.66413893081857,11.499790482025977],[108.6649552767912,11.49814920778029],[108.6669618059258,11.494575790953034],[108.66783918691065,11.492753318536776],[108.66841902131308,11.491869262616476],[108.67030348097869,11.488260558619093],[108.67224897678581,11.484754851642336],[108.67319502210282,11.482848455650547],[108.67359174998606,11.48225431735787],[108.67568220367929,11.478322317984755],[108.67784895182427,11.47463064467015],[108.67940534811876,11.472458174587166],[108.68340315144609,11.471136381136253],[108.68541731099641,11.470366765915855],[108.6869279314863,11.469942381287323],[108.68836225782387,11.469398786370071],[108.68997205925407,11.468863774528272],[108.69380201549784,11.46797113585994],[108.70053114139999,11.466133405164067],[108.70140852217887,11.46557550482281],[108.70402540508638,11.46523122921899],[108.70520033168992,11.464736272105396],[108.70617689371825,11.4635661130416],[108.70669569288054,11.462728786633361],[108.7079545427296,11.461672115095803],[108.70818342441613,11.461421299493484],[108.7107392717794,11.462528515648227],[108.71101392973334,11.462513256777601],[108.7114106590497,11.462125111705879],[108.71232618559776,11.460782337158435],[108.71260084367545,11.460681247849534],[108.71311201373368,11.460685061871546],[108.71404279953107,11.46101694146449],[108.71569837897756,11.461748409023418],[108.71817793190455,11.462929058262452],[108.71929182292078,11.463758754826259],[108.7205811910688,11.46486215624444],[108.72197737020645,11.465744305058172],[108.7235871728761,11.467089938714466],[108.72451795962118,11.468122768084932],[108.7249070584065,11.468450831597304],[108.72791303967469,11.468815135583556],[108.73081983958232,11.469060230139121],[108.73305525136871,11.469368266573024],[108.73387159641553,11.469374942522451],[108.73631300385027,11.469615268378826],[108.7385865626142,11.469906138408959],[108.74067701691884,11.470025347897215],[108.74376692190717,11.470387743894607],[108.75047316009952,11.470960901947068],[108.75589765873892,11.470241831528716],[108.75696577554983,11.470191286684695],[108.76002516191686,11.469868944507411],[108.76161207605406,11.469661997576162],[108.76146711702316,11.466628359084885],[108.76107801770608,11.462960527369644],[108.76082624748804,11.459518716613907],[108.76068128972224,11.458228394651245],[108.76055921890779,11.455867097927356],[108.76059736518758,11.453559205935647],[108.76045240726404,11.452355668255704],[108.76044477811764,11.44946031370857],[108.76036085440607,11.44854001751154],[108.75968183832893,11.44374017391913],[108.75950636189569,11.441569611573804],[108.75924696247675,11.439935014496164],[108.7588578627073,11.43596009913749],[108.75874342199936,11.4344971625586],[108.758705275509,11.432987495697144],[108.75859083434722,11.43206624705345],[108.7581941053874,11.426421448485897],[108.75798048234944,11.424439712598852],[108.75794233459622,11.423529907123397],[108.7577287119448,11.421202942414633],[108.75771345297088,11.42032651561639],[108.75757612322624,11.418887420672185],[108.75738538805942,11.415477081437691],[108.75720228360773,11.414198204542258],[108.75715650636513,11.413069053482353],[108.75694288315125,11.411270424328684],[108.75759138183467,11.410721106829437],[108.76035322313743,11.408786101460123],[108.7646638306878,11.405974669470735],[108.767341748477,11.404298110343404],[108.76943983179143,11.402725501052771],[108.77056135265995,11.401950163801121],[108.77310957049657,11.400076193321405],[108.77618421577533,11.398017210599857],[108.77859510524246,11.396293920695681],[108.77938093306989,11.395854276720296],[108.78201307414707,11.394199650932293],[108.78334058786234,11.393447202120596],[108.78394331050075,11.390760702058566],[108.78428663309768,11.389480870675209],[108.78462995610201,11.387855809601147],[108.78520216102646,11.387819569263533],[108.78665174549387,11.387503903898777],[108.78977216754322,11.386551182586047],[108.79331220654115,11.385527890535492],[108.79550184312953,11.384681026836667],[108.79846204777247,11.383358281238104],[108.80097211862164,11.382396023107606],[108.802032604944,11.382058422726294],[108.80354322493119,11.381708423400902],[108.8049012573431,11.381531993824428],[108.8087922486875,11.380888262949911],[108.8134843260444,11.380217830331908],[108.81590284394008,11.379900257137],[108.81719221183883,11.379769602446313],[108.82018293484096,11.379347126081662],[108.82190717843422,11.379077235971973],[108.82283033556163,11.37884358543757],[108.82540907024901,11.37847928129201],[108.82755293066123,11.37824372338467],[108.82876600429573,11.378020563800872],[108.83240977908409,11.37756882485696],[108.83757795476998,11.376820840744355],[108.84031690709384,11.376478471777304],[108.84266676091218,11.376310625053721],[108.84373487653578,11.376192369102595],[108.84387220533816,11.374902048707296],[108.8440934575806,11.373783388658122],[108.84468855026938,11.369725503183492],[108.84507764876219,11.367477692805343],[108.84535230692651,11.365275658478897],[108.84554304186919,11.364457406126713],[108.84569562987116,11.364341057572602],[108.84737409711373,11.363484658437839],[108.84860242945834,11.363065995837623],[108.84898389913451,11.362857140210577],[108.84969343287553,11.362578667181467],[108.84991468487699,11.362405098219998],[108.85046400202044,11.361366547463055],[108.85086835855728,11.360467232211615],[108.8514405640204,11.360211647286304],[108.85201276872458,11.359830178556626],[108.85247816215006,11.359424866228153],[108.85354627723052,11.35898426941423],[108.85398115182196,11.3586256868836],[108.85453809817199,11.358001983966082],[108.85503400858582,11.357516563942136],[108.85549177327441,11.356869973324466],[108.85657514711062,11.355691230453273],[108.85711683370873,11.354975975021333],[108.85784162614554,11.35429314474502],[108.85984052690306,11.353042877417348],[108.86016096203191,11.352950370708957],[108.86049665521557,11.352960861186734],[108.86105360085487,11.352866447105908],[108.86199201706255,11.352518356647977],[108.86275495560126,11.352101600690244],[108.86390699478042,11.351361549253257],[108.86509718016097,11.35047081718081],[108.86538709677126,11.350411688832935],[108.86586012000714,11.350549017793405],[108.86727155815011,11.351489341216142],[108.8689347664872,11.35335091348543],[108.86909498285263,11.353465353829728],[108.86921705293557,11.35349968762721],[108.86950697050825,11.353371894470946],[108.87139143075385,11.352329528341699],[108.87176527066109,11.352201735571441],[108.87198652397379,11.352189337973531],[108.87335218502412,11.352519308537635],[108.8742143074188,11.352356230520874],[108.87433637757727,11.35236767462168],[108.87474073546326,11.352711951437655],[108.87548841628863,11.353227888553553],[108.87695325927844,11.35395268160331],[108.87712110627763,11.34658650091824],[108.87709058766147,11.345713888880837],[108.87651075450329,11.3403914321667],[108.87612165488942,11.338804518086514],[108.87585462652521,11.338204656848237],[108.87580938883603,11.338138290204524],[108.87501539223773,11.336973463090604],[108.87293256691738,11.334507262598393],[108.87252821007876,11.334098134982352],[108.87217725758634,11.333868300077905],[108.87190259958376,11.333745276179888],[108.871536387929,11.33366802864549],[108.87038435031315,11.333511626562611],[108.86953748744959,11.333491598647752],[108.86877454668583,11.33353356060507],[108.86534131967524,11.33406475742285],[108.86458601002242,11.334062849227907],[108.86380018229019,11.333872114281123],[108.86392988165092,11.33278587935527],[108.86352552426828,11.332639967386996],[108.86268629116609,11.332513129900281],[108.86248029651708,11.332552229811386],[108.86239637350822,11.332680022468155],[108.86212171448452,11.332635199343645],[108.86150373394894,11.332852637855334],[108.86112226520883,11.333129202292797],[108.86086286507744,11.333525931425697],[108.8606339832488,11.333688055941046],[108.86045087790686,11.333625113602503],[108.86029829018402,11.333650862856137],[108.86013807320731,11.333745276502624],[108.8596574204728,11.333781516140355],[108.8592301749956,11.333917891671724],[108.85868848776661,11.334011351512267],[108.85809339495563,11.333996092569375],[108.85779584838876,11.333854948625541],[108.85712446214582,11.33396939011924],[108.85650648046033,11.334021841752106],[108.85564435872001,11.334142005051692],[108.85504163667069,11.334403311975636],[108.85425580956407,11.334517752658162],[108.85220350301307,11.334580695231182],[108.85130323339729,11.334553993352182],[108.85095228205361,11.334507262891423],[108.85037244764526,11.333937919639995],[108.85012067755801,11.33363560385726],[108.84961713761034,11.33338001986176],[108.84879316222474,11.333071983320359],[108.84815992218181,11.332930839615258],[108.84797681709098,11.332810676600836],[108.84561933431526,11.332377708627844],[108.84523786399967,11.332273757781785],[108.84451307277998,11.33182457713866],[108.843834056562,11.331136024157718],[108.84365858007723,11.330864227341847],[108.84361280308231,11.330540931095342],[108.8434983618416,11.33040741703591],[108.84323896298777,11.330272949788585],[108.84294904615733,11.329903877106165],[108.84256757577123,11.329705512194105],[108.84202588886376,11.329489028054947],[108.84158338399541,11.329050338006754],[108.84114850887448,11.32875469927408],[108.8405686750004,11.328131950797282],[108.84026349940986,11.327629363687095],[108.84011854069709,11.326997077715744],[108.84011091097125,11.326576507682082],[108.84004987626328,11.326318061336814],[108.8401872052855,11.325534141439828],[108.83975233011662,11.32513264409093],[108.83955396470435,11.32460144727131],[108.83923353076331,11.324214256727151],[108.83880628449357,11.324167525973639],[108.83856977374418,11.32378033426245],[108.83800519818408,11.323434150569792],[108.83718885273629,11.323166168148921],[108.83678449479278,11.3231985932923],[108.83657087132501,11.323328292427632],[108.83648694837643,11.323549545589422],[108.83608259083674,11.323604858249992],[108.83519758111994,11.32333210772676],[108.8345185642416,11.322907722636137],[108.83419050096765,11.322631156238039],[108.83351148451409,11.32238606216707],[108.8331834205231,11.322442329385186],[108.83276380374458,11.322663581669767],[108.83255018040613,11.322621620632141],[108.83222974655686,11.322460449541852],[108.8316193941837,11.321763313239655],[108.83094800756012,11.321361816747874],[108.83064283225094,11.32130650329805],[108.82956708705238,11.320628440563391],[108.82936872316029,11.320448196800028],[108.8287812590764,11.320485389877392],[108.8285142309597,11.32042530902402],[108.82820905523747,11.320152557418348],[108.8281022434702,11.320000924075918],[108.82796491481817,11.319931304719637],[108.82772840347933,11.319687165009473],[108.82737745090446,11.319612777531317],[108.82728589849692,11.319645202557192],[108.82726300991754,11.31974247740306],[108.8272935270983,11.319945609986009],[108.82714093965295,11.320028579399185],[108.8269730932501,11.320023812150449],[108.8267442112904,11.320079124662092],[108.82620252420334,11.319908416902614],[108.8260957122396,11.319921768705857],[108.82598127240345,11.32009247619325],[108.82563031917338,11.320139205423065],[108.82473005107244,11.31998661782701],[108.8233262418149,11.319479263594344],[108.82312787856449,11.319484031924866],[108.822960031398,11.319562232789284],[108.82273114933346,11.31985310437657],[108.82266248529812,11.320124900799808],[108.82239545660654,11.320374763677354],[108.82223523886996,11.320452965322268],[108.82219709181655,11.320646560852229],[108.82192243427023,11.320877350448402],[108.82127393558031,11.320981301385522],[108.8206254374156,11.320981301350331],[108.82028974356902,11.320925034203213],[108.81982434988721,11.32095555182444],[108.8191834809176,11.321153916362153],[108.81819165981187,11.321365631112611],[108.81766523082564,11.321624077347998],[108.81694806802201,11.321813858731737],[108.81662763425905,11.321852959431496],[108.81617750014372,11.321818627170579],[108.81514753080758,11.321502961078236],[108.81461347417391,11.321218766160237],[108.81440748037821,11.3210242166944],[108.81430066883247,11.320817269752775],[108.81380475844169,11.320402420609552],[108.81351484071267,11.320308007406668],[108.81341565891071,11.320350922745172],[108.81282819486633,11.320368088549198],[108.8126984957018,11.320311821023317],[108.8123475437005,11.320014275574486],[108.81192029689862,11.319836892367261],[108.81150830961624,11.319547928209552],[108.81129468684037,11.319310463498997],[108.81106580449415,11.3189041981965],[108.81082929424034,11.317993439475494],[108.81036390082943,11.317251480851215],[108.80982221331867,11.316879548302103],[108.80919660416437,11.316614426534507],[108.80803693573665,11.316355027314332],[108.8071595549257,11.316441811976006],[108.80519880018296,11.316226281962429],[108.80243695939903,11.315517701830803],[108.79914869055231,11.314271248548412],[108.79805768692835,11.31411198608799],[108.79747785294938,11.31408719002309],[108.79657758448946,11.314271248836318],[108.79611219151747,11.314515390433066],[108.79453290622331,11.314797677211136],[108.79335798005832,11.314894952334354],[108.79269422256148,11.314854898467532],[108.79165662523717,11.314650812400053],[108.79096997893144,11.314344682039588],[108.78987897571696,11.31368378654278],[108.78853620186105,11.31330994632702],[108.78643048932227,11.312403955658356],[108.78541577949977,11.311706819110503],[108.78470624572078,11.310899057023416],[108.78399671139431,11.309527673501963],[108.78300489076852,11.308854379157003],[108.78162397019975,11.306454935136216],[108.78102887775802,11.304730691059596],[108.78086866068318,11.303923883544428],[108.7808381427642,11.302158632222811],[108.78067029548772,11.30065754804569],[108.78045667206437,11.30008725083071],[108.77954877410481,11.298732080173455],[108.77897656996139,11.297495164245488],[108.77868665294771,11.295493402366352],[108.77839673580512,11.294478692384573],[108.77786267779656,11.293755806977815],[108.77751935504183,11.293394365351583],[108.77724469682613,11.29297760865149],[108.77688611531772,11.292115487876268],[108.77680982189631,11.291614808801512],[108.77685559746321,11.290377893087129],[108.77693189151393,11.289494790683921],[108.77679456277735,11.288619316716655],[108.77658856844769,11.288202561573252],[108.77633679846174,11.287987030937636],[108.77606214026065,11.28791741251155],[108.77570355923491,11.287951745166328],[108.77542890028363,11.288118638153396],[108.77511609508734,11.288056649983513],[108.77433789754578,11.288348474135985],[108.77421582771285,11.288549698622797],[108.77355206957243,11.288904466408379],[108.77297986528232,11.289001740929347],[108.77243054848942,11.289168634467481],[108.77227033160636,11.289133347747592],[108.7718278268718,11.288890160938708],[108.77165997948867,11.28885582932955],[108.77146924497723,11.288932123273788],[108.77138532163299,11.288915909981363],[108.77127851004836,11.288890161139236],[108.77040875918559,11.288323678008956],[108.76937879166935,11.288046159061428],[108.76866925707073,11.287795342768304],[108.7680436459528,11.287267007355029],[108.76761639977941,11.286419191409587],[108.7674485540378,11.286363877811297],[108.76709760229191,11.286613739804213],[108.76669324419302,11.287072458233729],[108.76647199157574,11.287114418995388],[108.76560224044837,11.287114419402883],[108.76474011901375,11.287031450604541],[108.76294721077645,11.286572732399346],[108.76068128138415,11.285919465341244],[108.7593537658174,11.28516797058292],[108.75688184159839,11.28306988779221],[108.75585187403597,11.281901636857192],[108.75463117094912,11.27998379773651],[108.75373090112667,11.277773179616004],[108.75299085050548,11.275743761369942],[108.75244153419692,11.273634233223149],[108.75198376993164,11.271889962983156],[108.75147260115561,11.269254006884896],[108.7511979413672,11.266832628341866],[108.7510453535795,11.262671747049794],[108.75119794167011,11.260746277962665],[108.75148022906897,11.258416451559722],[108.75089276648929,11.256593979322101],[108.75067151360939,11.255642212314923],[108.7505112965738,11.254741944585586],[108.75036633695268,11.25426319959084],[108.74981702066825,11.253189362649971],[108.74904645221332,11.252050675539085],[108.74833691832788,11.250647820917],[108.74610913496106,11.244769371721631],[108.74536145413153,11.242112435584003],[108.74517834854755,11.239705361257347],[108.74555218751955,11.231513297668736],[108.74455273790325,11.230279243495659],[108.74442303779317,11.229342736215418],[108.74399579147648,11.228300369669252],[108.7432938874747,11.227981842227637],[108.74268353528744,11.227406776385257],[108.74136365028325,11.224874771873354],[108.74095929223355,11.223534858799082],[108.74042523460618,11.221321380461015],[108.74012768821011,11.220834052291597],[108.73973858895597,11.220162666590566],[108.7395097067547,11.219418800949837],[108.7391282374405,11.219074523773092],[108.7388001729991,11.218898094834719],[108.73844159213411,11.218525207283493],[108.73668683071072,11.217111862818836],[108.73611462549987,11.216507232270455],[108.7355424214355,11.215539253471269],[108.73407757793787,11.210869109350828],[108.7331925670285,11.208950317683781],[108.73229992864245,11.20526055151655],[108.7315217296223,11.199577605705278],[108.73132336601681,11.195002829605418],[108.73126995937244,11.191499030022815],[108.73098004295429,11.190971648569041],[108.73049939049469,11.19028881818522],[108.73011029099098,11.18794754696403],[108.7298356330423,11.184160506727538],[108.72647869864416,11.181401526890307],[108.72440350359224,11.179953848799284],[108.72127545130854,11.1787550806709],[108.71829235861117,11.177124296738443],[108.71719372575248,11.17681435312988],[108.71546185204015,11.176021849569072],[108.71485150100433,11.1759913322687],[108.71392071524114,11.176382339195897],[108.71351635722998,11.176289831585757],[108.71295941142469,11.176092421716696],[108.71192944302857,11.175470626466572],[108.7109528805347,11.173884665590233],[108.71041119293498,11.172212875164693],[108.70976269530475,11.169713293770434],[108.70980847053872,11.168683325770353],[108.71018994070877,11.168319023042418],[108.71011364724602,11.167788780202265],[108.70925152514637,11.166303909193696],[108.70868694964255,11.165667808009585],[108.70722973537505,11.164924896271689],[108.706565977965,11.164849554857375],[108.70574963242586,11.16506127070389],[108.70536816232966,11.165001190279215],[108.70482647583049,11.164516722545024],[108.70427715912656,11.16425827682961],[108.70378124808535,11.164394652579716],[108.70359814323002,11.164713179887476],[108.70372021384787,11.16528919875882],[108.70427715978835,11.16580418301389],[108.70492565899437,11.166302955172796],[108.70541394012376,11.16759232314858],[108.70533764597451,11.168213165252162],[108.7049180290951,11.16897038250492],[108.70406353671684,11.169788634933626],[108.70320141460402,11.170789039095409],[108.70272076301181,11.172319686187379],[108.70226299969138,11.17310742139791],[108.70215618791661,11.17383412130561],[108.7027360216874,11.175197875480949],[108.70297253361558,11.176167762261382],[108.70292675705119,11.176864898414705],[108.70275128114892,11.177516258929513],[108.70246136373228,11.178243911786968],[108.70198834177056,11.178895271773486],[108.7011719962634,11.179728782590786],[108.69958508182307,11.180985725597045],[108.69777691595122,11.18198612965365],[108.69499218697588,11.183455742018266],[108.69226849279619,11.184625901149916],[108.68328106616549,11.187721528122106],[108.67913830531029,11.189255990037612],[108.67194378606193,11.191130914406266],[108.66426098590146,11.192818919185854],[108.66171276800259,11.193200387804055],[108.65758526478103,11.193471232861176],[108.65314495818437,11.193590441567249],[108.650627258085,11.193455019652108],[108.64854443242682,11.193127910185895],[108.64701092433218,11.192606249784461],[108.64615643130277,11.192165652696199],[108.6455155627306,11.191309252823974],[108.64528668000982,11.190392771598258],[108.64453900027489,11.190179148628012],[108.64340222013583,11.190614024822596],[108.63975536884547,11.190430918919722],[108.63671887030497,11.190110484967102],[108.63447582840041,11.18965272156179],[108.63209545723993,11.188966075793225],[108.62909710505106,11.187691967947572],[108.62664043977463,11.186204236055557],[108.62316143523427,11.183717052593517],[108.62191784418866,11.182290355327751],[108.62168133330022,11.181535045586154],[108.62184917945471,11.180650035934542],[108.621681333739,11.180192272856067],[108.6206589946015,11.17984895008202],[108.6201401955986,11.179589550543987],[108.61985790686015,11.17937592751049],[108.61942303186188,11.177974025424248],[108.61893475149914,11.176829616333665],[108.61804211228547,11.175751010756226],[108.6173554660203,11.175960820054001],[108.61719524863048,11.176151554625521],[108.61698925539146,11.17616299882091],[108.6166993382289,11.176082889766311],[108.6163636450674,11.175819675298282],[108.61596691567061,11.175941745351698],[108.61561596368676,11.176132480876966],[108.61551678197164,11.176338474353214],[108.61537945288396,11.176418582677764],[108.61546337553551,11.176544468156873],[108.61512005338969,11.176842014606795],[108.61506664816083,11.17719010609364],[108.61515819959669,11.177609722525967],[108.61490642975889,11.17824296161676],[108.61501324238391,11.178784648480686],[108.61495983635037,11.179417889036076],[108.6157380343926,11.18077210678795],[108.61570751684461,11.18085221506771],[108.61557781694992,11.180854122889016],[108.61499035456117,11.181372921950775],[108.61391460890937,11.182029049265502],[108.61269390583014,11.182593625400795],[108.61035168259815,11.183306019599417],[108.60790264605737,11.183760922090638],[108.60570538084684,11.184029858234991],[108.60363781549451,11.184335034729594],[108.60155498965372,11.184540074825065],[108.59773266298645,11.184701246087648],[108.59418499507589,11.184512418393432],[108.59057629061849,11.183904927930852],[108.58946239946793,11.183660787179837],[108.58744823996396,11.182995123393146],[108.58227550917115,11.180648130779407],[108.5802308311024,11.17983464628598],[108.57944500403576,11.179351133876054],[108.57666027478763,11.177347463335282],[108.57456982134845,11.17566899672716],[108.5730592001784,11.174350065434648],[108.57102215149044,11.172421735700759],[108.56905376789894,11.169950765885522],[108.56764995893465,11.167810720314423],[108.56646740311386,11.166268629751988],[108.56390392599734,11.16406850263568],[108.5637208214509,11.164134306896385],[108.5635529736746,11.164634031872017],[108.56321727978715,11.16513280362613],[108.56307995157607,11.165410322530533],[108.56316387492173,11.165795607173779],[108.56287395817154,11.16585092017723],[108.56253826441451,11.165920539235124],[108.56237041825543,11.165698331765672],[108.56208812982855,11.16273812707733],[108.5610810499834,11.163031858586134],[108.55995189986548,11.16301659993598],[108.5588303791855,11.162906927542949],[108.55806743871915,11.16289071521352],[108.5567628128963,11.162442487726933],[108.55527508105133,11.16202954661945],[108.5534592844738,11.161649031311962],[108.55131542485722,11.161513610096087],[108.54904949471849,11.160970015359771],[108.54634105933577,11.160459799689123],[108.54441845094881,11.159623427285146],[108.54116069979918,11.15764741426247],[108.53803264798104,11.156359000226013],[108.5370026802759,11.155858321716824],[108.53627788726844,11.155229851055493],[108.53529369484352,11.153928084417274],[108.53475963739812,11.15306310180463],[108.53437816795787,11.152807517337816],[108.53356182299993,11.15288762616657],[108.53326427674966,11.153065963969315],[108.533180353033,11.153301520496024],[108.53326427650248,11.153695389004938],[108.53364574546092,11.15428475905175],[108.53362285759101,11.154521270473754],[108.53346264099238,11.154717726843911],[108.53202831462829,11.15503530094875],[108.53038799482718,11.154891295972945],[108.52529155879131,11.152763648884738],[108.52258312371507,11.151134773365996],[108.52043926289512,11.149436279111901],[108.51804363315016,11.147392555629667],[108.51645671895558,11.145811363536142],[108.51189434102508,11.140553755860667],[108.5091477582796,11.137044235697164],[108.50749980931754,11.13447789732304],[108.50505077374775,11.130477234407337],[108.50323497806738,11.127164168844383],[108.50196849758126,11.12480287067011],[108.49653636772882,11.114392563137484],[108.49484264256112,11.1107085192769],[108.48873149686256,11.096991820745664],[108.48451244022773,11.085982604465354],[108.4814530523931,11.077024740841155],[108.47750102563538,11.063707632354692],[108.47625743422533,11.058309835915932],[108.47553264107626,11.055357259334997],[108.47547160634527,11.054868978112019],[108.47514354192795,11.053850454418143],[108.47485362481777,11.051555914401176],[108.47433482610691,11.049958508934687],[108.4753266470728,11.049187939786297],[108.47541820025441,11.048673909733223],[108.47518168891276,11.0483067453086],[108.47464763143536,11.048141760045242],[108.4740067623739,11.048967641317494],[108.47361766276609,11.049022955070184],[108.47309123520301,11.04874734346599],[108.4724427364219,11.048159879377145],[108.47158061452984,11.047903341263824],[108.47097789266843,11.047609609321329],[108.47046672299754,11.047040266152816],[108.46984111246125,11.046948712932679],[108.46932231412536,11.046764654561429],[108.46875773874103,11.046085638645993],[108.46855174519347,11.045333188982681],[108.46778117609479,11.04505757748047],[108.46725474802811,11.045406622351946],[108.46688090776388,11.04531506982447],[108.46681224239468,11.04498414465546],[108.46647654993018,11.044727605460999],[108.46556102204786,11.043681425588113],[108.46298228597868,11.041132253465362],[108.46112834327022,11.03981999755497],[108.46073161499704,11.03960160661676],[108.45963298221831,11.039305967451783],[108.45850383174648,11.039349836181419],[108.45767222789776,11.039772314351103],[108.45478068724987,11.041635793446156],[108.45368205437465,11.04251794292427],[108.45211039953513,11.043537420914896],[108.45056926139223,11.043813033430101],[108.4491959700906,11.044888777317846],[108.44899760644677,11.045438093941769],[108.44918834169695,11.046209616384827],[108.4475098746988,11.047312064851251],[108.44602214271838,11.047889991576174],[108.44316111940013,11.047807975600527],[108.43769084301687,11.047325416119229],[108.43454753340228,11.046940131889825],[108.4306336525305,11.045025154085982],[108.4273835304816,11.042828841900898],[108.42451487882246,11.040025039648292],[108.42234049990142,11.037701889642664],[108.42060099936815,11.03523091896858],[108.41994487064355,11.033159538312171],[108.41801463367476,11.031500145060166],[108.41690074167578,11.030356688955267],[108.41642008931062,11.028743072619616],[108.41551982138301,11.027827545129082],[108.41467295855531,11.027106567380798],[108.41421519454389,11.026568695629342],[108.41364299016405,11.02670602460409],[108.41313945023198,11.027289672871479],[108.41265879838664,11.0275299997143],[108.41185771123571,11.027827545225621],[108.41181956484127,11.028205200824493],[108.41229258721772,11.029017730323796],[108.4121094819747,11.031237884592192],[108.41171275408709,11.031883522831098],[108.41095744345678,11.032432838771538],[108.4085770726783,11.03300504385424],[108.40585337902127,11.032913491338583],[108.40303813153805,11.032615945389185],[108.39933024601409,11.032547279838463],[108.3963624110787,11.032327934958362],[108.39432536366658,11.031908318546291],[108.39281474303775,11.032068536728485],[108.39154063378757,11.031075761107843],[108.39086161852809,11.030850694464847],[108.39019023078947,11.030739114938854],[108.38979350221298,11.030869767261876],[108.3896256563566,11.031769083031502],[108.38948069746534,11.032171532988942],[108.38901530419552,11.032302187116443],[108.38845835831194,11.032237336613436],[108.38771830696314,11.032087609679643],[108.38748942470576,11.032171532887913],[108.38747416590948,11.0325024574797],[108.38766490084438,11.033397958450147],[108.38725291448885,11.033988282909494],[108.38673411538787,11.034282968200495],[108.38538371225737,11.034488962394688],[108.3842393035517,11.034470842364517],[108.38345347598164,11.034770296516795],[108.38022624186948,11.034586237318756],[108.37705241355744,11.034002588275216],[108.37433634913396,11.032728479001745],[108.37195597734416,11.030762003040262],[108.36965952931057,11.028090761137387],[108.36822520297589,11.02699785077396],[108.36652384857595,11.026584909898661],[108.36451731719905,11.025378511933322],[108.36277018648744,11.024243640030127],[108.36006938002822,11.021453188683388],[108.35639201165574,11.016518877384632],[108.35356913545309,11.011507318521845],[108.35172282247883,11.007873819481494],[108.35017405492611,11.004494951068295],[108.34764872476558,10.998984621570893],[108.34618388043133,10.994918154629145],[108.34590922225942,10.993820474330494],[108.34350596290612,10.986110970931335],[108.33985911101843,10.969043061435567],[108.33943949344766,10.963128373097502],[108.33918009449145,10.960377976327246],[108.33919535350563,10.959679886739398],[108.33951578702262,10.9590189897359],[108.34009562143632,10.958428665716168],[108.3401719153452,10.958103463366736],[108.33979807541516,10.957205102268885],[108.33923349996746,10.9562085118681],[108.3392945351923,10.95559625330973],[108.33946238163247,10.955017373018105],[108.33910380018828,10.954854295227271],[108.33876047680108,10.954633042257864],[108.33867655357973,10.954210564138839],[108.33835611893322,10.953685090309547],[108.33813486704494,10.952737137653429],[108.33763132707563,10.952650353172142],[108.33744059205758,10.952282235286992],[108.33716593369347,10.952174470304977],[108.33688364564195,10.951768203848317],[108.33692942320504,10.951421067255973],[108.33660135852826,10.951301857561972],[108.33483133859774,10.951264663894783],[108.33351908313408,10.950955673652551],[108.3320923862598,10.951026245980534],[108.33106241757267,10.951356217533498],[108.32971964477777,10.953072831110946],[108.32910929248115,10.953511521465405],[108.32835398278627,10.95428018310223],[108.32792673654481,10.9552386252663],[108.32797251355933,10.95552091370228],[108.32818613667824,10.955672547921733],[108.3282471718524,10.955834672376032],[108.32809458340466,10.956365868298043],[108.32830057716387,10.956695840473339],[108.32830057673908,10.956939027311403],[108.32805643697232,10.957442567915225],[108.327484231659,10.957954691040774],[108.32607279379012,10.958690926380552],[108.32452402661892,10.959135339633901],[108.32410440968494,10.959351823519889],[108.32376871674812,10.960045144730765],[108.32157908087214,10.960336968853309],[108.31884012771319,10.960380838522422],[108.31617746977857,10.96006707885904],[108.3134461452842,10.959254549239775],[108.31058512263769,10.95755414866477],[108.30894480321,10.956059740081834],[108.30797586929691,10.954798029305236],[108.30639658472775,10.953008936753625],[108.30546579936771,10.951729105838035],[108.3016587308921,10.945724770957586],[108.30072031445616,10.94402055556094],[108.29837809046,10.939052865919416],[108.29748545098671,10.93612890004458],[108.29561624850888,10.929303452584573],[108.29528055555691,10.927512452946305],[108.29488382665977,10.925731942480931],[108.29469309189632,10.923254297069553],[108.29433450999461,10.920091912451293],[108.2948685685312,10.918342873828074],[108.29478464406088,10.917681023644647],[108.29455576230887,10.917316720133076],[108.294487098125,10.916777894381546],[108.29409036936869,10.915921494180541],[108.29439554470125,10.915583894153306],[108.29467783287261,10.915478036803218],[108.29488382596263,10.915304467372543],[108.29489908518123,10.915053651553063],[108.29533396064217,10.91421537123227],[108.29534921918938,10.913926408139199],[108.29518900197995,10.913791940358573],[108.29473886806676,10.913725182608555],[108.29386148812536,10.913783356070777],[108.2935563121538,10.913158700132001],[108.29271707773304,10.913178727065123],[108.29142008074807,10.912679002483669],[108.29026804241866,10.91289167198138],[108.28923807377467,10.912844942020286],[108.28916940941433,10.912633225900324],[108.28891001044008,10.912575051867716],[108.28856668788195,10.912710473967792],[108.28835306432083,10.913076685069205],[108.28721628493686,10.913770959959749],[108.28665170938137,10.913723275450813],[108.28593454646162,10.914330767272263],[108.28522501309125,10.914302155520357],[108.28479776689065,10.91486100895889],[108.28324136962392,10.914940164153528],[108.28298959988058,10.914843843080908],[108.28240976539762,10.914862917246891],[108.28189859640308,10.915106104301723],[108.28135690995143,10.915629670712514],[108.28105936359806,10.916085526985045],[108.28070078167289,10.916978166632404],[108.2805405650918,10.917717264360727],[108.28031168277658,10.918086335905464],[108.28032694143145,10.91868715109977],[108.2806778938907,10.919292733968097],[108.28117380366852,10.919610307948247],[108.28219614295219,10.91979913562891],[108.28248606022254,10.92006521034231],[108.28295145305172,10.920744226292241],[108.2831040411456,10.921164796966545],[108.28305063556004,10.921791361091904],[108.2816849742717,10.926023767275192],[108.28133402239288,10.928064630566034],[108.28135691075653,10.929147051924717],[108.28146372091182,10.929948137503876],[108.28165445625656,10.930901811929568],[108.28161630953048,10.931556987063589],[108.28165445642585,10.931847856491693],[108.28196726106398,10.932318018397226],[108.28234110214925,10.933052347924695],[108.28243265565052,10.93449716464712],[108.28225717899787,10.935465144288132],[108.28144083374838,10.937246607808884],[108.28083811143335,10.938405322494308],[108.2809067771835,10.938574122125882],[108.28104410604607,10.938713358967249],[108.28103647545127,10.938864993115143],[108.28092203490793,10.939060495830438],[108.28067789455517,10.93931894229464],[108.27973947857134,10.940119074963565],[108.27791605346599,10.94135694443594],[108.27683267961032,10.94203977504254],[108.27501688386188,10.942930507728272],[108.2705231711658,10.944946574462866],[108.2694397972948,10.945260333913145],[108.26761637107326,10.945977497212212],[108.26596842205267,10.946426678250258],[108.26505289490021,10.946677494149732],[108.26264200571157,10.947500515108198],[108.25791178191095,10.948625851516532],[108.2557679214415,10.949013042500876],[108.25414286047919,10.94999532819746],[108.24552164445645,10.952144910292796],[108.23971567533408,10.953383733415425],[108.23410044054785,10.954385092303092],[108.22969065068979,10.954731276095782],[108.22409830429675,10.954512884250251],[108.21820078180704,10.9532740615189],[108.21320352884513,10.951398185300404],[108.20895395594405,10.949090293048654],[108.2047349008015,10.947243025952515],[108.19715891096001,10.943053535323275],[108.19464121050895,10.94155054451209],[108.19340524892863,10.940475753707764],[108.19018564347829,10.937152198837143],[108.18958292197601,10.936735442362997],[108.18892679354543,10.936518004698925],[108.18859110093997,10.936591437386966],[108.1882020014497,10.936591437579805],[108.18710336867,10.936445525917158],[108.1863022814126,10.936470321371885],[108.18585214776918,10.936329177673615],[108.18518076008331,10.936338714715085],[108.18451700384756,10.936530403128817],[108.18386087554592,10.936862281603002],[108.18309030612019,10.937091164013939],[108.18279276084309,10.93714170879088],[108.18217477903069,10.937009148054742],[108.17916116827925,10.935962966883862],[108.17813119978415,10.935718825797471],[108.17717752579448,10.936054520025294],[108.17657480294002,10.936014465135173],[108.1763154041954,10.936054520336047],[108.17593393433307,10.936019234067384],[108.17527780576391,10.935809425246244],[108.17385111045205,10.935174277816992],[108.17310342877302,10.934748940234028],[108.17268381183004,10.934683136032268],[108.17209634909675,10.934672646429677],[108.17169962024306,10.934539131662714],[108.17064676401478,10.933832459169155],[108.16967783122402,10.933546356610302],[108.16828928090682,10.9325488133749],[108.16758737694828,10.931853584425646],[108.16742715896633,10.931620888800687],[108.16721353553677,10.931544594536113],[108.16698465385396,10.931623749359531],[108.16680154852295,10.931605629705206],[108.16648874347742,10.931452088834634],[108.16609964476604,10.931160263849494],[108.16603097991919,10.931065849494336],[108.16607675677217,10.930983833383541],[108.16604623885033,10.930891327040301],[108.16590127999855,10.930792145311083],[108.16571817481218,10.930771164772692],[108.16536722233019,10.930815033386487],[108.1649704938364,10.930924706390064],[108.16464242960248,10.930868439258965],[108.16452798856507,10.930935196773131],[108.16430673622597,10.930938057240184],[108.16364297926835,10.930840782645957],[108.16262827003057,10.930520348430088],[108.1620636945473,10.93038206547602],[108.16178903621345,10.930402092600799],[108.1613236437641,10.930269531448316],[108.16114816795181,10.93027716131108],[108.16053018665073,10.930108361119368],[108.16037759825711,10.930029205863006],[108.16023263937957,10.93009787028679],[108.15998849980434,10.93014364638124],[108.15946207083236,10.930118851652393],[108.1591568953907,10.930199914126316],[108.15842447336847,10.930192284495684],[108.1577225697823,10.930118851895548],[108.15729532276194,10.930126480404716],[108.15655527137201,10.93000536474866],[108.15622720714558,10.92999582759278],[108.15592966124308,10.930085473250791],[108.15554819172765,10.930287651577235],[108.15491495155887,10.930530838650503],[108.15468607022471,10.930540375794745],[108.15421304730057,10.930466943185804],[108.15389261266237,10.930505089593435],[108.15325937348013,10.930482202231138],[108.1527558333528,10.930622392035152],[108.15228281049939,10.930875116105067],[108.15198526449863,10.931170755232234],[108.15181741733217,10.931269937430347],[108.15131387729124,10.93137579543313],[108.1508942606199,10.931359582612284],[108.15061960226016,10.93142824681392],[108.14968118769669,10.931305223057118],[108.14931497590901,10.931219392210453],[108.14868936529109,10.931192689305545],[108.14849863125272,10.931238465654591],[108.14768991541165,10.931618028254855],[108.14685068175001,10.931814485374588],[108.14595804240382,10.93179064337862],[108.1456223491435,10.931727700117145],[108.14505777461233,10.931967073769687],[108.14359292987847,10.931964212560997],[108.14313516599672,10.931912714017942],[108.14269266151273,10.93209391171659],[108.14233408058173,10.932586007491073],[108.14172372840876,10.93256979611915],[108.14102945282187,10.932408625122171],[108.13995370949858,10.932035737634816],[108.13749704362607,10.930604272626796],[108.13743600844171,10.933194452668744],[108.1373215685089,10.933915429979123],[108.1370926858055,10.934625917995048],[108.13648996378998,10.934480959489456],[108.13557443638179,10.934364610815239],[108.13476572041475,10.934194857250207],[108.13381204614913,10.933746630259826],[108.13334665339323,10.93347674011212],[108.13311777085696,10.933124834241212],[108.13330850614898,10.932440095760274],[108.13186655035024,10.932176881891722],[108.13024148924256,10.931651407625363],[108.12916574454026,10.931419664883327],[108.1282578464758,10.930994325922889],[108.12702188456235,10.930334383464487],[108.12438211342452,10.929185206065993],[108.12303171179917,10.928609186431126],[108.12070474535939,10.927755648847649],[108.11827096804465,10.926470095913912],[108.11718759446741,10.925771052743135],[108.11607370323416,10.925048166691765],[108.11462411793794,10.923911387685452],[108.11270150982118,10.922137552880292],[108.11106881944708,10.920512491921071],[108.10923013526326,10.917919451923867],[108.10866556108604,10.917527491998985],[108.1078797325617,10.917351062108464],[108.10757455682419,10.917486483477884],[108.10726938170183,10.917506510729485],[108.10675058262454,10.917276674930152],[108.1062165242158,10.916898066437899],[108.10571298431506,10.916438396251637],[108.10534677367063,10.915875727416351],[108.10505685652716,10.916261011817944],[108.10482797474404,10.916403110282229],[108.10473642260108,10.916531856039178],[108.10482797492867,10.91686373520617],[108.10482797491923,10.916992480931006],[108.10490426897674,10.917093570127726],[108.10527047995974,10.917324359334357],[108.10559091498658,10.917761141743096],[108.10588846047818,10.918430620603155],[108.10575876033501,10.918478304729677],[108.10607156659836,10.919263178821573],[108.10654458885338,10.920233066020833],[108.10598764290167,10.920310312800558],[108.10549936205327,10.920399004605773],[108.10363778973118,10.920387561548601],[108.10358438409979,10.920177753415018],[108.1027680383525,10.920191104004688],[108.10277566761964,10.920387561451223],[108.1011734945997,10.920394237672744],[108.10099801835277,10.920211131020364],[108.10137948841286,10.919249828413603],[108.10134897069548,10.919119174099373],[108.10124978903683,10.919046695096071],[108.1008530608146,10.919087702892497],[108.0955735189485,10.918086345341685],[108.09423837575618,10.917726810088102],[108.0879975301809,10.914128597636799],[108.08725747920414,10.915240581955413],[108.0869446730976,10.91520529547934],[108.08643350442658,10.914956386296591],[108.08566293468859,10.914379414033446],[108.08506021329626,10.91409521890032],[108.08267221233896,10.911950404398327],[108.08205423157627,10.911194141897145],[108.08114633360155,10.91041975737374],[108.07920846615114,10.908127124852454],[108.07830819855015,10.906985576372403],[108.07373056105622,10.900502498727434],[108.07132730196372,10.896683986376727],[108.06822976705878,10.891892726634113],[108.06707772840033,10.890405948290594],[108.06348428318252,10.88453608320437],[108.06290444859646,10.883709247351378],[108.06294259608305,10.884011562612539],[108.06285104357451,10.884261424810296],[108.0630265200891,10.884650523496846],[108.06304177762664,10.884779270013702],[108.06301126077129,10.885014827627414],[108.06291207923233,10.885187442932892],[108.06262216199124,10.885299976765358],[108.06240853920902,10.885540302675961],[108.06205758687646,10.885772998631623],[108.06159982282239,10.885926540357273],[108.06141671730695,10.886182124573837],[108.06137094112655,10.88636618502158],[108.06130227586178,10.886431987484642],[108.06113443015303,10.886443432248281],[108.06085977179787,10.886322316214189],[108.06073007190278,10.886313732089373],[108.06066140735173,10.886420543818268],[108.06059274303165,10.886744793306308],[108.06017312625349,10.887079532797433],[108.06000527878177,10.887149151087979],[108.05981454519221,10.887296016794762],[108.05944070436587,10.887633618098128],[108.05935678073716,10.887837704345074],[108.05911264033202,10.888111408898396],[108.05886086962828,10.888217266280908],[108.05873879968075,10.888333614628879],[108.05874642899104,10.888607319035211],[108.05854043611396,10.889186200120328],[108.05858621212155,10.889519031912476],[108.05841836508539,10.88986235552845],[108.05842599473613,10.890215214007732],[108.05854043631795,10.890514668516962],[108.0587235411275,10.89081316776044],[108.05893716458793,10.891062076979718],[108.05912789898483,10.891159352495022],[108.0591507875008,10.89155131190933],[108.0592575992566,10.89175253699393],[108.05908975230162,10.891615208262058],[108.0590668640965,10.891295727234345],[108.05901345850252,10.891198451979914],[108.05886850060325,10.891128834134927],[108.05872354113667,10.890927608757487],[108.05860910009645,10.890837010510952],[108.0584946595035,10.890592868934739],[108.05842599469601,10.890615757134432],[108.05820474237657,10.890876110578452],[108.05817422521326,10.891076382422455],[108.05813607798862,10.891080197567977],[108.0581055601396,10.89100008791983],[108.05812844797074,10.890883739958603],[108.0584107359176,10.890520389903397],[108.05842599508654,10.890413578384639],[108.05832681316036,10.890134152270496],[108.05831918328259,10.889940555903776],[108.05836496045234,10.889704044717078],[108.05850228941732,10.88950854131354],[108.05850228877323,10.889348324248003],[108.05844125433329,10.889234836863881],[108.05811319009234,10.889468486724866],[108.05757913235253,10.889675433799377],[108.05739602565063,10.889793690261252],[108.0570555398853,10.890219917627359],[108.05699929768184,10.89029246242164],[108.05693063328462,10.89046698382447],[108.05693826280806,10.890322026317369],[108.05704423347595,10.890194261548755],[108.05706961937533,10.890162345846177],[108.05723580910431,10.889884288705543],[108.05746469073515,10.889649684706052],[108.05771646115198,10.889612492255234],[108.05825814780404,10.889266308220137],[108.05838021832182,10.889150913998089],[108.05857858271129,10.88888579200951],[108.0586396178176,10.888444240752127],[108.05873116985435,10.888188655569147],[108.05899819915898,10.88805800294766],[108.0592804870408,10.88774996561886],[108.0594635920025,10.887480076021685],[108.0599137273432,10.887123402018695],[108.06011971989257,10.887033757003147],[108.060363860651,10.88685255802129],[108.0606690372197,10.886255557983034],[108.06082162519151,10.886241252472567],[108.06110391194034,10.886375720983729],[108.06122598297716,10.886342342994404],[108.06140908761428,10.885981853931858],[108.0616074516919,10.885849293073425],[108.06201943997091,10.885747249654164],[108.06232461467293,10.885542210067788],[108.06266030913469,10.885182674522538],[108.06281289667078,10.885157879110968],[108.06293496697154,10.884961421813168],[108.06296548398394,10.88483744459193],[108.06276711950447,10.884507472960253],[108.06273660309355,10.884365375529669],[108.06281289722092,10.883832271668012],[108.06264504987462,10.883261020587705],[108.05998239013608,10.878673847608226],[108.05531320078127,10.868869120993804],[108.0526352828696,10.863981540599191],[108.05117806831251,10.860607439908488],[108.04953011876435,10.857262904173648],[108.04654702479614,10.851467426452915],[108.04318246152134,10.844415957949145],[108.03798684381174,10.832712466554934],[108.03715523967236,10.83044176777359],[108.0332566176285,10.819294268187601],[108.02799233442325,10.801396661910747],[108.02626046094942,10.794972711408002],[108.02281960305929,10.77720480511076],[108.01935585778605,10.76116686406864],[108.01915749366431,10.7606261297123],[108.01875313543323,10.75999956604903],[108.01829537161433,10.757359795923575],[108.01789101435126,10.756549172606938],[108.01700600418734,10.752062134254722],[108.01651772275517,10.749062828335619],[108.01568611864704,10.742845825041444],[108.01539620103944,10.740969947901391],[108.01508339533392,10.738902381654976],[108.01482399577901,10.737697890855497],[108.01475533116974,10.736601165872406],[108.01383980387907,10.73558741016106],[108.0135117397708,10.735282234029121],[108.01246651274849,10.735090546103462],[108.01158150337353,10.735268883335602],[108.01098641085227,10.73522405995321],[108.0106659761682,10.734832099903523],[108.00997933012587,10.733837418567342],[108.00956734239584,10.733162215888601],[108.00848396835195,10.732384017787263],[108.00805672309734,10.731440834380425],[108.00755318223791,10.728218369384914],[108.00721748946897,10.726928046714656],[108.0069199427358,10.72550135102969],[108.0061264850062,10.72218923949999],[108.0052262170248,10.720856957254911],[108.00366981961811,10.718343070651821],[108.00167854742149,10.71695356826228],[108.0008316842115,10.71457033589849],[108.00000771009394,10.712538055997088],[107.99929054763611,10.711973479507225],[107.99837501918562,10.710833839651816],[107.99559028994587,10.70898657227821],[107.99442299300239,10.705861381332111],[107.99368294194345,10.701116851262578],[107.99398811816502,10.700813583390165],[107.99400337599701,10.700234702765517],[107.9935837595307,10.699627212226174],[107.99259956771006,10.699352553569968],[107.9919968455963,10.699453643976764],[107.99147041642621,10.699786475524593],[107.99124153434597,10.70030718201816],[107.98979195057227,10.700827889200097],[107.98877724060567,10.701926520600486],[107.98785408372305,10.702624611292451],[107.98568733531562,10.703952125921722],[107.98312385960384,10.704878143744454],[107.9807816353151,10.705398850234275],[107.97352608097562,10.70624285191974],[107.97110756253133,10.706049255894277],[107.96891029782245,10.705094629082426],[107.96526344648852,10.70231752924065],[107.96380623244278,10.700943284477242],[107.96336372718469,10.70076113204052],[107.96289070366484,10.701339059446623],[107.9624558290009,10.702527337137454],[107.96202095339605,10.703966432688523],[107.96081550876205,10.705384546351139],[107.95851906113852,10.706747346953877],[107.95629127804874,10.707740121582583],[107.94742592261866,10.71070604968356],[107.94484718622476,10.711698824816192],[107.93944557511912,10.713868433753245],[107.93467720298526,10.716017062435702],[107.92877205174626,10.717357929533414],[107.92736061375318,10.717933948208229],[107.92478950761388,10.718655880060124],[107.9216156797609,10.718917187219157],[107.92008980128706,10.719604785977618],[107.91279609943952,10.720291432344478],[107.91112526150808,10.720768270001019],[107.91075142178076,10.721091564815042],[107.91049202298016,10.721338566608878],[107.9089890316678,10.721085842712837],[107.90680702469746,10.720886526106025],[107.90290840443748,10.721052464601302],[107.8995285828097,10.721267995297199],[107.89778908070149,10.720919903906607],[107.89679725982565,10.721433935118007],[107.89669807650867,10.721732435361483],[107.89698036423064,10.7219222165131],[107.8968811823109,10.722079572053476],[107.89395912452163,10.721872625519755],[107.8868332688727,10.720767316681284],[107.883514483216,10.720259008780834],[107.88086708353619,10.719415007304368],[107.8778382128905,10.717762289068661],[107.87646492184874,10.71726160979713],[107.8732376876412,10.715502081003681],[107.87014778253449,10.714058218366771],[107.86701210188328,10.713498412088224],[107.86306007567269,10.71350318100214],[107.86042793413816,10.712296782663495],[107.85611732621273,10.710246382988581],[107.8533860027124,10.708900749295088],[107.84790046724932,10.705697357322826],[107.8467865756317,10.704935370971926],[107.84632118237784,10.704367935309206],[107.84552009624022,10.70398646503091],[107.84469612162323,10.703694641321247],[107.8442078400486,10.703889190141028],[107.84358223031865,10.70438414741446],[107.84172065769964,10.70512229176997],[107.8397675326391,10.705590545368782],[107.83887489364065,10.705711662605518],[107.83747871431964,10.705805122866856],[107.83683784515696,10.705661117837497],[107.83300788945158,10.705463706572038],[107.83103950552521,10.705024063543016],[107.82958992019593,10.704373657593967],[107.82637794487047,10.703184426119515],[107.82338722211544,10.701881707022487],[107.82123573245596,10.70085650724202],[107.81739051743438,10.697958291355075],[107.81311042681733,10.694311440468457],[107.81210334724662,10.693341553738685],[107.80947883492753,10.690794289609975],[107.80677802886399,10.688059151816429],[107.80254371571344,10.683468163608122],[107.79968269193097,10.679729760902598],[107.7971802503815,10.677070916870901],[107.79407508630354,10.672911942539455],[107.793190076307,10.671874344534205],[107.7915802745817,10.669775307931442],[107.7894974493743,10.667249024488406],[107.78673560768286,10.664102852214068],[107.78263862256796,10.659803689851836],[107.7804108397328,10.657274544677126],[107.77956397660796,10.655369103814706],[107.77885444322841,10.654794037123533],[107.77766425761213,10.653566659664815],[107.7763138546189,10.652530015863931],[107.77452094567177,10.651193917697935],[107.77146918868849,10.650767625062064],[107.77059180759639,10.650432885717233],[107.76972968712766,10.650195420577674],[107.76848609443114,10.64955264421116],[107.76718909819749,10.648818315260453],[107.76666267000216,10.648172678048],[107.7661133535399,10.647681535140974],[107.76567084850487,10.647558510701275],[107.76524360226715,10.647198976199114],[107.76487739127222,10.647222817740365],[107.76474006293977,10.647143662972736],[107.76456458668162,10.64702922189651],[107.76372535287253,10.646249116016836],[107.76165015716906,10.644510568006005],[107.75881965096374,10.642448724410603],[107.75507361894806,10.640468896128649],[107.74430091353241,10.637506784240824],[107.73860938423427,10.636236490437225],[107.7350311980444,10.634812654697196],[107.73442084715921,10.633961024186224],[107.73281867438445,10.633508981775988],[107.73021705014001,10.632524789701957],[107.72750861534809,10.631387057010988],[107.72511298493689,10.631379428675759],[107.72287757281173,10.631453814599753],[107.72108466507326,10.63175803646648],[107.71800239008036,10.631873431968272],[107.71285254741008,10.632243456924343],[107.70690924982009,10.632551493958672],[107.70158393209286,10.631646457602143],[107.69802100439934,10.630528751256929],[107.69466407148622,10.629144970976187],[107.693641732493,10.628786389050404],[107.68260962685076,10.62412578283618],[107.67765814960967,10.621340099986146]]],[[[107.80240638380684,10.651337921580238],[107.8025742307407,10.651335060549549],[107.80286414749091,10.651274023995288],[107.80300910643498,10.6511433711368],[107.8030014766204,10.65047675307228],[107.80293281279808,10.650305091387313],[107.80265815342283,10.650007545471933],[107.80245216102104,10.64984160600951],[107.80226905430325,10.649812042380951],[107.80202491477846,10.649979888235702],[107.80189521433932,10.650425254610273],[107.80190284333955,10.650747596212609],[107.80200202689218,10.651009857197295],[107.80220039047451,10.651274977908871],[107.80240638380684,10.651337921580238]]],[[[107.9933396182897,10.696131995189978],[107.99344642947983,10.69589548440412],[107.99371345833755,10.695686629326092],[107.99390419343509,10.695617011661106],[107.99394234081618,10.694955161550734],[107.99381264084228,10.69477968548662],[107.99330147142125,10.694697669217932],[107.99270637846207,10.695089629169885],[107.9924164615004,10.695130637775259],[107.99217995030821,10.6950610191194],[107.99188240438221,10.694894126320763],[107.99152382257367,10.694853118119681],[107.99105842939885,10.694917968272744],[107.99082954777516,10.695089629384634],[107.99067695921192,10.695261291737367],[107.99059303666994,10.695282271140456],[107.9904175605045,10.695191672539627],[107.99031837867676,10.695220283998617],[107.99029549024524,10.695339492664107],[107.99049385431262,10.695654204598073],[107.99038704235787,10.69579725674666],[107.9903870424629,10.695919326853952],[107.9906464426031,10.696197799922249],[107.99082191856425,10.69647150337027],[107.99107368859167,10.69651251146694],[107.99124153484063,10.697167686285967],[107.9916077454245,10.697235396593317],[107.99224098585435,10.697174361844276],[107.99262245505746,10.696991256547783],[107.99256904990825,10.696740439813919],[107.99269111992584,10.696733764410029],[107.99320228986042,10.697248748374435],[107.99340828388219,10.697214416518813],[107.99351509457584,10.697038940591023],[107.9934464296161,10.696980765806547],[107.99333961873295,10.697000793903792],[107.99329384264864,10.696941665702093],[107.9932862120915,10.696820548783782],[107.99338539466893,10.69666605369728],[107.99339302436593,10.696548751830079],[107.9933396182897,10.696131995189978]]],[[[108.30198679301054,10.909311578184607],[108.30187235188897,10.909031196626477],[108.30170450518109,10.908882423534521],[108.3013916994081,10.908742234018762],[108.3009263065441,10.908610627028846],[108.30073557203264,10.908602998285511],[108.3004914307259,10.908644006297221],[108.30025491949974,10.908767982686918],[108.29947672132035,10.909355447377624],[108.29940042756458,10.909446046029542],[108.29939279862445,10.909603401983563],[108.29897318192211,10.910472199014466],[108.29913339887602,10.910702988183973],[108.2996979737549,10.911321922917072],[108.29986582088416,10.911437318308673],[108.29997263322349,10.91146974289038],[108.30093393627855,10.911446854090421],[108.3009949706069,10.911438270748112],[108.30110178259336,10.911314294264272],[108.30133066478672,10.910860345205114],[108.30184946367035,10.910768792006227],[108.30210886245766,10.910603806036173],[108.30196390437327,10.909584328235367],[108.30198679301054,10.909311578184607]]],[[[108.96643838650944,10.485583537333781],[108.96666726868642,10.485491984529352],[108.96681222605315,10.485334627811701],[108.96691903846903,10.485019915506838],[108.96691903809214,10.48465942728888],[108.96666726776114,10.484364742087097],[108.96635446329454,10.484108202778383],[108.96612558085903,10.484055750556696],[108.96593484620638,10.484194034019158],[108.96582803396606,10.484324687036368],[108.96575937047498,10.484750980216203],[108.96586618105692,10.485163920637877],[108.96617135766925,10.485498660380786],[108.96643838650944,10.485583537333781]]],[[[108.96364602708967,10.488620036169138],[108.96428689717722,10.489392513657158],[108.96433267344597,10.490392917012482],[108.96350869854909,10.493212932562717],[108.96346292283415,10.49480461473997],[108.96396646304535,10.495394939928174],[108.96482858455646,10.495895618724374],[108.96573648259083,10.496122592631945],[108.96774301312824,10.49471306230827],[108.96874246414328,10.493667835247681],[108.9690094928455,10.492076151694324],[108.96801004158293,10.489620441082415],[108.9656449296661,10.487801783757634],[108.9650574653678,10.486937755020021],[108.96484384209198,10.486383669835334],[108.9649201364732,10.485618822952057],[108.96455392537845,10.485073322144329],[108.96360025130474,10.484936946035686],[108.96228036656903,10.48520969699277],[108.96146402111324,10.486164325587978],[108.96137246842443,10.48721050605529],[108.96141824405096,10.487665408533143],[108.96237191968001,10.4883921080678],[108.96364602708967,10.488620036169138]]],[[[108.96311197077779,10.49981712737636],[108.96320352359842,10.500061268105018],[108.96336374066962,10.500268215883176],[108.96349344129656,10.50032925044907],[108.96363839918776,10.500306362900211],[108.96398172234835,10.500046009085919],[108.96415719787693,10.499794238345794],[108.9641571979656,10.499405139889111],[108.96398935052176,10.499030345691564],[108.96379098679171,10.49880146397718],[108.963493440441,10.49854969405499],[108.96325692868416,10.49845051126548],[108.9630356771019,10.498435252810996],[108.96283731243183,10.49849628854279],[108.96269235391665,10.498633617451013],[108.9626847248028,10.498824353010887],[108.96276864800537,10.499007457352617],[108.9630967123453,10.499450917039349],[108.96311197077779,10.49981712737636]]],[[[108.96264657829704,10.501321072189928],[108.96280679500553,10.50124477822215],[108.96289071786354,10.501107448572393],[108.96286782951712,10.500947231444375],[108.96263894817291,10.500702136476217],[108.9623795491557,10.500557179056019],[108.96212014967443,10.500503773147516],[108.96193704408472,10.500572437514286],[108.96181497370901,10.500725026269953],[108.96179208552014,10.50094723179],[108.96193704432703,10.501137966672923],[108.96231088391954,10.50129818359419],[108.96264657829704,10.501321072189928]]],[[[108.95717630279019,10.527269597338424],[108.95729074378589,10.526768917951234],[108.95750436711096,10.52631210780457],[108.95779428443296,10.52591538056333],[108.9580155363019,10.524676556778251],[108.95819101165245,10.524322744103381],[108.95833597144632,10.524132962804302],[108.95853433543267,10.524071926852509],[108.95880899318385,10.524050947025405],[108.95896921089117,10.523951764815441],[108.95906839331582,10.523644680886788],[108.9589539520065,10.52261471326072],[108.959014987101,10.522070164703983],[108.95935831013321,10.52140545423281],[108.95983133202537,10.52104877975672],[108.9603730192242,10.520814175903103],[108.96047983136872,10.520667309570099],[108.96066293633658,10.519887205082956],[108.96105203492034,10.519271130528622],[108.96160135228716,10.518681759528445],[108.96199807992039,10.51835274232075],[108.96227273822434,10.518335575404006],[108.96246347321657,10.51844810933254],[108.96296701331985,10.518300290734109],[108.96318063563034,10.518318409575333],[108.96344003633524,10.518543476515992],[108.9636994352194,10.518603558718524],[108.96432504601424,10.51812767459698],[108.96508798477903,10.518023724393704],[108.96542367773328,10.51780628655283],[108.96596536487375,10.517814869495403],[108.966072176848,10.517668003203706],[108.96585855390653,10.517485852805054],[108.96582040689155,10.517329448994722],[108.96583566607276,10.517208332417477],[108.96590432947632,10.517180676335302],[108.96620187675168,10.51722359143183],[108.96627054120108,10.517153973092256],[108.96637735283363,10.516652340063157],[108.96628580013629,10.516394848024795],[108.96638498194129,10.516254657965549],[108.9665604582762,10.516196484691188],[108.96683511619365,10.51622509459859],[108.96716317976862,10.516775364462903],[108.96731576769743,10.5168278162622],[108.96744546748525,10.51676964234045],[108.96752176188804,10.516611331952749],[108.96731576772815,10.516418690175973],[108.96729287966299,10.516213650372062],[108.96738443328405,10.516155476568462],[108.96762857258598,10.516096348241863],[108.96766672004935,10.51599716627553],[108.96755227913411,10.515815967974143],[108.96718606911043,10.515751118195755],[108.96711740403818,10.515581363951155],[108.96721658595857,10.514991039795914],[108.96717080982212,10.514750714471107],[108.96648416345276,10.514457935858513],[108.96626291137198,10.514118427886428],[108.96616373012947,10.513756031210436],[108.96623239360758,10.513036006922164],[108.96706399746625,10.51174282483135],[108.96695718662895,10.511363262895452],[108.96691903938542,10.510977023773464],[108.9671708099053,10.510292285576716],[108.96744546751003,10.509911770290778],[108.96764383130898,10.50980686640132],[108.96772012571594,10.509695286358072],[108.96772012557258,10.509473079987439],[108.96743783890079,10.509139294296974],[108.9673691730952,10.508876079812671],[108.96763620275233,10.508378262116214],[108.9670334802304,10.507635349818568],[108.96660623422193,10.50750660385012],[108.96575937112996,10.507787938037074],[108.96498117219183,10.507741206594378],[108.96466073808107,10.507612460924987],[108.96445474425572,10.507390254788783],[108.96428689793349,10.50699161867011],[108.96420297460756,10.506605380668649],[108.96432504549846,10.505961650938731],[108.96415719802258,10.50583385935414],[108.96377572779261,10.505763287421642],[108.96340188867336,10.505569691233195],[108.96311960030266,10.505517238860838],[108.96280679565636,10.505698437274662],[108.96219644353285,10.505774731139294],[108.96186838005531,10.505675548834136],[108.96154031573063,10.505382770773902],[108.96099099914487,10.504985089440684],[108.96036538943177,10.50437092211473],[108.95989999574257,10.503498310141957],[108.95957956138062,10.503299945927724],[108.95923623791579,10.50327038226868],[108.95867929294309,10.503410571704498],[108.95825967571379,10.503662342202722],[108.95815286412979,10.503919834464929],[108.95815286443593,10.504095311597288],[108.95801553528938,10.50421833484138],[108.95744333093431,10.504242176146631],[108.95687112565729,10.50403141468076],[108.95645913913322,10.503931279340756],[108.95611581563936,10.503908390629322],[108.95576486406105,10.504031414449287],[108.95542917121864,10.504054303508678],[108.95521554727047,10.50399040663303],[108.95506295970978,10.50387882654983],[108.95491037214195,10.503931279746833],[108.95468911937189,10.504306073419006],[108.95448312627768,10.504352803117387],[108.95385751445572,10.504283184798075],[108.9535752279051,10.504288906025412],[108.95264444220942,10.504019017852611],[108.95278177077105,10.503381962752199],[108.95006570578751,10.502679104347004],[108.95003518870843,10.503791088968551],[108.9499436361582,10.503840680719069],[108.94966897744226,10.503850216238028],[108.94882974342883,10.50436138711988],[108.94863138009023,10.504522557352592],[108.9481278400968,10.504744764048011],[108.94743356454207,10.505193943865574],[108.94688424894707,10.505409474577885],[108.94646463219051,10.505494351572459],[108.94612893837702,10.505640263733826],[108.9459458323869,10.505684133283342],[108.94566354580343,10.50564026399499],[108.9449158649293,10.50606464883816],[108.94397744855135,10.5064842661791],[108.94232949973903,10.507859463948604],[108.94165811305214,10.508160824750592],[108.94117746153502,10.50844788155742],[108.94011697554934,10.509479757525728],[108.93978891202794,10.509577032448199],[108.93919381852146,10.50943302710944],[108.93898019542918,10.50950932093791],[108.93810281597227,10.510106321196917],[108.93589029118296,10.511205907639484],[108.93573770259708,10.511642690360063],[108.93544015694198,10.51219200792189],[108.935104463471,10.512634512119172],[108.93409738330713,10.513734098645381],[108.93378457745386,10.5139944514829],[108.93343362579398,10.514193770241029],[108.93317422687996,10.514222379632477],[108.93299112102707,10.514178511175261],[108.93260965115755,10.513848539502522],[108.93258676277176,10.513736959738273],[108.93238839920755,10.513430830287833],[108.93222055180387,10.51341271072834],[108.93206796372317,10.513327833830068],[108.93193826507091,10.51342701560177],[108.93188485907838,10.513550040353955],[108.93151101916548,10.51365685083698],[108.9314270944834,10.513764615912804],[108.93138894802969,10.513940092875298],[108.93148050099883,10.514350172352657],[108.93152627723416,10.514791724170248],[108.9315110193152,10.515306708001715],[108.93136605963176,10.51584171915886],[108.93129739552914,10.516391989024688],[108.93106851396266,10.517114874437524],[108.93078622571501,10.517796751555402],[108.93074807894014,10.518501516919683],[108.93083200286169,10.519282576115344],[108.93081674446219,10.519636388961212],[108.93055734415042,10.520411726352174],[108.92955026402167,10.522018668209542],[108.92949685940046,10.522437331519388],[108.92937478794916,10.52281784727174],[108.92927560601002,10.52302097953554],[108.92900094795054,10.523287055181802],[108.92890939494897,10.5234425035266],[108.92887887791656,10.523679968926892],[108.92826852608034,10.524970290693627],[108.92804727398213,10.526682135670383],[108.92810067908752,10.527271506285826],[108.92790231511896,10.527848479649899],[108.92772683939415,10.528573271977189],[108.92767343309504,10.529260870989097],[108.92766580417917,10.5301897497799],[108.92711648792188,10.535766838031806],[108.92648324919945,10.539862869320949],[108.92635354881747,10.540182350078876],[108.92563638623679,10.541170356479256],[108.92547616876054,10.541498420259881],[108.92524728738248,10.541614769433226],[108.92472848809476,10.541606185188828],[108.92453775331346,10.541647193237628],[108.9241410250763,10.54181790151493],[108.92389688384344,10.541821716101841],[108.92371377770253,10.541895149881748],[108.9236298555249,10.542014358421188],[108.92354593248722,10.5421802978068],[108.92335519718787,10.543233154256946],[108.92337808503596,10.544087646901838],[108.92274484521324,10.544996499024036],[108.92240152339582,10.545763252758306],[108.92237100522499,10.546241996562582],[108.92253885271452,10.546564338932033],[108.9230652802965,10.547140358816314],[108.923446750085,10.548270463118389],[108.9239960666113,10.549168823598635],[108.92472085908311,10.549453018794976],[108.92506418181472,10.549820183154592],[108.92554483317113,10.550485847934436],[108.92593393273735,10.55050110719259],[108.92639932525115,10.55073285018841],[108.926788424788,10.55097985038786],[108.92694864243794,10.551421402604268],[108.92732248298013,10.55193066462044],[108.92762765912325,10.552274940901022],[108.92807779305964,10.552454231945875],[108.92840585711905,10.552784203126988],[108.92870340276662,10.552978752835356],[108.93048105213093,10.553472755609357],[108.93245706609221,10.553576705931913],[108.93586740540943,10.55336785124336],[108.93949899731426,10.552664038809208],[108.94003305401182,10.552648780283116],[108.94129953403989,10.552716491147743],[108.94224557890352,10.552626846225383],[108.94247446067507,10.552717445501795],[108.94286356000978,10.553242919021159],[108.94322214074002,10.55336022125825],[108.94339761742002,10.55353665072039],[108.94347391074515,10.553818938634198],[108.94360361147687,10.553919075172457],[108.94372568093503,10.553938148114167],[108.944023228257,10.553880927739757],[108.94422159251184,10.55378079190521],[108.9443131451563,10.553627250255168],[108.94479379679898,10.55328106599038],[108.94575510019446,10.552936789883924],[108.94718179765088,10.552698370424245],[108.95040903125228,10.552439925396898],[108.95133218854852,10.552105185915691],[108.95178995139753,10.551656004277941],[108.951995945688,10.55125450820168],[108.9521485328979,10.549954649450116],[108.95249948536878,10.549113509809315],[108.95329294218952,10.547889945046514],[108.95475015620895,10.546474692532987],[108.95540628433434,10.546044584827136],[108.95567331274246,10.546006438240683],[108.95637521679272,10.546580549854284],[108.95712289803998,10.547517058539505],[108.95738229800293,10.548032041872993],[108.95758066211924,10.548221823521919],[108.95778665519316,10.548351522993995],[108.95804605560859,10.548316237483855],[108.95810708983112,10.548006293392255],[108.95782480240192,10.547401663431144],[108.95742807454299,10.546719785921054],[108.95726785689031,10.546167609450134],[108.95660409927925,10.545701261694322],[108.95609292993342,10.545036551178596],[108.95529184268464,10.544935461197882],[108.95497903763899,10.544797179385696],[108.95489511471693,10.544573065465544],[108.95491800322229,10.544287916942247],[108.95449075678228,10.543722388147271],[108.95443735092303,10.543549773348081],[108.95448312795322,10.543325658664779],[108.95503244379078,10.542578931886396],[108.95494852059166,10.542022939839196],[108.95481882065096,10.54167771033488],[108.95462045656033,10.541387793373877],[108.95458993873434,10.541150328305195],[108.95461282687398,10.540926214600255],[108.95444498118822,10.540598151321268],[108.95432290943674,10.540184256018408],[108.95449075682747,10.539017911739816],[108.95530710173436,10.537905927994922],[108.95609292996465,10.5367186033623],[108.95668039298197,10.53571343068456],[108.95733652019652,10.53522133430726],[108.95756540284621,10.53494476893712],[108.95779428492854,10.534271474482622],[108.95779428454314,10.533952947371171],[108.95758066107719,10.533460851098134],[108.95758829057041,10.533054586596904],[108.9575425147649,10.532770391238229],[108.95732889106542,10.532252546704244],[108.95711526808728,10.532122846147404],[108.9568634986531,10.53206276534426],[108.95661935723935,10.53211426329709],[108.95646676943326,10.531952138794088],[108.95632944021573,10.531658407819434],[108.9563218111964,10.53136086071856],[108.956390475604,10.530825849780037],[108.95677957456675,10.530223127275093],[108.95708475061213,10.5298416569908],[108.95732126110683,10.529280897631],[108.95748147884683,10.52864193492488],[108.95742044388612,10.528171773419862],[108.95718393211372,10.527593847184287],[108.95717630279019,10.527269597338424]]],[[[108.95841989567091,10.553731200531335],[108.95812997903809,10.554223295985716],[108.95812234971018,10.554469344676175],[108.95817575595818,10.554602858083578],[108.9583436016029,10.55479359346618],[108.958648777837,10.554883238690355],[108.95941934688248,10.554602857963516],[108.95988473976827,10.554223296353213],[108.95999918064508,10.553887602427611],[108.9599305156392,10.553586240821984],[108.95889291850804,10.551595923330035],[108.95865640691783,10.551349875036923],[108.95841226604429,10.551226851608279],[108.95816812580603,10.551203963014098],[108.95798502028202,10.551326987435534],[108.9579087263186,10.551551100647641],[108.95803079686294,10.552154776505803],[108.95845804266622,10.553217169510482],[108.95846567302893,10.553541419292944],[108.95841989567091,10.553731200531335]]],[[[108.95565805500915,10.555808302539017],[108.95565042563638,10.556043860868199],[108.95574197872668,10.556239363906814],[108.95602426534722,10.556546446954531],[108.95642862412907,10.556759116204098],[108.95678720574212,10.55682587363649],[108.95703134541483,10.556792494329885],[108.95729074571946,10.556663748676943],[108.95775613887177,10.556272742603959],[108.95780191440181,10.556172606446783],[108.95777139759474,10.55573582340508],[108.9575425157254,10.55542874044853],[108.95737466860771,10.555333373738788],[108.95719156391918,10.555361029312985],[108.95666513433805,10.555702445416566],[108.95590219585095,10.555663344777216],[108.95578012527285,10.555680510154058],[108.95565805500915,10.555808302539017]]],[[[108.9521943093892,10.556745764865456],[108.95216379290366,10.556925055991922],[108.95216379238798,10.55725693459525],[108.95227823324913,10.557470557909083],[108.95262155555335,10.55775284497444],[108.95308694907715,10.557912108327637],[108.9533844959143,10.557939764317426],[108.95367441301792,10.55789780356324],[108.95404062406588,10.557628868053238],[108.954139805268,10.557415244301337],[108.95413217601552,10.557029005884893],[108.95402536455275,10.556835410316705],[108.95384225880929,10.556732414111721],[108.95365152478703,10.556683775966913],[108.95325479521419,10.556724783414706],[108.95299539615984,10.55670475705121],[108.95263681427807,10.556497809914923],[108.95246896789716,10.556504485389082],[108.95232400991604,10.556594130723719],[108.9521943093892,10.556745764865456]]],[[[108.83307660385202,11.22679832799867],[108.83250439971496,11.226366313017461],[108.8319779720251,11.226091655111398],[108.83179486556506,11.225817950608125],[108.83177197814648,11.225511821626355],[108.83152020798389,11.225163730376485],[108.83115399668479,11.22440365166685],[108.83059705018516,11.223991664776824],[108.83026898648411,11.223274501600423],[108.82986462871062,11.222578319860624],[108.82961285875247,11.222282680722373],[108.82941449488635,11.22192409861572],[108.82928479416007,11.22179725967528],[108.82919324226444,11.221786769833932],[108.8290711712139,11.221892627427668],[108.8290406547708,11.222188266057222],[108.82891858363216,11.22237804755278],[108.8285981493782,11.222399028262698],[108.82833874992102,11.222282680170716],[108.82807935069717,11.22221973763103],[108.82776654509982,11.222335132873566],[108.82738507539723,11.222662242255426],[108.82709515831633,11.22278431224548],[108.82648480710745,11.222657474294559],[108.82624829510624,11.222699435223744],[108.82595837851127,11.223205836603817],[108.82570660879978,11.223923953626464],[108.82555402036886,11.224028857769252],[108.82525647410866,11.22396591595158],[108.8244401293612,11.223585399544023],[108.82380688922042,11.223564419016352],[108.82318890834162,11.223733218848393],[108.82249463347011,11.224387439430895],[108.82205212845432,11.224641117240031],[108.8215028123356,11.22449329828625],[108.82093060762173,11.224176677874171],[108.82074750214731,11.224176677760001],[108.8205338796016,11.224430354807014],[108.82053387928688,11.22483089800162],[108.82059491468213,11.224999698740962],[108.82103741983487,11.225295337949687],[108.82127393032654,11.225569996225708],[108.82116711987224,11.22641399823261],[108.82127393093111,11.227110180437675],[108.82139600061457,11.227553638986196],[108.8220750174369,11.228270802354135],[108.82304395088725,11.22852352491727],[108.82401288402349,11.2284815641435],[108.82471478750007,11.228312763042407],[108.82726300553037,11.228312762861412],[108.82758343944838,11.228566440671983],[108.82778943401962,11.228987964376081],[108.82795728121974,11.229093822709112],[108.8291627247829,11.228925022048111],[108.83034528100688,11.228883060271537],[108.83068860392895,11.228929790489653],[108.83095563248246,11.229109080982987],[108.83127606655252,11.22961643540927],[108.83171094276474,11.22990063099671],[108.83203900673008,11.230058940519761],[108.83230603570235,11.230354579677687],[108.83238995886846,11.230692180705061],[108.8325578062649,11.23098781980925],[108.8328858704438,11.23119858188756],[108.83313763967642,11.231240544027765],[108.83346570446201,11.231050761312897],[108.83360303309124,11.230777057885636],[108.83341992720784,11.230417522402355],[108.83350385084813,11.230133327974015],[108.83380902583963,11.22964790608274],[108.8338929497075,11.229256900593315],[108.83348096217917,11.228635104173728],[108.8333817800866,11.228297504512256],[108.83347333269121,11.228054317621488],[108.83368695553163,11.22786453523603],[108.83375562109828,11.227643283843662],[108.83357251508792,11.227316173756378],[108.83307660385202,11.22679832799867]]]]}}]}