{"type":"FeatureCollection","name":"gis.vn","features":[{"type":"Feature","properties":{"ma_tinh":"68","ten_tinh":"Lâm Đồng","loai":"Tỉnh","cap":1,"stt":44},"geometry":{"type":"MultiPolygon","coordinates":[[[[107.7225953223272,11.35273298777023],[107.72263346939812,11.352124543198336],[107.72252665801668,11.351687760686017],[107.72228251771419,11.351091714341429],[107.72181712449986,11.350310655243613],[107.72101603854279,11.349171014623236],[107.7206269383329,11.34831080028779],[107.72046672096413,11.34743723402402],[107.72053538591398,11.34562429937878],[107.7204514621756,11.345015855496447],[107.71992503406346,11.344419808414173],[107.71932994088466,11.343479486113573],[107.71890269452163,11.342671723539894],[107.71678172357417,11.339613289972423],[107.71422587586716,11.33732065701397],[107.71221934529594,11.335674615289738],[107.71052561880087,11.334415765482982],[107.7077027427036,11.33296331967093],[107.69276438802986,11.325639100358156],[107.68816386358472,11.32395014371078],[107.68396769587027,11.322479578191718],[107.68115244886695,11.322524401677931],[107.67755137478179,11.323530527181324],[107.67527018608659,11.323623034351087],[107.67116557136545,11.324280115446012],[107.66854106021738,11.324947687819],[107.66496287347043,11.326623294523028],[107.65763102558434,11.331957194519902],[107.65742597833884,11.332124367578828],[107.65592204123212,11.333350513481113],[107.65242777893769,11.334642742266123],[107.64659892101838,11.338149403508435],[107.64595805161758,11.337519024256075],[107.6434632401835,11.337074613017451],[107.63957987756866,11.33703455867683],[107.63595591601228,11.337388371890114],[107.63390360897567,11.337636327480709],[107.6306992622365,11.338260984131278],[107.62334452636607,11.339349126506402],[107.61951457053547,11.340485906965904],[107.61682139334198,11.341395711751632],[107.6143723583616,11.342462874225838],[107.61369334216884,11.344057417000625],[107.61322794972943,11.345295286904095],[107.61270915033023,11.34553752034947],[107.61198435744426,11.345551825696184],[107.61107645935047,11.345309592181268],[107.61019145058305,11.345338202990627],[107.60974894539014,11.34572253385745],[107.60703288099944,11.349826193563075],[107.60369883532866,11.352269508274247],[107.6014786815105,11.352345802565477],[107.6004029370973,11.352477409828268],[107.59928904533089,11.352835037702581],[107.59835062998717,11.354209281864065],[107.59560404790967,11.356640198246323],[107.5939560987433,11.357989646870758],[107.59323130705961,11.359037735176324],[107.59227000315026,11.361470558883834],[107.59213267442222,11.362349846342298],[107.59130107015282,11.364038803349553],[107.58937846195394,11.365929940885287],[107.58683787385222,11.367684700567672],[107.58461009141615,11.369744637566766],[107.58116923445168,11.374540666528683],[107.57958994941241,11.377040246169742],[107.57780467175547,11.38001380359963],[107.57621775742125,11.381596902649973],[107.57395945629027,11.38224063312139],[107.57086955175299,11.382168154022839],[107.56894694455174,11.381962160722244],[107.56658183130605,11.381786684271786],[107.56554423449688,11.3804610775434],[107.5637742139747,11.378336290866356],[107.56213389423039,11.37664351924494],[107.55919657758437,11.373917918301213],[107.55590830842439,11.371305804305258],[107.55273447951424,11.369859080457784],[107.5484009837797,11.368452411024274],[107.5464936352679,11.367532114612183],[107.5438004579076,11.36654315449086],[107.54292307780287,11.36173568303178],[107.54266367918532,11.361188273293202],[107.54051981904931,11.358824114788993],[107.53800974792384,11.356827120777695],[107.5360184751625,11.355522494420894],[107.53526316581964,11.355277400714225],[107.53454600205143,11.355623583819579],[107.52896891448616,11.363323551000567],[107.52729044835101,11.365025859500108],[107.52612315080582,11.36575255921057],[107.52547465297269,11.367034297786388],[107.52531443463079,11.36926780342458],[107.52483378423211,11.37058959594207],[107.52417765607078,11.370655399498967],[107.52185068978278,11.370138507682347],[107.5199967471594,11.37017951611911],[107.51890574353372,11.370688778006514],[107.51754008200858,11.372944218204179],[107.51590739182335,11.37632594767715],[107.51297007545003,11.384580952787468],[107.51035319325649,11.383984907196945],[107.50582133249529,11.383348806050046],[107.50343333188982,11.38366733331811],[107.5010911078977,11.384104116904364],[107.4991074652854,11.385135038330958],[107.4978715028634,11.385918958718745],[107.49709330495897,11.386850698871227],[107.49725352244617,11.394838675181049],[107.49703227062658,11.394875868406078],[107.49698649514542,11.395033225504854],[107.49703227024737,11.395171508424049],[107.49700938275168,11.395355567097873],[107.49678050038212,11.395532950323691],[107.49667368904664,11.395746573304638],[107.49636088364534,11.395994528516086],[107.49635325470555,11.396101339868455],[107.49620066662507,11.396450384810345],[107.49610911362535,11.3965333543],[107.49605570743948,11.396514281583535],[107.49601756097657,11.396123273899338],[107.49590312114732,11.395955427985566],[107.49576579060961,11.39602313903055],[107.49572001436418,11.396451338237958],[107.49568949718194,11.396475180703446],[107.49560557374433,11.396447524090707],[107.4954377271763,11.396301612235261],[107.49532328654819,11.396340711884486],[107.49519358691035,11.396288260692302],[107.49510203326916,11.39633785110736],[107.49494747055539,11.39618943624547],[107.49492674157453,11.39618540498001],[107.4948731517521,11.396248206301655],[107.49478159926724,11.396247252602288],[107.49462901215259,11.396169050986478],[107.49459849391286,11.39598117763599],[107.49452982927312,11.395930631982377],[107.49443064713476,11.396049841997431],[107.49440012940268,11.396172866448568],[107.49449168308762,11.396261557685603],[107.49441538890063,11.396435125968267],[107.49440775854184,11.396607741577387],[107.49439266976626,11.396614027967017],[107.49439249934058,11.396615370095931],[107.49436198241403,11.396626815241266],[107.49427805877318,11.396603926252743],[107.4940415476877,11.396292075684423],[107.49376688923607,11.396087035768028],[107.49365244893086,11.396144255233093],[107.49372874227241,11.396322592148698],[107.4936677073443,11.396525725233145],[107.49362193129716,11.396575316437985],[107.49361446466473,11.39657611626346],[107.49361430164451,11.396576269959374],[107.49351030566771,11.396596202359511],[107.49341593773806,11.396781310681101],[107.49329386783157,11.396824225193562],[107.49309550260804,11.396814688724378],[107.49287425030485,11.396686896294574],[107.49282847440311,11.396607740976274],[107.49283236338881,11.396591778120559],[107.49282847442618,11.396582946560585],[107.49287425051297,11.396419867419855],[107.4927339596508,11.396347091837994],[107.49260991511895,11.396444145080148],[107.49240122753426,11.396637305613062],[107.4923325637768,11.396661147192676],[107.49217997593858,11.396674498169537],[107.49212656946294,11.396643027494306],[107.49206553421504,11.396506652296386],[107.49200449929077,11.396610602080102],[107.49201212898559,11.396888121372628],[107.49198161133984,11.396939620910773],[107.4918061354963,11.396917685280826],[107.49179655644528,11.396910936172473],[107.49179087668342,11.396910056189965],[107.49147044126406,11.396681174184666],[107.49135600081844,11.39665351737356],[107.49124155952796,11.396482810836147],[107.49118052442988,11.396455153693577],[107.49114237738698,11.396472319099237],[107.49109660171074,11.396620139714125],[107.49117289522111,11.396895751100542],[107.49111186095648,11.396921500132326],[107.49110747977001,11.39691937344082],[107.49110423065797,11.39692054674751],[107.49078379659811,11.396762236245522],[107.49068461448627,11.396636351164116],[107.49073039024627,11.396454199192203],[107.49066935600237,11.396397933792757],[107.4905015081818,11.396422728636665],[107.49038706807798,11.396560057142741],[107.49028025658237,11.396565779660968],[107.49005137490416,11.39646469072211],[107.48989115720414,11.396470412218362],[107.48976908672124,11.396547660345632],[107.48938761800225,11.39652572576673],[107.48919688294939,11.396588668574724],[107.48915873571724,11.39662300080667],[107.4891587353036,11.396716460814028],[107.4892045118542,11.396757469016254],[107.48929606473871,11.396746977917571],[107.48931132316947,11.3968022919298],[107.48919688307366,11.39711128166547],[107.48902140698065,11.397178039049221],[107.488784894806,11.397061690708538],[107.48865519536163,11.39687286242224],[107.48870860059786,11.396378859382493],[107.4883729075633,11.396296843398094],[107.48835764849878,11.39622722522455],[107.48841868322147,11.396060332808192],[107.48825846614763,11.396076544671685],[107.48799906776767,11.396279677734249],[107.48763676710676,11.396328662561528],[107.48748026886892,11.39660964852025],[107.48743449262791,11.396899565358712],[107.48790751483601,11.39707885703766],[107.48791514382965,11.397154196649588],[107.48736582756841,11.397617682953276],[107.48719035156611,11.3978398883494],[107.48718272290714,11.397943839662759],[107.48741160347322,11.398448332723543],[107.48786173845943,11.398846016093975],[107.48788462650225,11.399048194740967],[107.48785410874562,11.399108275709263],[107.48719798041729,11.399313315557016],[107.48710642835059,11.399417267108024],[107.48708353986675,11.399519309644699],[107.48713694570289,11.399670943554598],[107.48710642850018,11.399753913908313],[107.4864808174698,11.399917945422326],[107.48644267099296,11.40012489261939],[107.48638163587985,11.400178299204061],[107.48625193542154,11.400193557195156],[107.48588572616782,11.400059089312544],[107.4857026197612,11.400089606656524],[107.4855195144333,11.400254593104881],[107.48519907963099,11.40066944119851],[107.48517619211925,11.40092311820494],[107.48526774470739,11.401587829153582],[107.485389814409,11.401713713707808],[107.48549662608553,11.401704178079896],[107.48568736102227,11.401579246348911],[107.48577891406273,11.400974617274883],[107.48583994900918,11.400819168006333],[107.48606120172738,11.400705681208311],[107.48633585983248,11.40069042205286],[107.48645792953499,11.40074001313415],[107.48660288853222,11.40088592473551],[107.48678599370015,11.40094409883902],[107.48678966287778,11.400951296059967],[107.48679362283343,11.40095268154038],[107.48688517560294,11.401138649033346],[107.48688517554164,11.401237830572876],[107.48670207073326,11.401310310183227],[107.48674021753524,11.401459082822969],[107.48710642838685,11.401373252957528],[107.48718272301416,11.401407584923515],[107.48718954839498,11.401416543794932],[107.48719798104715,11.40142093569496],[107.48720643271598,11.401438705257394],[107.48727427471258,11.401527747831596],[107.48728190478573,11.401597365985332],[107.48724375758763,11.401756630214528],[107.48710642920742,11.401923522988016],[107.48712168721838,11.402114257836098],[107.48722086962484,11.402354583060871],[107.48709879929751,11.402497634912931],[107.4868317702491,11.402631148732146],[107.48683176967367,11.402675972375603],[107.48702250510662,11.402884826246261],[107.4869919876166,11.402976379260322],[107.48657237108894,11.403390273923314],[107.48645793034636,11.404001578628518],[107.4864426706988,11.404299124946668],[107.48638163616083,11.404467925933544],[107.486282454352,11.404479369838686],[107.48623667804038,11.404386862782957],[107.48618327152374,11.403901443132677],[107.48608408960409,11.403835639593526],[107.48600779634086,11.403857573980662],[107.48593150192741,11.403905258077959],[107.48532878006215,11.405086859771956],[107.48538981484027,11.405495033338328],[107.48647318911287,11.40599475818353],[107.48652659528325,11.406236038388316],[107.48649607688097,11.406544074963481],[107.48614512472436,11.40701900477881],[107.48615275392166,11.407143936090465],[107.48640452413305,11.40732799502292],[107.48648844820704,11.407560691843194],[107.48641215438755,11.407819137365806],[107.48633586013707,11.407902107464368],[107.48583231969221,11.407910690013562],[107.48569499090571,11.408010826544345],[107.485527144136,11.408306465596667],[107.48555003248411,11.408406601691926],[107.48600779586981,11.40856491108031],[107.48609934920992,11.408639296975501],[107.48609934908897,11.408772812662031],[107.48583232057838,11.409122809994294],[107.48583232041123,11.409247741251535],[107.48654948363725,11.410214767258129],[107.48656474245237,11.410439834358636],[107.4864197833339,11.410747871289425],[107.48611460730675,11.411106453304873],[107.48608409048197,11.411214218180252],[107.48615275447565,11.4113811113379],[107.48595439044423,11.411789283708],[107.485824690135,11.411955223187114],[107.485405074618,11.411947593756356],[107.48525248639555,11.412055359445956],[107.48518382107017,11.41220508554465],[107.48521433905955,11.412713394410789],[107.4856949917882,11.41292987868205],[107.48606883177395,11.412880287304853],[107.48641978337055,11.412546501568105],[107.48654948348091,11.41183029110731],[107.4867020710158,11.411722526637657],[107.48696147051422,11.411664352224278],[107.48711405831571,11.411730156037935],[107.48712168774188,11.411904677941035],[107.48674784708842,11.41227184314802],[107.48673258819238,11.412415848197508],[107.48715220582402,11.414222107770712],[107.48710642912275,11.414529190848697],[107.48703776443116,11.414676056125442],[107.48686991741688,11.414772377132904],[107.48676310683884,11.4148686981571],[107.48674784739573,11.41493640935671],[107.48693858295994,11.415264473483171],[107.48719035242581,11.416082725856034],[107.48728953451698,11.416982040733552],[107.48716746447,11.417536125850804],[107.48709117073393,11.417621002371593],[107.48681651261737,11.417717323645364],[107.48674784743442,11.417785034847428],[107.48673258839631,11.418147431017097],[107.48683940051481,11.418424949791577],[107.48696910085165,11.41854320595029],[107.48726664685098,11.418622360526111],[107.48760996948359,11.41894470281233],[107.48777781616741,11.419403419288418],[107.48774729903654,11.419975624639166],[107.48761759888667,11.420276985735358],[107.48748789868193,11.4203904725896],[107.4873276819908,11.420390472210133],[107.48683940036955,11.420118675977367],[107.48671733073093,11.420091018658363],[107.48662577762603,11.420112953804542],[107.4865723721046,11.420396194966058],[107.48661051875393,11.420600281075544],[107.48667155344782,11.420695648764626],[107.48750315787666,11.421148643351387],[107.4881135096958,11.421702728488198],[107.48814402657774,11.421849594382229],[107.488121138849,11.421957359403807],[107.48805247517083,11.422047958572868],[107.48764811677833,11.422200546604875],[107.48760234003859,11.422466621648622],[107.48788462798197,11.422721252892881],[107.48873912024858,11.423264847696327],[107.48881541385752,11.423423156793746],[107.48881541370497,11.423513756392158],[107.48867808535094,11.424073562580094],[107.48857890296469,11.425050125487884],[107.48854075598318,11.425316200497818],[107.48812876914225,11.426097259380578],[107.48809825150272,11.42632423493581],[107.48818980395636,11.426878319441812],[107.48817454536506,11.427036628502282],[107.48804484489699,11.427206383293582],[107.48782359296493,11.427274093580643],[107.48646555992336,11.427342758801261],[107.48624430858918,11.42760311204019],[107.48617564411043,11.427829133388691],[107.4861985319424,11.427997932770108],[107.48637400772607,11.428173409220253],[107.48673258920743,11.428343163246073],[107.48686228922402,11.42847286255269],[107.48687754825235,11.428682670817164],[107.4868546601727,11.42886959079558],[107.48650370718426,11.429429397858605],[107.4859543908889,11.429865226769682],[107.48577128622587,11.42995010369391],[107.48502360495631,11.43002925955313],[107.48484812888654,11.430102692151118],[107.48432933062671,11.430453644751363],[107.48407756043895,11.430578576171678],[107.48385630778603,11.430595742479055],[107.48346720855007,11.430487977471472],[107.48331462086487,11.43053852263401],[107.48294077999385,11.430907593512854],[107.48280345079206,11.430954323951097],[107.4825669403889,11.430965768663402],[107.48234568756439,11.430884705730543],[107.4818574057233,11.43032489807681],[107.48175059523315,11.430284843967007],[107.48164378334589,11.43029628838643],[107.48143778891702,11.43043552502143],[107.48083506674024,11.431084023257052],[107.48069773795717,11.431125031301164],[107.48020182802918,11.43116031770692],[107.479972945739,11.431119309363305],[107.47940837090968,11.43082843987564],[107.4792557833302,11.430822716382945],[107.47914134237985,11.430875169802233],[107.47875987206811,11.431934701755937],[107.47863780240908,11.431999551251794],[107.4778977500306,11.432209359377742],[107.47782908579337,11.432307587929182],[107.4780961154825,11.433186875755695],[107.47790538022656,11.433473931794847],[107.47764597997603,11.433597909341662],[107.47676860052643,11.433388100583578],[107.47587596149849,11.433629380476445],[107.4756699668844,11.433761941556345],[107.47504435759511,11.434939730184205],[107.47502146887427,11.435072289510936],[107.4751664271166,11.435788499864906],[107.47491465720384,11.436313974047765],[107.47457133432466,11.436085092128616],[107.47437296998513,11.436047899088218],[107.47406779449041,11.436127054029887],[107.47386943023987,11.436355936114706],[107.47370921343455,11.436448442005693],[107.47332011448782,11.436502802271415],[107.47292338523017,11.4364637012345],[107.47169505311668,11.43613277596216],[107.47131358325281,11.435893404068658],[107.47056590214139,11.435114251665604],[107.46939097569225,11.434320795280726],[107.46900187594805,11.43419681712341],[107.4671937097006,11.434251177272795],[107.46633158777725,11.434398042359128],[107.46549235541805,11.434313165262624],[107.46398936399022,11.433264123842939],[107.46264659044587,11.432246553116357],[107.46170054561573,11.431753504397603],[107.46079264763534,11.43144451357237],[107.45827494796195,11.430819856815454],[107.45693980391698,11.430581438628465],[107.45666514510394,11.43062721423438],[107.45525370668821,11.431321489986274],[107.45420847944425,11.43205391148735],[107.4539872273669,11.432076799734004],[107.45373545739936,11.431953775898524],[107.45335398763893,11.431374895504655],[107.45327006482586,11.431051600082068],[107.45332347076666,11.429964411361555],[107.45323954628864,11.429154741620684],[107.45249186661711,11.425739633986916],[107.45215617185511,11.42486034690844],[107.45212565541773,11.424620973903936],[107.45229350112798,11.424120294399252],[107.45255290149288,11.423935282621882],[107.45362101662393,11.423842775176945],[107.4550934895377,11.423812258683032],[107.45543681216347,11.423657762615989],[107.45570384093357,11.42337261464159],[107.45581828243087,11.422855721836802],[107.45582591108618,11.422578203347207],[107.4557343585049,11.422185289510653],[107.45548258852132,11.421768534591783],[107.45479594284552,11.421082842264124],[107.45368205061851,11.420118677003227],[107.45347605811372,11.42002617109683],[107.45320139909225,11.42001854139714],[107.4525834177499,11.420250284749425],[107.45227061334158,11.420326578728005],[107.45157633823528,11.420342790287542],[107.4505997764323,11.420250284345489],[107.44903574959174,11.4198802589198],[107.4486924266853,11.419841158894915],[107.44728098846336,11.419980394443655],[107.44665537924462,11.41985641751732],[107.44615946775583,11.419686662918087],[107.44513712909607,11.419240343769562],[107.44470988311171,11.4192165019758],[107.44403849705422,11.419348108735141],[107.4437028030339,11.419594156816855],[107.44346629227283,11.420141565425244],[107.44336711005016,11.420820582136354],[107.4432602981579,11.422053682619572],[107.44334422152903,11.422670709796062],[107.44355021480021,11.423357356035515],[107.44384776242293,11.423927652499241],[107.44434367248401,11.424590457107778],[107.4450455767507,11.425192224598163],[107.44577036877268,11.425639499199722],[107.44654856754543,11.426240312885396],[107.44667826762102,11.426387179282914],[107.44699107228243,11.427520144209879],[107.44707499663612,11.427975046555249],[107.4470444782303,11.428175318747448],[107.44674693209056,11.42876945768096],[107.44644175620714,11.429209101633864],[107.44618998598838,11.429462778792207],[107.44451151931435,11.430496561956456],[107.443206893373,11.431398738483718],[107.44262705959744,11.431714404357136],[107.44226084807555,11.431829799387907],[107.44172679018249,11.431853640482505],[107.43935404858966,11.431413997038215],[107.43788920537982,11.431066859274083],[107.43721018788152,11.430819857305265],[107.43687449484779,11.430581439756],[107.4365845777592,11.430203784516141],[107.43589030308354,11.42903171853113],[107.43496714611778,11.428037036926918],[107.43428050124798,11.427442897172472],[107.43215189954664,11.425880778613296],[107.43042765685374,11.424899447795939],[107.4303513627898,11.42626129425292],[107.43022166267748,11.427273144007062],[107.42984019263584,11.428107608956127],[107.42971812333305,11.42859112141933],[107.4296952347092,11.429878581877686],[107.42983256443301,11.430593838058567],[107.43009196327596,11.431205143026661],[107.43121348435318,11.432882656046473],[107.43128977824757,11.433178295221792],[107.43128214896576,11.433504452034517],[107.43104563806641,11.433975567267208],[107.4294053185438,11.435426105340913],[107.42910014213162,11.435819972744897],[107.4289551842812,11.436187138383733],[107.42893229514735,11.436601986010592],[107.42898570156963,11.436860432518186],[107.42963420064179,11.43800484078552],[107.42974864140183,11.43834721001956],[107.4298249346823,11.439046253475492],[107.42990885836625,11.439341892466782],[107.43038188032388,11.440237392580865],[107.43054209859083,11.440444340011721],[107.43064890956462,11.440512051534757],[107.43086253229998,11.440512051266364],[107.43122874402039,11.440346111248457],[107.4314881432689,11.440335620859013],[107.4318925008785,11.440454830314849],[107.43234263525659,11.440729488153387],[107.43303691101782,11.441398013774176],[107.43345652647163,11.441713679695198],[107.43362437399082,11.441941608477064],[107.43389140300972,11.442448962793256],[107.43409739561841,11.442578662749497],[107.4343262775226,11.442625392962231],[107.43461619440178,11.442527164018536],[107.43547068680418,11.442122805970854],[107.43574534542158,11.442101826189575],[107.43608866801436,11.442184794669036],[107.4370728597226,11.442900050941995],[107.4387742148247,11.44490944292756],[107.43929301394698,11.445426333996235],[107.44002543629196,11.445969929058394],[107.4407578582662,11.44634949066224],[107.44125376908084,11.446462977901113],[107.44174205049745,11.446442951256868],[107.4437256921719,11.446674694156151],[107.44520579549577,11.447198260478958],[107.44578562934244,11.447514880366093],[107.44692240905128,11.44888149569032],[107.44821940655149,11.45140587221705],[107.44862376466229,11.452338565652918],[107.44866191170462,11.452844966834954],[107.44851695263432,11.455088962208954],[107.44857035838965,11.455550540684744],[107.44873820587064,11.45623813961344],[107.44889842311528,11.456572879841978],[107.44921885667542,11.456879009045643],[107.45008860755794,11.457320559854976],[107.4503556372574,11.457583774350885],[107.45085154810991,11.458620418284523],[107.4511490939527,11.458945621076815],[107.45142375227987,11.45912395820845],[107.45238505592579,11.45952259346531],[107.45463572795364,11.46015774075728],[107.46208201768172,11.462952960706321],[107.46253978015562,11.463307727552584],[107.46275340356114,11.463702548452135],[107.46279918086145,11.464233744321827],[107.46275340353291,11.464588511698164],[107.46131144904058,11.467592586119137],[107.46113597295621,11.468318333012261],[107.46087657259808,11.47000156750283],[107.46083079689726,11.47116981869255],[107.46099101420947,11.471983303384288],[107.4614182598043,11.472780574857866],[107.46178447073183,11.47325645811468],[107.4640885481603,11.475310672641504],[107.46499644615928,11.476752627784272],[107.46562968662428,11.47733246228563],[107.46649180853504,11.477646221365621],[107.4672471187415,11.477727282491186],[107.46827708603344,11.477686275092344],[107.46885692041552,11.477501263117508],[107.46939097817933,11.47705017512439],[107.46970378312268,11.476550448652272],[107.4700547349027,11.475753177393718],[107.47047435200227,11.475592006533901],[107.47109233281547,11.475656855225285],[107.47175609033026,11.476131785213932],[107.47214518890742,11.47681652406966],[107.47225963008692,11.477533686665996],[107.47215281882615,11.478057254517955],[107.47195445415322,11.47841965049027],[107.47119151518534,11.479311336150662],[107.47045146348117,11.47993027091999],[107.46820842123805,11.481191028716262],[107.46708690071294,11.482189526342506],[107.46186076557598,11.489335407980576],[107.46125041489029,11.489906658459997],[107.46055613987922,11.490293850311405],[107.46009837584114,11.490459789981704],[107.45963298310784,11.490577091742288],[107.45603953809275,11.491091123126614],[107.45549785075488,11.491324773005521],[107.45515452790134,11.49167095712091],[107.45487986955375,11.492395749072937],[107.45436107096025,11.495763173315332],[107.45409404179232,11.497197499321464],[107.45327006769634,11.50008904018135],[107.45323955032309,11.50137459370426],[107.45315562705737,11.50171791534149],[107.45292674532318,11.50198685274865],[107.4518433710455,11.502637259041801],[107.44836436722781,11.504411092450972],[107.44644176072819,11.506082883941595],[107.44422923506737,11.508395543955276],[107.44302379124095,11.509353032921194],[107.44236003476627,11.509710661741595],[107.44163524157331,11.509901396244281],[107.44136821246613,11.51001202264624],[107.44120799533347,11.51028191236384],[107.44120799536032,11.510885588083339],[107.4415055421149,11.51286350879037],[107.44176494134624,11.514962545447764],[107.44167338879343,11.516132704968264],[107.44158183560107,11.516448370368503],[107.44131480753002,11.516634336405172],[107.4410782955826,11.51666199392083],[107.44068156756606,11.516485564044215],[107.4400635866532,11.515919082107848],[107.43933116439848,11.515101782533694],[107.43791972609651,11.513179174531702],[107.43771373262388,11.512789122299532],[107.43749248055217,11.512510649534462],[107.4370118281311,11.512259832887906],[107.43634807146633,11.512148252425106],[107.43311320810922,11.51237427374484],[107.43249522743562,11.512456290355468],[107.43218242115105,11.512646071060225],[107.43210612760559,11.513032309897435],[107.43228923366595,11.513715139837123],[107.43284617980022,11.514686934761952],[107.43294536111628,11.515147559262452],[107.43289958413447,11.515526168524968],[107.4315644408592,11.517311446100182],[107.4306794313855,11.518701903227972],[107.43039714331677,11.519039504725841],[107.43006145041257,11.519162528052169],[107.4296723513492,11.519154899572536],[107.42889415229764,11.518973701841077],[107.427536120781,11.518216483726365],[107.42617808870193,11.517270438817308],[107.42465220943863,11.515896194787821],[107.4233246938892,11.514489524891015],[107.4223328727864,11.513197295440587],[107.4213715688371,11.511617057414046],[107.42116557645909,11.511394851443383],[107.42088328843184,11.511189811644707],[107.42055522401884,11.511106841737035],[107.42021953132408,11.51114784918228],[107.41894542245124,11.512045257449651],[107.4155732298363,11.51475273889066],[107.41429149132739,11.515714996428814],[107.41366588117624,11.516340607119236],[107.41212474362793,11.518694275563789],[107.41165935055128,11.51968132843732],[107.4111939571685,11.521080368390313],[107.41025554286466,11.524691933910525],[107.41002666015278,11.525720947920282],[107.40998851384445,11.527333611335084],[107.41004954871826,11.527778023690729],[107.40996562591921,11.528165215481144],[107.40965281960328,11.528436058444802],[107.40337382843907,11.529605264233524],[107.40165721448408,11.52974736121173],[107.40050517566608,11.528748864129517],[107.3994675781979,11.527918214458055],[107.39904033228672,11.527136200827412],[107.39876567326014,11.526881569903919],[107.39833079810025,11.526766175606788],[107.39740001242185,11.526732797685876],[107.39509593535651,11.52690541246132],[107.39370738492137,11.52713620138323],[107.39283000421655,11.527202005672054],[107.39218150589585,11.527111406392075],[107.3894349242913,11.526329393508698],[107.3885117674243,11.526206369752135],[107.38687144712135,11.526197786476963],[107.38648234789271,11.526025171031561],[107.38612376742434,11.525414820172779],[107.38610850774315,11.52468716556521],[107.38648234767805,11.522464151411723],[107.38643657149,11.521982545625537],[107.38620768949198,11.521527642365616],[107.38581859117481,11.521025056898532],[107.38538371471408,11.52061211523081],[107.3844987055082,11.520119065340134],[107.38373576607088,11.519924516721447],[107.38153087105843,11.519763345673569],[107.38016520852831,11.519615525972146],[107.37899791160514,11.519179697066301],[107.37806712558519,11.518694276469171],[107.37702189846912,11.517912263655102],[107.37559520115026,11.516291017629564],[107.37487040902104,11.51559292782251],[107.37438212760634,11.515272493626812],[107.37380229356195,11.515025492296497],[107.37319194214068,11.514919634333415],[107.37245952041958,11.514932985297657],[107.37149821592493,11.515188569914322],[107.37057505981888,11.51561677039619],[107.36920176932279,11.516628618370252],[107.36700450304046,11.517862673384275],[107.36679088009541,11.51807629646139],[107.36676036264585,11.5183156684448],[107.36697398574017,11.51866089868188],[107.36755381894694,11.519064303636412],[107.36917125177932,11.519409533571688],[107.37004100245858,11.519713755434251],[107.3716965810514,11.520594949890272],[107.37290965471861,11.521434182842599],[107.3750229978612,11.523326273397123],[107.37575541909925,11.523672457533607],[107.37606822485903,11.523869868162127],[107.37623607081507,11.524272318619255],[107.37631236491171,11.524774904531013],[107.3762589591157,11.525267953828997],[107.37548076082528,11.527267809276314],[107.37516032710192,11.528439875769399],[107.37500773914726,11.529660578485004],[107.37500010863717,11.530896540272545],[107.37515269695969,11.532108660145182],[107.37539683821778,11.533042307536867],[107.37612163053677,11.534591074916761],[107.37744914556563,11.537248964841089],[107.37843333778754,11.539832468278133],[107.37884532426399,11.54163491386334],[107.3788739049472,11.54181251660193],[107.3790055430694,11.542630549334357],[107.37893687788846,11.54309975701925],[107.37850963213754,11.544006701806795],[107.37747203393435,11.545753832710211],[107.37576305003907,11.54818474936285],[107.37512218111216,11.54931199228317],[107.37457286422442,11.550587054051936],[107.37401591773555,11.55256211432057],[107.37384807207518,11.553475734897726],[107.37378703712746,11.554569598080043],[107.37369548393275,11.555252429204515],[107.37353526707716,11.555902835589594],[107.37303172732923,11.556898472053609],[107.37277995731212,11.557285663452427],[107.3723527101874,11.557597515041474],[107.37169658318614,11.558000919648041],[107.37052165645312,11.558338519654914],[107.36943828196591,11.558782932791619],[107.36906444113626,11.558873531900085],[107.36866771340807,11.55879151591153],[107.36833202048616,11.55851113518931],[107.36806499122298,11.557861682534503],[107.36797343844395,11.557195064715668],[107.36824046759425,11.55628144456566],[107.36897288960678,11.555203792560595],[107.37114726651562,11.55323731551373],[107.37216960483893,11.552060481435987],[107.3726197390578,11.551060077352828],[107.37272655110931,11.550595638827755],[107.3727112924177,11.550085422612053],[107.37257396314949,11.549698230432986],[107.37212382935546,11.549278613409228],[107.37106334293966,11.548809406351573],[107.3704987681257,11.5486558643155],[107.37003337481038,11.548647281187906],[107.36959849870485,11.548735973349999],[107.36894237047862,11.549164172668018],[107.36830913077134,11.549849864358862],[107.36756145100229,11.550946590353957],[107.36682902873835,11.551900264577515],[107.36560069610927,11.552965519095903],[107.36427318226372,11.553738949289801],[107.36118327738951,11.554668782425598],[107.3604813732212,11.55491578281909],[107.36024486120279,11.555130359790242],[107.3601227907485,11.555546161851314],[107.36015330918224,11.556084034190711],[107.36029826749952,11.556524632114678],[107.36066447837128,11.557078717630521],[107.36154185850354,11.557891247275519],[107.36238109253812,11.558404324365336],[107.3659592781884,11.559832928147022],[107.36641704255322,11.560186741362951],[107.36663066551402,11.560533879280554],[107.36663066556368,11.56090199739448],[107.36656962941126,11.561191914413358],[107.36625682416846,11.561622021116104],[107.36481486956423,11.562762615330065],[107.3635712771546,11.563966152625692],[107.36249553349066,11.5652421690555],[107.36179362868884,11.566295025796617],[107.36134349452455,11.567176220781006],[107.3610535780086,11.568253872264886],[107.36102306079756,11.568829891268539],[107.36113750171484,11.569504139404609],[107.36143504823907,11.57010972274272],[107.36180125876197,11.570661900471762],[107.36251079303044,11.571380971101878],[107.36314403236611,11.571750997074375],[107.36390697164327,11.57197320290847],[107.36482249885862,11.57210480926422],[107.36575328489738,11.572104809178104],[107.36598216709653,11.572186825437841],[107.36618816098805,11.57242524428454],[107.36633311859897,11.572853443150455],[107.3663712659272,11.573157666247994],[107.36623393724862,11.573552487827557],[107.36579906197728,11.574030278940693],[107.36387645386698,11.57539880059182],[107.36335765511546,11.576013920892718],[107.36309062745376,11.576465963279812],[107.36296855642412,11.577383397095746],[107.36297618583009,11.578679441218288],[107.36291514992459,11.57948434163508],[107.36278545153898,11.580121396355818],[107.36251079374011,11.580703137892941],[107.36190807077067,11.581344007505411],[107.36104594984448,11.58184373196514],[107.36041270931469,11.582044004027308],[107.35984050446474,11.58207929005968],[107.35935222291302,11.581961988267372],[107.35861217209438,11.581567167217772],[107.3581620383868,11.581216215748325],[107.35780345672336,11.580703137938904],[107.35753642696768,11.58005368600381],[107.35748302183292,11.579575895045984],[107.35752879839967,11.578662275077253],[107.35797893214534,11.576541303179484],[107.35797893222411,11.575502752366635],[107.35785686178897,11.574540493941344],[107.3568111595359,11.571506339889691],[107.35613261860964,11.569537518898786],[107.35572063067318,11.567455648261243],[107.35567485477836,11.566176771149529],[107.3557969241193,11.565320370574911],[107.35638438817058,11.563527462447034],[107.35691081674372,11.562347767515012],[107.35702525770489,11.561529515638501],[107.35700999779051,11.56089913682805],[107.35655223423485,11.558955548906319],[107.35501109728102,11.556077359287105],[107.35476695619828,11.555805561116696],[107.35421000978222,11.555522320119113],[107.35340892346933,11.555405972268924],[107.35172282782047,11.55539452868817],[107.34959422645011,11.554948208375645],[107.3483887815071,11.554089901454581],[107.34764110160737,11.553135273752655],[107.347030749842,11.55207192633516],[107.3465195803092,11.550351498575491],[107.34637462160097,11.549028752797527],[107.34640513892805,11.548133251219312],[107.34678660866412,11.545748112827136],[107.3467789794106,11.544907925016407],[107.346618762592,11.544281361669537],[107.3461304797471,11.543651936262833],[107.34519206548244,11.543193219441013],[107.34417735523033,11.5431083411227],[107.3403855462025,11.543567060034825],[107.33853160355488,11.544144032793007],[107.33786021738982,11.54461133291875],[107.33733378920373,11.545211193795577],[107.33598338646426,11.547109006315623],[107.33430491946483,11.550151227221388],[107.33401500223391,11.551341412862593],[107.33383952653617,11.553190587028206],[107.33352672106011,11.553745626364604],[107.3327180051145,11.5541499843187],[107.33132945504708,11.554385541870987],[107.32916270705863,11.554611562862235],[107.32740794600895,11.55465829313002],[107.32585155034533,11.554507613093879],[107.32418834207616,11.554281592160992],[107.32244883982153,11.55419766809975],[107.31708537568387,11.554376006141645],[107.31519328586512,11.554310201946096],[107.31414042867713,11.55411279138844],[107.31341563680417,11.553764700740889],[107.31287395011556,11.553341269645124],[107.31227885717236,11.553378462812043],[107.31170665214384,11.553623557726125],[107.31095134167334,11.554225325906891],[107.31004344431767,11.555229544370166],[107.30901347580077,11.556956648477339],[107.30724345758479,11.560418486577404],[107.30574809528386,11.562770248092738],[107.30464946256157,11.564754844304245],[107.30371867673128,11.567088485576893],[107.30283366723963,11.568838478197808],[107.30199443324088,11.570042015620016],[107.30171214664338,11.570588470382651],[107.30174266327239,11.570871711552279],[107.30193339850803,11.571152091345205],[107.30250560400155,11.571604133360278],[107.30355845925102,11.571857810827588],[107.30522166754763,11.571811080376602],[107.30678569384625,11.571256042593586],[107.30767070362997,11.570588470112313],[107.30889903569873,11.569073081332524],[107.30941020587711,11.568289161324458],[107.30988322772346,11.568159460781306],[107.31029521429076,11.568291068127595],[107.31070720307876,11.568663001305707],[107.31169139448973,11.570200323772495],[107.31194316466583,11.570999504270766],[107.31204997554431,11.57162892937148],[107.31179057673822,11.572042823093788],[107.31076823775373,11.572800041333632],[107.30768596222669,11.574536682732642],[107.30462657488347,11.575867057816525],[107.3021088744996,11.576782585658002],[107.30067454918759,11.577412011101233],[107.29986583306426,11.578105331776328],[107.29940044026624,11.57880628275019],[107.29904185832667,11.579450966410318],[107.2982941781724,11.581100823564018],[107.29746257418084,11.58372152045467],[107.29725658067792,11.58510720926252],[107.29732524559819,11.585800530413477],[107.2980424081651,11.586827637527927],[107.29926311098802,11.588342072162936],[107.30062114366851,11.590497376231037],[107.30089580166933,11.591097237585812],[107.30205546996586,11.592889191147288],[107.30383311881056,11.595510842956893],[107.3053284810641,11.597254158801523],[107.30655681341563,11.598562600719728],[107.30668651337129,11.59891641357623],[107.30663310724235,11.599418999842149],[107.30624400789338,11.60025823342915],[107.30532848118557,11.601377846757781],[107.30187236535619,11.604570749362889],[107.30075847296816,11.60597360444603],[107.30064403217781,11.606727960352812],[107.30067455065557,11.607409836735734],[107.30081187920193,11.608233812110477],[107.3011246841918,11.609410646365767],[107.30149852485661,11.6105541021586],[107.30341350351286,11.614019754430133],[107.30441295431623,11.615961435271956],[107.30448924795714,11.616834047237308],[107.30442058444298,11.617517831450401],[107.30417644326174,11.617912653004208],[107.30316936300694,11.618924501427484],[107.29893504951299,11.622372987588516],[107.2939683134491,11.625689867896737],[107.29148876043253,11.627641085765116],[107.29003154560486,11.628908518375102],[107.28782665078089,11.630946521033305],[107.28697215872023,11.631473902768944],[107.2855683507072,11.632176761042032],[107.27767955657872,11.634776477106028],[107.27423869966331,11.635501270611876],[107.27351390638833,11.635583286517795],[107.27259837907415,11.635805492557244],[107.27209483938657,11.636167888991073],[107.271011465361,11.637048130720016],[107.2701417148045,11.638077144685434],[107.26953899212334,11.63934839278397],[107.26873027675312,11.641427403143135],[107.2686921293454,11.64269865112033],[107.26873027687704,11.643225079189744],[107.26895152882803,11.643822079478653],[107.26982127965343,11.645402318173497],[107.27136241778523,11.647295361549745],[107.27252971488068,11.648570424263022],[107.27282726217852,11.649029141280522],[107.2730790316364,11.649670964202352],[107.2730942909111,11.650294666806381],[107.27282726165394,11.651130086406347],[107.27246105108003,11.651765233595858],[107.27201854607547,11.652387981868745],[107.27016460280674,11.654598599771553],[107.26847850698759,11.655876523478728],[107.26645671721056,11.657004719350189],[107.26595317733666,11.657472021099645],[107.2656861494241,11.658301717811918],[107.26561748429042,11.659234410495609],[107.26568614916236,11.66002786769839],[107.26586162567997,11.660710698966945],[107.26610576556972,11.661359196853837],[107.26657115852072,11.662306195662843],[107.2673569870199,11.663313275534206],[107.26991283413683,11.667045956982857],[107.27146160144648,11.669202215249472],[107.27236949893036,11.67053449765773],[107.27626049064658,11.677749043719489],[107.27714550033349,11.679482824412974],[107.27771007601554,11.681024915019657],[107.27798473480671,11.681456930509825],[107.27851879138743,11.6819709598055],[107.28280651240368,11.684448605637971],[107.28377544514163,11.685028440124459],[107.28452312597852,11.685547239208844],[107.28485118975776,11.685892468864402],[107.28512584842639,11.686428433764306],[107.28517162394431,11.68678320062596],[107.28510295978307,11.687122709316213],[107.28489696592078,11.68752229918594],[107.28400432709529,11.688475019242379],[107.28296672945282,11.689218885254006],[107.28128826196554,11.690104849728906],[107.27951061326551,11.690943128181901],[107.27902996193328,11.691254026603112],[107.27874767434625,11.691619283829159],[107.27854168076425,11.692160017342765],[107.2785569389949,11.692563421709437],[107.2788163389795,11.693083173662057],[107.27937328423118,11.693771726369851],[107.28029644101927,11.69459188626746],[107.28144085032025,11.695767767207771],[107.28270733088839,11.6967138122572],[107.28319561202134,11.697403318986714],[107.2836228572718,11.697905905125952],[107.28385173934709,11.69826162535319],[107.28394329250845,11.698677427587981],[107.28398143949717,11.699164755812387],[107.2839432929805,11.701477415414134],[107.28399669796352,11.702729589289605],[107.28432476229216,11.70535982414485],[107.28497326118712,11.707257636167274],[107.28524791889716,11.708907492079081],[107.28534710170193,11.710293181104129],[107.28539287858365,11.71173799821476],[107.28569042443459,11.713301070030898],[107.28572857191588,11.713920958081527],[107.2855683550814,11.716532119331383],[107.28548443116436,11.717214949396181],[107.28542339612127,11.720734961090992],[107.28549206101604,11.72256601649495],[107.28546917272791,11.723196395720135],[107.28539287907732,11.7237771825383],[107.28540813676395,11.724066146890218],[107.2855683549435,11.724925406657915],[107.28578197784573,11.72560060893725],[107.28643047627223,11.726594336909068],[107.28892528880168,11.729082473839165],[107.28970348788398,11.729751952389137],[107.29048168522162,11.729870208650572],[107.291710017754,11.729762442321768],[107.29254925121269,11.729556449582892],[107.2928849448045,11.729306585880868],[107.2931748611412,11.729198821295798],[107.29360973710162,11.729152091708746],[107.29414379406913,11.729197867558675],[107.29599773784082,11.729226477369002],[107.29647838932559,11.729515441556353],[107.29695141181837,11.729981787001703],[107.29717266499384,11.730416663358795],[107.29745495170677,11.731276877393716],[107.29775249895962,11.73253382056604],[107.29792034461612,11.733774550328482],[107.29852306780519,11.735367186617298],[107.30041515691875,11.738663084885948],[107.30073559189077,11.739062674470073],[107.30108654372061,11.739400275759719],[107.30293285823006,11.740167982831448],[107.30322277565593,11.74023187902424],[107.30381786736432,11.740286238655768],[107.30471050707291,11.740258582174208],[107.30614483290333,11.740035421893893],[107.3078767052112,11.739873297333686],[107.3098832363451,11.739839918664268],[107.31220257286913,11.73999536740208],[107.31437694939663,11.740400679117215],[107.31524670019132,11.740394956604309],[107.31666576817032,11.741174108728694],[107.31708538536914,11.741585142889193],[107.31754314873413,11.742244132040861],[107.3176881078417,11.742390044006905],[107.31790935933641,11.742531187201655],[107.31868755806754,11.74260938861213],[107.31909954541223,11.742754347193483],[107.31962597407325,11.7431768245965],[107.31996166659717,11.743385679290595],[107.32005321971867,11.743507749994185],[107.32019054889008,11.743858701257423],[107.32064831326954,11.744492895323045],[107.32094585865906,11.745076544395506],[107.32171642746617,11.74563062831337],[107.32290661362813,11.746175176389338],[107.32316601318395,11.746383077601209],[107.32322704828792,11.746587164158274],[107.32330334241524,11.747188932983542],[107.32355511238606,11.747650511524368],[107.32469189223013,11.748694784203217],[107.32531750174286,11.749078161936406],[107.3266144994762,11.749488241445482],[107.32717144533368,11.749593145112291],[107.3276139505356,11.749557859532134],[107.32815563691618,11.749405271675597],[107.33049786105516,11.748262769026312],[107.33187115237352,11.747935659384428],[107.33383190727277,11.747871763026051],[107.33567059136213,11.747943289045798],[107.33778393295802,11.748480207183103],[107.33831799031601,11.748669988272967],[107.33889782437454,11.74906194930926],[107.33927929429572,11.749526388189805],[107.33938610645541,11.749858267248381],[107.33956158288291,11.750030882241628],[107.33990490538096,11.75021303319625],[107.34057629116404,11.750381833586145],[107.34261334024212,11.750786191411182],[107.34329998578873,11.75103605404526],[107.34363567892078,11.75111330144028],[107.34381115527907,11.751119977329841],[107.34394085496523,11.751078969643606],[107.34406292607424,11.751004582507248],[107.34418499537297,11.750821477354075],[107.34462750058093,11.750395184708537],[107.34504711686951,11.750294095996164],[107.34626782076892,11.750335103187817],[107.34747326511494,11.750551587761018],[107.34846508542554,11.750855809328822],[107.35002911137661,11.751449948660284],[107.35029614066625,11.751641637177311],[107.35085308715452,11.752207165818698],[107.35138714431156,11.75251901723419],[107.35184490821975,11.752653485850956],[107.35273754705676,11.752674465927585],[107.35300457625884,11.752732640283647],[107.35344708122365,11.753053074944884],[107.35497295991674,11.7544654666061],[107.35548412924908,11.755419141259102],[107.35569012285987,11.756095295971985],[107.35600292776266,11.75659597495477],[107.35639202753654,11.756853467691299],[107.35655224406118,11.757084255970529],[107.35646832106009,11.757474309817946],[107.35613262858507,11.758512860859879],[107.35604870478497,11.75965440868676],[107.35626232785171,11.760949498113531],[107.35648358007695,11.761950856849575],[107.35668957459703,11.762205487142355],[107.35696423286075,11.76239622247197],[107.35723126146173,11.7624648868629],[107.35734188317123,11.762464886906217],[107.3577882066638,11.762464886706889],[107.35813915819183,11.762325650743024],[107.35873425184498,11.761852627035314],[107.35914623908262,11.761609440104635],[107.35959637368757,11.761439686115843],[107.36082470562694,11.761366254762041],[107.36264050162958,11.761071568315893],[107.36295330660478,11.761073476630951],[107.36324322362314,11.761191731303791],[107.36343395830025,11.761355763390611],[107.36415112124551,11.762180691018285],[107.36453259211542,11.763025647467545],[107.36463940376424,11.763485318298054],[107.36443340963324,11.764695531082323],[107.36454785034195,11.765222912040425],[107.36527264289136,11.766148930630985],[107.36656964021302,11.767183666922245],[107.36807263089617,11.767629986586547],[107.36892712300357,11.768164044341967],[107.36972058041509,11.76892126101543],[107.37086498987627,11.769597417193564],[107.37193310502198,11.770171528905628],[107.3731385491121,11.770677930337694],[107.37398541187375,11.770942096824834],[107.37452709911832,11.770989780765731],[107.37516796827038,11.77076566797386],[107.37590801920419,11.77077043586001],[107.3769074702305,11.770981197703968],[107.37786114432265,11.770888692303647],[107.37902081193683,11.77098501250368],[107.3793031003789,11.77105653779373],[107.3796311641507,11.771262531408503],[107.37988293467174,11.771582966703136],[107.3800965570845,11.771746998138635],[107.38038647442994,11.771812802146217],[107.38349926797198,11.771980648570146],[107.38417828396824,11.772226696988952],[107.38491070531548,11.772891407227373],[107.38563549806196,11.77305830037053],[107.38684857142152,11.773036365626286],[107.38762676920396,11.772548084126013],[107.38854992674048,11.771593456045403],[107.3885880739116,11.771272068451905],[107.38811505133997,11.770070438732603],[107.38803875710907,11.769568805051408],[107.3881074213903,11.769194965057778],[107.3884507447891,11.768610363283589],[107.38908398441939,11.767861727840394],[107.38969433503584,11.76728952410706],[107.39069378637292,11.766805057388394],[107.39122784469033,11.76663434881027],[107.39177716079536,11.766422633657788],[107.39268505854955,11.765938166605938],[107.39311230430818,11.765822772845834],[107.39509594721947,11.765939120972623],[107.39602673365764,11.766056423221334],[107.39674389646638,11.766056423001581],[107.39739239472652,11.765673046091186],[107.39788067674387,11.765239123483147],[107.39867413388602,11.764140490249723],[107.3992768552584,11.762689951579208],[107.40037548830851,11.758328799023106],[107.40079510426258,11.757407548828217],[107.40129101532692,11.756540660253458],[107.40190136710677,11.755889299703849],[107.40261089968192,11.755245569640016],[107.40374768021616,11.754792573803542],[107.40512097072092,11.754529360295678],[107.4086838981708,11.754193666804126],[107.40968334887418,11.753980997473695],[107.41085064569931,11.753468874490911],[107.41143048017774,11.753117921266405],[107.41175091524342,11.75244367415034],[107.41244518976836,11.751574876206929],[107.41287243569204,11.75080621581677],[107.41335308846415,11.750237825519614],[107.41374218675878,11.749850633525483],[107.41552746530932,11.7491344241361],[107.41618359258142,11.748980881857982],[107.41664898575723,11.748921754005831],[107.41707623218625,11.749002817211723],[107.41792309528283,11.749521616495706],[107.41927349844669,11.75100553342248],[107.42106640666175,11.753312471100385],[107.42159283468347,11.753825548102203],[107.42324078314712,11.75458085814048],[107.42364514117604,11.754850748184243],[107.42488873286379,11.755806328964749],[107.42620098910766,11.75790632022928],[107.42743695058533,11.760077836629636],[107.42777264372013,11.760333421194956],[107.428779723863,11.760692955925334],[107.43132794198245,11.761444452175255],[107.43196881105884,11.761832597265151],[107.43240368662416,11.762168291209406],[107.4327088634529,11.76251924280218],[107.4328309333408,11.762950303561894],[107.43279278570462,11.763553026017908],[107.43252575753387,11.764831902693718],[107.43252575751697,11.765509012347644],[107.43263256963613,11.76580941860778],[107.43300640957285,11.765973450736075],[107.4339982301353,11.765990617341023],[107.43467724651201,11.765801790230505],[107.43627941883669,11.764676454178788],[107.43695080606375,11.763808609775785],[107.43865216117129,11.762271286810815],[107.43910229516334,11.762030961893487],[107.43943035903021,11.761936547826366],[107.44058239804532,11.762065293403849],[107.44111645504478,11.76203096176318],[107.44171154865431,11.761790635465763],[107.44388592584075,11.76039827043701],[107.44470227148747,11.760012032112776],[107.4473267827588,11.758955361304539],[107.44799816933424,11.758560539763932],[107.44872296215279,11.758302094194734],[107.45050823983591,11.757942559245006],[107.45375073349337,11.757581115875675],[107.45445263693989,11.757637382932346],[107.45536053556927,11.757879615749335],[107.45802319447695,11.759191871394885],[107.4600144665266,11.759977699527418],[107.46193707316849,11.760535598110755],[107.46298230093996,11.761008621000961],[107.46454632684674,11.761945129751572],[107.46529400748652,11.762554527668739],[107.4658128060345,11.763044715062406],[107.46694958594549,11.764367462774125],[107.46730053802328,11.764856697253622],[107.46868145923924,11.76632630959086],[107.47058880745122,11.768009544016296],[107.47218335119211,11.769762397500996],[107.47333539020848,11.770716072204616],[107.47361004830822,11.771050810881],[107.47540295591229,11.77424657470195],[107.47590649572753,11.775534988533167],[107.47747815164479,11.777708412391167],[107.47768414520598,11.778413177535475],[107.47779095673769,11.778953910205061],[107.47779858607052,11.779590011461018],[107.47763836865926,11.780516982299098],[107.47763074023555,11.78099858862563],[107.47772229182848,11.782269836409313],[107.47770703429565,11.782553077311679],[107.47730267617571,11.783489585383078],[107.47716534741305,11.784134269403841],[107.4773789703375,11.78576600642971],[107.47760022198295,11.78654515838438],[107.47800458001309,11.787544609832713],[107.47903454867394,11.789296509039154],[107.47956097603479,11.790069939220494],[107.48027051073554,11.790972114491163],[107.4811478914305,11.791900039860092],[107.48270428760439,11.792879463389495],[107.48341382204809,11.793368698799917],[107.48548901650813,11.794202209346045],[107.48791516418173,11.794992805354887],[107.4908829985536,11.795827270418815],[107.4914399451965,11.7960494762625],[107.49324811111428,11.797234893081203],[107.49391949790991,11.797595382784488],[107.49475110213136,11.797801375971996],[107.49681866801195,11.79799020287249],[107.50031293165112,11.798112273836788],[107.50139630491407,11.798300147312839],[107.50233471991801,11.79864347009208],[107.50296033020209,11.799029707971329],[107.50350201698836,11.79955422865093],[107.50379956425616,11.800052047405625],[107.50440991549829,11.801426291623267],[107.50555432548364,11.803024649668506],[107.50649274066417,11.803772331369172],[107.50713360968501,11.803986906917643],[107.50789654978699,11.803961157927807],[107.5085755660542,11.80375516508222],[107.50932324683825,11.803222060643492],[107.50961316382221,11.802628875223142],[107.50955212787036,11.80197656171963],[107.50921643505406,11.8010829689772],[107.50812543188535,11.799038290430305],[107.50816357847327,11.798677802586218],[107.50838483018067,11.798411726654512],[107.508705265524,11.798291563882797],[107.51073468355139,11.797955870532562],[107.51121533532006,11.79800736874194],[107.51598370808696,11.799631476506793],[107.51651013574126,11.799725890544295],[107.51754773333286,11.799700140138587],[107.51938641776086,11.799502730149758],[107.52139294878327,11.799055457226864],[107.52211774076035,11.79904687276523],[107.52728284075609,11.799468397453325],[107.52805341032688,11.79945981424992],[107.52837384449545,11.799373983684042],[107.53004468161282,11.798488973316319],[107.53028882307196,11.798401235478957],[107.5311738317602,11.798614858770758],[107.53138745533604,11.798753141353071],[107.53165448385815,11.798788427600352],[107.53388989690455,11.798309682086574],[107.53585828144715,11.797718404325725],[107.53716290732855,11.797027944247619],[107.53938306113359,11.795430539408295],[107.53998578254203,11.794932720838874],[107.54099286317712,11.7937635168413],[107.54170239710963,11.793177006832675],[107.5424348189767,11.792874692155708],[107.54292310016828,11.792320607900951],[107.54317486978712,11.791603443406128],[107.54319012853888,11.791150448672864],[107.54308331634923,11.790447590413052],[107.54332745799115,11.790052770119566],[107.54374707500446,11.789735195512941],[107.54437268487197,11.789580700347127],[107.54537976499817,11.789580700685283],[107.54808057103442,11.790035603071843],[107.54978192623368,11.790637370993547],[107.55242932613918,11.79175412469577],[107.55287946013507,11.792028782542745],[107.5539780932871,11.793179867394043],[107.5547181441613,11.794253704058498],[107.55496228527569,11.794803021621098],[107.55522168387972,11.796264050813594],[107.5553513847167,11.796684620236789],[107.55564893072903,11.797157643399622],[107.55677808093587,11.798653004685855],[107.55767834973243,11.800043461804714],[107.55854047209992,11.801160214700456],[107.55924237587266,11.802045224034604],[107.56015027376988,11.802913067814377],[107.56069196098971,11.80361687944368],[107.56111157745781,11.804355976782439],[107.56136334825372,11.804923413128153],[107.56179822249229,11.80542981476979],[107.56307996103683,11.806616185603492],[107.56475842787036,11.808066723806961],[107.56635297222353,11.809234974301],[107.56747449356668,11.809931156488725],[107.57023633354909,11.811477063149022],[107.57128156039123,11.81228577840665],[107.5730897279075,11.813874599971609],[107.57376874374975,11.814879772108736],[107.57526410506107,11.816648838075043],[107.57635510907836,11.818933842726507],[107.57684338971926,11.819741604670085],[107.57781995343224,11.820961354145151],[107.57826245678217,11.821339009663438],[107.57888043806436,11.821597454606204],[107.57984174242199,11.821580288132155],[107.58117688592709,11.82175195029855],[107.58194745498713,11.822000859277802],[107.58486951295319,11.823315021985039],[107.58554090060296,11.823676464305308],[107.58617414083879,11.824303028262282],[107.58779157132611,11.826115962649762],[107.58817304199438,11.826459285632131],[107.5886308059121,11.826613780937599],[107.58921826885368,11.826562283312496],[107.59148419900806,11.825849887578602],[107.59188092773387,11.825814601686064],[107.5923005432724,11.825918552644875],[107.59492505587772,11.82842671559009],[107.59715283928777,11.829895374681923],[107.59928907021346,11.831209537965176],[107.6013032300262,11.83284222761078],[107.602653633391,11.834267970628392],[107.60292066252414,11.834637996946304],[107.60543836206861,11.838014004014177],[107.60598767833959,11.83834016044216],[107.60665143690967,11.838405010804902],[107.60755170451102,11.838241932004484],[107.60812390970754,11.837961551159538],[107.6084290847442,11.837867137528688],[107.60865033748009,11.837927219082081],[107.60897840171393,11.83819901676114],[107.61015332861183,11.839559909402983],[107.61043561537248,11.839774486914349],[107.61078656813336,11.83980881875547],[107.61127484926794,11.83957707523551],[107.61196149453416,11.839182254630021],[107.61343396753752,11.837944385099064],[107.61391462003857,11.837704059112632],[107.61449445342687,11.83759629424055],[107.61612714469345,11.837674495301739],[107.61792768175795,11.837918635798859],[107.61880506178964,11.83841740741956],[107.61948407821677,11.839069720864348],[107.6198884361373,11.839611408163684],[107.62086499882894,11.842721339252458],[107.62092603424553,11.84344231742289],[107.62091840384939,11.844095584287494],[107.62056745184294,11.845263835357926],[107.62031568175796,11.845814105340004],[107.62032331183906,11.846260425084758],[107.62043775235443,11.846680995177435],[107.6206513765929,11.847136852078476],[107.62188733721571,11.848540660720868],[107.62434400285167,11.850770351272727],[107.62527478939704,11.85186993739903],[107.62610639330511,11.85324608967109],[107.62615216924304,11.853560802073856],[107.62602246978534,11.853838321114864],[107.62592328736143,11.855230685495348],[107.6260529877606,11.855450031658032],[107.62652600976256,11.855841037777372],[107.62706006759811,11.8561195101422],[107.6272584319017,11.856525775125656],[107.62726606201973,11.857187625765288],[107.62707532700009,11.857745525720228],[107.62651838119666,11.858827945400098],[107.62638105193433,11.859498378876467],[107.62632001668638,11.86018597775968],[107.62648023408481,11.860941287446993],[107.62698377406088,11.862066623731865],[107.62772382477426,11.86315762635467],[107.6292802218969,11.864764568696929],[107.63021863731721,11.86559712535447],[107.63137067601212,11.86617314537998],[107.63253797385022,11.866653796171843],[107.63341535449608,11.86686074491979],[107.63415540571226,11.866852161104696],[107.63486493996614,11.866757747231302],[107.63658918237267,11.865915653480254],[107.6373444925149,11.865658160227532],[107.63834394278497,11.865476009347164],[107.63909925246926,11.865497943207664],[107.64003003949061,11.865675327388258],[107.64093793739718,11.866181727932679],[107.64157880688339,11.866783496183405],[107.64252485175132,11.868209239548083],[107.64357770791119,11.869523401861368],[107.64540876285733,11.871662494536322],[107.64643873097246,11.872640963986731],[107.64907850248912,11.874489184817083],[107.64984907034336,11.874909755068467],[107.65388502030014,11.876155253568736],[107.65455640701408,11.876326914905285],[107.65505994703108,11.87630974904103],[107.6558686632356,11.876095172097353],[107.65789808247303,11.875407572288298],[107.65872205641556,11.875313158635079],[107.65930189060242,11.875501986614882],[107.65981306029668,11.875820514067374],[107.66017164124645,11.876481409403556],[107.66033185902717,11.877254839522626],[107.66026319457744,11.878062602082915],[107.65972913662542,11.879874582498301],[107.65946210740232,11.880622264029684],[107.65941633218799,11.881138201709627],[107.65949262587858,11.88168751766712],[107.66005720119621,11.88308751203298],[107.66089643464437,11.884934779150898],[107.661369457419,11.885855074815915],[107.66181196178853,11.886475917230959],[107.6621537098479,11.886747762225836],[107.66231550187527,11.886876460226915],[107.66271223147233,11.887093897751779],[107.66474165048963,11.887832041809046],[107.66510023096932,11.887905474618723],[107.66567243616718,11.887935991481523],[107.66630567513417,11.88781487549638],[107.66659559232359,11.887649889643544],[107.66769422486743,11.886866923530732],[107.66818250604757,11.88642823280933],[107.66841138825275,11.886276598931037],[107.66874708223143,11.886148806304718],[107.66952528003954,11.88598000558094],[107.6709596063326,11.88578068823481],[107.67218030929443,11.885643358268624],[107.6725846670317,11.885646219087587],[107.67298902499525,11.885723467857476],[107.67344678977362,11.88588940621332],[107.67475141518658,11.886708613719069],[107.67531599030954,11.887130137150038],[107.67550672522471,11.887325640616698],[107.67592634224457,11.888010378379795],[107.67628492383481,11.888428087196923],[107.67651380520476,11.888617868911956],[107.67730252259697,11.889020443081884],[107.67742933347553,11.889085168898271],[107.6775437741551,11.889190072961814],[107.67768110318622,11.889416094292574],[107.67782606198557,11.889787072919608],[107.67784894974878,11.890031214131819],[107.67771925081733,11.890520449392204],[107.67742170362244,11.890971537830419],[107.67661298799594,11.891562815524933],[107.67471326872258,11.892837877570337],[107.67282117900892,11.893946048067358],[107.6720734991611,11.894599315136169],[107.67178358199324,11.895037050975107],[107.6716538816572,11.895484324455467],[107.67175306353008,11.895913477482452],[107.67194379905487,11.896419878583263],[107.67551435648059,11.900801059063811],[107.67587293695749,11.901608821076126],[107.67601789616887,11.902399416509803],[107.67604841351533,11.903516169740366],[107.675911084452,11.904787417589583],[107.67546095062933,11.906024332919609],[107.67540754399197,11.906376238760902],[107.67539991578771,11.90730416440274],[107.67530073303082,11.907691356075631],[107.67505659223873,11.908077594285945],[107.67304243246105,11.910319682440534],[107.6727830325401,11.910766002200964],[107.67269910913963,11.911204692579956],[107.67273725623305,11.911685344697872],[107.6733476088705,11.91320168610466],[107.67359937835555,11.913518306227164],[107.67455305298722,11.913927432560225],[107.67704786456477,11.914460536712733],[107.6797791882884,11.914692279459981],[107.68341078017589,11.915371295023219],[107.68489088232049,11.915903445472694],[107.68592848030173,11.916496631292183],[107.68858350905089,11.919494029260566],[107.68891157373871,11.919812556418451],[107.68938459593433,11.919949885719106],[107.69013227781429,11.919898386533077],[107.6933976577296,11.918317194690381],[107.69432081393789,11.918094034447472],[107.69836439342635,11.917277689267289],[107.69886030456176,11.917123194418611],[107.70069135965075,11.915920611083198],[107.70133985751743,11.915714617109545],[107.70185865678641,11.915783282484881],[107.70226301479032,11.915989275418765],[107.70275892407486,11.916401262395102],[107.70536054913192,11.920447703024514],[107.70590223585194,11.921109552843587],[107.70655836391339,11.92160737171225],[107.7073213031385,11.921942110145192],[107.70923628096777,11.922389384470161],[107.70986189202927,11.922406550322984],[107.71047224258882,11.922329302301327],[107.71108259464877,11.922131891407606],[107.71475233408293,11.920387620588004],[107.720214979603,11.918411607817376],[107.72067274423719,11.918094033227476],[107.72239698717468,11.916341180641956],[107.72293867419691,11.916057938882409],[107.72349562001638,11.915834779518187],[107.72528852771592,11.915594452989941],[107.72731794557859,11.915431374674766],[107.72809614453787,11.915318840936788],[107.72867597933035,11.9151128465561],[107.72913374225969,11.914735191533053],[107.73172010708215,11.910654419456627],[107.73202528309892,11.910062187897179],[107.73282636883478,11.907395714045],[107.73373426696136,11.904099815449127],[107.73380293119108,11.903335921895096],[107.73367323121639,11.902759903139248],[107.73353590259647,11.902356499211365],[107.73313154479091,11.901823395550474],[107.73105634891034,11.89998566459973],[107.7306138444141,11.899787300351832],[107.73007215720389,11.899684303182658],[107.72967542860162,11.899684303644776],[107.72606672558139,11.900260323661769],[107.72535719133556,11.900251740188992],[107.7241670065293,11.899675720099314],[107.72377790584594,11.89922081875253],[107.72344221282327,11.898395889677204],[107.72334303122705,11.897992485818145],[107.72338880697916,11.897536629543763],[107.7237550178184,11.896978729770975],[107.72587599031945,11.895260208069573],[107.72651685899577,11.894530647327546],[107.72686781106763,11.89363705542259],[107.7269593634849,11.892168395855723],[107.72657789326158,11.888611191141873],[107.72662367074209,11.88800179334574],[107.726837293677,11.887374275331169],[107.7274705328918,11.886463515977645],[107.72915662927934,11.884866111358546],[107.73133100659854,11.88298451128105],[107.7324983032545,11.881876341981],[107.73277296277415,11.881249778724179],[107.73284925496618,11.880579345185565],[107.73278059145127,11.87994324418181],[107.73248304526994,11.87939392807949],[107.73206342841087,11.878766410382518],[107.7314149288938,11.878277175226835],[107.73086561283498,11.87801968294696],[107.72845472433384,11.877272002235495],[107.72716535703732,11.876550071110662],[107.72638715835832,11.87600075433545],[107.72613538795437,11.875700347912716],[107.72608198273814,11.875210158153783],[107.72613538812634,11.874781005550396],[107.72722639173507,11.87297665286263],[107.72724927985725,11.872607581479382],[107.72695173387406,11.871671072844151],[107.72686018048906,11.871120803471852],[107.7268906980658,11.870571487430414],[107.72708906259192,11.870090835238221],[107.72747053160583,11.869763724413932],[107.72895063439476,11.86911999385077],[107.7292558103724,11.869059913459868],[107.72967542705383,11.869111411388122],[107.73012556178006,11.86928307338268],[107.73056043693187,11.869574897354626],[107.73174299235703,11.870691648954633],[107.7320329094517,11.871009222702288],[107.73229993867949,11.871465079356037],[107.73365797126343,11.874162069820276],[107.7339707764732,11.874506346900183],[107.73419965816589,11.874678007943196],[107.73458875742544,11.874660841652396],[107.73513807415424,11.874333732068934],[107.73717512175497,11.872959486485927],[107.74304212676128,11.869308821739645],[107.74461378183443,11.86837231325673],[107.74594892630779,11.867650381398626],[107.747284069927,11.867058149183045],[107.74796308571047,11.866834990297862],[107.74870313728431,11.866645208288508],[107.75135816728444,11.866493574028782],[107.75244154088894,11.866258017283318],[107.7528993044186,11.865961423505928],[107.75326551478464,11.865468373428333],[107.75403608417611,11.863935819779147],[107.75485242911739,11.863032689263282],[107.75581373292968,11.862410893882153],[107.75763715768764,11.8614228870647],[107.76068891545287,11.859876026889296],[107.76105512643159,11.859481206364196],[107.76115430844193,11.859094968454842],[107.76110090291486,11.857488027111641],[107.76127637943506,11.85717045277147],[107.76169599545875,11.85684429558883],[107.76275648169901,11.856311191839062],[107.76578535212808,11.855142940830255],[107.76718153088316,11.85480820193449],[107.76766218258193,11.854627956797243],[107.76813520480319,11.854283680459053],[107.76873029772983,11.853631367352975],[107.7690431026072,11.853227009151746],[107.77075208801052,11.850186694934234],[107.77110303936335,11.849708904644876],[107.77177442560648,11.849266398854626],[107.77241529531418,11.848991740778429],[107.77301038725349,11.848880161160917],[107.77337659897887,11.848880161085978],[107.7737809566158,11.8490432404165],[107.774246349365,11.849370350205241],[107.77497877165418,11.850091328396555],[107.77697767284221,11.851827014710478],[107.77732099602372,11.85207592371302],[107.77795423607282,11.85229908392176],[107.7815247926166,11.853046764257993],[107.78195966769707,11.85323559187832],[107.78228010281194,11.853494037958221],[107.78461469683096,11.856903422695286],[107.7863160528304,11.858948100959935],[107.78685773972603,11.859275211200538],[107.78760542066196,11.859506954032884],[107.79183210552193,11.860349048999508],[107.79371656605599,11.860486377407412],[107.79470075729945,11.860340464979773],[107.79725660424003,11.859599460866448],[107.79847730808606,11.85937630067701],[107.80003370479363,11.859291422981233],[107.80102552568688,11.85939155884619],[107.80222334115328,11.859808314520603],[107.80348981970818,11.860101092499463],[107.80586256195325,11.860386241302663],[107.80654920825992,11.860509264731897],[107.80868543821104,11.861049044168132],[107.80911268357167,11.861257899285333],[107.80957807687906,11.861712802360065],[107.8103639050284,11.863038409255894],[107.81050123375248,11.863540041898247],[107.81069959839611,11.864835131846707],[107.81083692698132,11.865243303829706],[107.81120313785028,11.865907060877758],[107.8116914199796,11.866516459285855],[107.81266798276117,11.867341387923473],[107.81310285836118,11.86757217672593],[107.81366743341918,11.86771141315965],[107.81421674969481,11.867703784218707],[107.81526960597915,11.867410051663322],[107.8162766866477,11.867047656118379],[107.81695570254584,11.866585123665041],[107.81770338285925,11.865737306692765],[107.81912245035515,11.863870966735233],[107.81954206753426,11.863485681537489],[107.82061781158667,11.862907755501968],[107.82113661001448,11.862799990790332],[107.82193006772374,11.862753259010686],[107.8225327897903,11.862838136288746],[107.82306684757178,11.863038408677246],[107.82346357516063,11.863338816001551],[107.82378401084827,11.863794672705849],[107.82402052153607,11.864333498581303],[107.82415785023812,11.865089762712065],[107.82407392782899,11.867110597645473],[107.82417310924414,11.868078577503429],[107.82436384444043,11.868919718968064],[107.82547010689233,11.871665346419023],[107.82585157674855,11.873013841826658],[107.82650770473907,11.87426792368173],[107.82740797274926,11.875394213544608],[107.8282624647513,11.87615619897884],[107.82971205028262,11.876901972677754],[107.83078779508665,11.877298700527565],[107.83243574442311,11.877410280856376],[107.83497633368201,11.87710891943128],[107.83692945816952,11.876775133624596],[107.83776869136075,11.876077043366882],[107.83842481893184,11.874473917297731],[107.83855451951463,11.870859491291936],[107.83876814187506,11.870212899967067],[107.83930219942039,11.869642602879088],[107.84069074940147,11.869088517735918],[107.84181227051756,11.86892639253759],[107.84351362486444,11.868788110622335],[107.84496321008285,11.868810998761072],[107.84655775410985,11.869064675412572],[107.84868635534127,11.869973527019653],[107.84921278377033,11.870381699729135],[107.84976972962698,11.870998727462727],[107.85093702615511,11.872746812174581],[107.85163130132686,11.873478280372764],[107.85231031727095,11.873855935383798],[107.85308851576254,11.874171601840702],[107.85389723201854,11.874271737293835],[107.85495771724894,11.874141083119175],[107.8571320947484,11.873393403112262],[107.8582536158262,11.872892723759893],[107.85873426755158,11.872824059274448],[107.85912336692145,11.872900352890252],[107.86048902896319,11.873478279791813],[107.8611298974134,11.873555526920915],[107.86212171908096,11.873540269180445],[107.86298384082404,11.873408661542465],[107.86531080618552,11.872554168999486],[107.8657380514687,11.87243877472214],[107.86669172651725,11.872338638757112],[107.86705030744984,11.872376785910571],[107.86743177747229,11.872531281094881],[107.86806501767747,11.873008117899142],[107.86878980947715,11.873693809652796],[107.86956800774749,11.874225960240159],[107.86994947826983,11.874394760178893],[107.87039198300494,11.87443386125565],[107.87117781139594,11.874241218314882],[107.87440504467841,11.873263702042701],[107.87782301277062,11.872104034078994],[107.87819685438618,11.872077331380456],[107.87863935941822,11.872110709804295],[107.88133253514725,11.872616156642005],[107.8825303500599,11.873248443307567],[107.88315596015418,11.873405800131485],[107.88373579387394,11.873685225935446],[107.88401045226412,11.873733864304734],[107.8843156277911,11.873653754604305],[107.8849107216806,11.873105391870716],[107.88513197296646,11.872933730626096],[107.8853532261124,11.872843132007466],[107.8856278837901,11.872825966227794],[107.88588728364623,11.87287746390218],[107.88642896999187,11.873064383926758],[107.88704695170824,11.873374327853863],[107.88731398047099,11.87340580000487],[107.88751234392821,11.87334381044924],[107.88861860760898,11.872735366666387],[107.88916029422823,11.872384413613432],[107.88974012782678,11.871688231517622],[107.89022840891936,11.871353491568838],[107.89090742560631,11.87108646336266],[107.89225019859178,11.871034964621051],[107.89296736259614,11.870863302927345],[107.89358534223186,11.870661124598458],[107.89359402455835,11.870657124936937],[107.89443220505952,11.870271070864408],[107.89595045560662,11.869317397382796],[107.89669050581799,11.868775709896335],[107.89719404613207,11.868252142655178],[107.89765943955486,11.867081984296476],[107.89792646778942,11.865927084793269],[107.89828505025055,11.863987310462553],[107.89836134291599,11.860088689558827],[107.89887251292392,11.858414991624942],[107.89971174530577,11.85659251977894],[107.8998032984114,11.856100423392014],[107.89992536843839,11.854946478405575],[107.90021528511441,11.853238447220392],[107.90043653865649,11.852671964081777],[107.90112318336276,11.851281506974411],[107.90122236549108,11.850910528000544],[107.90121473647406,11.850349767509403],[107.90107740781988,11.849769933196358],[107.90020002695215,11.848433836465052],[107.89924635203379,11.8472522334923],[107.89865888921622,11.846679075537581],[107.89780439678994,11.846165997965654],[107.8965531763168,11.845545156288857],[107.89569105435218,11.845301969163303],[107.8940125879447,11.845085485035582],[107.89265455476267,11.844977719944309],[107.8918076927548,11.844701154178097],[107.89115919397366,11.844336851814298],[107.89084638856446,11.844025953250945],[107.8906785418642,11.84371600963193],[107.89061750715972,11.843371732584872],[107.89065565349352,11.842913015326682],[107.89084638898869,11.842102392023149],[107.89111341816097,11.841610296385868],[107.8920060570278,11.840415342195161],[107.89229597345225,11.839948041996955],[107.89247144968351,11.839281422969515],[107.89249433763,11.837738378216148],[107.89237989619696,11.837175710143626],[107.89208997973847,11.836729390650406],[107.89068617160262,11.835727078860153],[107.89032758978227,11.835323674751931],[107.89019026007708,11.834884030747487],[107.88980879065797,11.831999165859678],[107.88983930828343,11.83128963169153],[107.89022840700612,11.829876286595525],[107.89070905940625,11.829173428747827],[107.89180769217457,11.828322751887763],[107.89270033073359,11.827869755542201],[107.89353193506489,11.82769237254117],[107.89431013283547,11.827656132243403],[107.89577497728474,11.827680928876388],[107.89649976934254,11.827625615463894],[107.89716352754408,11.827484471396144],[107.8977738781401,11.827227933127602],[107.89833082435128,11.826848370168824],[107.89856733491159,11.826396328871699],[107.89868177646632,11.825869900618933],[107.89865125796145,11.825405461416851],[107.89850630033472,11.825117451362582],[107.89823164251375,11.824836117253387],[107.89768995542173,11.824585301688607],[107.89713300943897,11.824585301168044],[107.89357008170674,11.82612643982918],[107.89316572382556,11.826181752768345],[107.89239515506043,11.826169354212258],[107.89148725747216,11.826084477345539],[107.89047254758187,11.825925213526956],[107.89019788915763,11.82576595109167],[107.88990797166583,11.825441701770435],[107.88948072602712,11.824255330387727],[107.88901533238123,11.823135716610103],[107.8883973517575,11.8223775452777],[107.88813795266047,11.821813923962463],[107.88806165879959,11.82138572416121],[107.88806165858394,11.82100711535292],[107.88818372890053,11.820695263388673],[107.88846601672658,11.820364338271721],[107.88994611898416,11.819441182600874],[107.89168562098865,11.818205220430011],[107.89259351819474,11.817336423404763],[107.89475263735245,11.814589839552069],[107.8954011355569,11.813880306730406],[107.89591993414685,11.813575130668635],[107.89651502722056,11.813367230139873],[107.8970414552589,11.813048702481263],[107.89771284205878,11.812235218299135],[107.89788831817579,11.811751705781573],[107.89798750035857,11.810981136455538],[107.8980027594775,11.810277325081417],[107.89808668235338,11.809825283548252],[107.89823927021213,11.809311252499109],[107.89864362852998,11.8085893211031],[107.89894117471898,11.808194500875251],[107.89984907189476,11.807537418651796],[107.90176405035903,11.806528429897854],[107.90234388442443,11.80613647064959],[107.9033509638598,11.8053353840371],[107.90489973194973,11.803995470964438],[107.90552534242617,11.803597789271661],[107.90659345747913,11.803072315235907],[107.90812696531583,11.80250869293005],[107.90850080592179,11.802472454277734],[107.90961469708293,11.802588801937354],[107.90993513185693,11.802558283399705],[107.9106446662481,11.802313189487514],[107.91111768829617,11.802196841823251],[107.91195692229469,11.802209238283199],[107.91345991207054,11.802356104377496],[107.91385664167483,11.80230746761242],[107.91429914654202,11.802178721920544],[107.91517652657231,11.801383357634453],[107.91550459016513,11.8011201428047],[107.91577161947299,11.800979952433295],[107.91835798405833,11.800814967446875],[107.91873182404471,11.80058227049384],[107.918975964007,11.79995856751741],[107.91920484618592,11.798302988296017],[107.91930402863532,11.797932009066185],[107.91962446325971,11.79747519900904],[107.92018903865092,11.797158578978287],[107.92075361306831,11.796976427944635],[107.9212876710396,11.796880105837172],[107.92160047630918,11.796882966794563],[107.92252363309804,11.797090867538916],[107.92276014462789,11.797036509028763],[107.92309583823534,11.796816209558667],[107.92338575518082,11.796708445038705],[107.92379011212516,11.796726564617886],[107.9242402468279,11.796903947921098],[107.92465223434841,11.797178605466975],[107.92495741002197,11.79748950404536],[107.9251176275975,11.797845224446709],[107.92514814568584,11.798087458020472],[107.92509473958236,11.79848513972688],[107.92492689262949,11.798791270121443],[107.9239121834847,11.799695353304338],[107.92375959515867,11.799955705586958],[107.92371381870538,11.8003667403099],[107.92375959559126,11.800664286026622],[107.9238969245455,11.801011423718746],[107.92423261727812,11.801627497163876],[107.92430891118207,11.801869730256403],[107.92436231775565,11.80229411571544],[107.9243546883924,11.802874903520491],[107.92442335297349,11.80340037824157],[107.92524732774123,11.80618606025636],[107.92540754505991,11.806423525612503],[107.92559827994907,11.806556086257887],[107.92601789661438,11.806665759402144],[107.92671980123399,11.807250361106753],[107.92734541078404,11.808059076895425],[107.92771925170457,11.808913568774612],[107.92800916940772,11.810032229000683],[107.92826093911093,11.81067214431239],[107.92879499565842,11.811443666882951],[107.9291917254083,11.811772684965952],[107.92994703487918,11.812289576127238],[107.93089308012722,11.813239436531607],[107.93125929141178,11.81344352214997],[107.93162550258715,11.813514094206308],[107.93190016035858,11.813422541297625],[107.93225874104712,11.812852244499554],[107.93238844146636,11.811803202144299],[107.93235029448493,11.811155657052577],[107.93198408281008,11.810022692380748],[107.93202223052926,11.80964217587245],[107.93219007732174,11.8094237845763],[107.93242658776879,11.80933413856155],[107.93302168085673,11.809380868975506],[107.93345655635453,11.809491495842794],[107.93397535500714,11.809832910810378],[107.93536390524066,11.811020236344746],[107.9360505500129,11.811460832865984],[107.9363480972525,11.81156859784184],[107.93661512664882,11.81160102281303],[107.93778242294859,11.811436038176517],[107.93822492804244,11.811464647670997],[107.93856825088463,11.811539987761929],[107.9388047621873,11.811698298051626],[107.93965925427638,11.812784532493966],[107.94007124153205,11.81355605561776],[107.94011701854919,11.813922266157586],[107.94007124134377,11.814237932624343],[107.93966688341877,11.814980844916608],[107.93882002117016,11.81630740616372],[107.93873609783758,11.816702227300448],[107.93877424436153,11.816964487537456],[107.93888105705228,11.817150453967571],[107.9399491715214,11.818202357175181],[107.94020094130265,11.818388322805841],[107.94054426438221,11.818524699217582],[107.94094099283714,11.818575243330024],[107.94123853999919,11.818532327907125],[107.94289411730077,11.8180230658371],[107.94325270001184,11.818001131544548],[107.94357313344815,11.8180402318988],[107.94458021513206,11.818367341581585],[107.94479383799741,11.818485597985815],[107.9449693134349,11.818636278382487],[107.94514479002036,11.818919520021964],[107.94520582477442,11.81929240709603],[107.94518293721778,11.819754938558143],[107.94505323685753,11.820350985061356],[107.94503034880908,11.820745806111345],[107.94507612533165,11.821086268238957],[107.94526686023511,11.821713786263457],[107.94545759476782,11.822126726727607],[107.94565595882891,11.822409967498842],[107.94628156940465,11.822930674128049],[107.9466477797837,11.82313094557275],[107.94721235628465,11.82331786554371],[107.94770063729554,11.823371271945351],[107.94805921771713,11.823332170932082],[107.94832624744673,11.823220590909724],[107.94912733425535,11.822330812498942],[107.9492570328592,11.822037080602236],[107.94932569778794,11.821369508653085],[107.94930280989539,11.821047166801058],[107.94889845208962,11.820178369983191],[107.9487840109556,11.819697717372051],[107.94855512847968,11.817911485434239],[107.94857801722755,11.81739840838733],[107.94863905201673,11.817100862263171],[107.9488450456119,11.816759447522339],[107.94905104019212,11.816638330312996],[107.94960798554298,11.816591600818137],[107.95002760144033,11.816623071696162],[107.95038618415033,11.816767076423222],[107.95096601798386,11.817272523761693],[107.95131696989978,11.817506174741546],[107.95166029258758,11.817653039714742],[107.95288099627088,11.817940095665639],[107.95484175002937,11.81866584268727],[107.95562757833967,11.818887094647051],[107.95636000020907,11.819023468993572],[107.95664228736715,11.819009164187142],[107.95697798108185,11.818933824208468],[107.95721449232943,11.818807939554441],[107.95750440896073,11.818453172000941],[107.9578019555213,11.817954400037952],[107.9580232076213,11.81770358373476],[107.95867933607713,11.81719718334676],[107.95890058768671,11.816946366591091],[107.95903028764312,11.816709854814045],[107.95918287614909,11.81617484397596],[107.959320205156,11.815461495847615],[107.95928205769613,11.81496940036331],[107.95916761687977,11.814779619187755],[107.95856489473621,11.81418071100318],[107.95828260674908,11.813836434902711],[107.95807661283244,11.81331954328478],[107.95799268965126,11.812871315630407],[107.95805372483898,11.812519410733154],[107.95803846577803,11.812164644298134],[107.95776380769752,11.811432222260478],[107.95774091932527,11.811034540062836],[107.95782484236068,11.81071124425405],[107.9579698019414,11.810452797791916],[107.95811476008092,11.81033454234403],[107.95907606328298,11.810015061377744],[107.95943464523735,11.809782364603004],[107.96042646633505,11.808849671491567],[107.96111311129489,11.80835089940281],[107.96147169382806,11.808020928784966],[107.96173109299471,11.807916977111423],[107.96203626906242,11.807909348847344],[107.96286024357092,11.808033326131424],[107.96347059437831,11.80795512466294],[107.96389021130616,11.807769158811752],[107.96520246796356,11.806725838393778],[107.9654160911275,11.806671479191582],[107.96596540632828,11.806701043576846],[107.96615614162299,11.806677201385137],[107.9663087301416,11.806569435513296],[107.96641554155767,11.80632911013586],[107.96645368886676,11.805399277095475],[107.96639265243601,11.805147507127511],[107.96627821225401,11.8049195794621],[107.9657288951228,11.804211952999932],[107.96565260172497,11.803881980927585],[107.9656373427945,11.803497649756006],[107.96586622482788,11.803078033860515],[107.96675886305837,11.802207329457094],[107.96796430844891,11.801457740558458],[107.96831526066097,11.801091529996114],[107.96849073644293,11.800768235306975],[107.96868147129761,11.800059654602476],[107.96877302398617,11.799381591735267],[107.96880354121487,11.798715926430232],[107.96893324131399,11.798307755225869],[107.96922315800762,11.797966339130275],[107.96974958644891,11.797641137143652],[107.9705888192861,11.797214843799514],[107.9712754649779,11.796808578597783],[107.97177900556555,11.796564437831911],[107.9730531145672,11.79623542042892],[107.97326673710712,11.796046592304009],[107.97367872457814,11.795017577361907],[107.97373212993863,11.794381477081824],[107.9734345844939,11.79303775071328],[107.97343458391258,11.79266676996896],[107.97361006055112,11.791862822916995],[107.97366346497797,11.791365959307146],[107.97362531839224,11.790552474182379],[107.97449506905721,11.790488577866764],[107.97467817499307,11.79051241989525],[107.97502149798675,11.79064879483684],[107.97535719145556,11.790552474230273],[107.97560133252952,11.790328360709532],[107.97585310212824,11.790199615439517],[107.97603620733614,11.790232040313306],[107.9766618181769,11.790544845282593],[107.97678388774692,11.790544845502728],[107.97701276977924,11.790424682356392],[107.97731031587439,11.790143347658036],[107.97801985006026,11.78987155092337],[107.9783021375104,11.789799071971153],[107.97853864904441,11.78979907209597],[107.97866834835234,11.789822912585437],[107.97884382406659,11.789935446588633],[107.97892774772788,11.790279722925245],[107.97890486060577,11.790721275083436],[107.97902693031551,11.790986395581795],[107.97928632918135,11.79131445994337],[107.9797517226067,11.79171595686093],[107.9802781512878,11.79237303897902],[107.98050703266753,11.792598105633093],[107.9811173848013,11.793977118834032],[107.98135389508452,11.794368125257373],[107.98178114166271,11.795625068265933],[107.98228468189,11.796547271220874],[107.98246015711257,11.796719885797879],[107.98278822152328,11.796909667143513],[107.983001844741,11.797089912137649],[107.98316206288888,11.797325469052662],[107.9833833143801,11.797831869828723],[107.98361219709109,11.798112250782486],[107.98397077764196,11.798419334488107],[107.98454298309115,11.798772192790732],[107.98478712396073,11.798988677253803],[107.98519148162717,11.799540854724562],[107.9852754043108,11.799748756340446],[107.98538984569377,11.79989371415876],[107.9857026509662,11.800101614990444],[107.98695387198923,11.8003724587651],[107.98894514373012,11.8005717771024],[107.98957075378408,11.800670959031576],[107.99005140560216,11.800639487672779],[107.99230970730642,11.800206519154791],[107.99369062711467,11.799989081504906],[107.99572767538666,11.799512244714471],[107.99630750854206,11.799556113398939],[107.99685682561896,11.799804068931072],[107.99760450702438,11.800353384287723],[107.99976362554486,11.802189207426343],[108.00077070550266,11.803122854176328],[108.00198377948179,11.804386473646451],[108.00356306445956,11.805779791075533],[108.00582899485408,11.806748724637503],[108.00708021572274,11.807138777354925],[108.00782789559372,11.807222699879995],[108.0098725738977,11.807116843117536],[108.01148237531507,11.806878423726886],[108.01219953866,11.806726790184781],[108.01295484840117,11.8062489990087],[108.01352705338424,11.80598769162416],[108.01477064494772,11.805572843913659],[108.01530470230911,11.805514670118354],[108.01647199983407,11.805565213764025],[108.01716627498776,11.80587897260524],[108.01731123416069,11.80602679280386],[108.01765455587797,11.806554174926003],[108.01801313795143,11.807183599563714],[108.018219131527,11.807415342594846],[108.0189515532727,11.80843768066562],[108.01936354055438,11.808736181604539],[108.019577163978,11.809006070882921],[108.01967634559361,11.80928740487093],[108.01969160508465,11.810941076617805],[108.0196534577829,11.811949109529799],[108.01980604629384,11.812257147108237],[108.02006544523242,11.812362050749673],[108.02063765061277,11.812355375806117],[108.02118696642275,11.81201014518669],[108.0215150305677,11.811668730030473],[108.02229322796987,11.811012601349493],[108.02265943890386,11.810757971107982],[108.02378858980981,11.810223912543448],[108.02339948977368,11.811451291537361],[108.02250685132083,11.812873220854494],[108.02207197619155,11.813696242357283],[108.02197279440537,11.814616536667426],[108.02202619972196,11.81534228403789],[108.0223466344075,11.817420339654786],[108.03891005162112,11.826218938411417],[108.05410017623791,11.835184430328255],[108.05912031822932,11.838504171576485],[108.05946364048168,11.838329648433126],[108.06063093822546,11.837597226309644],[108.06162275953133,11.837258671937047],[108.06298079159623,11.837074612631714],[108.06359114309134,11.836906766064129],[108.0643540823816,11.836443279666945],[108.0650407282578,11.83585391016542],[108.06562819101633,11.835090016515982],[108.06585707292169,11.834997509297086],[108.06598677290714,11.834894512707494],[108.06612410229313,11.8347199904109],[108.06637587269084,11.83406290868874],[108.06655134851808,11.833779667687459],[108.06671919513104,11.833728169911112],[108.06690992925854,11.83374152057196],[108.0681992970997,11.834658001777612],[108.06850447297487,11.834726666970488],[108.06883253775678,11.83463129820196],[108.06903853165724,11.834744785909505],[108.06922926542407,11.835051869681056],[108.06940474125935,11.835245464288278],[108.06981672944895,11.835431431475191],[108.06990828135739,11.835520123684468],[108.07019056955104,11.836077068962043],[108.07070936870997,11.836731289638545],[108.07085432693552,11.83725676477831],[108.07084669775563,11.837620115038339],[108.07093062078539,11.838869427602072],[108.07112898603368,11.839163159475419],[108.07131971924962,11.839314793628983],[108.07140364323149,11.839466427410027],[108.07158674853225,11.840286588042593],[108.07186903710884,11.840875958247882],[108.07216658261235,11.841282223956272],[108.07236494774628,11.841481541548509],[108.0724412411304,11.841672276614203],[108.07242598315868,11.842007015287919],[108.07245650009526,11.842182491493954],[108.07266249406437,11.842524861833825],[108.07289900445255,11.842819547155578],[108.07320418121229,11.843050335645513],[108.07345595094766,11.84377512904036],[108.07367720300849,11.844094608385738],[108.07377638595871,11.844369268096221],[108.07397474963537,11.844524716963468],[108.07431807329353,11.844658230425646],[108.07458510065544,11.844828939030117],[108.07476057725096,11.844984388066466],[108.07502760623635,11.845377300854835],[108.07530989405436,11.845504140110144],[108.07553877573231,11.845526074883798],[108.07570662188704,11.845604275332228],[108.07582869298827,11.845771169038349],[108.07593550408055,11.846112583288807],[108.07620253276393,11.846483563708315],[108.0763398624476,11.847030019051394],[108.07663740791355,11.84730563087014],[108.0769654722661,11.847428654395365],[108.07712569006475,11.847543095410071],[108.07721724210553,11.847922657874602],[108.07722487224594,11.8484757884265],[108.0773240540056,11.849045132918143],[108.07741560709339,11.84929404133932],[108.07775130073313,11.84964308686764],[108.07787337050608,11.850132321493197],[108.07796492314546,11.850312565573661],[108.07812514021516,11.850464200017464],[108.07826246917735,11.850910519681603],[108.07844557559102,11.851095532834114],[108.07891096824824,11.851204251954892],[108.07903303857074,11.85131392362813],[108.0791322200633,11.85144839191474],[108.0792237734549,11.851886128478949],[108.07942976736769,11.852365826843677],[108.07960524356488,11.852644299523872],[108.07992567835869,11.852988575817273],[108.08026137194764,11.853173588576338],[108.0807496526333,11.85330233507241],[108.08087935294598,11.853404377818851],[108.08106245753225,11.85400996112074],[108.0810548287783,11.854342793400503],[108.08120741648068,11.85475191950931],[108.08161940343693,11.854956960216601],[108.08185591504758,11.855264043099208],[108.08225264340128,11.85531458818646],[108.08275618346555,11.855856274800566],[108.08309187629065,11.856155728787988],[108.08340468188943,11.856361721395183],[108.08370985759618,11.856654499819172],[108.08387770466827,11.856934879758349],[108.08404555141024,11.85736498770942],[108.08419813892576,11.857589101115678],[108.08431257980075,11.857869480384503],[108.08430495100964,11.858087872822981],[108.0841676220846,11.858349178515919],[108.0841294750528,11.858576153810171],[108.08416762177332,11.858692501456698],[108.08426680379173,11.858738278806566],[108.0846024970736,11.858738279218846],[108.08470930848328,11.859053945037065],[108.08456434969963,11.859414433417548],[108.08454146214015,11.859603261065558],[108.08458723908471,11.860328053774671],[108.08475508473215,11.860550259948376],[108.08548750717664,11.860872601794613],[108.08661665785888,11.861797666252627],[108.08688368626117,11.861864422474257],[108.08731856233045,11.861758564706642],[108.08758559088501,11.861824368975293],[108.08889784604473,11.863759373584593],[108.0898438911546,11.864405010461198],[108.09026350834775,11.864622449032519],[108.09075178938404,11.865102146588558],[108.09082045472672,11.865220402652684],[108.09082045402737,11.865324353020855],[108.09068312544547,11.865552282242612],[108.09066786617237,11.865650509545217],[108.09069075444954,11.865734433054042],[108.09091200697225,11.8659661760089],[108.09098067128896,11.866095876026769],[108.09113325983814,11.866612766985371],[108.09130873588528,11.866850232015002],[108.09145369485944,11.86696848827373],[108.09206404514929,11.867361401524052],[108.09234633337041,11.867701864076901],[108.0924760337738,11.867788647622588],[108.09275069113764,11.867866849131044],[108.09338393021422,11.867823933802221],[108.09464278139025,11.868086193757636],[108.0947038168812,11.8681558114168],[108.09489455204695,11.868626927926249],[108.09529890850504,11.868845318387732],[108.09586422598954,11.869321866938522],[108.09609999540689,11.869489048682329],[108.09622206553978,11.869623516874373],[108.09665694150951,11.870437954408986],[108.096664571118,11.870863293687824],[108.09671034670764,11.870997761749363],[108.09710707610671,11.871663426576642],[108.09738936358683,11.871980045543898],[108.0974275105794,11.872183178354662],[108.09736647474686,11.872307156349077],[108.09738936342187,11.872547482401615],[108.09798445609074,11.873256062614232],[108.09989943404828,11.87583003004581],[108.10054793295947,11.87726244839857],[108.1012574672362,11.878299093047419],[108.10205855328797,11.879564617459584],[108.10241713504963,11.880214071219635],[108.10258498095033,11.880586957177316],[108.10285201049992,11.881553983181618],[108.1031037800517,11.882602070781838],[108.10327162717567,11.883759832157788],[108.103393697657,11.884045933818616],[108.10365309675197,11.885060642680187],[108.10358443273806,11.885303829647391],[108.1035996916384,11.885462139654331],[108.10363020861858,11.885565137163631],[108.10378279663365,11.885725353641236],[108.1037980554855,11.885794973137497],[108.10367598579039,11.885991430413554],[108.10368361449378,11.886038159730052],[108.10379042697974,11.886131620055814],[108.10392775574434,11.886157369160335],[108.10418715461992,11.886118267769094],[108.10427870747117,11.886140203218995],[108.10427870748117,11.886187885950886],[108.10401930809094,11.886503553292082],[108.10400404958654,11.886583660681065],[108.1040650850975,11.886727666021956],[108.10431685436812,11.887051914923777],[108.10440840808212,11.88729319549749],[108.10448470058219,11.887290334052075],[108.10451521876122,11.887235020701574],[108.10452284795663,11.886800144798991],[108.10456862467171,11.88654551409742],[108.1046601775741,11.886519764865247],[108.10492720566542,11.886608457027233],[108.10507979397487,11.886720036784014],[108.10507979363321,11.88723788235777],[108.10504164663183,11.887381887463436],[108.10484328320416,11.887628887717748],[108.10484328309109,11.887800550171724],[108.10491194822447,11.88785872444644],[108.10504164680847,11.887875890319288],[108.10520186504617,11.887842510705854],[108.10549941107162,11.887604092897359],[108.10565962822986,11.887586926791467],[108.10575118058628,11.887683248010589],[108.10581984551185,11.887893055719202],[108.1058808804864,11.888183927014978],[108.10586562179827,11.888610219151628],[108.10591902793838,11.888797138945598],[108.10601058028058,11.88892397768746],[108.106086873749,11.888984059949],[108.10620894473004,11.889005994518616],[108.10636916188255,11.888984059874952],[108.10651411985637,11.888916348651792],[108.10662856106124,11.888781881025237],[108.10672774267172,11.88876662230806],[108.10701765946251,11.888923978465048],[108.10709395382572,11.889028882065192],[108.107101583597,11.889335012343055],[108.10734572383193,11.889762258432018],[108.10781111760863,11.890326833255346],[108.10800185224872,11.890467023400506],[108.10829939884468,11.89328799226217],[108.10849776277608,11.893688535025937],[108.1092072975241,11.894424772411046],[108.10962691352822,11.895566320111614],[108.11134352726258,11.898371076602135],[108.11147322782976,11.899363851481716],[108.11140456251513,11.900476789533654],[108.11048140687004,11.90237936943731],[108.10945143762807,11.904174184481606],[108.10894789743014,11.904628133373333],[108.10775008284186,11.905154561913605],[108.10677352058616,11.906100607094237],[108.10582747613904,11.906674719232912],[108.10524001260812,11.906770086965421],[108.10380568559916,11.90656695379741],[108.102508689058,11.906566954390556],[108.10048689979742,11.907077170122715],[108.09593215075002,11.908502912982806],[108.09519972860035,11.909036017687004],[108.09455123078119,11.909740782506637],[108.09323897455599,11.9118751054766],[108.09239974172723,11.912288046555659],[108.09152236050242,11.912341452474637],[108.09121718503583,11.91219554043205],[108.09054579884057,11.911502220145234],[108.08995070527395,11.910436011690168],[108.0894166480036,11.910152769991864],[108.08942427711294,11.910437918309333],[108.08979811747179,11.910817481044536],[108.08994307621978,11.911106444546226],[108.08996596428338,11.911911345857288],[108.0897523415231,11.912183142457295],[108.08949294186202,11.912288046563235],[108.08873763197458,11.9122479924654],[108.08872237289235,11.912295676734846],[108.08879866703954,11.912512160897064],[108.08877577839665,11.912569380465719],[108.08843245605155,11.912610388796548],[108.08808913397353,11.912712431863502],[108.08787551048175,11.913049078506091],[108.08777632748091,11.913024283639867],[108.08763136954607,11.91280779981736],[108.08742537571366,11.91271529295037],[108.08731093471978,11.91260752785345],[108.08723464049552,11.912493087267242],[108.0871659768528,11.912251808167959],[108.08705153576437,11.912165977019631],[108.08678450681003,11.912066794953336],[108.08644118313025,11.91187319878348],[108.08638014831546,11.911866523131092],[108.08602156733994,11.912032461775194],[108.08585372057338,11.912016250356896],[108.08571639137452,11.911774970000566],[108.0856400979224,11.91140589776202],[108.08556380379913,11.911240913168696],[108.08518233344901,11.911129333322238],[108.0846406466604,11.91110835214994],[108.08444228234443,11.911164619085486],[108.08441939457344,11.91123042238868],[108.08453383529307,11.911523200076342],[108.08451094741085,11.911721564951135],[108.08459487043089,11.91216979218943],[108.08424391825025,11.912776327899802],[108.0844193944714,11.913054801422854],[108.08444228219258,11.9132712854972],[108.08441176472101,11.913420059156126],[108.08433547201852,11.913538313783661],[108.08400740795666,11.91385684098182],[108.08405318319308,11.914076186177553],[108.08436598897397,11.914814330013739],[108.08439650659288,11.915006972857052],[108.0843888768278,11.915083267188864],[108.08423628901232,11.915243484063879],[108.08410659002443,11.915486671227582],[108.08405318394405,11.916220045953978],[108.0838700775996,11.916927673385477],[108.08389296717307,11.917165138538861],[108.08398451885417,11.917460777033362],[108.08437361899053,11.917920448513499],[108.08475508754489,11.918453552534682],[108.08485426944884,11.918751098383844],[108.08483901150153,11.918849325961729],[108.08479323496694,11.918899871339846],[108.08425917829588,11.919002867929343],[108.0842134008041,11.919043876228919],[108.08409133125568,11.91976485394487],[108.08428969493534,11.9200032724062],[108.08428206620485,11.920139648027263],[108.08416762527195,11.920229293814277],[108.08378615493832,11.920225478866788],[108.08366408539149,11.920318939478992],[108.08309951004576,11.920991279384875],[108.08302321557275,11.92115626523254],[108.083000326737,11.92134127730625],[108.08303847373215,11.921736099333895],[108.08363356731141,11.92264495008109],[108.08364882569961,11.92289767420911],[108.08354964384596,11.923196174908343],[108.08310713939753,11.923605300157062],[108.08255782333383,11.924646714099444],[108.08238234725432,11.92479262594986],[108.08215346482044,11.924825050970314],[108.08195509978113,11.924779273519395],[108.08136000768826,11.924336768817229],[108.08121504930243,11.924303390823663],[108.08100905599994,11.924397804316857],[108.08099379725131,11.924586631512007],[108.08117690242118,11.924934722768953],[108.08139815484647,11.925204612473612],[108.08151259585144,11.925440170317328],[108.08158126002992,11.926010467982326],[108.08152785411339,11.92668662299385],[108.08158888981663,11.926781989767269],[108.08171095989547,11.92682109113385],[108.08208480045947,11.926802970389584],[108.08233657047171,11.926900245733789],[108.0824815294642,11.927043296357773],[108.08264174590794,11.927296975209517],[108.08276381667332,11.927581168504245],[108.08277907531871,11.927817680578872],[108.08267226468328,11.928431847079022],[108.08290877546843,11.928859093256992],[108.08296981062169,11.929127076222976],[108.0829698100463,11.929552413467599],[108.08285536940647,11.929803231166048],[108.08264174609256,11.929990151166539],[108.08226027635887,11.930175163635722],[108.08057418021752,11.930646279374985],[108.08041396322118,11.93078646882137],[108.08040633304076,11.93127379606841],[108.08032241054575,11.93146262398211],[108.0801011581536,11.931523659478787],[108.07942977110736,11.931453087176711],[108.07894911944926,11.93159041635729],[108.07883467852479,11.931588509272222],[108.07877364306935,11.931494095016502],[108.07872786694074,11.93113074476029],[108.07856764927149,11.931050637329808],[108.07843031997898,11.931048728913241],[108.0783311383521,11.931079246964131],[108.07798781514273,11.931533196463876],[108.07772841636012,11.931798317349665],[108.07730117042307,11.931904175140414],[108.07702651251287,11.932121612795425],[108.07702651276185,11.932325699578746],[108.07711806418608,11.93250022253123],[108.07735457607454,11.932691909871897],[108.07744612873195,11.932881690839615],[108.07746138711074,11.933055260458396],[108.07733168701053,11.933321335032197],[108.07737746437725,11.933494904125787],[108.07749190519253,11.933685639274499],[108.07806410970845,11.933927872150884],[108.07825484433948,11.93405566417651],[108.07834639741267,11.934182503042987],[108.07836165658777,11.934356072477884],[108.0782929917213,11.934512474176866],[108.07807173956905,11.934684136314702],[108.07772841656302,11.934806206630947],[108.07713332350289,11.935461379984984],[108.076927329563,11.93561682948833],[108.07678237194757,11.935646393653487],[108.07659163684716,11.93559775636499],[108.07603469020334,11.935308792551638],[108.0758744735912,11.935275414300708],[108.07568373825109,11.935288765851539],[108.07561507446985,11.935350754185745],[108.07556166839166,11.935650208082096],[108.07559218562615,11.935997345119791],[108.07552352147427,11.936248162194099],[108.07539382162336,11.936388352105869],[108.07507338744732,11.936589577676644],[108.07486739337594,11.936870911282647],[108.074730064784,11.937326768004372],[108.07487502226469,11.938156464543695],[108.0749131695506,11.938757279387254],[108.0748521345695,11.938960411314566],[108.0745545886245,11.939116814788724],[108.07425704150846,11.939116814469138],[108.07350173139307,11.938804009281085],[108.07327284953409,11.938804009403446],[108.07312789176669,11.938960411416952],[108.07311263244722,11.939586022996382],[108.07317366797972,11.939945557696031],[108.07369246705991,11.940649370049107],[108.07408156536279,11.941274025470026],[108.07397475484655,11.941493370516177],[108.0739137193884,11.941508629363833],[108.0733949205465,11.941368440003092],[108.0731584099416,11.941540101210647],[108.07342543779899,11.94285331098903],[108.0732881087777,11.943087914476646],[108.07311263289947,11.943166116213249],[108.07290663964969,11.943104126652225],[108.07260909245281,11.94265017796956],[108.07231154713266,11.942509987467998],[108.07214369942956,11.942509987819033],[108.07187667085016,11.94261870655978],[108.06990828653532,11.945402482316792],[108.06974806957142,11.945574143985393],[108.06849684902069,11.945730546224805],[108.06829848461577,11.94594989137831],[108.06819930319728,11.946199753952614],[108.06822219118426,11.94641909905165],[108.06846633153235,11.946700432851864],[108.06895461268847,11.947028497121359],[108.06910720058367,11.947341302073024],[108.06904616568524,11.948013643027117],[108.06892409629201,11.948263505093147],[108.06870284303896,11.948357919220665],[108.0683747787018,11.948419908613479],[108.06734481087621,11.948436120203647],[108.06576552625391,11.948889116264496],[108.06532302111543,11.948889116417929],[108.06506362177018,11.948764184278929],[108.06501021592909,11.948561052113641],[108.0650102162003,11.948279718415812],[108.06515517503668,11.947482446707593],[108.06501021627486,11.947216371697293],[108.06384291891787,11.946668962012087],[108.06375899486063,11.946465829566355],[108.06375899488431,11.945949891490008],[108.06387343607719,11.945371010988366],[108.06375899510584,11.945199350172102],[108.06333937886149,11.944918016000315],[108.06265273276799,11.944698671163042],[108.06259169738681,11.944588998264372],[108.0627442858416,11.943510392980398],[108.06256118069271,11.943322519585038],[108.06233992800124,11.943229059337195],[108.0619355695472,11.943338731452119],[108.06118025942811,11.944527009630361],[108.06095137754676,11.944761613237912],[108.06074538428695,11.944761613599976],[108.06056990890946,11.94460521180905],[108.06056990819125,11.944432596393947],[108.06086745441768,11.943760255409929],[108.06089797213376,11.943322519792595],[108.06071486635224,11.942979196754631],[108.06050887281377,11.942869523556807],[108.06018080860838,11.942884782510474],[108.0599595564653,11.943104127390976],[108.05925765268093,11.944907525315585],[108.05892958860512,11.945314744438875],[108.05834212487088,11.945741991077705],[108.05826583086623,11.94602332503543],[108.05824294245572,11.946942667051225],[108.05813613209268,11.94724307496047],[108.05785384362864,11.947336534395335],[108.05768599655455,11.94731841439736],[108.057548667528,11.94716773474926],[108.05745711597898,11.946399073194087],[108.05723586224723,11.946248392392706],[108.05680098797443,11.946305612758088],[108.05609145387999,11.946680406618794],[108.05578627799588,11.946680406509447],[108.05561843205963,11.946586947158155],[108.05542769670956,11.946211199058725],[108.05522170251862,11.946079592053154],[108.05497756136663,11.946061472034051],[108.05400099958473,11.94614921034571],[108.05381789350078,11.946117738792829],[108.0535890128331,11.945929864670115],[108.05351271851913,11.94550452733729],[108.05341353691058,11.945216517274767],[108.0532609481427,11.945001939671183],[108.05309310144757,11.944934228983213],[108.05296340177553,11.944946627082844],[108.05279555502834,11.945036272246957],[108.0527040027827,11.945197442999788],[108.05262007819006,11.945457796970926],[108.05254378524242,11.946034769939383],[108.05239882635611,11.946400027405094],[108.0523454209014,11.946778634801474],[108.05236830850598,11.946858744151937],[108.05243697376744,11.946908335448908],[108.05255904313324,11.946898797798317],[108.05269637233896,11.946833949007702],[108.05287184875795,11.946849207217069],[108.05306258324698,11.946939805735152],[108.05316176534875,11.947069505861654],[108.05326094830325,11.947459559419961],[108.05315413645562,11.947692254813557],[108.05298628976327,11.947760919803997],[108.05254378521701,11.947726588306192],[108.05213179766625,11.947497706240263],[108.05142989326013,11.946893075860928],[108.05133071148015,11.946704249176753],[108.05118575224589,11.946147302841705],[108.05113997627625,11.946038583984688],[108.0510560537194,11.945980410273656],[108.05091872362647,11.945957521744896],[108.05071273082753,11.94598803901189],[108.05032363127651,11.946205476833754],[108.0498963853956,11.946531633828558],[108.04968276281164,11.946895936784413],[108.0496827628533,11.947040895746593],[108.04975905629176,11.947207788971419],[108.04991927310425,11.947448115551262],[108.05023970769389,11.947768549107757],[108.05101790702041,11.948269228305822],[108.05156722295885,11.948534350470144],[108.05173506926734,11.948734621320165],[108.05171981076403,11.948862414028554],[108.05161299856357,11.94902167712856],[108.05094924191373,11.949530940454952],[108.05069747177808,11.949684480752758],[108.05039229545287,11.94977889525624],[108.04982772066909,11.949806551153669],[108.04959120946758,11.949739793996736],[108.04895796931442,11.94935832469665],[108.0488130118167,11.949349740880903],[108.04860701775853,11.949406008580954],[108.04788985473367,11.949787478419967],[108.04692092161208,11.949960093837532],[108.04569258833789,11.9501193576222],[108.04558577742883,11.95017753180286],[108.04557051854106,11.95043120862944],[108.0456544419535,11.950589518132965],[108.04610457665768,11.950982432490354],[108.04699721547969,11.95158133976854],[108.04724898591483,11.951703410533648],[108.0478059318038,11.951887469810288],[108.04798140802622,11.951856951532102],[108.04885878756093,11.951408724782272],[108.04898848783131,11.951405863417492],[108.04908003944114,11.951466898462407],[108.04915633399254,11.951639513793463],[108.04917159285496,11.952160219941026],[108.04906478219434,11.952489237161737],[108.04879775232178,11.952924113239826],[108.04857649966813,11.953115801623483],[108.0482636947744,11.953266482222146],[108.04735579668669,11.95356402828437],[108.04719557949896,11.95371470963384],[108.04710402698743,11.954010348398542],[108.04710402657909,11.954154353550715],[108.04716506184049,11.954302172156156],[108.04725661517104,11.954405169834612],[108.04752364341734,11.954491953667976],[108.04770674870784,11.954494814992902],[108.04791274277116,11.954435687091166],[108.04839339478865,11.954079966892786],[108.04853835315062,11.954023699751767],[108.04867568297378,11.95400748771005],[108.04882064075122,11.954043726099847],[108.04891982325876,11.954118113173243],[108.04900374549396,11.954263072440948],[108.04933180992677,11.955514292914078],[108.04943099281313,11.956054072409488],[108.04941573400382,11.95628867617253],[108.04917922276222,11.956770281765198],[108.04913344641635,11.956951479780107],[108.04917922289599,11.95743022478743],[108.04930892163932,11.95784793323568],[108.04931655162687,11.958196024505513],[108.04923262799119,11.958365778193771],[108.04904952334661,11.958549838444027],[108.04827132514724,11.958973269368665],[108.04813399475528,11.959122996360925],[108.04810347842431,11.959249835472079],[108.04812636631262,11.95935283193221],[108.04839339525452,11.959648470600479],[108.04872908813589,11.960158687076586],[108.04930892245443,11.961661677535119],[108.04963698600874,11.9621995499349],[108.0496903923078,11.962463717478828],[108.04964461603255,11.962586742015686],[108.04957595116339,11.962649683744585],[108.04946914042851,11.962677340477327],[108.04897322907503,11.962625842470707],[108.04875197594032,11.962638239557712],[108.04860701834093,11.962705950960517],[108.04833235988202,11.963135104430053],[108.04824080721797,11.963220934986953],[108.04804244299376,11.96334014483957],[108.04763808490527,11.96347270459716],[108.04749312604432,11.96355567492424],[108.04737868563849,11.963676791688027],[108.04692092220483,11.963803630287813],[108.04689040473727,11.96387229482145],[108.04707350986027,11.964419703885538],[108.04733290920602,11.964996676873442],[108.04734053826138,11.965194088194671],[108.04730239165617,11.965318064630653],[108.04699721608978,11.965729098595634],[108.0465699702014,11.966197353322734],[108.04640975222627,11.966513973415616],[108.04639449452614,11.96671901266094],[108.04696669848255,11.968775135281744],[108.0470735103342,11.969114643386618],[108.04726424539965,11.969507555999213],[108.04728713314051,11.969763141495882],[108.04706588051492,11.970474581832516],[108.04702773389118,11.970865589566545],[108.046959069377,11.970994334906822],[108.04679885193019,11.97108684131712],[108.04673018791453,11.971243244285647],[108.04633345908675,11.972447734529574],[108.04607405931534,11.973120075416347],[108.04587569605582,11.973481517157568],[108.04576888338671,11.97390971766428],[108.04574599538962,11.974157672340128],[108.04578414316927,11.974915844153086],[108.04573073643841,11.975229602397206],[108.04583754890564,11.975732189286006],[108.04574599616855,11.975972515243106],[108.04575362487587,11.976631504826111],[108.04534163783393,11.977275234668202],[108.04499831499807,11.977689129071402],[108.04457106933053,11.978105884900035],[108.04417434116107,11.978348117610295],[108.04395308766229,11.978435856121736],[108.04338088432772,11.978624684089104],[108.04288497259168,11.978851658167104],[108.04213729173853,11.97905574449197],[108.04180159937974,11.979359013273829],[108.04167189880904,11.979370456900705],[108.04138198198947,11.97926555303455],[108.0412370239418,11.979271275288163],[108.04104628920724,11.97952018357445],[108.04071822466655,11.979742389667118],[108.04064956015321,11.979850154521376],[108.04064193064661,11.979978900665701],[108.04072585426862,11.98051868129429],[108.04074874312286,11.981025082271014],[108.04101577085517,11.981720311291781],[108.04103866015994,11.982481343119092],[108.04092421862963,11.982724529812462],[108.04080977771899,11.9828446934879],[108.04041304873698,11.98306022334959],[108.0401383910573,11.983324391485738],[108.04010787352047,11.983485561894852],[108.04021468546718,11.983788829991548],[108.04022231405834,11.98397098177795],[108.04014602024832,11.984292370512467],[108.0400468378798,11.984382016009233],[108.03978743901615,11.98457942592449],[108.0395661860551,11.98466335058995],[108.0394441164167,11.984678607772892],[108.03918471709515,11.98456798202132],[108.03869643493279,11.98460422213486],[108.03849807077066,11.984667164375482],[108.03834548321446,11.984879834377539],[108.03827681891435,11.984906537245179],[108.03804030779912,11.984819752200897],[108.03756728500892,11.984897954613269],[108.03665175855124,11.984897954040099],[108.03604140567923,11.984990460359883],[108.03505721430064,11.984827382509067],[108.03473678036411,11.985059125360271],[108.03478255646591,11.985283238108073],[108.03461470892563,11.985575062204607],[108.03459945092557,11.98601852177031],[108.03454604510154,11.986093861741816],[108.03441634537303,11.986141545550959],[108.03331008278975,11.986257893969064],[108.0325929203864,11.986579281282625],[108.03216567378571,11.986977917543298],[108.03208175031537,11.987115246734605],[108.03205886250107,11.987178189528391],[108.03205294473297,11.987209844454208],[108.0319825677316,11.987586362090584],[108.03205123277627,11.988044125857904],[108.03202071481243,11.988209111369443],[108.03166976273023,11.988793714127176],[108.03157821024291,11.98910556570224],[108.03154769331749,11.989312512807691],[108.03156295265798,11.989651066976764],[108.03154769357003,11.989704260343379],[108.03151310745989,11.989824833049195],[108.03149428766581,11.98989043937801],[108.03143956728917,11.989932723113787],[108.03132644040063,11.990020138334433],[108.03102126512339,11.990012509379367],[108.03089156546199,11.990078312580037],[108.03072371867096,11.990240438257652],[108.03070845962347,11.990418774751578],[108.0300218144445,11.990784031801297],[108.02984633819047,11.990925176094445],[108.02963271511412,11.99098144288394],[108.02944960886869,11.990978582122791],[108.02935042759488,11.990933759269394],[108.02883162815408,11.990496023015822],[108.02879348096458,11.99042163583424],[108.02882399891776,11.990190846712107],[108.02877822293327,11.99011836818753],[108.0282823120605,11.989795071792804],[108.0281602423592,11.989761693880293],[108.02811312553251,11.989767975640552],[108.02793136050302,11.98979221061214],[108.02772536619885,11.989992482758689],[108.02744307938453,11.99038253553894],[108.02733626697962,11.990820272109374],[108.027069238015,11.991184576221315],[108.0271989383131,11.99174819740889],[108.02725997338817,11.991839750496412],[108.02738204284644,11.991901738824762],[108.02752700212753,11.992050512360255],[108.02782454870592,11.992699009690856],[108.02794661910275,11.993310316441677],[108.0281831303052,11.9940618107847],[108.02814498328226,11.994346005810549],[108.02797713639794,11.994555814426302],[108.02771010768943,11.994654043024358],[108.02744307931339,11.99464927427445],[108.02697005628796,11.994355543536937],[108.02693190894708,11.994294508562154],[108.02692428046026,11.993811947766524],[108.02667251010443,11.993606908342317],[108.02642836916999,11.993553503142902],[108.0261918578655,11.993765218095563],[108.02588668249493,11.994255407339807],[108.02580275948463,11.994803770442244],[108.02587905313247,11.99539886243211],[108.0259858640832,11.995755537549584],[108.02613845200365,11.995958669289543],[108.02702346223792,11.996700627836496],[108.02732863884916,11.997164114409891],[108.02764144351194,11.997820242452534],[108.02764144351619,11.99815784206625],[108.02744307947876,11.99846778677029],[108.02704635101641,11.998671873277859],[108.0266801393143,11.999045713337727],[108.0263520756446,11.99924503131592],[108.0255815069215,11.999822004076906],[108.02537551372836,11.999887807453561],[108.02468886729253,11.999972684912324],[108.02447524449951,12.0000470716186],[108.0241242924234,12.000395162535687],[108.02378859947382,12.000592573380453],[108.02371230533294,12.00074325328648],[108.02371993443361,12.000842435824824],[108.02384963504059,12.001020773383559],[108.02394881638374,12.001330718035353],[108.02394118627977,12.001541479664455],[108.02381148780094,12.001757963891535],[108.02361312282194,12.001952513049982],[108.02345290534736,12.002189024607198],[108.02288833076845,12.003565176643058],[108.02284255501787,12.003803594727641],[108.02291121883586,12.003913267700392],[108.02330794811311,12.004113538960446],[108.02335372364706,12.004190786388905],[108.02333846466551,12.004313810876601],[108.02305617754106,12.004964216590905],[108.02299514250097,12.00549827364601],[108.0230485476638,12.005758628101278],[108.023246913199,12.006149633861567],[108.02388778148458,12.00653014989899],[108.02403273971336,12.0068143448914],[108.02415481009709,12.00793205070879],[108.02411666376567,12.008141859854753],[108.02349868283673,12.009185179343442],[108.02335372402872,12.009369238965052],[108.02318587667682,12.009749754942165],[108.02313247165617,12.010546073342539],[108.02301803121664,12.01100765110088],[108.0225450079777,12.011419638188611],[108.02246108499489,12.01155982845096],[108.02236953194196,12.012005194429879],[108.02240005033899,12.01217971719482],[108.02252974881596,12.012371405130429],[108.02270522620519,12.012461051398235],[108.0232621715607,12.012499198188346],[108.0240708872334,12.012333257821833],[108.02426925161473,12.012379034965566],[108.02446761635242,12.012482985424773],[108.02469649717182,12.012506827456933],[108.02475753288367,12.012577399452448],[108.02478042122691,12.012691839976352],[108.02472701519955,12.012994155474157],[108.02475753330177,12.013299330148312],[108.0245210208535,12.013952596914208],[108.0243608046905,12.014174803453797],[108.02424636293551,12.014259679996508],[108.02410140499616,12.014315947125114],[108.02364364148363,12.014367446362622],[108.02322402384695,12.01428829095671],[108.02250686141426,12.013850554128425],[108.02180495752191,12.013858184537],[108.02162948136598,12.014300687800972],[108.02161422243441,12.015367850044742],[108.02146163393829,12.015752181644634],[108.02139297044239,12.016061170985292],[108.02150741170307,12.016441687498098],[108.0214082283388,12.016610488298117],[108.02121749465533,12.01722656135726],[108.02114120071853,12.017609938481115],[108.02108016415696,12.017695769414015],[108.02051558898198,12.018000945426792],[108.02037063146616,12.017920836062732],[108.02014174939906,12.017896994833132],[108.01982894389958,12.01793800218197],[108.01968398499695,12.018016204239313],[108.0195161394011,12.018173560621559],[108.01941695639567,12.018476828096338],[108.01937118037448,12.018515929399111],[108.01926436952414,12.018522605146247],[108.01915755716641,12.018465384983763],[108.01907363400575,12.018349990402234],[108.01898971048732,12.01834140663554],[108.01884475222005,12.018395766279692],[108.01797500112815,12.01893649952235],[108.01784530169668,12.018951758751626],[108.0175401250867,12.018896445533585],[108.01727309717924,12.019122467018361],[108.01711287931676,12.019196852923432],[108.01674666800145,12.019636496941713],[108.0167237807991,12.019804343321209],[108.01676192744164,12.019963607911635],[108.01682296282982,12.020017013146914],[108.01727309731412,12.019976958301022],[108.01731887334012,12.019872055091364],[108.01739516760735,12.019817694232824],[108.01759353144517,12.019777640854558],[108.01780715480673,12.019837722799345],[108.01790633644764,12.020012244435724],[108.01806655453711,12.020071373013318],[108.0182572893349,12.020475730830487],[108.01819625336141,12.020658835809451],[108.01779952517673,12.020883902961476],[108.01760879071902,12.021285399474948],[108.01766219663847,12.021455154146269],[108.0176393086009,12.0215695950579],[108.01739516744688,12.021915778957991],[108.01679244584531,12.022427901438057],[108.01578536525078,12.02292381291827],[108.01512923786659,12.022917136594625],[108.01461043880535,12.023007736349337],[108.01254287252911,12.023007736447882],[108.01216903210748,12.023108824971152],[108.01167312170465,12.023102149871729],[108.01083388868095,12.023183212208362],[108.01060500661103,12.023238525076072],[108.01033797731353,12.023374901505193],[108.01023879535265,12.02336536376341],[108.00999465447491,12.023166999902674],[108.00975814368445,12.023085937421428],[108.00939956147691,12.02309165940089],[108.00933852670391,12.023064003526057],[108.00913253343788,12.02273975275277],[108.00892653938341,12.022563324059677],[108.0085755870843,12.022475586522958],[108.00827041088324,12.022449836122949],[108.00821700532046,12.022403106655917],[108.00822463510761,12.022230491404622],[108.00848403449773,12.02208839409777],[108.00849166456864,12.022048340628508],[108.00843062863581,12.021975860337546],[108.00822463528534,12.022000656389553],[108.00805678843165,12.022188530419895],[108.00782027724296,12.022184714950278],[108.00756850770316,12.022231445324223],[108.00753798890433,12.022342071245998],[108.00759902473523,12.022417411992938],[108.0075913957692,12.022462234617645],[108.00746169564353,12.022611007072577],[108.00737777210999,12.022629126941684],[108.00722518420103,12.022753105608162],[108.00717940802149,12.022904739223435],[108.00695815537124,12.023240432424064],[108.00686660212423,12.023763046099585],[108.0067979386235,12.023919449558933],[108.00640120940433,12.024584160764363],[108.0064622458525,12.025087700545996],[108.00675216289925,12.025534973558333],[108.00689712010772,12.0259584040003],[108.00695052667703,12.026263580148028],[108.00704970882646,12.026993141863455],[108.0069657852463,12.0272239301401],[108.00711074397509,12.028672561763951],[108.00801101311079,12.029967651115193],[108.0081330827941,12.030363426300664],[108.00853744115938,12.031216964348124],[108.00859847606853,12.031568870544195],[108.0087815807126,12.031972275596399],[108.00891128086742,12.032050476514101],[108.0092622327791,12.032038079003048],[108.00946059759507,12.032144890637992],[108.00964370244147,12.03214870475174],[108.00997939612239,12.031959877170658],[108.01014724324438,12.03195796941153],[108.01036086617574,12.031883583399695],[108.0105058251268,12.0316899870789],[108.01065841299788,12.031607971735273],[108.01084151776375,12.031439171418622],[108.01113143437622,12.031309471090875],[108.01167312156917,12.03118835442909],[108.01175704461163,12.031243667307098],[108.01184859741076,12.031391487162537],[108.01184096884721,12.031710014191457],[108.01179519212799,12.031889305580018],[108.01165786330895,12.032152519510504],[108.01113143457006,12.03279624944113],[108.01081863016219,12.033048973449338],[108.01020064869795,12.033403740730018],[108.00931563876239,12.033500061361776],[108.00907912766856,12.033677445028994],[108.0090104629628,12.033801422683911],[108.00896468722614,12.034078941987104],[108.00933852720264,12.034552917394704],[108.00938430375146,12.034924850763955],[108.00949111476184,12.035063133258962],[108.00975814374185,12.035131798646804],[108.01036086614951,12.035053596288826],[108.01064315393194,12.035063133921566],[108.01087966496449,12.034971580993268],[108.01097884672903,12.034971580369278],[108.01130691138916,12.035078392429199],[108.01139083420125,12.035169944972203],[108.01147475790931,12.035519944019036],[108.01133742885985,12.035738334959483],[108.01115432295778,12.035919532733756],[108.01065078315408,12.03620754307727],[108.01021590774722,12.03634677948632],[108.01003280240623,12.03648220042188],[108.00981917866413,12.036764489057513],[108.00941482099716,12.03780780901225],[108.00941482105779,12.037981376816035],[108.00951400353611,12.038273202008988],[108.00975051474649,12.038728103879032],[108.0099259910714,12.038933144257722],[108.00994887877705,12.039151535815488],[108.00981155063604,12.039407120272731],[108.00942245111725,12.039581642540695],[108.00882735848552,12.039531097803504],[108.00859084708414,12.039574967227198],[108.0084229999679,12.039947853724017],[108.00839248197582,12.04026065912364],[108.00845351809234,12.041474685566348],[108.00861373518217,12.041657792276593],[108.00894942791558,12.041871415063278],[108.00955978057755,12.041809426060839],[108.00992599167722,12.041686401929557],[108.01004043199391,12.041606293293489],[108.01029220187195,12.041387901686969],[108.01046004806363,12.041125641716388],[108.01071944867681,12.041014061597988],[108.01085677699709,12.040881500741898],[108.01103225304979,12.040560113163847],[108.01129928228471,12.040358886850221],[108.01145949963791,12.04015384680817],[108.01187148608798,12.039937362980003],[108.0119706683714,12.03972660043686],[108.0120469626068,12.039687500510851],[108.01214614447993,12.039686546970442],[108.01246657928449,12.039862977160245],[108.01261153838715,12.039989814600816],[108.01269546096313,12.040227280176602],[108.01274123745993,12.04059158344894],[108.01284804932746,12.0408700563455],[108.0128556781899,12.041149483087928],[108.01264968551638,12.04129825637376],[108.01252761447095,12.041493760025103],[108.01270309056027,12.041806564894557],[108.01264968546363,12.04200016079947],[108.0120393338056,12.042732582477406],[108.01184859830433,12.04289470704977],[108.01159682838379,12.042984352968423],[108.01147475827055,12.043156014266572],[108.0114366114036,12.043288575151935],[108.01153579386379,12.043864593568001],[108.01165023488474,12.044037209233737],[108.01206985153424,12.044352875074868],[108.0121995509059,12.044533119743289],[108.01221480957409,12.044662819839909],[108.0121308862806,12.044835434893455],[108.0115052755683,12.04521976495664],[108.01116958243753,12.04527793991326],[108.01087203672843,12.045256005201692],[108.01075759562491,12.04530368887424],[108.0092851221466,12.04622589254531],[108.0093080104406,12.046878205608365],[108.00916305119885,12.047427521532063],[108.0091859391543,12.047565804074889],[108.00927749248046,12.047728883585165],[108.0095292626128,12.047950135407921],[108.00967422194485,12.048152314480832],[108.00959029806572,12.048591004326092],[108.00959792749914,12.04888473630763],[108.00968185050331,12.04909835959643],[108.00979629197543,12.049140321470933],[108.01018539096728,12.049066888174892],[108.01056686086883,12.049103127173078],[108.01062789533442,12.049071656555189],[108.01079574299895,12.04879890523069],[108.01097121890271,12.048748360089082],[108.0113069120999,12.048861847715077],[108.01175704609633,12.048811302995361],[108.01184859898305,12.048950539202034],[108.01186385737199,12.049376832374067],[108.0117875636219,12.050064431595088],[108.01177993510136,12.050628052108651],[108.01165023487896,12.050933227949406],[108.01125350544818,12.051239358565478],[108.01118484170459,12.051340447297141],[108.01116958248537,12.051458703033962],[108.01124380962636,12.051893859113372],[108.01114669501298,12.052220689176126],[108.01093307145378,12.052322732062105],[108.01078811286061,12.052326546337364],[108.01047530753443,12.05219112511217],[108.0101625030063,12.051967965224048],[108.00963607484537,12.05130802220377],[108.00930801060584,12.050821647927242],[108.00923934612659,12.05079113154287],[108.00913253502388,12.050814973304306],[108.00894179983926,12.050996170977573],[108.00877395286308,12.0515807731955],[108.00881209969647,12.052182542660768],[108.00887313457345,12.052443848033839],[108.0090562408124,12.052770005713526],[108.00903335291267,12.052835809377084],[108.00895705849615,12.052921639442529],[108.00882735925673,12.05298076738067],[108.00865951203345,12.053003655791757],[108.00795760810307,12.052884446633497],[108.00752273139081,12.05275093274992],[108.00740829044297,12.052646981942729],[108.00733962643378,12.052266465527085],[108.00733199766279,12.05205284215405],[108.00743880910449,12.051606522653005],[108.00741592048743,12.051501618593054],[108.00732436732615,12.0513204204298],[108.00697341589627,12.050880776861488],[108.00679031102796,12.050724374442705],[108.00647750443889,12.050594674843152],[108.00627914075321,12.050757752293833],[108.00604262984805,12.051091538241865],[108.00619521771874,12.051546441094926],[108.00644698770594,12.051978455509884],[108.00646987535775,12.05211292326512],[108.00643935797623,12.052253114870197],[108.0063172874322,12.052522050965893],[108.0062181058627,12.052568780491551],[108.0060884058634,12.052570687235614],[108.00592055966929,12.052525864351773],[108.00511184377685,12.051776276170061],[108.00453200919426,12.050884591164445],[108.00411239289738,12.050696717872777],[108.00350967106533,12.050648080435899],[108.00310531242697,12.050355303029969],[108.0025102193045,12.050102578742596],[108.00240340870232,12.050010072372798],[108.00232711491628,12.04951892935261],[108.00226607988927,12.04946170923169],[108.00186935010663,12.049348222762806],[108.00157943379148,12.049206124935894],[108.00144210454476,12.049197541598096],[108.00090804660003,12.049328195066396],[108.00020614260053,12.049186097509036],[107.99978652541628,12.04904876876905],[107.99961104980333,12.04904876872812],[107.9993669098732,12.049118386954653],[107.99920669135169,12.049335824626354],[107.99914565654991,12.050241815123487],[107.99899306895121,12.050710068851155],[107.99882522270559,12.05085312127517],[107.99868026361169,12.050856934555267],[107.99843612316238,12.050759660627756],[107.99819961106525,12.050536501165443],[107.99790206574725,12.050133097065768],[107.99769607146979,12.049520838087611],[107.99732986046072,12.049385415537174],[107.9972001612318,12.049403536192058],[107.99715438474503,12.049449311539547],[107.99701705566662,12.049764024469072],[107.99689498552503,12.050212251029532],[107.99681106121871,12.050369608109275],[107.99658980973773,12.050579415937344],[107.9964601095982,12.050781595138277],[107.9958955344506,12.050990449898974],[107.9957810936438,12.051143037842229],[107.9956285055179,12.05122219275126],[107.9955140644932,12.051225053793178],[107.9953157006844,12.051100121859537],[107.99512496577255,12.051139223269606],[107.99494948910916,12.051514017461095],[107.99472060790269,12.05168853905078],[107.99447646748888,12.051964151435826],[107.99445357913382,12.052173960015438],[107.99433150879806,12.05237613947783],[107.99443069013775,12.0525735490055],[107.99485030729682,12.05288635448541],[107.99491897214047,12.052999841787349],[107.99485793625277,12.053185808206823],[107.99457564926291,12.053319321811838],[107.9943620265646,12.053346979357949],[107.99418655009931,12.053307877814214],[107.99397292757061,12.053099977005271],[107.99318709935056,12.052679407299216],[107.9924241600095,12.05254017008093],[107.9921495012949,12.052596437247207],[107.9918977312474,12.052573549411798],[107.99154677949953,12.052439080805962],[107.9914857444767,12.052361833533764],[107.99146285668324,12.0522197365291],[107.99163070338219,12.052036630588358],[107.9916459614431,12.051838266470597],[107.99153152020101,12.051617013937484],[107.99147811504857,12.051142084149669],[107.99139419138298,12.051041948226434],[107.99134078605113,12.051046716983755],[107.99087539363745,12.051354753406722],[107.99065414060419,12.051391947158137],[107.99041762916752,12.051536905345626],[107.99017348837154,12.051878321453527],[107.99005904749957,12.052242623865943],[107.99005141850128,12.052668917367994],[107.99012771264873,12.053048479196207],[107.99024978222221,12.053350794562999],[107.99042525845479,12.053583490224264],[107.99071517570695,12.053726541213228],[107.99075332251986,12.053806650499034],[107.99076095276753,12.054103243005915],[107.99071517588142,12.054244386383216],[107.99069991627111,12.054565775149763],[107.99066176932651,12.054692613682423],[107.9905396996616,12.054823267560641],[107.9904557768784,12.054868089574049],[107.99012008237898,12.054895746612221],[107.98969283639323,12.054795610114429],[107.9893342553956,12.054789888663976],[107.9886552390958,12.05466972517595],[107.98818984685185,12.054712641250045],[107.9868012964619,12.055300104624541],[107.98617568655304,12.055611955892228],[107.98554244650578,12.055765497261783],[107.9849931294653,12.055780756602264],[107.98490157702871,12.055730211423764],[107.98481765377035,12.055639612719279],[107.9847795063232,12.055504190579697],[107.98473373016596,12.054872858288006],[107.98465743597035,12.054765093568543],[107.98455062403772,12.054705012007243],[107.9843751486982,12.054683077539659],[107.98417678460333,12.054700243743184],[107.98332229247742,12.05491672766565],[107.98204818342012,12.0553125031471],[107.98126235497477,12.055328715010123],[107.98112502629871,12.055254328467644],[107.98109450951232,12.05519520092971],[107.9812470971024,12.05406128134416],[107.98120895009585,12.053906786837146],[107.98099532760065,12.053662645782165],[107.98080459228775,12.05362163761027],[107.97995772945222,12.054069864460434],[107.97965255292176,12.054103243519714],[107.97946944805096,12.054031717636361],[107.97927871302001,12.053863870457924],[107.97922530685672,12.053721773481957],[107.97920241883737,12.052868234389605],[107.9787675428842,12.052780497211716],[107.97860732628352,12.052850115715014],[107.97822585630189,12.05332313757435],[107.97737899391029,12.054003107836264],[107.97681441862376,12.054631578822091],[107.97672286625448,12.054919589443028],[107.97669997689216,12.05565010343603],[107.97662368404582,12.055817950502169],[107.97644820765896,12.055840837836834],[107.97637954329149,12.055792200803722],[107.97608962649915,12.054703104981439],[107.97600570313502,12.054595340441523],[107.97574630322565,12.0543998356842],[107.97538009216771,12.054272997799051],[107.9751817283234,12.054244386708202],[107.97498336435093,12.054271090321372],[107.97492995844084,12.05430446889918],[107.97489943972388,12.054396022312385],[107.9750978053809,12.055349696154067],[107.97509780533387,12.055590021700292],[107.97505202855994,12.05574070241499],[107.97492995839984,12.055870402176062],[107.9744264186902,12.055794108157448],[107.97383895481161,12.055824626514754],[107.97356429618081,12.055738795285942],[107.9732362321974,12.05555187500892],[107.97302260903285,12.055577624112042],[107.97296157445126,12.05570064837929],[107.97290816849623,12.05606590532027],[107.97324386260321,12.056558955188516],[107.9734880019938,12.057422030729045],[107.9735566669639,12.057964671001374],[107.97369399596032,12.058416713503874],[107.97367110793722,12.058744776996365],[107.97361007355862,12.058821071049039],[107.97336593222316,12.058940280509702],[107.9730226089751,12.059026111673838],[107.97270980405472,12.05895363120977],[107.97245040491502,12.058701861091105],[107.97228255787988,12.058684695403608],[107.97216811728086,12.058843005069038],[107.9719010884408,12.059038508127845],[107.97176375905255,12.059524882325482],[107.97169509513787,12.059659350753327],[107.97148147225508,12.059882510928778],[107.97071090358988,12.060267794506819],[107.97019973309496,12.060572017472653],[107.9690934717951,12.061459887881892],[107.96883407262683,12.061772694097492],[107.96865859640988,12.062119830729618],[107.96855178490006,12.062665332779549],[107.96853652550226,12.062993396609949],[107.96831527316392,12.063166011484032],[107.96822372060511,12.063177455834527],[107.96778884520435,12.063052523444107],[107.96745315140002,12.063022960936511],[107.96660628976946,12.062749255690456],[107.96579757346625,12.062857021154702],[107.96553817322474,12.062841762146997],[107.96547713838024,12.062786448482097],[107.96529403296904,12.062045443681905],[107.96518722142187,12.061830868253484],[107.96469131095797,12.061609614676257],[107.96465645255275,12.061611482019133],[107.96461501731461,12.061594356162713],[107.96421065903428,12.061635364232687],[107.96408095894182,12.061725010049226],[107.96401992396305,12.06182705253165],[107.9640199239384,12.061875689472421],[107.96415725356758,12.06203209302874],[107.96418889546806,12.06225437421743],[107.96418041548561,12.062337757311255],[107.96406570051704,12.06262623151829],[107.96405807114918,12.062817920912181],[107.96392074255552,12.063071598099295],[107.96382155995245,12.063481677990614],[107.96363082541603,12.063776362573641],[107.96325698405775,12.064618458385931],[107.96318069076676,12.064838755705196],[107.96319594925112,12.064978947507228],[107.96344771973983,12.06548916253194],[107.96347823782416,12.065776217962465],[107.96337905507744,12.065955509336352],[107.96299758590627,12.066366542974722],[107.96257033948794,12.066717495213899],[107.96244826971804,12.067005505556565],[107.96250167452945,12.067247738234075],[107.96265426292595,12.067438472835262],[107.9632035792399,12.067701687034091],[107.96361556670907,12.068037379870015],[107.96400466526241,12.068272938287048],[107.9653092919723,12.0696738849584],[107.96553054447365,12.069941867995826],[107.96591201453835,12.070573199918996],[107.9662705953712,12.0710061682195],[107.96743789391863,12.07167469436848],[107.96842971462198,12.071977962218616],[107.96939864756719,12.073076594930289],[107.96964278896147,12.073433269562019],[107.96970382408352,12.073617329265643],[107.96971145322725,12.0738099713973],[107.96968856517594,12.07395397639753],[107.9694825708235,12.074468005781117],[107.9695741244829,12.074685444397451],[107.96972671193261,12.074814190231564],[107.96997085280839,12.07487999338837],[107.97035232221572,12.074882854111776],[107.97089400916185,12.074776997008259],[107.97135940204289,12.074756015704953],[107.9723130773894,12.07463013082941],[107.97360244372342,12.074645389432188],[107.97417464876783,12.074614872005732],[107.9742662019436,12.07463013071877],[107.97448745447436,12.074852337094812],[107.9745866366297,12.075044978918458],[107.9745790072522,12.075181354274562],[107.97441116034501,12.075418819322568],[107.97385421384284,12.075740208480168],[107.97318282844034,12.07590233191251],[107.9726182519699,12.076352465838623],[107.97235122448197,12.076834072164532],[107.97151199012981,12.079361308897731],[107.97151199050002,12.079495777725185],[107.97160354330656,12.079662670328954],[107.97171798416369,12.079720844396101],[107.97198501342282,12.079728473883957],[107.97277847059355,12.079596866920376],[107.9733277861556,12.07928310847429],[107.97366347921269,12.078963626921531],[107.97377029134485,12.078920711286939],[107.97421279672038,12.079004635426509],[107.97493758878763,12.078730930152048],[107.97537246445317,12.078773845937683],[107.97618880968301,12.078640331146412],[107.9763719157347,12.078655590372202],[107.97728744236618,12.079517712454674],[107.97758498821521,12.079935420980295],[107.9776689121934,12.080002178289886],[107.97777572356704,12.080042231808255],[107.97805801159694,12.080026973743635],[107.97856155124319,12.080169071267058],[107.97866836270519,12.080247271965813],[107.97904983290717,12.080904353732723],[107.9799729895001,12.08159481360007],[107.980262906557,12.081655849212252],[107.98046889944708,12.081618656243814],[107.98067489337645,12.081449856253867],[107.98114791645055,12.080940594264122],[107.98119369248538,12.080726017269196],[107.98117080500717,12.080259669474781],[107.98096481061702,12.079634060172559],[107.98097243968907,12.079462397968808],[107.98104110476756,12.079271664163272],[107.98114028693328,12.079170573542445],[107.98154464418477,12.07910000182234],[107.9817658966366,12.079137194655676],[107.98235336034658,12.079345096147883],[107.98258987177088,12.079544414226186],[107.98271957196738,12.079863894497548],[107.98274245954613,12.080541957653919],[107.98241439540256,12.082784999924113],[107.98229232615975,12.083396304514796],[107.98218551382271,12.083722461546788],[107.98201003743132,12.083922732717859],[107.98080459420257,12.084297527233593],[107.98052993589013,12.084452975788697],[107.9803468300858,12.084626544987126],[107.98007980114086,12.085049976412153],[107.97997298958029,12.08530270016226],[107.97995773067204,12.085547794251731],[107.98011031928051,12.086243022728604],[107.98086562890286,12.087340702280855],[107.98105636405906,12.087527622586357],[107.98111739920019,12.087725033235085],[107.98109451118572,12.087957729208725],[107.98118606296356,12.088290562470677],[107.98164382696389,12.088702549325658],[107.981857449594,12.08897911422256],[107.98206344391495,12.089343418333506],[107.98208633189799,12.089502682226575],[107.98205581440541,12.089925159452942],[107.98209396098311,12.090046276145051],[107.98251357836574,12.090525021089572],[107.98264327775397,12.090756763463558],[107.98277297816514,12.091155399517495],[107.98283401321142,12.09124885955802],[107.98336807053492,12.09154354524619],[107.98405471608834,12.091858257505665],[107.98426070890224,12.092083323994794],[107.98428359869025,12.09224258831097],[107.98426833910028,12.092384685329485],[107.98366561760159,12.09384380719774],[107.98329940640572,12.094844211745936],[107.98290267713539,12.096297611203312],[107.98254409608855,12.096932758950956],[107.98223129160985,12.097120632111643],[107.98194900342047,12.097439159829177],[107.9818574504133,12.097694744212399],[107.98196426232987,12.097889294399916],[107.98246017212065,12.098264088325754],[107.98278823659876,12.09868656543011],[107.98310104262615,12.098954548667587],[107.9834748821348,12.099380840188585],[107.98409286325882,12.099937786298748],[107.98422256351374,12.100159038870197],[107.9842988566313,12.100592007568478],[107.98422256381645,12.101279606946193],[107.98393264685534,12.101741184413397],[107.98307052438103,12.10261570384874],[107.9828721609908,12.102888454966873],[107.9825898728492,12.103154529955628],[107.98241439685263,12.103388180518495],[107.98223892091679,12.103846897629582],[107.98204055639849,12.104205479910846],[107.98203292722299,12.104316106014396],[107.98207870393664,12.104412426722886],[107.98272720216067,12.104887356452497],[107.9830094894829,12.10519062455741],[107.98311630127569,12.10525070682966],[107.98348251144719,12.10534225912358],[107.98393264724217,12.105680813532201],[107.98500076221883,12.107085576208208],[107.98532882586437,12.107380261025366],[107.98535676063283,12.10754088444673],[107.98536697342321,12.107599605517873],[107.98535377424942,12.107643947423345],[107.98531705605679,12.107767297691916],[107.98530593777741,12.107804645639582],[107.98527691889598,12.107827860915018],[107.98515335033679,12.107926716999428],[107.9850389088516,12.107943882715995],[107.98469558577838,12.107871403630547],[107.9843293749525,12.107860913022755],[107.98381820611216,12.107911457758927],[107.98336044167654,12.108015408018156],[107.98323074227699,12.108101239179577],[107.98307052476771,12.108300556561288],[107.98303237807066,12.10840736915639],[107.98304763691793,12.108745922864905],[107.98311630144731,12.108984342140667],[107.98315103974228,12.109029420152085],[107.9832765190159,12.109192242677405],[107.9839784234312,12.109628072016283],[107.9840928644686,12.109853138967885],[107.9843141160167,12.110069622932322],[107.98458877373237,12.110247959982784],[107.98473373324289,12.110414852702164],[107.98487869109921,12.110498776103295],[107.98540168100811,12.110609738893828],[107.98545852509505,12.110621799572309],[107.98559320753374,12.110604515521095],[107.9860307306016,12.110548366530203],[107.98648849432226,12.11035000296107],[107.9868928523089,12.110057224757915],[107.98734298605045,12.109814991417668],[107.98783889754075,12.109380115965322],[107.98818984882983,12.109257091362668],[107.98899856375154,12.109269489778926],[107.98944869891022,12.109197010307664],[107.9896165453947,12.109250416433758],[107.98974624541957,12.109370579364628],[107.98984542690955,12.109584202490975],[107.99000564512501,12.11018501770597],[107.99000221045738,12.110254790937683],[107.98999038636894,12.110494961400718],[107.9897080983924,12.11100040859682],[107.98921981691218,12.111323704823183],[107.98905959990061,12.111577381745853],[107.98838821328712,12.112224926456438],[107.98836532542212,12.11238991274851],[107.98844924799654,12.11251675061881],[107.98859420714105,12.112628331017884],[107.98958602858907,12.113042226145682],[107.98998275624004,12.113306393764049],[107.99038711430393,12.113698353813472],[107.9909959624048,12.114709853824388],[107.99104324233313,12.114788403153847],[107.99133315916808,12.115714420579192],[107.99140182423312,12.116070141535168],[107.9915010062749,12.117736210530202],[107.99137893678017,12.118259778091355],[107.98890701262441,12.120977749885556],[107.98885360693166,12.121240963967502],[107.98887649461216,12.121398320532291],[107.98899259247845,12.12153504138908],[107.98902145422146,12.121569028218527],[107.9892350766864,12.121689191643812],[107.98990646302735,12.121858945613724],[107.99081436123524,12.121907581917402],[107.99163833583235,12.121886601228974],[107.99383560223437,12.121640552769508],[107.99626174899767,12.12199055217167],[107.9972840875845,12.121966709893744],[107.99835983301762,12.122457851737606],[107.99868026681881,12.122665752472841],[107.99886337339098,12.122873653405954],[107.99899307246189,12.12309204544871],[107.99903884900722,12.123309482495483],[107.99891677830827,12.123808254955783],[107.99784866353583,12.125370373950108],[107.99728408841501,12.12635361180416],[107.99691024795034,12.127219548313207],[107.99688735951179,12.127547612194537],[107.99700179995976,12.12793575807536],[107.99728408868293,12.128071179252855],[107.99755111720744,12.128029217747699],[107.9977952576886,12.127863278141303],[107.99824539182313,12.127281537031726],[107.9993440246236,12.125020375316018],[107.9995195015231,12.124867786521316],[107.9998323061757,12.124757161222153],[108.0005494692973,12.124742856068043],[108.00086990330429,12.124663700700271],[108.00148025549346,12.124047626456246],[108.00154128976703,12.123943677138882],[108.00173202480161,12.12298809486022],[108.00190750147658,12.12287365369772],[108.00213638336913,12.122821201986735],[108.00260940494411,12.12284599809556],[108.0037232973037,12.123053898353284],[108.00444808905485,12.12307774095439],[108.00474563633227,12.123005260693015],[108.00495162920116,12.122863163402382],[108.00508132895686,12.122614254230005],[108.00512710648565,12.122063030636065],[108.00461593647074,12.119490971322877],[108.00463119502183,12.118742336034604],[108.00479141226901,12.11799465640625],[108.00508895905736,12.117378582675592],[108.0055162049335,12.116748203180943],[108.00628677316912,12.116041530969587],[108.00648513825654,12.11590706262371],[108.00670638992747,12.115833629772812],[108.00695816033681,12.115792622219566],[108.00720230061695,12.115844120548449],[108.00734725849487,12.116003384493611],[108.00745407047638,12.116200794054686],[108.00748458780899,12.116484989128823],[108.00740829389056,12.117676127969307],[108.00742355311078,12.118053782886246],[108.00748458801722,12.118440975463695],[108.00761428815413,12.118887295662738],[108.0079347234376,12.119406094243862],[108.00900283858299,12.120640147861732],[108.00950637820387,12.121315349203941],[108.01027694761198,12.122184147626738],[108.01052871760837,12.122563709029416],[108.01101699837186,12.123524058992048],[108.01123062093389,12.123770106938302],[108.0115129094989,12.123933185627743],[108.01185623126285,12.124026646408957],[108.01214614849852,12.124033320851746],[108.01266494737402,12.123933185377005],[108.01326004040632,12.12355553049921],[108.01343551602218,12.123545040372585],[108.01358810469313,12.123592724495827],[108.01371017471318,12.12368046224798],[108.01400772166778,12.124344219528854],[108.0142289731521,12.125362742979508],[108.01434341490484,12.125664103943596],[108.01452652091427,12.125903476894015],[108.01474777272371,12.126065601404706],[108.01503006038449,12.126139034636399],[108.01690689167144,12.126166691215284],[108.01712814396164,12.12621151284042],[108.0183106995694,12.126865734010515],[108.0187989820192,12.12725006505142],[108.01903549303735,12.12754474972583],[108.01929489181543,12.12791477615355],[108.02006546104685,12.129303326538887],[108.02027908376834,12.130030978874384],[108.02027145495298,12.130245555879231],[108.02014938366476,12.130570759379502],[108.01982132016397,12.131162989923158],[108.01799026584189,12.13402306005059],[108.01794448942913,12.134188999409433],[108.01798263566009,12.134341587259797],[108.01852432268556,12.134829868751865],[108.01880661113753,12.135179867041856],[108.01896682843957,12.135585178481675],[108.01904312234643,12.135934223142314],[108.01906601034376,12.136717190245742],[108.01896682823666,12.13746105658969],[108.01866928223322,12.138233532096079],[108.01831833038167,12.13948666079244],[108.01832595938485,12.140265812506644],[108.01840225360247,12.140789379609892],[108.01848617643668,12.141027798786705],[108.01859298841993,12.141148914966779],[108.01872268800314,12.141197552615449],[108.01886764598771,12.141197552908432],[108.01931778025428,12.141014446307016],[108.02034774978542,12.14033924573724],[108.02058426020064,12.140103687389223],[108.02104965373692,12.13929974057261],[108.02114120590139,12.139065136651357],[108.02157608086621,12.13741623325068],[108.0217210403885,12.13715015801408],[108.02194229215664,12.136869778037603],[108.02269760258817,12.136530270578621],[108.02369705320032,12.136269916332505],[108.02415481583371,12.136267055603813],[108.02458206331988,12.136339535092208],[108.02567306593474,12.13672005113859],[108.02741256813184,12.137212146665922],[108.02906814742707,12.137766230685514],[108.0309297193365,12.138732303722685],[108.03119674815983,12.139044155196423],[108.03138748220158,12.140377391989375],[108.03145614777677,12.140671122610623],[108.03162399485315,12.140944828139801],[108.03180709980026,12.141121257659638],[108.03298202628253,12.141558041280032],[108.03355423211288,12.1420835152853],[108.03380600138333,12.142388690936937],[108.03387466588457,12.142582286575003],[108.03392807183347,12.144006122409284],[108.03397384768596,12.14429699351858],[108.03408828859406,12.144528736520014],[108.03419510135025,12.144660342698677],[108.03433243015111,12.144732822229969],[108.0348741167433,12.144691814038021],[108.03600326709889,12.144393314137929],[108.03622452011541,12.14429317775995],[108.03662887818453,12.144016612570214],[108.03931442419858,12.141887057901494],[108.03955093624282,12.141613353526203],[108.03965774688523,12.14140163752537],[108.03965774704353,12.141235698813444],[108.0395890830344,12.141086924596513],[108.03868118448125,12.140179980319958],[108.03863540751061,12.140020717686657],[108.03868118499227,12.139881480501636],[108.0388337731539,12.139698375320831],[108.03901687766006,12.139560092697721],[108.04035202162308,12.139189113281974],[108.04270950504412,12.13860737104164],[108.04299942200265,12.138573039483807],[108.04335037420657,12.138607371218585],[108.04442611880852,12.13897835109635],[108.04523483444359,12.139411319631169],[108.04560104598909,12.139504778919372],[108.04608169656174,12.13956295288957],[108.04642502017063,12.139556277261978],[108.04868332120861,12.139065134817953],[108.04924789608346,12.138745654211123],[108.05099502706267,12.138562547861358],[108.05117050403884,12.138659823102278],[108.05203262530956,12.139456141013849],[108.05262008830805,12.139823306412502],[108.0538331621337,12.140456545554354],[108.05444351443954,12.14096580841344],[108.05451217829372,12.141090738904282],[108.0545274370769,12.141267169180896],[108.05448929042252,12.14143978388289],[108.05359665167654,12.142925607924695],[108.0535585040902,12.143174517451778],[108.05361191032496,12.143403398957286],[108.05400863833337,12.143756258865896],[108.05458847237246,12.143793451959107],[108.05517593672067,12.14364563319613],[108.05542770659525,12.143517840452375],[108.05598465161101,12.143060077365547],[108.0563890096867,12.142703401733245],[108.05674759131655,12.142281878281878],[108.05702987954244,12.14178978213444],[108.05729690751463,12.141114580943583],[108.05738846041146,12.140674936751504],[108.05744186604039,12.139210093007309],[108.05739608922977,12.138361322485592],[108.05733505382216,12.138167726889714],[108.05719009641737,12.137963640626081],[108.05684677294003,12.137770044639248],[108.05656448528086,12.137724268495028],[108.05630508590639,12.137835848526803],[108.05591598682314,12.138285983131276],[108.05580917525803,12.138358462046755],[108.05568710479994,12.138344156704255],[108.0554658534682,12.138078082066082],[108.05543533483376,12.137939798995625],[108.05545822259423,12.137702333419252],[108.05587021119047,12.13701473479949],[108.0563203449182,12.136661875573976],[108.05700699044826,12.136419641968608],[108.05735794178108,12.136391985529174],[108.05764785897782,12.136429178537323],[108.05995956576446,12.137883531221705],[108.06028000132096,12.13798462121945],[108.06052414117039,12.137980806173518],[108.0609819051917,12.137734758639182],[108.06298843609048,12.135989534430214],[108.06331650046789,12.13594185045972],[108.06356064034291,12.13600765412206],[108.06375900393618,12.136126863382572],[108.06406417992656,12.136407244677535],[108.06449142630814,12.136959421046312],[108.06514755439395,12.137565004201093],[108.06553665290866,12.137845384105956],[108.0658113124832,12.137949335515339],[108.06611648704848,12.137963640690883],[108.06636062842,12.137876856607843],[108.06648269829411,12.137751924357783],[108.0665284750284,12.137562143604928],[108.06612411738999,12.13514171838157],[108.06612411673069,12.134320604517606],[108.06618515224609,12.134026872274909],[108.0663301102473,12.133738862746897],[108.0665361037477,12.133500444063],[108.06673446841245,12.133344042121603],[108.06696334973329,12.133282052779803],[108.06781021324201,12.133282053153783],[108.06810012993465,12.133220064159943],[108.06989303848823,12.13224636260843],[108.0703584314584,12.132156716752643],[108.07061783050638,12.132150041256889],[108.071037447246,12.132201539854409],[108.07135788119962,12.132292139201587],[108.07246414417632,12.13269363558559],[108.0734712238606,12.132994996904172],[108.07437912196596,12.133109437922684],[108.07602707090767,12.1331094375182],[108.0770417806546,12.132929192494068],[108.07809352093695,12.132654552394353],[108.07815567216014,12.132638322800107],[108.07821026172519,12.132652727898959],[108.07843033071327,12.132710801737456],[108.07853714267581,12.132842408685924],[108.07863632438536,12.13305317022449],[108.07865921204012,12.133264886888544],[108.07855240032009,12.133437501483215],[108.07842270167116,12.133513795573565],[108.07756057922356,12.133721696394954],[108.07738510338906,12.133846627837343],[108.0771562216346,12.134147988436634],[108.07707229824497,12.134390221346848],[108.07707992704869,12.134606705422533],[108.07733932760621,12.135747301158617],[108.07733932750185,12.135971413272108],[108.07729355011416,12.136184083287759],[108.07675186373311,12.137387621124567],[108.07671371649411,12.137707101781348],[108.07677475242266,12.13800941556588],[108.07691971018491,12.138216363488457],[108.07716385121473,12.138350831476508],[108.0775071732186,12.138356553469322],[108.07839981324068,12.138099062023104],[108.07917801172024,12.137981760089778],[108.08023086795868,12.137623177847393],[108.08058181992119,12.137550698246613],[108.0827333093852,12.137399064259505],[108.08298507946476,12.137298928953042],[108.08420578218549,12.136431084187748],[108.08454910595997,12.136285172365488],[108.08666244784291,12.13568626509872],[108.08699814031584,12.135540353615312],[108.08786026297051,12.135019646412822],[108.08931747651786,12.133872376076487],[108.08965317077988,12.13367591942743],[108.09007278682046,12.133564339127586],[108.09033981520925,12.133552894697344],[108.09049240384945,12.133636819452475],[108.09064499204536,12.133860932338429],[108.0909196500579,12.134705888461383],[108.09095016758623,12.134991989781835],[108.09086624387653,12.136408196051887],[108.09088150301245,12.136862144678911],[108.09098831497133,12.137338029580338],[108.09149948365061,12.138580666444533],[108.0918275477915,12.13922439583724],[108.09245315823857,12.140080795915152],[108.09388748420463,12.141295777330214],[108.09407058974506,12.141531335139183],[108.09416977253537,12.141721115747355],[108.09466568348083,12.143283234634284],[108.0948259001538,12.14352451414383],[108.09502426452308,12.143666611318977],[108.09534469875915,12.14368949977737],[108.09568802178919,12.143633233409316],[108.09606949157609,12.143439637129271],[108.09660354936595,12.142989503418336],[108.09710708890128,12.142420158969179],[108.09717575413673,12.142157899126909],[108.09714523575497,12.141990052025742],[108.09702316630252,12.141805038949746],[108.09588638633831,12.140646325459924],[108.09576431602714,12.140355454413875],[108.0957719451218,12.140041694636942],[108.09591690290097,12.139846191822043],[108.09618393188505,12.139571533778664],[108.09791580525513,12.138535843689043],[108.09819809236107,12.138306007970309],[108.09917465528297,12.137342796396354],[108.1006623869404,12.136088714493399],[108.10092178599457,12.135982857027415],[108.10116592713962,12.136004791995612],[108.10145584392394,12.13614498172461],[108.10173050158443,12.136419639570462],[108.10180679566618,12.136649475765052],[108.10183731410734,12.137113914381526],[108.10178390775253,12.137371406917028],[108.10164657929398,12.137595520611065],[108.10138717872177,12.13772998843535],[108.09997574118621,12.138227806495227],[108.0996781949672,12.13842903193522],[108.09938827835421,12.138715133715063],[108.0992738367803,12.138976440744841],[108.09925094882166,12.139253960080689],[108.09930435539914,12.139526710566889],[108.09942642534003,12.139767991189718],[108.09967819492651,12.140030251290856],[108.10012832934952,12.140322075473026],[108.10237137088562,12.141290054380862],[108.10277572907181,12.141637191344582],[108.10305038716515,12.142040597033626],[108.1032487527568,12.14302002010036],[108.10327926940771,12.143636093994028],[108.10324112257756,12.145226823101726],[108.10249344257566,12.147796021165883],[108.10255447794347,12.14817176944372],[108.10272232333988,12.148456917958102],[108.10302749958986,12.148636208300935],[108.10372940360023,12.14864192964014],[108.10389725097055,12.148523674893115],[108.10401932083583,12.148328170565138],[108.10401169159519,12.148082124357638],[108.10375992178001,12.147224769845074],[108.103729403327,12.14699588797529],[108.1038056979412,12.146659241383047],[108.10421005538265,12.145861970201347],[108.10470596652682,12.145293579452574],[108.10524765328805,12.14493499819213],[108.10566727035268,12.144716607208448],[108.10644546887326,12.144666062077142],[108.10683456754872,12.144722328931943],[108.10892502169516,12.145876274640626],[108.10917679180275,12.146054611473645],[108.10926834451831,12.146228180966558],[108.10926071428925,12.146430359328306],[108.10906998028842,12.146643028357579],[108.10784927655374,12.14711891161273],[108.10752121399834,12.147286758937318],[108.10733810727345,12.147477493619053],[108.10715500282376,12.147784577004318],[108.10708633793438,12.148070679177499],[108.10714737285276,12.148345337809562],[108.10728470135257,12.148579941599833],[108.1077806129957,12.149067268996822],[108.1086732513401,12.14981208880781],[108.10887161549603,12.149935113044895],[108.10919205095111,12.149951325231491],[108.11032883109328,12.149604187714477],[108.11100021722466,12.14918457106721],[108.11119095205665,12.148944244472531],[108.11125198665266,12.148736343755822],[108.11125198706374,12.146861420011769],[108.11135879888973,12.146704063259453],[108.11165634515375,12.146458015245003],[108.1122209208157,12.146167144793418],[108.11253372545474,12.146144256827855],[108.11292282437164,12.146161422745807],[108.11388412832707,12.146424637020367],[108.11405960435847,12.146520004626023],[108.11417404622279,12.146676407658259],[108.11447922094344,12.147421226652133],[108.11457840267101,12.147885666776967],[108.1144410741988,12.148597107597809],[108.11415115703058,12.14917884886418],[108.11228195594083,12.15168701155457],[108.11218277374131,12.151978836584416],[108.11218277421167,12.15218006139857],[108.11255661409552,12.153227196214177],[108.11322037110374,12.156614648237994],[108.11335770004276,12.157006607683634],[108.11362472897125,12.157492981784133],[108.11516586722105,12.15913330162155],[108.11602035919506,12.16011367938113],[108.11627975835931,12.16054473933305],[108.11638657016888,12.160997734873067],[108.11627975846712,12.16115509121463],[108.11600510077433,12.161334382158195],[108.11515060808777,12.16144024045004],[108.11415878770136,12.161445962344724],[108.11114517634242,12.161149369010902],[108.11083237124615,12.161221848140915],[108.11054245424758,12.161418305578785],[108.1103440892152,12.16164718696657],[108.10954300354037,12.163495408632564],[108.10848251782674,12.164923058466979],[108.10842911156628,12.165124284405744],[108.10845962968294,12.165398942882147],[108.10893265288647,12.166064606187595],[108.10909286976694,12.166149483576406],[108.10932175116359,12.166210519152376],[108.11152664699512,12.16591392659417],[108.11204544495267,12.165896760509064],[108.11243454458278,12.166015015363648],[108.11278549695223,12.166216241048401],[108.11295334237504,12.16640697602901],[108.11300674909666,12.166563378103834],[108.11254898576806,12.167341576816534],[108.11251083883936,12.16774498111269],[108.1125642441212,12.168254243767207],[108.11274734989418,12.168931351426668],[108.11350266021248,12.170538293642338],[108.11380020629946,12.171495782481562],[108.114006199765,12.172402726252729],[108.11418167614721,12.173651086259026],[108.11417404686321,12.174351083829594],[108.11409775308627,12.174967156554796],[108.1138612409986,12.175515519794956],[108.11291519663479,12.17696605896754],[108.11257950334362,12.17725120679337],[108.11202255687842,12.177570687934576],[108.11092392392166,12.178785669380012],[108.11075607798017,12.179166185320708],[108.11062637796933,12.17960296810609],[108.1106492665497,12.180100785575084],[108.1108094841364,12.180420266585392],[108.11152664711835,12.1813329326272],[108.11220566359614,12.18273864892199],[108.11286179112957,12.184357033871523],[108.11436478172641,12.18231140303942],[108.11473862205301,12.181192743057109],[108.11487595140774,12.180999146529173],[108.11541763874929,12.180576669693583],[108.11573044390715,12.180390702782752],[108.11650864157373,12.18024669774242],[108.11669174761033,12.180078851743977],[108.11687485228218,12.179698334564948],[108.1174928331204,12.178731309641929],[108.11788956283893,12.17833171935402],[108.11905685924549,12.176007615637332],[108.11936203544163,12.175600396484498],[108.1197816523355,12.175303803090792],[108.12022415652552,12.175164567367649],[108.12144485996329,12.175081597210413],[108.12245194039468,12.175081596972877],[108.12313858514412,12.175192222838369],[108.12428299419095,12.175563203238303],[108.12507645129838,12.175993310508252],[108.12578598510247,12.176637994513602],[108.12650314842585,12.177142487218912],[108.12825790935985,12.178008424288782],[108.12961594152011,12.178737031507948],[108.13014999975638,12.179097520006907],[108.13076798075114,12.18029247446636],[108.13108841437742,12.180741653910593],[108.13157669580421,12.181063996267982],[108.13217178906294,12.181268081992094],[108.13428513211139,12.181404458421232],[108.13566605190294,12.18154083260484],[108.1364671384037,12.1817029577546],[108.13829056426137,12.182323799606811],[108.14044968231556,12.183222160667997],[108.14160935022528,12.183912620808684],[108.14221970183426,12.18448196489903],[108.14322678190722,12.18491684016282],[108.14588181095168,12.186191902199269],[108.14750687233202,12.186735496559965],[108.14878861148838,12.187117920677442],[108.1506196655103,12.187432632302718],[108.1522905034391,12.187896118605103],[108.15333573085354,12.188328132228715],[108.15380112360299,12.188983307234851],[108.15403763490082,12.189203604947965],[108.15445725201981,12.189426764969463],[108.15655533503302,12.190292701021527],[108.15705887450794,12.190705642073464],[108.1573793096961,12.191142425683042],[108.15783707302725,12.192251548421156],[108.15814987862859,12.192755089614616],[108.1592027349243,12.193547592267063],[108.16085831385878,12.19435821569672],[108.16149918318075,12.195577964928837],[108.1619264294045,12.195968971267858],[108.16310135671259,12.196558342707362],[108.16520706952193,12.196755752451702],[108.16576401392517,12.196661339479471],[108.16635910721126,12.196428642304642],[108.16669480142221,12.196161613464424],[108.1669694592989,12.195861206496296],[108.16712204702523,12.19519935592325],[108.16703812319756,12.193830832711717],[108.16709915800124,12.191995964195813],[108.16727463402044,12.190368994400174],[108.16750351587028,12.189560280133035],[108.16796890864175,12.188798294125286],[108.16847244920909,12.188296660784983],[108.16912094781135,12.188030585821727],[108.17064682725226,12.187493666408812],[108.17133347239964,12.187350615234703],[108.17198197106492,12.187264784825302],[108.17253891743226,12.187000617297809],[108.17282883399835,12.186706885028823],[108.17301193915827,12.185946807087278],[108.17312638036053,12.184979781415883],[108.17306534472603,12.184100492988806],[108.17279831545592,12.182971343219883],[108.17208115256557,12.180919989397522],[108.17202011730824,12.180561408322196],[108.17202774683196,12.180250510173037],[108.17214218724374,12.179956778439292],[108.17238632884161,12.179688795887907],[108.17279068690657,12.179496154558677],[108.17323319202984,12.179399832427654],[108.1737138430475,12.179416044657778],[108.174186865409,12.179496154029748],[108.17446152403242,12.179602965484113],[108.17465988754863,12.179758414157714],[108.17488114038865,12.180228574980523],[108.17497269375838,12.181733473498426],[108.17509476355532,12.182724341481082],[108.17542282760797,12.183693274395372],[108.17574326169905,12.184474332780873],[108.17581192704759,12.184586866987155],[108.17604843794162,12.184806211938906],[108.1773225466201,12.185572013604185],[108.17764298246112,12.185657842736616],[108.17794052820058,12.185684546168556],[108.17816941000329,12.185657843110722],[108.17866532099322,12.185309751704416],[108.17899338371497,12.185202941340169],[108.18064133434694,12.184854849385065],[108.18120590902048,12.184699400524048],[108.18196884777103,12.184324606490103],[108.18223587699094,12.184073789643861],[108.18232743013694,12.183895452830505],[108.18232742987641,12.183722837544936],[108.18225113586179,12.183469160970864],[108.18177811320814,12.182747229147536],[108.18174759622998,12.182589872393212],[108.18175522526276,12.18239723111655],[108.18208328882069,12.181558950808121],[108.1821901010205,12.18141113162258],[108.18249527676163,12.18115745392049],[108.18307511127749,12.180908544606808],[108.18398300891411,12.180613859515992],[108.18426529622285,12.180389745234681],[108.18442551339801,12.180156096017534],[108.18463913594024,12.179719312688798],[108.18473068931436,12.179434164766484],[108.18476883582551,12.179195745745483],[108.18475357646099,12.178957327456336],[108.18453995422395,12.17856059884881],[108.18418137294336,12.17824683973278],[108.18398300898585,12.177995069828762],[108.18389908446015,12.177805288761087],[108.18388382609062,12.177656515551604],[108.18394486176771,12.1772397593234],[108.18445603037563,12.175775868996443],[108.18453232429567,12.17545638834769],[108.18454758406827,12.174908979469665],[108.18464676525635,12.174620016654623],[108.18492142347795,12.174209936447332],[108.18531052293203,12.174160344935977],[108.18614212654535,12.174393041234019],[108.18639389706568,12.174420698186868],[108.18705002460983,12.174328190808085],[108.1874009768023,12.174252851160027],[108.18779007529332,12.174082143528755],[108.18807236335928,12.173908575232973],[108.1884767221434,12.173479421518334],[108.18891922630905,12.173372610358273],[108.18968216532379,12.173106535268126],[108.19042984676733,12.173128469467354],[108.19048325315465,12.173165662348602],[108.19054428738627,12.173328741052098],[108.190490881781,12.17375884793249],[108.1903382940052,12.174282415273524],[108.19023911170733,12.175162656576898],[108.19022385311352,12.17606864697994],[108.19036881179575,12.176511152558463],[108.19052902896526,12.176710469765561],[108.19097916276714,12.177085264408706],[108.19117752809416,12.177191121890374],[108.19127671035601,12.177191122334238],[108.19145218623272,12.177100522765478],[108.19190994921186,12.176576955217323],[108.1921312022585,12.17645583944881],[108.19244400725808,12.176432951401305],[108.19282547697738,12.176506384120053],[108.19357315666403,12.17690120516582],[108.19394699773454,12.177023275220535],[108.19470993721649,12.177003247594397],[108.19522110739078,12.176811559058907],[108.19538132435179,12.176811559117192],[108.19554917117927,12.176874502195819],[108.19606796926537,12.177320820735629],[108.19619766876937,12.177379949052419],[108.19660202708849,12.177458150349107],[108.1971208263154,12.17740665170696],[108.19729630222551,12.177332264806603],[108.19763199466067,12.176956518208453],[108.19785324808562,12.176807744607146],[108.19858567020549,12.176558836070097],[108.19879929327205,12.176418644985135],[108.19886795704309,12.176310879809732],[108.19884506913945,12.176111562019504],[108.19870774051353,12.175834996993203],[108.19841019361955,12.17564616837177],[108.19813553467857,12.17558227322712],[108.19743363078892,12.174440724703183],[108.19742600182047,12.174254757508082],[108.19770828896762,12.173747403532818],[108.19765488375495,12.173369749083003],[108.19770065981653,12.173229559087543],[108.19783798912441,12.17307506268937],[108.19863144609502,12.172700268940043],[108.1991349856077,12.172364575466338],[108.1993486092954,12.172337872480968],[108.1996461553344,12.172452313946907],[108.19989029559339,12.172599179706532],[108.20028702507749,12.17270694440261],[108.20116440515935,12.173179967985456],[108.20138565670426,12.173200947573477],[108.20182816170464,12.173144681511587],[108.2022096316907,12.17294440949949],[108.20263687827565,12.17230926203463],[108.20275894775142,12.171759945023283],[108.20298020091398,12.17140994724364],[108.20349900011387,12.170996052244742],[108.20415512838994,12.170717579231441],[108.20439163885858,12.170695645449287],[108.2050782835074,12.170760495140929],[108.20539871851278,12.170895917123971],[108.20603958759041,12.171316487414922],[108.20701615102529,12.172244412477426],[108.20750443235629,12.172458988856802],[108.20820633622169,12.172616344815511],[108.20889298206421,12.17255149525936],[108.20930496959214,12.172565800118695],[108.20949570382615,12.17269454606562],[108.20957962728546,12.17292342807359],[108.20955673883654,12.173265796958988],[108.20922104654666,12.174086911520366],[108.20890061155454,12.17525039291801],[108.2087251353821,12.175635678506133],[108.20870224760297,12.175885541165815],[108.20880905848533,12.17629943526313],[108.20925919336581,12.177455288754249],[108.20973221498338,12.17835460371739],[108.21025101403966,12.179089886503991],[108.21098343627612,12.179751736590536],[108.21141068282869,12.180011136675992],[108.21204392233139,12.180173260104032],[108.21249405675248,12.180335385295807],[108.21332566103652,12.180715900849053],[108.2136689832676,12.181084019251172],[108.21393601137278,12.181513172872194],[108.21403519508219,12.182196957417348],[108.21413437657297,12.18248019853485],[108.21430985274488,12.18275581063758],[108.21469895217156,12.183079106763856],[108.21509567957558,12.183342320314743],[108.21570603209625,12.18367419893914],[108.21630875420522,12.183848721698059],[108.21679703524936,12.183856349926653],[108.21723953947468,12.183800084471546],[108.21794907374971,12.18348441709057],[108.21818558528622,12.183192593416202],[108.21852127879153,12.182545047943252],[108.2191545181423,12.181059223950205],[108.21937577120977,12.180844647349872],[108.22010819243123,12.180384022382073],[108.2207490616508,12.179253917913766],[108.22119919609425,12.177448612372324],[108.22126023100722,12.17703567221003],[108.22123734234499,12.17674480048776],[108.22084824339416,12.1758016166759],[108.22067276706086,12.175129276537273],[108.22046677387155,12.17458663583234],[108.22045914440275,12.174461704603116],[108.2205201795087,12.174348217547081],[108.22113816020365,12.173951488302759],[108.22158066510376,12.173797946849305],[108.22173325320712,12.173684459876812],[108.22213761186465,12.172555309607517],[108.2228013681198,12.17222343016321],[108.223335426744,12.17215858007051],[108.22372452574366,12.1721948204195],[108.22396103628692,12.172328334203918],[108.2241212539069,12.172591548690246],[108.22439591110022,12.173567157361692],[108.22451035252593,12.17425094267746],[108.22456375866784,12.175008159340862],[108.22450272393485,12.175987583983956],[108.22435013549423,12.176615100847997],[108.22438828226483,12.177181584023625],[108.2248307878006,12.179270130817603],[108.22529618098399,12.180732112483238],[108.2254869163376,12.18151698702916],[108.22589890307904,12.182164531627048],[108.22628037276239,12.18263850796317],[108.22653214300207,12.182784420763086],[108.22685257663048,12.18287311151333],[108.22758499947427,12.18296657183676],[108.22800461627823,12.182961803564574],[108.22824875667341,12.182844501869841],[108.22845475032639,12.18262992430702],[108.229049842992,12.181354862442245],[108.22965256539923,12.18082461937445],[108.22972885874621,12.18065486554757],[108.22964493557116,12.18022571169738],[108.22943894175332,12.179978710443256],[108.22938553598921,12.179828983903683],[108.22952286485804,12.178303104474498],[108.22960678889734,12.178019863539037],[108.22993485265667,12.177481037167812],[108.23051468672,12.177003246399579],[108.23133866069628,12.176655155323372],[108.23188797763132,12.176208835241601],[108.2326280288456,12.17585406825363],[108.23327652798419,12.175683360873176],[108.23417679568196,12.17576156197709],[108.23479477648705,12.17576919093474],[108.23677078971672,12.175988535758995],[108.23748795338568,12.176165919687838],[108.23771683510661,12.176138262758876],[108.23803727004437,12.175975184812431],[108.23815933969169,12.175769191360706],[108.23818985799718,12.175279002963299],[108.23812882273651,12.174349169436447],[108.23772446519033,12.172333102427336],[108.23770920532938,12.171836237596473],[108.23780838740241,12.171261172616218],[108.23815933977704,12.170238834074498],[108.23826615167833,12.169642786851192],[108.23826615145622,12.168961864072967],[108.23802201068257,12.16768393973593],[108.23805252836704,12.167321543145908],[108.23815933970042,12.166974406409235],[108.2386552500532,12.16612182175083],[108.23892227943925,12.16490874742637],[108.23931900775462,12.162509303749813],[108.23957077734006,12.161686282402668],[108.23994461718222,12.161011080204029],[108.24015061132128,12.160769801274396],[108.24042526964473,12.16059527853942],[108.24080673951681,12.16058001905964],[108.24118057933352,12.160661082603525],[108.24261490498532,12.161451678508572],[108.24343125168518,12.161821702935914],[108.24392716113398,12.16215072153333],[108.2442781132014,12.162571291293343],[108.24471298980787,12.163259843905868],[108.24514023529849,12.163640360109515],[108.24536148828578,12.163896899208574],[108.24570481017993,12.164522509173864],[108.24636093885441,12.165345529801963],[108.24642197398553,12.165562014183676],[108.24646775049808,12.166405062064428],[108.24640671539346,12.166693072613723],[108.24615494535219,12.16708121710009],[108.24608628088009,12.167303422879941],[108.24617020331175,12.16804538237592],[108.24636093884932,12.168459277163207],[108.24658219150832,12.168695787835619],[108.24718491395839,12.168999056480402],[108.24929062725116,12.169589380995593],[108.24994675513672,12.1698669001072],[108.25107590480762,12.170791010561604],[108.25163285124668,12.171078065858966],[108.25222794392566,12.17129550425682],[108.25325028197355,12.171457629358622],[108.2539674461637,12.171268801070447],[108.25408188616866,12.171303132977341],[108.25422684470827,12.171420434725679],[108.25444046835109,12.172016481799773],[108.25454728021603,12.172549586356844],[108.2547990502652,12.173249583055544],[108.2547990499404,12.173430780776823],[108.25475327358181,12.173523286848303],[108.25444809682662,12.17369876353174],[108.25412003275409,12.174043993300506],[108.25328080026709,12.17473350006508],[108.2531358423512,12.17490897648459],[108.25254074922903,12.175182681208454],[108.25157944556275,12.175438265171067],[108.25143448719437,12.175423007056882],[108.25131241650693,12.175361018606456],[108.25106827661514,12.175134043709859],[108.25094620485672,12.175087313061193],[108.250778359467,12.175123553142017],[108.25033585420205,12.175371508662442],[108.24952713787711,12.176240305178354],[108.2489015282081,12.176665644071035],[108.24872605244917,12.176912646938625],[108.24852005799524,12.177831988971295],[108.24833695194965,12.178138117522357],[108.24828354761684,12.178307871968057],[108.2482835475055,12.17861018619857],[108.24853531710629,12.17918906654411],[108.24942795685928,12.180452685217695],[108.2498552028064,12.181269030387867],[108.25002304929795,12.181857447709062],[108.25006119694544,12.18295226529819],[108.25018326668321,12.183530192942381],[108.25045029535148,12.184295992647543],[108.25123612312288,12.186171870928252],[108.25225083313062,12.188303332890836],[108.25268570799703,12.189051967152789],[108.25312821316767,12.18933711602423],[108.2536546411045,12.18960891291472],[108.25417343999183,12.189792017688365],[108.25524918464235,12.190634113204267],[108.25593583043927,12.190844874552909],[108.2570268345377,12.190925936390355],[108.25830094267312,12.190901141514566],[108.25945298102826,12.191148142546346],[108.25993363304342,12.191396098793797],[108.26042954465036,12.192223887886216],[108.26054398564429,12.192475658046982],[108.26052872621594,12.192784648060762],[108.26023117952046,12.193342547924267],[108.25997178051227,12.194022517328863],[108.25971238141562,12.19540248417496],[108.25933091143776,12.19669375909815],[108.25932328226502,12.197098116537934],[108.25974289839321,12.198171954527364],[108.2598802273589,12.198717455977384],[108.25985733943862,12.198858600305787],[108.25973526965015,12.199029307954083],[108.2593690584866,12.199308733563276],[108.25931565275101,12.199620585943304],[108.25936905874963,12.199945789073789],[108.25957505226847,12.20026145528089],[108.25978867541696,12.200517992910928],[108.26023117977473,12.200773577731663],[108.26156632500226,12.201328617311221],[108.26256577503783,12.20204864062635],[108.2642366127632,12.203001360951417],[108.2654267979867,12.203362804143449],[108.26670090694789,12.203845362552295],[108.26708237695283,12.203878741784967],[108.26744095754506,12.203829150753139],[108.26790635124215,12.203605991170441],[108.26863877314118,12.203178744932945],[108.26889817327493,12.203079562976521],[108.26908890831928,12.203044276585837],[108.26940934193583,12.203096728767676],[108.26962296499262,12.203181605676226],[108.2697374059477,12.203316073651095],[108.26982132895098,12.203536372565265],[108.27005784104229,12.203756670375041],[108.27069870992705,12.20409331762417],[108.27211777684435,12.204651217274318],[108.27254502347952,12.204956393203506],[108.27275864622725,12.205445628809898],[108.27297226959162,12.207381587403505],[108.2729112345998,12.207946162652094],[108.2729341222056,12.208344799097711],[108.27333085093098,12.209876399988968],[108.27348343945762,12.210262637546036],[108.2738191326074,12.210831980997813],[108.27516190658734,12.212507587128954],[108.27586381071708,12.213099818446056],[108.27677933806886,12.214069705738222],[108.27706162549902,12.214248995643455],[108.27743546614377,12.21437488042883],[108.27802292948492,12.214411120637555],[108.27840439830176,12.214298586572738],[108.27996842458536,12.213665348006403],[108.28251664234429,12.212907176154662],[108.28350846389512,12.212426524101877],[108.28462235608752,12.211779932417711],[108.28660599754556,12.210922579112443],[108.28777329576518,12.210262637182677],[108.28816239497449,12.210109095151774],[108.2883226115416,12.210118632438327],[108.28864304671619,12.210329394480723],[108.28884141078365,12.21052298984823],[108.28925339739376,12.21073851997317],[108.28958146198966,12.210814814271075],[108.29003922621618,12.210846285344017],[108.29065720680022,12.210765223023383],[108.29093949419398,12.210567812062976],[108.29254166700179,12.208771089551801],[108.29285447169114,12.20855174469894],[108.29312913070343,12.208462099488234],[108.29339615852128,12.20842585990592],[108.29370133460127,12.208452562860069],[108.29444901577267,12.208654741366535],[108.29471604489929,12.208672861861977],[108.29508225591638,12.208528856877948],[108.2953340258918,12.208246568298517],[108.2954637249488,12.207716325446457],[108.29580704809732,12.206998208923794],[108.2958833421349,12.206630090739125],[108.29588334152847,12.205700258484853],[108.2954789835892,12.203846315141028],[108.29549424287579,12.203441957118466],[108.29561631259756,12.203150133245696],[108.29582230674328,12.202925065784239],[108.29605881796701,12.202840188437245],[108.2964936940061,12.202916482759885],[108.29693619873052,12.20316443819794],[108.29731766734606,12.203630784695502],[108.29840867172994,12.205287317741426],[108.29916398213398,12.206899026201604],[108.29983536827017,12.207971910404028],[108.3001329147787,12.208322862177532],[108.30039231375373,12.20852885644461],[108.3013002121571,12.208896974725207],[108.30282609138239,12.209341386761599],[108.30443589312428,12.210186342374437],[108.30464951645112,12.210347513664475],[108.30480210390857,12.210693696665507],[108.3050080977497,12.21138511071815],[108.30525223902139,12.211869577707075],[108.30573288989486,12.21237216299745],[108.30677811690221,12.2133248843925],[108.30700699957761,12.213454584539813],[108.30765549810415,12.213607171762844],[108.30802170928119,12.213769296389293],[108.30829636769626,12.214006761109015],[108.30846421432,12.214092592123095],[108.30876176006136,12.214124063511708],[108.3096543989714,12.214011528935588],[108.30997483398555,12.214069704028399],[108.31060807477932,12.214374879586298],[108.3109285087482,12.21463523182887],[108.31120316674726,12.214999535844504],[108.31130234887019,12.215246538250927],[108.31134049529126,12.215601303881614],[108.31127946097865,12.216324189975484],[108.31114976180645,12.217136720373475],[108.31116501963791,12.217738489607756],[108.31124894337903,12.218115190045209],[108.31134049600114,12.218263963244933],[108.31157700725555,12.218420366123024],[108.31201188274817,12.218528131022184],[108.3123628349433,12.218551019671967],[108.31307999795638,12.218407013937655],[108.3139802665462,12.218119958281854],[108.31438462446394,12.218088487221422],[108.31549088628263,12.218182901437814],[108.31776444706854,12.218277314864357],[108.31861893892253,12.21857772247879],[108.32012955845471,12.219242432956744],[108.32062546992714,12.219646791383289],[108.32087723995981,12.219736436117369],[108.32129685638887,12.219741205349797],[108.32170884375779,12.219668725140492],[108.32202164892213,12.219709733093826],[108.32222764168206,12.21979461023549],[108.32233445426353,12.21991572726864],[108.32238023043014,12.220091202855553],[108.32238785956649,12.220486023562886],[108.32234208289029,12.22080073696716],[108.32227341913712,12.220943788139454],[108.32122819205424,12.222017625426826],[108.32093827473041,12.22281680439353],[108.32090775721151,12.223162034129738],[108.32096116278642,12.223494867225407],[108.32112900997161,12.223858217348939],[108.32185380251993,12.22472892070981],[108.32260148319827,12.225496628778465],[108.32287614151475,12.225698807759093],[108.32487504192399,12.226399758763826],[108.32543198857182,12.226973871195744],[108.3259126400896,12.227404931220377],[108.32629411058346,12.227625230322797],[108.32664506228004,12.22773299506538],[108.32713334302592,12.227803566861482],[108.3276368835189,12.227996209624933],[108.32798020648096,12.22794757187022],[108.32852952293344,12.227736810362465],[108.32896439886389,12.227770188723305],[108.32919328015068,12.227893212734074],[108.33024613648524,12.229258873653558],[108.33038346585414,12.229489663973132],[108.33042924232049,12.229883531163965],[108.33039109571308,12.230440476827848],[108.33110062844626,12.230837204578549],[108.33152024611911,12.23086772341919],[108.33200089742124,12.230771401607399],[108.33384721033617,12.229917863080525],[108.33593766482855,12.229382851627204],[108.3372194036162,12.229220726199939],[108.3376237618153,12.229106285500613],[108.33796708406527,12.228913643944905],[108.33833329510352,12.228306153159911],[108.33856217641541,12.228065827490319],[108.33881394629618,12.227921822810547],[108.33912675208397,12.227879860914841],[108.33956925629805,12.228005745337533],[108.34004227937575,12.228529312648217],[108.34037034409354,12.229117730843313],[108.34047715455769,12.22955737345587],[108.34044663782522,12.231120446261812],[108.34034745532895,12.231751778484632],[108.34001176163024,12.232839920407056],[108.33986680388598,12.233645775737028],[108.33966080967079,12.233951905492592],[108.33918778677025,12.234379151712286],[108.33856980699909,12.234799721403887],[108.33820359567298,12.2349504026893],[108.33776109080175,12.235003807854934],[108.33718125745092,12.234872201004139],[108.3369905222789,12.234872201067164],[108.336349653268,12.234968522220026],[108.33573930097818,12.234956125207958],[108.33509843216096,12.235094406713111],[108.33364884703681,12.235148766730479],[108.3332978949977,12.235220291906737],[108.3330384945232,12.235418657178696],[108.33299271868694,12.235689500263625],[108.33312241902819,12.236068108955672],[108.33361069989759,12.23685584371545],[108.33381669409282,12.237288811802436],[108.33394639309238,12.237967828609285],[108.33425919878094,12.238493303058018],[108.33546464279833,12.239441254892373],[108.33563249009867,12.2397302179639],[108.33570115421635,12.23999438612111],[108.3356935250128,12.240367273169856],[108.33560960125997,12.240787842961641],[108.33499925005681,12.242016175849225],[108.33470933309852,12.242720941311376],[108.33454148632924,12.243618349268107],[108.33423631045986,12.244255403824074],[108.3341981637389,12.244560579390654],[108.33424394072541,12.245047906431761],[108.33444993372152,12.246085504904919],[108.3346788154484,12.24682078786733],[108.33483903333844,12.247203210735462],[108.33511369173799,12.247508386703],[108.33578507907725,12.248091081500359],[108.33633439504034,12.24831805607699],[108.3371507398459,12.2483857661396],[108.3378221263702,12.24839434945379],[108.33823411407563,12.248373369369993],[108.33869187752545,12.248260835819774],[108.33975999249427,12.24790130041407],[108.339904951814,12.247783044631404],[108.34008805627269,12.24750457111353],[108.34036271510291,12.246827462999743],[108.34075944350792,12.246159891011224],[108.34130113042906,12.245556214881757],[108.34150712389702,12.245394089859342],[108.34171311768094,12.245305398050974],[108.34196488743207,12.245289185956432],[108.34214799350255,12.245356896802955],[108.34236924582768,12.245634415799271],[108.34259812787747,12.24620566689731],[108.34263627434817,12.246941904456841],[108.34253709319161,12.24722323697286],[108.34249894581465,12.247597078060233],[108.34252183410837,12.247888902292212],[108.34262864454354,12.248169282054146],[108.34284226823593,12.248494485498538],[108.34307877944235,12.248964647133276],[108.3432771434219,12.249107697769064],[108.34352891414935,12.24912104904142],[108.34405534144662,12.248957970969418],[108.34433762943546,12.24877200482334],[108.34474198808049,12.248341897056902],[108.34501664620667,12.247962335013055],[108.34510056926945,12.247748712293086],[108.34527604479695,12.247633316802345],[108.34570329088578,12.247549394438888],[108.34668748270627,12.24747786817886],[108.34735887010224,12.247799256911629],[108.34756486433305,12.248053887535393],[108.3477708565236,12.248745301659527],[108.34858720323011,12.249842980731374],[108.34979264741774,12.251170494757066],[108.35095994375932,12.252262452574076],[108.3520204302923,12.253027299261715],[108.35310380425555,12.253627160263312],[108.3548051594346,12.25440345118969],[108.3560029746212,12.254820206556508],[108.35661332637592,12.254884102864509],[108.35739915335321,12.254830697018301],[108.35897843883055,12.254538872683876],[108.35952012582942,12.254213669665155],[108.3605119467435,12.25347838616524],[108.36123673933892,12.253136017483504],[108.36172502029781,12.253013947118605],[108.36300675836769,12.253112175173008],[108.36436479050124,12.25301394756965],[108.36534135341319,12.253098824809058],[108.36719529621647,12.25355277286783],[108.36891954000389,12.25424800108719],[108.36920182754055,12.254298546370864],[108.36947648534652,12.25429187055597],[108.36990373181928,12.254128792471887],[108.37033860688541,12.253831245903386],[108.37079637039021,12.253434517114833],[108.3710405112748,12.253136016802365],[108.37143723974891,12.252498962979113],[108.37171189791114,12.25169310789062],[108.37215440277426,12.250831939662135],[108.37255113142544,12.250408509367764],[108.37293260016332,12.250255920865152],[108.37319200084802,12.250235893537834],[108.37413804568234,12.25036177886143],[108.37466447351336,12.250930168698783],[108.37484757970815,12.25105796122368],[108.3750001666014,12.251084664204777],[108.37531297289344,12.251035072799723],[108.37627427551169,12.250603058004465],[108.37710587927226,12.249727584527703],[108.37770860160408,12.249281265538679],[108.37831132435447,12.248767234999073],[108.37947862197124,12.247670509444747],[108.37992112660719,12.247054435231531],[108.38029496623251,12.246156074185961],[108.38085954193186,12.24558005489715],[108.38114945865664,12.245434142255608],[108.38137071162383,12.24538359874929],[108.38156144685111,12.245411254158235],[108.38173692246875,12.245505667938565],[108.38205735621067,12.245800353149628],[108.38226335047537,12.245854713152822],[108.38253037940679,12.245854713138552],[108.38342301857914,12.24536643203511],[108.38414018181213,12.244855261966983],[108.38530747845093,12.24365554002037],[108.38546769611689,12.243387557272676],[108.38563554206848,12.242632247306204],[108.38586442455772,12.242296554265028],[108.38641374135679,12.241751052197507],[108.38710801644932,12.241270399537843],[108.3874665973967,12.24108443376224],[108.38780992064605,12.24101958372665],[108.38835160770482,12.241026259647843],[108.39108293049772,12.241473533116332],[108.39169328257087,12.241616583626895],[108.39189164627038,12.24177298639484],[108.39218156396211,12.24208579163915],[108.39244096234381,12.242540694599022],[108.39278428530635,12.242927885733323],[108.39323441975812,12.243243552397258],[108.39377610690178,12.24342188966209],[108.39411942985296,12.243635512496418],[108.3945314163589,12.243733740718142],[108.39482133387138,12.24371276005012],[108.39611070168647,12.243228293591427],[108.39821641486392,12.242717123444208],[108.39974229407032,12.24243006766376],[108.40003221094061,12.242454863383575],[108.40106217898632,12.242867804005495],[108.40284745717777,12.243293143591513],[108.40372483760888,12.243415212903635],[108.40419023095612,12.243540144504882],[108.4067689656394,12.244665479821865],[108.40721910052045,12.244820929312812],[108.40776078841736,12.244902944872152],[108.40810410989381,12.244885778917308],[108.40863816837285,12.244790410707918],[108.4093858490889,12.244597768537783],[108.4125520475555,12.243500090195472],[108.41299455242616,12.243574476818722],[108.41333024649661,12.24382529247193],[108.41387193302539,12.244591093030408],[108.41409318567501,12.245112752464367],[108.41415422040905,12.245464658762959],[108.4142686616512,12.245688771750883],[108.41447465543165,12.245834684569811],[108.41512315350839,12.246125554817798],[108.41535966462324,12.24641737975249],[108.41612260474292,12.24767050782677],[108.41635148651847,12.247836446873594],[108.41699998419601,12.24816546507466],[108.41925828520279,12.24950347002198],[108.41975419676868,12.249693250691777],[108.42067735244525,12.249927854825522],[108.42147843959745,12.250269269747184],[108.42189805672771,12.250381803516413],[108.42227189673335,12.250421857505412],[108.42290513640103,12.25034079529926],[108.42446916246715,12.250395154846318],[108.42498033166088,12.250541066453527],[108.42533128339689,12.250707006282354],[108.42630021643899,12.251316404447115],[108.4264833227561,12.25139460527645],[108.42702500950338,12.251451825327276],[108.42712419164083,12.251503324865691],[108.4272767802678,12.251723623560565],[108.42743699679411,12.252607679717427],[108.42739122117753,12.25344119054129],[108.42713945071131,12.25476584487108],[108.42729203908354,12.255306577432165],[108.42745988464783,12.255694722941882],[108.4274598853946,12.255907392635898],[108.42737596204454,12.256178235305962],[108.42718522715471,12.256581640935629],[108.42716996788575,12.256822919667547],[108.4272615215491,12.257141446659734],[108.42768113805457,12.258027411147976],[108.42781083732059,12.258200025614872],[108.4278947608728,12.258221959799833],[108.42836015417774,12.258118009615842],[108.42851274181973,12.25815234134349],[108.42865007123831,12.25824580208235],[108.4289705053271,12.25860152302299],[108.42929094004472,12.259140348268067],[108.42942826924416,12.259249068021637],[108.4296876686471,12.25929961135423],[108.42991655004506,12.259302473116403],[108.43202989362288,12.258628225622244],[108.43241136235964,12.258448934775032],[108.43336503709105,12.257425641435157],[108.43340318434191,12.257253026783717],[108.43337266588946,12.257124280634496],[108.43327348447212,12.257026052645612],[108.43291490188963,12.25693831424497],[108.43277757367437,12.256866788657948],[108.43272416744111,12.256744718369198],[108.43273179723064,12.256568288499729],[108.43280046098194,12.256310796718923],[108.43327348387594,12.255664205214838],[108.43367021233908,12.254755353622697],[108.4341737522299,12.254298542972943],[108.43457811056226,12.25413546556578],[108.4348756570637,12.254111623294879],[108.43537156715378,12.2541421412698],[108.43579881355056,12.254084920354716],[108.4361802833566,12.253908489858723],[108.4366838230451,12.253447866290733],[108.4369203341293,12.253083561922308],[108.43723314016225,12.251700734339167],[108.4374849104423,12.251347874949664],[108.43750779799957,12.25116858393356],[108.43746202089298,12.250861500980431],[108.43724076882826,12.25042376351476],[108.4371949928293,12.250202512293336],[108.43722550990185,12.250008915730326],[108.43733995081337,12.249791477805987],[108.43756883317636,12.249708509222204],[108.43802659684374,12.249805783063593],[108.43886583043647,12.25007948762585],[108.43964402838299,12.250399922807794],[108.43990342794022,12.250605916182469],[108.44006364536777,12.2508090489499],[108.44020097405763,12.251091335941922],[108.44020860308865,12.251555775672477],[108.43992631600771,12.252396917068365],[108.43971269361263,12.252696369951583],[108.43945329335124,12.252941464597525],[108.43789689753234,12.254281377174436],[108.43734758138314,12.25513682351201],[108.43666856430882,12.25594553916059],[108.43649308804737,12.256677961672851],[108.43637101828595,12.256928777090472],[108.43634049997569,12.257513379177816],[108.43638627770011,12.25772509495224],[108.43659227025226,12.257975911060075],[108.43720262196952,12.258007383605348],[108.4375612043422,12.258107518643376],[108.43783586205015,12.258087491195916],[108.43956010556664,12.258701657754795],[108.43967454660154,12.258780812375434],[108.43975084040981,12.258927678401362],[108.43977372850605,12.259074544569604],[108.43956010570646,12.25987181616651],[108.43947618287453,12.260409687995937],[108.43950669981551,12.261659955252425],[108.43960588143963,12.262200689632708],[108.439743210864,12.26257166839767],[108.44010942180545,12.26315054829859],[108.44036119173941,12.263332700113647],[108.44076554992122,12.263527250061854],[108.44116227872051,12.263655996587284],[108.4415513773847,12.263688420948446],[108.44184892359421,12.263665532738054],[108.44213121223433,12.263521527984953],[108.44245927608485,12.26295027755653],[108.44259660448817,12.26286826102148],[108.44274919264285,12.262838696836914],[108.44324510295849,12.262885427349032],[108.44345109671089,12.262914991050321],[108.44355027907388,12.263000821269694],[108.44367997873951,12.263465261602807],[108.4436723497433,12.26377425089266],[108.44355790883891,12.264065121904562],[108.44340532095838,12.264252996618552],[108.44297044443474,12.264488553174246],[108.44250505146096,12.264814710141836],[108.4421769874962,12.265150403740703],[108.4416353010634,12.266038274429539],[108.44163530128525,12.266132688471647],[108.4417497419184,12.266429280006404],[108.44175737185496,12.26657614648226],[108.44138353057386,12.267235135144475],[108.4410325790508,12.268660878141862],[108.44105546743376,12.268914556162867],[108.4413224957962,12.269257879850496],[108.44144456570845,12.27042899144166],[108.4414216785488,12.270771360192501],[108.44116990775704,12.271397925050742],[108.44111650248207,12.271620130459391],[108.44113176090454,12.271951055578802],[108.44123094362092,12.27232680238063],[108.44133012492021,12.272510862602635],[108.4416734486086,12.272778845134388],[108.44173448287087,12.272924756721837],[108.44169633628506,12.273301459164346],[108.44149034366885,12.27370677006367],[108.441360643231,12.27410063792871],[108.44133775507885,12.274474477434259],[108.44148271308642,12.275389051831416],[108.44155900724962,12.275656081219871],[108.44209306499167,12.276817655789939],[108.44245164616618,12.277424193003636],[108.44274919340502,12.277791356445777],[108.44313066365038,12.278132772605801],[108.44351976285019,12.278329230066964],[108.44370286743542,12.278376912920722],[108.4439851559011,12.278347348814297],[108.44429033183701,12.278165197479092],[108.44439714254897,12.278005933996921],[108.44479387137314,12.276673650499886],[108.44525163419112,12.273950910958284],[108.44536607544458,12.273701047568148],[108.44567888040946,12.273277616955824],[108.44602220331373,12.272933339906311],[108.44619767912036,12.27286276726862],[108.4463426383367,12.272874212413267],[108.44702165454814,12.273266172914582],[108.44779222377126,12.273513173259298],[108.44811265783672,12.273551320115143],[108.44949357829526,12.273256635802367],[108.45041673402753,12.27327761635282],[108.45063798755324,12.273342466660417],[108.45081346383954,12.273538923706868],[108.451080492171,12.274254178035477],[108.45104234530623,12.274362897555196],[108.45083635166972,12.274483059942394],[108.45078294566643,12.274600362499996],[108.4508058331136,12.275047635597913],[108.45088212730514,12.27544436462387],[108.4510423451687,12.27594790441875],[108.45120256232228,12.276227330238116],[108.45126519476484,12.276309301795681],[108.45209520182308,12.277395581407887],[108.45262163008516,12.277830457447546],[108.45286577052353,12.27810893029386],[108.45320146333107,12.278220510751627],[108.45368211544874,12.2782586570462],[108.45391099762941,12.278338765279228],[108.45502489022894,12.279009198440638],[108.45514695939032,12.279229497797731],[108.4554368765262,12.280029630502996],[108.45561998196676,12.280885076575908],[108.45582597630046,12.281311368156471],[108.45611589271543,12.281511640209965],[108.45655076907587,12.281661367102528],[108.45719163816564,12.28211722307308],[108.45747392475656,12.282337522445102],[108.4576722897954,12.282652234667234],[108.4578248769832,12.282776212368026],[108.45858781683111,12.283108091463898],[108.45874040519125,12.283096647544642],[108.45886247465661,12.283034658803928],[108.45896928752187,12.282899236212685],[108.45899217487857,12.282490110612326],[108.45879381134732,12.280443525472947],[108.45870988723065,12.280111646401473],[108.45839708194517,12.2793792245113],[108.45821397711809,12.279041623450292],[108.45791643001881,12.278664921869822],[108.45748155449476,12.277735089998709],[108.4570543086426,12.276947355186476],[108.45698564373428,12.276744221874843],[108.45694749660726,12.276441907011614],[108.45699327315799,12.275885914774326],[108.45707719705226,12.275685642939857],[108.45731370752826,12.275345181808666],[108.45755784905246,12.27519164021655],[108.45772569439475,12.275162076478344],[108.45791642973423,12.275194500836156],[108.45819871743593,12.27532133996745],[108.45902269159473,12.275494909244067],[108.45985429562988,12.27575907586216],[108.46003740150306,12.275856350748757],[108.46080034079698,12.276852941234063],[108.46086900608934,12.277044628597537],[108.46097581728043,12.277694082257],[108.46119706951907,12.278147077333767],[108.4614335808973,12.278461789026549],[108.46163957457851,12.278638219288027],[108.46193712089072,12.2788003444543],[108.4636384755951,12.27925619976085],[108.46385209900937,12.279338215752967],[108.46400468678334,12.279444074090824],[108.4655381954551,12.281517362094743],[108.4661866946499,12.282543514594252],[108.46651475828023,12.283293102650507],[108.46654527520374,12.2836488240866],[108.46652238772901,12.283892965091997],[108.46618669428113,12.284551954028641],[108.46562211938547,12.285127972858076],[108.4650499141593,12.285881376467485],[108.46489732656018,12.286157940797732],[108.46479051528091,12.28660712226383],[108.4647981448294,12.286866521382642],[108.46487443826625,12.287037228991032],[108.46502702628601,12.287175512295056],[108.46553819533676,12.287354802322207],[108.46609514140867,12.287634228956678],[108.4665300172888,12.288045263514341],[108.46669023408616,12.288254117272219],[108.46673601088837,12.288451528016267],[108.46668260473008,12.288842534031062],[108.46643083459546,12.28914198857734],[108.46629350524167,12.289635990877914],[108.4662095825199,12.290421818983573],[108.4661256601373,12.292312001206867],[108.46592729480753,12.293071126611206],[108.46585100067908,12.293521260727452],[108.46579759565414,12.294814443229294],[108.46569841396668,12.295579290151462],[108.46557634305209,12.296290731813066],[108.46543901346188,12.29658827790971],[108.46537797873124,12.296861982352992],[108.4654008667573,12.296993589767162],[108.4654771605502,12.297123288465993],[108.46586625971067,12.297252988753689],[108.46614854791508,12.297234868723821],[108.46712510983397,12.296958303956506],[108.46781175554499,12.296711301398195],[108.46870439454118,12.296091413098729],[108.46945207594771,12.295055722615649],[108.46967332833819,12.29470572391757],[108.47035234399965,12.292450284646211],[108.47044389685968,12.292023992147206],[108.47045915544497,12.291700696046574],[108.47034471466704,12.291218136752882],[108.47031419675737,12.289857244063512],[108.47033708514229,12.289497709415734],[108.47048204339687,12.288774823284253],[108.47055070856024,12.28860983801817],[108.47084825448088,12.288300847219553],[108.47119920642447,12.288166378749914],[108.47177904065894,12.28806624302063],[108.47194688730964,12.288080548021705],[108.47209947585272,12.288201664575743],[108.47224443338992,12.288445806266854],[108.47248094428805,12.289289808127535],[108.47339647262075,12.291568134819025],[108.47380083061542,12.2921422471826],[108.47486131570086,12.293341969849928],[108.47559373820867,12.293932294100557],[108.47574632619799,12.294288014715427],[108.47586839579843,12.294846867818345],[108.47588365495469,12.295179699805663],[108.47579210322436,12.295820569480076],[108.47567003203157,12.296267843295496],[108.4748765755528,12.297955845981056],[108.4745332518052,12.299450254412303],[108.47454851106937,12.299701070391652],[108.47463243499357,12.299998616153932],[108.47474687519704,12.300284719479112],[108.47486894656971,12.300424909123697],[108.47505205102362,12.300519323560087],[108.47527330412896,12.300561284788909],[108.47577684455169,12.300495481282724],[108.47602098424126,12.300366735711519],[108.47727983439354,12.299049710409534],[108.47744768161715,12.298918102891777],[108.4776384158805,12.298873280799512],[108.4778138922658,12.298862790035477],[108.47798173970504,12.298932409049748],[108.47863023760654,12.299434040888286],[108.47915666605293,12.299998616469177],[108.4793474002596,12.300138807009464],[108.47998827002823,12.300435399011103],[108.48131578479229,12.300558422960567],[108.48144548435734,12.300506925461203],[108.48157518414065,12.300389622874935],[108.48183458361153,12.299977636183415],[108.4820024300735,12.29982886172702],[108.48254411775125,12.299548481990676],[108.48304002772389,12.299435949362485],[108.483261280566,12.299445485171491],[108.48361986128339,12.299579953112433],[108.48374956191387,12.29969725450934],[108.48384111417734,12.29999003281478],[108.48382585574893,12.300245617646613],[108.48367326786114,12.30071387184636],[108.48343675691201,12.301271771758135],[108.48330705620947,12.301476812068165],[108.48314683938034,12.301620815805052],[108.4826661875775,12.301914548171958],[108.48230760578186,12.301983212998733],[108.48191850665974,12.302133893073654],[108.48166673639587,12.30233893330834],[108.48111742086638,12.30290827719888],[108.48085802139121,12.303415632284473],[108.4806672865359,12.303934430664253],[108.4805528457824,12.304430341206087],[108.48049181080563,12.30524954773256],[108.48051469913398,12.305623388676892],[108.4807037258974,12.306338065738421],[108.48086565044083,12.306863164526163],[108.48107164451986,12.307729100049832],[108.48127763743346,12.308174466404907],[108.48155229593524,12.308454847645919],[108.48262804064885,12.309200620358553],[108.48284929282384,12.309484815171656],[108.48335283404293,12.309757566833769],[108.48397081442279,12.309902524431955],[108.48432176736533,12.309897756102353],[108.4845964248139,12.309736585569013],[108.48480241834055,12.309366559248325],[108.48482530702478,12.309078550704188],[108.48477190128655,12.308433866632761],[108.48477952964542,12.307792042875667],[108.48500841208627,12.305394506306389],[108.4851228530699,12.305207586099447],[108.48539751038923,12.305041646494631],[108.4866105845622,12.30465159334288],[108.48690813101298,12.304663990573582],[108.48735063565098,12.30475363695922],[108.48789995320641,12.304991100556823],[108.4884721566782,12.305368757049667],[108.48919694999293,12.306043958137929],[108.4898759656027,12.306510305371761],[108.49012773581582,12.306633329111124],[108.49047105940124,12.306676243655101],[108.49069993976848,12.30665049448556],[108.49098985720153,12.306557034847172],[108.49153154377542,12.30629000600408],[108.49179094418487,12.306120251764526],[108.49198167853304,12.305898999111058],[108.49218004290618,12.305538510900522],[108.49228535901284,12.305412350640509],[108.49272935912734,12.304880474785348],[108.49287431797434,12.304600094811633],[108.49329393473131,12.303114269715259],[108.49366014538207,12.30111441423277],[108.49420183311987,12.299618099895715],[108.494270496692,12.299235676254112],[108.49447649057792,12.298824642422368],[108.49494188401412,12.298271511555349],[108.49549119940738,12.297711704185913],[108.49594896337047,12.297429417122368],[108.49631517440159,12.2970317356393],[108.49721544239115,12.295800541275922],[108.49792497623449,12.295015667303288],[108.4984514047162,12.294361447342705],[108.49964159027533,12.292689654637105],[108.49983232567718,12.29232821279747],[108.4999238775955,12.291972491586565],[108.49994676613521,12.2916024667904],[108.49977891907027,12.290549609400207],[108.49942796723367,12.28945479215728],[108.4993898206871,12.288939807863704],[108.49929826689187,12.288508746940447],[108.49870317424138,12.287527415460879],[108.49860399231359,12.287107799693608],[108.49858873304005,12.286381100105482],[108.49892442691504,12.285112712928218],[108.49914567872204,12.284747455373125],[108.50009935375532,12.283580157548606],[108.50086992243013,12.282790515193506],[108.50167863779934,12.282243106522584],[108.50213640163983,12.281690929063762],[108.50231187791094,12.281576488651416],[108.50254838903868,12.281555507003374],[108.50276964202557,12.2816060520638],[108.50392167985564,12.282281253670462],[108.5044404790914,12.282408092423045],[108.50473039623652,12.282383296568696],[108.50492113094037,12.28230700212034],[108.50505846028099,12.282115314215774],[108.50550859401311,12.281189296225463],[108.50554674147112,12.280733439702585],[108.50544755915179,12.280356738443503],[108.50547044694491,12.280239436395496],[108.50553911180762,12.280146930278603],[108.50569932926766,12.280102106842065],[108.506485156917,12.279330585212962],[108.507187060545,12.278710696013714],[108.50783555959585,12.278231951504775],[108.50855272272797,12.277790400471334],[108.51058214186277,12.277195307482197],[108.51124589915298,12.27709803237471],[108.51190965599359,12.277136179387591],[108.51337449983286,12.27752718651403],[108.51387804036963,12.277612064017191],[108.5143129158713,12.277573916376525],[108.51449602130415,12.27760729490492],[108.51508348432677,12.27798971869102],[108.51542680729187,12.27840552014666],[108.51590745896695,12.279127451288845],[108.51617448792302,12.279874178702864],[108.51640337038585,12.280124994879213],[108.5166322511121,12.28021368704345],[108.51686876367265,12.280239435337215],[108.51716630960757,12.280180307569086],[108.5178376963641,12.27981505078462],[108.51837938313226,12.279572817818465],[108.51871507645717,12.27947935760121],[108.5191575809227,12.27942881283803],[108.51937120409774,12.279470774315858],[108.51982133877455,12.279733988161949],[108.5200349616935,12.27992472299537],[108.52050035475582,12.280511232795428],[108.52067583147334,12.280629488717018],[108.52090471214441,12.280698153762089],[108.52114885359869,12.280676218546652],[108.5218431284327,12.280350061085578],[108.52207201077893,12.28012499413083],[108.52336137714518,12.279569002054748],[108.5246278574081,12.279195162468913],[108.5249635500665,12.279186579206968],[108.52595537202079,12.279339167351765],[108.52653520686441,12.279487939993844],[108.52789323892142,12.279959055169753],[108.52843492564713,12.280265184282166],[108.52904527674099,12.280324312307833],[108.52930467671084,12.280256600649329],[108.52967851616866,12.280043932322398],[108.53009050387638,12.279496522947282],[108.53041093826229,12.279229493891277],[108.53091447817499,12.278995844110904],[108.53118913684752,12.278999658516717],[108.53142564758107,12.27908453564095],[108.53199785301715,12.27959379812811],[108.53214281121313,12.2797511538556],[108.53218095852516,12.279924722672977],[108.532272510589,12.280095429475333],[108.53303545048067,12.280705781578881],[108.5331651495441,12.280897471222808],[108.53326433232064,12.281185479631219],[108.5334474378792,12.281444880198347],[108.53376024269967,12.281661363841975],[108.53407304765074,12.281780572467072],[108.53462999401661,12.281805368104136],[108.53532426863119,12.281711908152948],[108.5357209975749,12.281767221546867],[108.53602617322102,12.281865449361177],[108.53804796292931,12.2830956893533],[108.5393297008757,12.28409800161257],[108.53953569537362,12.28431448580077],[108.53965776512534,12.284560534076084],[108.53987901835765,12.28559240867733],[108.53994005311135,12.285987229348434],[108.53990190657292,12.286427827535269],[108.53972643002524,12.286990496226913],[108.53958910095213,12.287286134771916],[108.53916185509911,12.287803979649365],[108.53874223827567,12.288168284139031],[108.53771989931145,12.28880152286012],[108.53725450588165,12.289217324895164],[108.53636186681256,12.289535853418114],[108.53609483853633,12.28979048383504],[108.53601091565629,12.290253016085101],[108.53611772651176,12.290753695241952],[108.53645341886086,12.291020723091723],[108.53659837852753,12.291216227453303],[108.53681963047296,12.291716906502533],[108.53734605941983,12.292459817921966],[108.53903978472874,12.294128747849697],[108.53922289011975,12.294395776794222],[108.5393678483173,12.294705721185117],[108.53955858358769,12.295729014645133],[108.53970354218875,12.295970292864999],[108.5401613056046,12.296513887176483],[108.54066484527623,12.29699835416978],[108.5412980860943,12.297358843378891],[108.54229753640614,12.297583909906097],[108.54266374740163,12.297596307983014],[108.54294603473754,12.29755816152016],[108.54321408745928,12.297476933183294],[108.54344957436071,12.297405572923793],[108.5437013447997,12.297371241526877],[108.54490679013364,12.297379823756547],[108.54528825891666,12.297273965831776],[108.5454942529425,12.297115655987534],[108.54557054698343,12.296750398821327],[108.54554002862521,12.29614195419645],[108.54562395252033,12.295542093166661],[108.54588335155525,12.295247408156278],[108.54611223329523,12.295061440790814],[108.54649370360617,12.295022340944017],[108.54726427284152,12.295322747771232],[108.54742448992063,12.295322748244509],[108.54767626016681,12.295255991009583],[108.54798143537649,12.295060488148945],[108.54840105202408,12.294645639065646],[108.5485841576789,12.294327112122147],[108.54890459200058,12.29290327670781],[108.54910295696821,12.29263624781625],[108.54969041930919,12.292243333469715],[108.5500718897376,12.292122216205524],[108.55029314204687,12.292144151543072],[108.55046098903546,12.292251916976692],[108.55069749969871,12.292696328304716],[108.55091112267834,12.293265672896181],[108.55098741656127,12.293941827559735],[108.55107897011591,12.294203134808404],[108.55151384508184,12.295032830395472],[108.5517885031683,12.295396180312773],[108.551918202876,12.295643182562436],[108.55205553146625,12.295758576704674],[108.5521852316706,12.295796723540661],[108.55237596719833,12.295805306945553],[108.55284898925466,12.295701356392625],[108.55432146230662,12.29548964069899],[108.55529039630338,12.295558305717982],[108.55561082962078,12.295558305203489],[108.55580156513037,12.295508714876119],[108.55615251703789,12.295280786738209],[108.55631273396855,12.295091004547668],[108.55641954594948,12.294857354605366],[108.55658739325708,12.294144959096112],[108.5566407973952,12.293709130204347],[108.55679338550375,12.293520303166677],[108.55714433767365,12.29292616423436],[108.55761736107486,12.292434067821672],[108.55785387141324,12.29233107121794],[108.55825822942795,12.292290063014656],[108.5584718526026,12.292314858530515],[108.55882280519151,12.292534204388826],[108.55931108596596,12.29268393003991],[108.55986040318608,12.29277262211818],[108.56040971856389,12.293053956180467],[108.56070726600967,12.29309496385073],[108.56160753426975,12.293084473910994],[108.56188219226102,12.292979569112118],[108.56233232729035,12.292666764456332],[108.56250780264507,12.29262575617411],[108.56277483178201,12.292636247130933],[108.56304948959225,12.292707771601224],[108.56324785403456,12.292834610680394],[108.56339281288075,12.292867035957784],[108.56368272997778,12.29284510116573],[108.56401079390184,12.292702049901694],[108.564529592146,12.292345376026752],[108.56471269752278,12.292174667532882],[108.5648576558947,12.292119355236059],[108.5652467549057,12.292193742291463],[108.56548326739055,12.292358727224341],[108.5661165063338,12.293015808847866],[108.56650560607308,12.293306680102068],[108.56668108164305,12.293521255750846],[108.56768053181227,12.293878883803735],[108.56802385488571,12.294068666275436],[108.56819933076481,12.29426321456499],[108.56845110159836,12.2944339231051],[108.56874101788492,12.29510149524601],[108.56890123562434,12.29536852346975],[108.56903856532787,12.295500130788422],[108.5691987820419,12.295556397281553],[108.56958788158602,12.295469612608024],[108.56974046939027,12.295338006168237],[108.57005327432373,12.294799180230218],[108.57015245587137,12.294439644603814],[108.5702592683522,12.293444008676811],[108.57038896737876,12.292704910995207],[108.57051103815816,12.292498917441685],[108.57137315904686,12.291751236813646],[108.57160967035469,12.291418404183688],[108.57167070644893,12.291251511784694],[108.57166307636183,12.290962547948412],[108.57155626480763,12.290695518418945],[108.57138841832402,12.290464729253676],[108.57101457802507,12.290156692556973],[108.57088487827957,12.289997429871324],[108.57090013741,12.289706558169634],[108.57106798307342,12.289560646356112],[108.57133501161005,12.289478630429773],[108.57159441170725,12.289483398087166],[108.57237261023393,12.289800018597004],[108.57269304430996,12.290083260482623],[108.57305162641639,12.290525764661146],[108.57360094197287,12.291349739750116],[108.57388323002996,12.291555733270435],[108.57409685321592,12.291611046484586],[108.57437151096471,12.291594833779653],[108.5745240993851,12.29152330873788],[108.57466905841132,12.29137167482114],[108.57478349942576,12.291177124687762],[108.5751802269207,12.289620727955178],[108.57518022672433,12.28938517074717],[108.57513445136705,12.2892306749424],[108.57476061008614,12.288675636022452],[108.57476060990328,12.288329452183948],[108.57482927460623,12.28824457567702],[108.57495134470847,12.288214058077093],[108.57547014427881,12.288249344272057],[108.57619493700038,12.288548798513968],[108.57719438666037,12.288725227308124],[108.5777208155341,12.288857787960263],[108.57811754451454,12.289045662611972],[108.57824724433075,12.28906759638919],[108.57932298797589,12.288991301810931],[108.57947557628259,12.288915009232385],[108.57980363970371,12.28861841576728],[108.57987230469877,12.288519234145685],[108.57987993432322,12.288342804005248],[108.57930773008454,12.287556976195214],[108.57905596012782,12.286950439271951],[108.57884996572992,12.286303848171604],[108.57883470735817,12.286169379629786],[108.57894914824756,12.285759299898126],[108.57908647690878,12.285641045133964],[108.57926195290968,12.285599082968291],[108.57966631132074,12.285588592970711],[108.5797883805884,12.285632461571664],[108.58023088646799,12.2860244216061],[108.58043688045348,12.286121696078505],[108.58062761549695,12.286136955208717],[108.58114641358608,12.285935729679466],[108.58218401082956,12.28543886609971],[108.58264177465898,12.285345405732546],[108.58284776943657,12.2853711549295],[108.5831071682108,12.28546461520195],[108.58343523217017,12.285662978840945],[108.58387010697986,12.286073058982181],[108.58497636991203,12.287256569222146],[108.58567064477036,12.287630408855328],[108.58656328382992,12.28804811847877],[108.58728044744322,12.288279860586254],[108.58772295220562,12.288335174460064],[108.58833330368255,12.28833517505366],[108.58879869624914,12.28828749061092],[108.58919542509952,12.288186400266444],[108.5897294825661,12.287940352750562],[108.58981340651756,12.287868827155592],[108.58985155335994,12.287753432472273],[108.5898134062015,12.287383407765903],[108.58957689501189,12.286636680150705],[108.58920305416511,12.285752623473131],[108.58856218551806,12.284487098812718],[108.5883409335418,12.284292548057575],[108.58763902775804,12.283986419770681],[108.58643358366409,12.283598273942813],[108.58576982743291,12.283225387552909],[108.58547990985308,12.282882064845897],[108.58541124453762,12.282646506708172],[108.58544176270732,12.28240808851031],[108.58557909194143,12.282149642163246],[108.58608263237471,12.281813949354659],[108.58624284875343,12.281795829150168],[108.58802812737731,12.282676070498535],[108.58824175079684,12.28275141006777],[108.5884630033198,12.282751410477756],[108.58865373775981,12.282691329646564],[108.58884447301666,12.282496779622928],[108.58940141907827,12.281560271501482],[108.59007280510124,12.280630439022199],[108.59023302282914,12.280179350854798],[108.59047716275127,12.279171317209066],[108.59056871591652,12.278935758938806],[108.59075945091399,12.278779357045542],[108.59100359048826,12.278723089852308],[108.59124773165546,12.278756469242268],[108.59206407653033,12.279040663918396],[108.59236162404504,12.279066413294702],[108.59268968791488,12.279021590402376],[108.59289568062944,12.27891764033524],[108.59334581539783,12.27838358213215],[108.59391039064863,12.277621596092875],[108.59424608432776,12.277315467309906],[108.59494035872864,12.276923506515455],[108.59552019305607,12.276693671067045],[108.59580248060644,12.276655523889966],[108.59610765554567,12.276681272551762],[108.59665697257013,12.276982634141746],[108.59755586827474,12.27749028420528],[108.59771745938113,12.277581541949488],[108.59779470821871,12.277652352952456],[108.59812944596217,12.2779591967385],[108.59833544037704,12.27806219369316],[108.59862535629945,12.278110830748922],[108.59992235435313,12.278054564071542],[108.60102861639051,12.278318732021878],[108.60116594482933,12.278413146020467],[108.60170000257304,12.27912840173216],[108.60203569596942,12.279473631445363],[108.60234850116441,12.27959284076632],[108.6027452302018,12.27965387527281],[108.60382860468802,12.279701559820777],[108.60430162660803,12.279806463559309],[108.60507982461702,12.280121176238671],[108.60535448231856,12.280278532300553],[108.6055757354766,12.280488340172756],[108.60595720548348,12.281061500014868],[108.60611742194165,12.281248419570773],[108.60630052780456,12.281351416107661],[108.60652940943899,12.28140100763587],[108.60687273241908,12.281401007667025],[108.60797136563446,12.281241743767398],[108.60868089883783,12.281341879603636],[108.60900133309205,12.281483023337994],[108.6091234031471,12.281604139669039],[108.6091844399024,12.28179773520606],[108.60918443982953,12.281982748648701],[108.60911577485977,12.282155363196935],[108.60897081572834,12.28231462729012],[108.60884111654495,12.282371847748987],[108.60868089851355,12.282358496295279],[108.60787218344902,12.282073347545536],[108.60739153112802,12.281977980965946],[108.60703294929509,12.282039015551161],[108.60693376727461,12.282114355326462],[108.60691087944528,12.28226217420865],[108.60696428577334,12.282481520407805],[108.60705583753676,12.28265413514731],[108.60726946133516,12.282822935817578],[108.60790270052061,12.283196775974943],[108.60836809369522,12.283310263436142],[108.6085435698035,12.283308355238132],[108.60873430468186,12.283228247588424],[108.60923021577015,12.282904951706413],[108.60935991527185,12.28285726781544],[108.60985582557014,12.282847731535258],[108.61005419060574,12.282891600155477],[108.61040514261803,12.283118574303963],[108.61091631138713,12.28336939014234],[108.61141222257199,12.283428518147476],[108.61205309118834,12.283364622434226],[108.61254137256344,12.283121435581286],[108.61277025494584,12.283046095158959],[108.61305254239586,12.283034651312029],[108.61345689930164,12.283075659206736],[108.61393755194153,12.283337919636802],[108.6144639805981,12.283469526384355],[108.61567705408497,12.284032194129544],[108.61593645378979,12.284084646680078],[108.6161424466935,12.284055082268031],[108.6162797762096,12.2839911865524],[108.61638658818862,12.283874838331338],[108.6164171055038,12.283661214803567],[108.61637132888293,12.28340563011832],[108.61660021041173,12.283344594933771],[108.6167070228091,12.283276883926758],[108.61680620482555,12.28309759330016],[108.61689012771477,12.282701818563417],[108.61699693968283,12.282497732488961],[108.61730211464325,12.282090512674053],[108.6175538842152,12.28164705544741],[108.6176988432995,12.28148397633222],[108.61788957869888,12.281341879361317],[108.61814134862199,12.281282750818344],[108.6184541541011,12.28126558464797],[108.6188279939412,12.28132948108852],[108.61930864575828,12.281498280647396],[108.61961382168052,12.281726210188632],[108.62021654393239,12.282285063307521],[108.62091844770498,12.283091871170546],[108.62121599465883,12.283699362404231],[108.62143724670392,12.284398404575208],[108.62160509371975,12.284666386653658],[108.62265795002473,12.28580316659173],[108.6228639443159,12.286092130994746],[108.62403887071092,12.288717595706188],[108.624435599285,12.289315549764101],[108.62496965687492,12.289812413988171],[108.62525957411829,12.289979306631459],[108.6255113444385,12.290022222429913],[108.62605303099834,12.289944975311602],[108.62660234760425,12.28974470342258],[108.62785356792445,12.289181081958937],[108.6281511139075,12.289121953516819],[108.62829607329415,12.289205876649167],[108.62837236691509,12.289493886515878],[108.6285631022634,12.289945928197321],[108.62868517194003,12.290193883585893],[108.62886827772869,12.290440884765879],[108.62912004694194,12.290689794165239],[108.62944811116907,12.290917723091335],[108.62990587527928,12.291147558006479],[108.63090532681926,12.291382161978799],[108.6323243933486,12.29155859219854],[108.63315599763366,12.29158624734342],[108.63512438152011,12.291479437070734],[108.63710039447447,12.291496602653801],[108.63729112921773,12.291621533192899],[108.63752001177163,12.292074529286754],[108.63836687512675,12.293046323724061],[108.63865679189416,12.293274251229123],[108.63894670884413,12.293441144689254],[108.63925951384266,12.293525067746089],[108.6404878460447,12.293659535767693],[108.64229601320727,12.294084874696582],[108.64368456247078,12.294311847994718],[108.64495104200806,12.29475340071016],[108.64537065898604,12.294860211662366],[108.64562242884068,12.294883099562147],[108.6458131642852,12.294843045037497],[108.64601915728643,12.2947839173773],[108.64629381585749,12.294642772890418],[108.64780443581661,12.293383923460771],[108.64860552201093,12.292918530475069],[108.64895647370942,12.292778340479636],[108.6491700967985,12.292739240519955],[108.64937609123103,12.292782155032183],[108.64956682585557,12.292886105389524],[108.65132921614538,12.294634190204663],[108.651764090904,12.294987050323183],[108.65201586106124,12.295111980670153],[108.65393083950077,12.295743314206419],[108.65570085919583,12.29620966012954],[108.65661638616007,12.296587314514346],[108.65705889098064,12.296632138001144],[108.65737932633775,12.296542492855107],[108.65813463608542,12.296159116060618],[108.65836351820998,12.296161023203032],[108.6586152886392,12.296265926483922],[108.65882128135844,12.296492901552094],[108.65933245181365,12.297276821482708],[108.65952318603314,12.297503795596535],[108.65972917984323,12.297669736088716],[108.66008013166554,12.297734585416237],[108.66035479001849,12.297716466241104],[108.66071337144669,12.297617283577079],[108.66136187067193,12.297355976527435],[108.66162889920412,12.297337857079746],[108.66188066957027,12.29736074447805],[108.66275804913826,12.297572461039476],[108.66302507828364,12.297739353578107],[108.66323107119491,12.29800733576986],[108.66378801773716,12.299038257984066],[108.6640931935877,12.299451198681556],[108.6643983696603,12.299606648054072],[108.66462725166498,12.299547519652409],[108.66557329632987,12.299022045406224],[108.66577928923357,12.29896291750365],[108.66605394793153,12.298985805634429],[108.66636675344768,12.299069729481051],[108.66700762294491,12.299526540017018],[108.6681291441105,12.300521221573591],[108.66849535446592,12.300934162786117],[108.66857927818212,12.301242199653448],[108.66857164866272,12.302893963783378],[108.66877764226439,12.30385908188856],[108.66887682366965,12.30414709166098],[108.66904467055512,12.304436054332855],[108.66925066511031,12.304601994131104],[108.66957872912386,12.304727878735983],[108.67068499074273,12.304880466645471],[108.67193621177141,12.305137005221445],[108.67251604584257,12.305326786653323],[108.67310350927727,12.305700626344342],[108.67418688339424,12.306581821928424],[108.67526262781683,12.307719555928355],[108.67644518432478,12.308836307897622],[108.67696398378492,12.309518184217694],[108.67732256400475,12.310183849216152],[108.6774446347379,12.310450878381877],[108.67750567066572,12.31077989694196],[108.67749804056405,12.310984936411447],[108.67700975929847,12.31210741078425],[108.6769258366321,12.312352505927905],[108.67692583677423,12.312537517976088],[108.67700213009437,12.312722530991868],[108.6773759702899,12.313278522780447],[108.67863482102481,12.314642277795572],[108.6793443547631,12.315304128115034],[108.6804811341667,12.31662782639734],[108.68153399053787,12.317622509718321],[108.68236559524914,12.318007793718815],[108.68271654702929,12.31807455083458],[108.6831514233236,12.317999210633854],[108.68405931994668,12.317470875331448],[108.6844865670403,12.317335453582885],[108.68500536495023,12.31723341067682],[108.6860048163452,12.316753711448763],[108.68706530215564,12.315848675251887],[108.68787401829839,12.314978924527827],[108.68823259923177,12.314396228830283],[108.68830126409303,12.313841190119852],[108.68795794057125,12.312834110299905],[108.68795031162509,12.312124576152788],[108.68840044565047,12.311013545949972],[108.68889635689854,12.310838069672434],[108.68949144869657,12.311098422883957],[108.69107073372628,12.312368716710052],[108.6914216861886,12.312754001277021],[108.69287890053833,12.312649096994805],[108.69359606384519,12.312512722264538],[108.69399279202617,12.31222566608655],[108.69413012116854,12.311682070806913],[108.6940690857392,12.31029352141105],[108.69413012109544,12.309906330162898],[108.69452684946214,12.309551562353937],[108.6950532777407,12.309518183988938],[108.69568651747618,12.309564913824966],[108.69738787314915,12.310098971312584],[108.69804400068583,12.310014094628585],[108.69875353432191,12.309669819017898],[108.69926470362428,12.30935224490089],[108.70042437194226,12.308482493871342],[108.70098894651568,12.307935084633444],[108.70153063341061,12.307029092911153],[108.70165270383731,12.305314386857738],[108.7017595156318,12.304882373204125],[108.70203417407602,12.304753627482398],[108.70284288953539,12.30460771436012],[108.70333117059013,12.30410036002924],[108.70376604642088,12.303713168438504],[108.70413225653996,12.30323442311077],[108.70475023742237,12.301729525092775],[108.70504015420518,12.301284158566249],[108.70540636522543,12.3010190376768],[108.70639818807575,12.300489749062589],[108.7069780219411,12.30011781613054],[108.70740526726509,12.299758280714904],[108.70755022516182,12.29928525784949],[108.70745867231817,12.298928584156918],[108.70692461515385,12.298513735366454],[108.70619982287371,12.298177087760218],[108.70490282531136,12.297910060196772],[108.7034303525402,12.29773362989412],[108.7031328061985,12.297522867705478],[108.70311754747138,12.297015513035937],[108.70315569429495,12.296582545153296],[108.70349901745232,12.295466745611428],[108.703727899508,12.295050943369162],[108.70405596360689,12.294127787083143],[108.70389574565363,12.293529834056608],[108.70351427645349,12.292914714077869],[108.70248430755441,12.292060220500504],[108.7017671443934,12.29154046866773],[108.70141619175803,12.291142786705423],[108.70124834494358,12.29065736633521],[108.70095842835649,12.288834894350897],[108.70085161700307,12.28777250149887],[108.70122545654097,12.286318147554928],[108.70152300382131,12.285556162845275],[108.70182817908538,12.28508218538706],[108.70245378999044,12.284281099356562],[108.70258348849218,12.283938730666364],[108.7025987477549,12.283610666376475],[108.70219438966943,12.282801949888077],[108.7017137380871,12.282170618539702],[108.7017061087661,12.281687104911931],[108.70244615981052,12.280311907333157],[108.7028886645347,12.279133165000163],[108.70288103534847,12.278102242830315],[108.70218676076595,12.275821053877454],[108.70203417190223,12.27454122316048],[108.70298784597041,12.272337281336455],[108.7043306204971,12.27014192352957],[108.70516222416516,12.26968225280088],[108.70614641574792,12.269381844289049],[108.70473497777299,12.26845582662468],[108.70339983387059,12.26725515045701],[108.70305651048025,12.266758286890324],[108.70281999978803,12.266262375191001],[108.70262926500959,12.26540311562722],[108.70252245324504,12.264525735568359],[108.70267504061421,12.263344132015112],[108.70342272181894,12.261494004426135],[108.70388048470114,12.260017716472525],[108.70516985229695,12.256706558914901],[108.70558946983307,12.255788169913055],[108.70574968609718,12.254572236131635],[108.70549028695034,12.253240905386114],[108.70525377553712,12.252573333793901],[108.70489519387297,12.25209268223356],[108.70315569239031,12.250616395161723],[108.70269029955743,12.2500594483635],[108.70231645933933,12.24924691823257],[108.70212572437133,12.24809869403116],[108.70166796024,12.247494064477637],[108.70102709102959,12.247011506131585],[108.69986742265637,12.246297204093688],[108.69933336446388,12.245629632192339],[108.69940203020253,12.24510892434926],[108.69953173014271,12.24487336761917],[108.70053118011471,12.243603073645703],[108.70150011217727,12.24005826537504],[108.70175188260482,12.238468490555352],[108.70246141623544,12.237069450535463],[108.7037813014827,12.235718092919537],[108.70547502707136,12.234675726849394],[108.70593279113903,12.234185539325109],[108.70658891955348,12.232827507231763],[108.70719927070415,12.232111296527867],[108.70792406362567,12.231714568905584],[108.70958727113116,12.230419478874873],[108.71025102860783,12.230096182948142],[108.71086900934472,12.229950270250164],[108.7126390279477,12.22983582951905],[108.71344774436389,12.229542098130377],[108.71384447368752,12.229233107471156],[108.71472185288457,12.22783692818634],[108.71504228797728,12.227170310611196],[108.7154847933638,12.226529440479446],[108.71596544394235,12.225953421372907],[108.71678178988972,12.225658736111008],[108.71772783511126,12.22553094319287],[108.71842210948482,12.225307783906242],[108.71899431405164,12.22488244500113],[108.71922319637952,12.22344430353883],[108.71922319628871,12.222679456614477],[108.71939104309502,12.22153218665309],[108.72028368241082,12.219950995044716],[108.72155779098345,12.218397459246905],[108.7217714140173,12.218038877270395],[108.72141283178789,12.217470487832141],[108.71936052453881,12.215607961202737],[108.71873491500021,12.214707693146936],[108.71826952130444,12.21385033974071],[108.71813982129247,12.212521871048923],[108.71856706732449,12.210863431136362],[108.71853654961474,12.20991834019854],[108.71833818548566,12.208896955348944],[108.71784227410271,12.208216032353588],[108.71703355895208,12.207609495496408],[108.71646135435688,12.206856091987202],[108.7159272964216,12.206013998095179],[108.71457689380534,12.20343526249491],[108.71358507177573,12.201787313322345],[108.71253984538004,12.200437864550064],[108.71200578822564,12.199361166617443],[108.71191423497753,12.198478062745117],[108.71198289866453,12.19778474187234],[108.71204393489512,12.196295103315506],[108.71179979388734,12.194913229287357],[108.71134965915009,12.193647702541963],[108.7110139656764,12.193045933920326],[108.71030443248549,12.19217332191966],[108.70970933920782,12.190878232311366],[108.70953386346746,12.19016297650287],[108.70957963968111,12.189432461793576],[108.70990770343052,12.188865025718137],[108.71070878992471,12.188693364713787],[108.71159379962475,12.188986142776649],[108.71230333320302,12.188938459037542],[108.71305101446139,12.188752491286944],[108.71387498864735,12.188442547289204],[108.714492969571,12.18795808147819],[108.7153169439411,12.18695004707704],[108.71696489292411,12.184658368773919],[108.71717088701573,12.183891613336616],[108.71657579419121,12.182965596074148],[108.71695726449897,12.18271859429431],[108.7176286498526,12.182453472977228],[108.71905534687036,12.181591351135566],[108.71910112460924,12.181131680456636],[108.71901719980352,12.18068154637641],[108.71903245875055,12.180497486675643],[108.7191392714245,12.180286725370717],[108.71960466441548,12.179895718222905],[108.71965806890125,12.179728825416854],[108.71955888668992,12.17943604664945],[108.71930711736994,12.179102261055837],[108.71923082292216,12.17890198872331],[108.71926134066571,12.178659756031172],[108.7196792158897,12.178086948488957],[108.71964281118683,12.177909214035653],[108.71942918785453,12.177461940944152],[108.71910875252996,12.177191097734838],[108.71869676563509,12.176973659811477],[108.71842210726297,12.176703770238534],[108.71866624758218,12.17574342015095],[108.71955888706285,12.173959094944035],[108.72006242716084,12.173221904726299],[108.72093217822783,12.17250378737517],[108.72239702156081,12.171688396483933],[108.72309129671278,12.17142613578749],[108.72374742514363,12.170926410319456],[108.72426622395619,12.17044194461296],[108.72468583950034,12.169909793152382],[108.72507493891457,12.169219333714212],[108.72515886240679,12.168683368425251],[108.7251664920308,12.16806824853138],[108.72530382068548,12.16633923714772],[108.72709672843521,12.163957911643005],[108.72911851860222,12.162119228182522],[108.72767656263572,12.157751398320562],[108.72728746284342,12.157314616761376],[108.7263566773742,12.156980830889196],[108.72509019715937,12.156786281088882],[108.7230836661985,12.156978922433671],[108.72252672110342,12.156773882738108],[108.72231309761429,12.156255083905549],[108.72188585157092,12.154656725806408],[108.72149675238872,12.154286701032623],[108.72007768464829,12.154074985041332],[108.71902482882999,12.154416399653556],[108.71797960174868,12.15528424399202],[108.71713273914169,12.155460673954193],[108.71635454091047,12.155371027854123],[108.71528642492568,12.15544541543079],[108.71326463562247,12.155203182074928],[108.71101396373663,12.155185062362122],[108.70671098536882,12.154690105571827],[108.70586412279673,12.154290515081064],[108.70537584108412,12.153868991271302],[108.70516221882743,12.15343411623062],[108.70507066501948,12.152314502679351],[108.7046205318276,12.150766689457457],[108.70410173230809,12.150027591827223],[108.70327775754176,12.14954503274789],[108.70001237640744,12.149100620175172],[108.69859330939812,12.148612338381353],[108.69642656062821,12.14739258921825],[108.69479387066264,12.146769840424119],[108.69400041423364,12.146312076410299],[108.69384782608458,12.145994503134826],[108.69384782630763,12.145710308576486],[108.69397752450902,12.14517720438497],[108.6963578956709,12.141590434354256],[108.69669358994803,12.140825588381732],[108.69683854797113,12.139315921328416],[108.69627397259583,12.138076145521236],[108.69519822731104,12.136823017316111],[108.69495408715838,12.13596947855145],[108.6949235692113,12.135235148912622],[108.69442002945908,12.132551508940912],[108.69386308331157,12.130769092494818],[108.69320695654422,12.12994607132639],[108.69207780487953,12.128993350367908],[108.69045274441983,12.128646212843012],[108.68899553027077,12.128684359805284],[108.68819444305382,12.128835040373318],[108.68741624450891,12.12931378507833],[108.6866685641281,12.129407245483721],[108.68558519016983,12.129197437633348],[108.68512742704134,12.128768283068554],[108.68419664068985,12.127007799968009],[108.68320481834974,12.125822382993537],[108.68179338059392,12.124875385136846],[108.67844407628881,12.12185128353817],[108.67759721288142,12.121651966635474],[108.67681138661446,12.121829349422082],[108.67562120073572,12.122536975653132],[108.67495744347872,12.122748691751552],[108.67434709161198,12.122835475201775],[108.67404191498491,12.122616130329234],[108.67358415245424,12.121293384556088],[108.67356889344983,12.120457965088177],[108.67404191546169,12.119451839452113],[108.67451493767884,12.119021732020675],[108.67524735977399,12.118728000524664],[108.67639939779028,12.118503887551153],[108.67700212155472,12.118257839253525],[108.6781389000981,12.117641764764992],[108.67877214000788,12.117413836925392],[108.68151109330505,12.115742045699584],[108.68231217945318,12.1150973621949],[108.68526475501889,12.111182528412593],[108.68785111982757,12.10960133669888],[108.68933122221065,12.107769326863659],[108.69341294815581,12.104105310898834],[108.6953660729087,12.101258592662827],[108.69586961303425,12.09980137891396],[108.69633500592407,12.099521951771829],[108.69721238694083,12.099462823421174],[108.69791429072507,12.099301652549183],[108.69860856594055,12.098839120399402],[108.69937913495484,12.098069505690143],[108.69958512776871,12.097620324647382],[108.6997224562296,12.0960191053415],[108.70039384335973,12.094463662301527],[108.7007219076054,12.094032602123672],[108.7011110066632,12.093785600103136],[108.70179002227796,12.093615846328566],[108.70274369710019,12.093539551959442],[108.70365922475436,12.093230562120844],[108.70410172956556,12.092800453500281],[108.70455186331672,12.092068985556892],[108.70478074585805,12.091027573622863],[108.70497910979269,12.089727715715528],[108.70478074568544,12.08908303139141],[108.70429246417687,12.088478401571917],[108.70351426649883,12.087920502618854],[108.7032472369915,12.087400749306296],[108.70291917291543,12.086238220805159],[108.70299546679215,12.085403755879586],[108.70336167802306,12.08475621183165],[108.70645921233937,12.080691651421029],[108.70784013184281,12.080085114295494],[108.70835130227589,12.07963879378136],[108.70876328928264,12.07894928786265],[108.70885484182362,12.078214958072037],[108.7088319542401,12.077296569762899],[108.70766465619631,12.074508026312369],[108.70753495581891,12.071526839734394],[108.70824448959421,12.0701382908995],[108.70882432361576,12.069424941430979],[108.71064774888698,12.068313911461104],[108.71082322488698,12.068081214850732],[108.71089188948866,12.067731216251612],[108.71073167211796,12.066561057518195],[108.71023576128893,12.064913108771359],[108.71038072053058,12.064580276396484],[108.71087663058279,12.064016654308963],[108.71143357592126,12.063578918776246],[108.71177689973642,12.063047721344018],[108.71221177419632,12.061949087796577],[108.71231858580543,12.061249090967449],[108.71118943521495,12.054753615756022],[108.70876328713814,12.048840834809852],[108.7077333197165,12.047037436784766],[108.70681779156305,12.04639561363765],[108.70637528633006,12.045265509551443],[108.70562760627797,12.044891669069997],[108.70534531778056,12.044505430835928],[108.70529954188633,12.043820692696123],[108.70494859059589,12.04289086051615],[108.7040101738439,12.042299582645997],[108.70307938828853,12.042090727425164],[108.7018357966472,12.04229767517032],[108.70014207086706,12.042291953151672],[108.69931046733275,12.042852714012707],[108.69879929815947,12.042832686969035],[108.69822709312966,12.04261048123538],[108.69683854260046,12.042440726210668],[108.69570939276667,12.041963888875223],[108.69435898986512,12.040900542559214],[108.6936265680054,12.039484335936827],[108.69322983944427,12.03827889223499],[108.69252793429088,12.033415152690575],[108.69204728348548,12.031916930179321],[108.6916124069063,12.030894591939342],[108.69064347437072,12.029392553813917],[108.68956772912048,12.02836544680613],[108.68759934568068,12.026905371751747],[108.68602768950572,12.025890662222292],[108.68462388177105,12.024117782196937],[108.68410508245117,12.02314503418388],[108.68357865434369,12.020963026688918],[108.68346421383808,12.018499685375478],[108.68032853172598,12.013080908866414],[108.67969529201638,12.011364294198405],[108.68032853175082,12.009341551673364],[108.68047348981027,12.007840468184286],[108.68294541395706,12.003920866278152],[108.68299881944837,12.001709294983703],[108.68365494765126,11.99913151405425],[108.68353287617848,11.995103192548605],[108.68305222397093,11.992480588939628],[108.68177811536276,11.988214803137156],[108.68133561058937,11.985139203593773],[108.68017594281655,11.983968091700438],[108.67773453547893,11.981746030384986],[108.67634598661493,11.979902578297128],[108.6711808848933,11.974848104041135],[108.66862503752867,11.971920323367286],[108.66651932443804,11.968797994013192],[108.66558853842554,11.967685056584001],[108.66490952212382,11.966634107213125],[108.66409317694021,11.964568447967382],[108.6638948131801,11.964187932585203],[108.66267411046991,11.963208509360843],[108.66219345861768,11.9623873949343],[108.6619798347523,11.961689305344018],[108.66196457564838,11.960174871470906],[108.66207138677103,11.95854027285752],[108.6618806525335,11.957705807991294],[108.66157547670454,11.956825566173634],[108.66055313745669,11.954394650811137],[108.66043106792667,11.953015636628166],[108.66046158498719,11.952440571619016],[108.66071335459274,11.951625179509643],[108.6610261597282,11.951112104146686],[108.66121689478112,11.950963329517029],[108.66146103548834,11.950692486347101],[108.6620484982383,11.950242352584155],[108.6632692012772,11.949632000490949],[108.66366593036422,11.949605297956241],[108.66388718285963,11.94942505379674],[108.66416947077225,11.948973965360105],[108.66494766854181,11.947223972441778],[108.66504685050568,11.946800541545985],[108.66487137473129,11.945708584366994],[108.66440598095502,11.944448780110024],[108.66432205859697,11.943690609578637],[108.66470352864918,11.94224007036761],[108.66502396251568,11.940547298598812],[108.66529862020522,11.938626598419104],[108.66521469752252,11.937838863101625],[108.66500870278112,11.936746905773344],[108.66474167489355,11.935835193928948],[108.6620790152139,11.93078644195011],[108.66201798107366,11.930483172657798],[108.66255203762978,11.92942745568906],[108.6625596678635,11.928761790364925],[108.66189590975664,11.927393268796093],[108.66140762798015,11.926541636724485],[108.66165176954169,11.924863170818274],[108.66220108558882,11.92186958627245],[108.66270462546865,11.918800662671922],[108.6633912705994,11.917201350107113],[108.66406265680935,11.915829013102702],[108.66407028738054,11.915041278248838],[108.66383377632708,11.914282153248282],[108.66317001757952,11.912732432494247],[108.66179672671448,11.909920047146027],[108.66033951291432,11.907758067233148],[108.66011825987023,11.906893084819055],[108.66011825969613,11.906499216606441],[108.66028610600995,11.905319521835565],[108.66028610642603,11.905016252615452],[108.66017166574048,11.904441188225162],[108.66001907714873,11.904136011977394],[108.65965286622883,11.903830835446973],[108.65834061000037,11.903062174835801],[108.65703598450594,11.90240032523482],[108.65666977284299,11.902306864470338],[108.65636459754653,11.901940653505466],[108.65625015638247,11.901394197884144],[108.65599075719794,11.898787807147022],[108.65488449438045,11.896826097716414],[108.65388504341098,11.895364115385028],[108.6536485325292,11.894362757544812],[108.6536714205716,11.89319736750261],[108.65380112042192,11.892592737272969],[108.65544906972774,11.890335389987078],[108.65566269231554,11.888807604254975],[108.65559402723112,11.885718653219163],[108.65412918436921,11.87978584492593],[108.65225998208372,11.873698542099524],[108.65248886360816,11.870354959011994],[108.65246597520829,11.869536706567024],[108.65218368694808,11.868429490887618],[108.65151230030685,11.867363283003328],[108.65109268454874,11.866390534803],[108.65097061354143,11.865996667882781],[108.65086380202753,11.864450761475153],[108.6525422688443,11.860785790242353],[108.65313736135623,11.859094926507044],[108.65398422353482,11.85560447808994],[108.65362564250087,11.853211709278918],[108.65364853092142,11.852613755197172],[108.65358749603197,11.852157899169002],[108.65338913021601,11.851823158680077],[108.65343490781635,11.851379701017025],[108.65361038327104,11.85120899270966],[108.65383163533758,11.850843735555172],[108.65385452453845,11.850703545242474],[108.65351883093267,11.850370713199089],[108.65344253661635,11.850220032591023],[108.65347305413587,11.849537202212698],[108.65280929645003,11.845043487335039],[108.65272537309868,11.844854660818642],[108.65288630765073,11.844109428714178],[108.65286880510901,11.844026295640708],[108.65284467635861,11.84397577585525],[108.65280977675371,11.843934090468341],[108.65276840310803,11.843905411572608],[108.65273580512572,11.843892847198683],[108.65260258015134,11.843907801531218],[108.6524659739396,11.84394580817821],[108.65237442162497,11.843933411971229],[108.65215316915237,11.84369117746311],[108.65180221611455,11.843425102393274],[108.65167251725545,11.843146629423432],[108.65164962830187,11.842994041267353],[108.6518022161399,11.842789955862706],[108.65180984565993,11.84267169985056],[108.65048233100038,11.840693779100967],[108.64817825413117,11.839037247368696],[108.64711776741194,11.836864776614796],[108.64566818245251,11.83498985387826],[108.64469162019712,11.83422405211045],[108.64108291667144,11.831545181196326],[108.63976303101568,11.830408401653939],[108.63934341380616,11.830223389486683],[108.63672653249503,11.830790825578198],[108.63457504345878,11.83091003503946],[108.63345352244738,11.829735107528506],[108.63308731065274,11.829642601876333],[108.6303483581837,11.830355950199598],[108.62953964179725,11.828177757606543],[108.62859359668137,11.826966592200524],[108.62840286202271,11.825945206623754],[108.62919631874335,11.82469684683802],[108.6279145804519,11.820989914609678],[108.62732711776025,11.81888610874783],[108.62725082310732,11.818439790099088],[108.62672439551687,11.817544289654647],[108.62615219019364,11.814746208534048],[108.62591567916643,11.813984222766717],[108.6256257624003,11.813509292929146],[108.62520614491517,11.813138313157982],[108.62051406673116,11.810123750017484],[108.61969009235523,11.809670753878663],[108.61942306375532,11.80935413325555],[108.61930099360302,11.808225937852002],[108.61944595117023,11.803690262454099],[108.62220779225865,11.801719970875224],[108.62349716038871,11.800394363039459],[108.62393203518998,11.800095863029968],[108.62465682863798,11.799708671228576],[108.6258317547839,11.799535102919416],[108.62670913493027,11.799490279735148],[108.62785354451742,11.799106902773131],[108.6289750656966,11.798487014844856],[108.6296845996718,11.79787666279345],[108.6315385427383,11.795531577050118],[108.63191238211331,11.795351332563905],[108.63242355146666,11.795250243202702],[108.63351455563706,11.795312232732957],[108.63425460618018,11.795108146174732],[108.6349187954981,11.794712483648206],[108.6349183631987,11.794715232327814],[108.63705459423907,11.793440169033197],[108.63896957264224,11.79308921744349],[108.64154830714921,11.792953794501784],[108.64568343931573,11.793105428315066],[108.6484986868778,11.793417280957337],[108.6525575235918,11.79299194136952],[108.65498367190048,11.792697255985118],[108.65582290436777,11.792455023482407],[108.65630355696727,11.79214412553646],[108.65660110357422,11.791753118510673],[108.6569291678165,11.790890996809216],[108.65724960142259,11.790526693236659],[108.65765395992717,11.790214842180374],[108.6580812054736,11.78995639624758],[108.65871444548483,11.789830510947498],[108.66023269497681,11.789895360834835],[108.66096511680011,11.789809529760973],[108.6615296921547,11.789577786835316],[108.66390243358053,11.78815585835852],[108.6644364917526,11.788029019390683],[108.66654983371637,11.78860980766285],[108.6680375660724,11.788779561372467],[108.6684114054777,11.788729970897927],[108.66870132237084,11.788470570505428],[108.6696473679323,11.786694828972976],[108.67013564879682,11.78607017188097],[108.67122665247587,11.785291973911267],[108.6718598927876,11.784942929479598],[108.67253127890609,11.784004512926519],[108.67282882570302,11.782958333444743],[108.67283645441789,11.782302204978983],[108.67234817349916,11.780410114606472],[108.67218032629994,11.779505077621486],[108.67124191141774,11.777294460508902],[108.67056289520274,11.77597743667544],[108.66916671487459,11.772989574975641],[108.6684190352021,11.771895711001346],[108.66690078459959,11.768526378729453],[108.66642013238416,11.767749134981853],[108.66515365393872,11.766532245836613],[108.66405502078683,11.765383068277227],[108.66355910948226,11.76443416232152],[108.66317001040895,11.763041797547091],[108.66307845715664,11.761703792237444],[108.6631623810798,11.760970417273303],[108.66342178068919,11.760565105738543],[108.6638490267226,11.760071102622199],[108.66468063065645,11.759395899957985],[108.66494765930375,11.75900489468449],[108.66508498809232,11.758298221510845],[108.66518417019331,11.75633269921505],[108.66531387000882,11.75485164188278],[108.6659471104413,11.75283748175435],[108.6668778960226,11.751232448075683],[108.66709151876755,11.750709834758094],[108.66706100062895,11.748559299155982],[108.6671525540807,11.748023333685158],[108.66742721139015,11.747474017936716],[108.66783156938637,11.746926608573629],[108.67034164070938,11.745426478314863],[108.67327132826323,11.743155779210129],[108.67674270279946,11.741636575862882],[108.68482223188659,11.736969293400922],[108.68799606007377,11.7356913703063],[108.69008651327289,11.7346823818669],[108.69042220658436,11.734340013464667],[108.69076552939755,11.733667672939443],[108.69121566468286,11.732789338724952],[108.69129958758016,11.732425988979617],[108.69136825159076,11.730325043454851],[108.69113937038972,11.729495347742136],[108.69018569543677,11.7287667401331],[108.69008651330961,11.728264154034214],[108.69008651328535,11.727585137644185],[108.69181838586223,11.724694550745635],[108.69217696745216,11.723035157333406],[108.69510665467979,11.71734648953212],[108.69524398356691,11.716455758399139],[108.69544234817576,11.714058219597247],[108.69512954281808,11.712691604547873],[108.69486251379105,11.711286842932516],[108.69494643676175,11.710763276030951],[108.69584670590862,11.708148300678097],[108.69635024518635,11.707142173301675],[108.69798293516243,11.705267250402429],[108.69983687811866,11.703341781153094],[108.70073714707397,11.701762495834362],[108.70101180552048,11.701188385302705],[108.70117202243873,11.700612364991818],[108.70114913419415,11.700140296294958],[108.7008995275756,11.699713773887746],[108.700889734923,11.69971877254783],[108.70043197144268,11.698914825305273],[108.70014205403386,11.698781310683357],[108.69966140176537,11.698829948031873],[108.69782271838908,11.699549018200129],[108.69641128021635,11.699459373524238],[108.69439711996164,11.698971092131444],[108.69321456410134,11.6984770882623],[108.69258132373633,11.697841941162665],[108.691726831753,11.695212661472455],[108.69066634550825,11.693329153941622],[108.68937697779957,11.691299736446103],[108.68826308618746,11.689730941094261],[108.68740096393203,11.68809825108812],[108.68716445364747,11.687152206044024],[108.68669143159491,11.685535727894345],[108.68668380077702,11.68301802824707],[108.68622603811657,11.681847869454852],[108.68564620372513,11.681082068569337],[108.68462386524897,11.68002539774888],[108.6843339477168,11.67939406473532],[108.68412032484937,11.677831946791235],[108.68351760150287,11.676646529585241],[108.68220534637997,11.675194083918537],[108.68038955036982,11.673776924363395],[108.6799470456731,11.67306452921399],[108.67946639339691,11.670734702851977],[108.6785737544427,11.669485389262139],[108.67694106300578,11.668481169521929],[108.67623153027448,11.667896567950674],[108.67462935716848,11.667407332901288],[108.67394271124307,11.66681605509686],[108.67349257700701,11.666272459652761],[108.66961684504832,11.66361647719077],[108.66897597456523,11.6634610290827],[108.66833510580236,11.663709938275474],[108.6675492787725,11.664181053264974],[108.66515364841213,11.666025459615183],[108.66449752099388,11.66641551209394],[108.66401686829967,11.666627227500618],[108.66223159083904,11.6667569277258],[108.66120925190658,11.666748344610967],[108.65910353854973,11.666847526630809],[108.65809645849185,11.666859924639594],[108.65724959526013,11.666734993115691],[108.6562730331171,11.666403114584403],[108.6558000105958,11.666098892906609],[108.6530229110541,11.664550125562087],[108.65242018805472,11.664321244194497],[108.65167250815398,11.664189636870821],[108.65050521070204,11.664053260966478],[108.64862837955248,11.663688003985232],[108.6471253887785,11.663039506192884],[108.64323439656503,11.660719216129852],[108.64167037052049,11.660086929945493],[108.63909163602398,11.659257233244642],[108.6355515966226,11.658032715548396],[108.62999739775417,11.655746758545337],[108.62675490413447,11.654565156639762],[108.62599959391585,11.654219925426581],[108.62537398429211,11.65374785779695],[108.6252290249441,11.653524697600695],[108.62502303255881,11.653192818560878],[108.62464919127133,11.65221434855796],[108.62384047450136,11.65076857831834],[108.62333693505767,11.650224984670883],[108.62304701827667,11.650060952574018],[108.62271895370793,11.650022805734777],[108.62223067306653,11.650054276689666],[108.62028517805265,11.65097361914249],[108.61932387412045,11.651351273532043],[108.61832442249725,11.651487649578863],[108.61775984797076,11.651464760985412],[108.61731734315092,11.651389420702607],[108.61640944523838,11.651057541654707],[108.61584487013918,11.650963128772073],[108.6152040007503,11.650733292885695],[108.61441817266034,11.65063697164593],[108.61314406392347,11.650391878355077],[108.61235823678764,11.650313676150287],[108.6115418909785,11.650055231597463],[108.60997023518307,11.649781526530177],[108.6087113858475,11.649716675964124],[108.60732283538347,11.649813950950879],[108.6062470919076,11.649678529749293],[108.60485854181692,11.649226488126502],[108.60405745392048,11.648590387397487],[108.60360732026189,11.648281396523142],[108.60317244569612,11.648097337257743],[108.60267653448683,11.648075403905926],[108.60221877063945,11.648197473689981],[108.60178389497482,11.64842730961037],[108.60063948614257,11.648876489798207],[108.600143575619,11.648998560992263],[108.59972395812902,11.649067224523348],[108.59724440530543,11.649082484249972],[108.5953217985207,11.64860755407066],[108.59401717108605,11.64834433960259],[108.59284987450528,11.647939028084258],[108.59072127314153,11.646815600038952],[108.58923354110256,11.645580591989122],[108.58883681200544,11.64516288230326],[108.58773054933178,11.64425498362774],[108.58528151374092,11.641779245856329],[108.58501448531882,11.64163333368851],[108.58462538693965,11.641468347941776],[108.58412184552321,11.641428293956317],[108.58375563549801,11.641352953967312],[108.5831147652598,11.641348185015746],[108.58254256158975,11.641279521163604],[108.5819627279168,11.641274752075855],[108.58084883540039,11.641516986064632],[108.58035292541982,11.64151317092058],[108.5790940746995,11.641305270031848],[108.57750716053962,11.640581431272343],[108.57725538997585,11.640291514696928],[108.57625594044553,11.639689746387303],[108.57591261742049,11.63952476082944],[108.57483687180327,11.639515223660327],[108.57434096256307,11.639582934459247],[108.57263197684165,11.640063586530609],[108.57177748562032,11.64046985155526],[108.57118239209565,11.640693965880597],[108.56985487829832,11.641328158942796],[108.56912245603792,11.64162093721902],[108.56818404043273,11.641924204969978],[108.56690230254908,11.642178837085158],[108.56526961260005,11.642422976713105],[108.56433119571484,11.642640415207994],[108.5638047678899,11.642659488024892],[108.56324019322929,11.642596546315387],[108.56243147737916,11.642301860565809],[108.56011214128894,11.640056910768907],[108.55771651080387,11.635235133776336],[108.55702223602115,11.634610477172632],[108.5531999084631,11.632322612337234],[108.55265822136889,11.630391422408143],[108.55303206197988,11.624401393452494],[108.55300917412116,11.62352306023361],[108.55268110966387,11.622641863381073],[108.55269636738764,11.620885196030091],[108.55378737136083,11.618697466561608],[108.55370344756547,11.617762866605784],[108.55345167802442,11.61680919132351],[108.55273451461635,11.615755381276177],[108.55273451476258,11.61442691315493],[108.55269636786807,11.614368739068],[108.55229201048456,11.614107432464378],[108.55222334517414,11.614003482604337],[108.5521470510334,11.613624873285763],[108.55215468076979,11.613472285711905],[108.55230726868834,11.613255801240328],[108.55243696840215,11.612908663794943],[108.55249037474732,11.612278285521352],[108.55235304531143,11.612079920526154],[108.5520631281715,11.61187774096128],[108.55196394614829,11.611755671425662],[108.55184187494767,11.611566844420684],[108.551796099521,11.611292185080138],[108.55182661640906,11.611233058486357],[108.55223860441174,11.610944094045749],[108.55243696829791,11.61059314255615],[108.55270399700906,11.610339465328224],[108.55278029145623,11.610042871880106],[108.5531770191382,11.60943919623724],[108.55325331339186,11.609169306357883],[108.55345167691219,11.608813586371191],[108.55374922429925,11.608466448330923],[108.55430617051961,11.607593836012635],[108.55447401610608,11.607199968680643],[108.5544816463567,11.606025996318516],[108.55460371602442,11.605512918803516],[108.55461134463823,11.605284037367825],[108.55451216316985,11.605050386890445],[108.55422987645804,11.60483390310752],[108.55409254725903,11.604776681686573],[108.55374922431751,11.604725183743097],[108.55361952392025,11.604651750601178],[108.55355086041378,11.604543032257052],[108.5535279710157,11.604360879561227],[108.55313887181623,11.603413882335122],[108.5529328790412,11.602773965852442],[108.55278029056211,11.602549852859022],[108.55258192721263,11.602353396103597],[108.55232252694077,11.602341952330356],[108.55224623296117,11.602306665777087],[108.55203260948625,11.602054895849491],[108.55213179209223,11.601435960700615],[108.55378737119317,11.599211992949472],[108.5668107462575,11.581139863252295],[108.5675584270729,11.580633461717369],[108.5707932902147,11.579196274286401],[108.57165541223537,11.578690826761758],[108.57250227546335,11.577472030597296],[108.57341017299545,11.57539302079738],[108.57435621704167,11.572801887199883],[108.5764848184963,11.568993865661573],[108.57653822409779,11.567567169599455],[108.57672895887734,11.566616355239143],[108.57756056245233,11.56501322945207],[108.58072676192029,11.561433134491427],[108.58166517663828,11.560197173614316],[108.5821534584539,11.55917674181902],[108.58246626372897,11.557824431768768],[108.58270796640676,11.555481051438512],[108.58216871582037,11.555537520861508],[108.58115400764106,11.555597601562965],[108.58020033309877,11.555751143479823],[108.57891859373768,11.55559092702886],[108.57728590406899,11.555025397439376],[108.5752564846472,11.553535757546108],[108.57380689949481,11.552725134680887],[108.57308210775876,11.552076636356997],[108.57254804953241,11.551386177121486],[108.57197584496713,11.550381957818411],[108.57190718035713,11.54962092446313],[108.572120803615,11.549019156513438],[108.57325758361569,11.547685919840623],[108.57393659934884,11.546627341313474],[108.57398237559622,11.546383200186986],[108.5737534937054,11.546099005907504],[108.57331861853365,11.545856772590408],[108.57202162131846,11.545594511760529],[108.57164778020442,11.545391379251681],[108.57095350643849,11.54473239085224],[108.57031263668178,11.543351469850883],[108.57000746111976,11.54200106749396],[108.5699922020231,11.541431723141832],[108.57009138387207,11.540781317382715],[108.57039656057842,11.539581595761641],[108.57037367198988,11.539174376764509],[108.57018293676093,11.538880643986625],[108.56929029768474,11.538800536185416],[108.56838240000882,11.538802443772047],[108.56768049503702,11.538702307392107],[108.56677259665733,11.5384190667461],[108.56620039292386,11.537973700819675],[108.5657426287293,11.537323294332554],[108.56542219402606,11.536542235181681],[108.56529249507142,11.53556662642309],[108.56513227743501,11.530821143128103],[108.56487287723009,11.529978095689572],[108.56447614939397,11.529287634013402],[108.56391920311519,11.528537093267703],[108.56227888297606,11.527045545899716],[108.5616151265346,11.526131926366125],[108.56124128485443,11.525685606544148],[108.56054701016821,11.52421408757357],[108.56015791137631,11.523604689079871],[108.55980695906344,11.52336436301912],[108.55937208372889,11.522203740777467],[108.55836500361906,11.519167242370806],[108.55781568672833,11.517714795655824],[108.55682386600455,11.516090688900839],[108.5559541146509,11.515034972009765],[108.55470289333417,11.514031705869684],[108.55373396017673,11.513342200188971],[108.55226911662089,11.512714682085337],[108.55086530865204,11.512493430443547],[108.54955305189632,11.512343703486666],[108.54769910885864,11.512204466517337],[108.54680647054097,11.511963187213045],[108.54594434789121,11.51161891067556],[108.54508222689239,11.511143027314894],[108.54438032227561,11.510209380821536],[108.54348005435098,11.508046446283316],[108.54246534397653,11.506320296083851],[108.54201520943914,11.505771933240869],[108.54141248746706,11.5054276574461],[108.5408784293398,11.50532752112658],[108.54032148373231,11.505328474785182],[108.53886426935169,11.505605040608698],[108.53627027607973,11.506179152800016],[108.53351606484827,11.50658064977561],[108.53246320727085,11.506907760047843],[108.52853406994143,11.507291137445963],[108.52699293198478,11.507741270995131],[108.5257798586568,11.508434593562471],[108.52495588353206,11.509411154837919],[108.52457441346148,11.510073005385664],[108.52446760257605,11.510702430529868],[108.52463544877506,11.511515914652257],[108.5249864003128,11.51240950722144],[108.52498640045066,11.512876808008624],[108.52488721915978,11.51324301920013],[108.52464307880683,11.513528167056418],[108.52426923800073,11.513630210554593],[108.52375806885144,11.513651191061514],[108.52110303953735,11.513361274762246],[108.5198213006416,11.513465225395954],[108.518715038751,11.513609230468706],[108.51790632289133,11.51379424258272],[108.51733411839062,11.514079391734555],[108.5168534670677,11.51448661099239],[108.51636518596482,11.5151379695465],[108.51610578554478,11.515839874703506],[108.51612867359862,11.516104042661839],[108.51697553669774,11.517647088441825],[108.51702131386745,11.517972290704606],[108.5168534668924,11.51829844707669],[108.51667036041444,11.51844054505099],[108.51641859083628,11.518481553297713],[108.5159226803668,11.518461524950412],[108.51496900568435,11.518657029498721],[108.51418317874004,11.519044220009551],[108.51257337710322,11.520144761149073],[108.51029981670776,11.521557152431837],[108.50871290257922,11.522798836718227],[108.50708784235326,11.524325670022112],[108.505516186702,11.525678933598313],[108.50270856923218,11.525480568625404],[108.50118269051366,11.525279344089476],[108.5004350096167,11.525118173103293],[108.49972547539765,11.525275529374241],[108.49893964880097,11.525628389568675],[108.49831403764028,11.526113809180407],[108.49779523879387,11.52658683266603],[108.49668897648746,11.527992548080487],[108.49562086209274,11.529445947831109],[108.49536146290811,11.529652895510647],[108.49491132782781,11.529762567139642],[108.49439252919234,11.529823602770282],[108.49353803693202,11.529800714773762],[108.4927903570485,11.529681505437889],[108.49230207477001,11.529439273047297],[108.49173750022737,11.529343905020966],[108.49092115457869,11.52947837233556],[108.48904432391953,11.529300035557231],[108.48794569084446,11.528927148715326],[108.48714460487318,11.528564752911356],[108.48647321804224,11.528203310938496],[108.48570264892481,11.527599635054264],[108.48504652031905,11.52683860331126],[108.48394788705528,11.525460543340737],[108.48371137665193,11.525206866204739],[108.48345197744872,11.525061907142831],[108.48227705034527,11.525161089615093],[108.48078931839028,11.525453867652294],[108.47809614253583,11.525579753081368],[108.47639478724899,11.525183024057648],[108.47536481833468,11.525026621428042],[108.47422803884365,11.52472621441584],[108.47267164199937,11.524159732604604],[108.47200788492539,11.523834529323928],[108.47149671512665,11.523290934021844],[108.47071088811369,11.522009196618349],[108.47013868310641,11.520727458527746],[108.46882642700993,11.518950762673613],[108.46765150101426,11.517875971503253],[108.46716321859442,11.517586054005161],[108.4664918324984,11.517417254715033],[108.46542371687016,11.517431559273268],[108.4633561507497,11.517736735335847],[108.46210493027147,11.517872157327645],[108.45800794512522,11.518083872929344],[108.4543687245515,11.517835918142774],[108.45304120926862,11.517644229811712],[108.45153058959275,11.51727134318214],[108.45066083783642,11.51723701104502],[108.44796766183032,11.517264666966573],[108.44545759101007,11.517521206482776],[108.44449628741201,11.517015758814535],[108.44331373095284,11.516581836198997],[108.44258130853844,11.51652270907303],[108.44102491258738,11.516525570495583],[108.43943799892864,11.515789333917429],[108.43782819604264,11.514896694628924],[108.43676771041595,11.514377895406609],[108.43503583746609,11.513641658351212],[108.43067945370416,11.513442341848855],[108.43006910143583,11.51360065116562],[108.42916120362895,11.513928714670916],[108.42836774635505,11.514365498401826],[108.42689527359381,11.515357319942442],[108.42599500418503,11.516071622199815],[108.42379773938117,11.518692319871661],[108.42362226398912,11.519020383610979],[108.42353833967701,11.519600217753649],[108.42318738799861,11.520943944556189],[108.42283643590696,11.52140456900693],[108.42225660144634,11.52193862627592],[108.42028821791578,11.524010960576382],[108.41933454424434,11.524919813158316],[108.41841901719376,11.525683706386676],[108.4177018536403,11.526096646956638],[108.41653455613385,11.52666694373646],[108.4153748877167,11.52713996703073],[108.41484845951184,11.527262037359867],[108.41389478570734,11.52721435362639],[108.41336835726685,11.527106588410463],[108.41278089425093,11.52690154851123],[108.41203321314342,11.52639419307637],[108.41156781985357,11.525923078462867],[108.41024030523833,11.524182622951358],[108.40979017065942,11.52366287080634],[108.40882123778164,11.522816961414462],[108.4077454931805,11.522032086980845],[108.406639231222,11.521379774096207],[108.40619672663424,11.521223371594091],[108.4042283426128,11.521128958085637],[108.4036790254806,11.521032636741781],[108.40082563179206,11.520274465658378],[108.40028394517773,11.520081823274909],[108.39945997027587,11.51957446829106],[108.3988419894808,11.519114797579846],[108.39833844876394,11.518825835025249],[108.3977280981638,11.518596952638681],[108.39711011677929,11.518428152613891],[108.39582074908138,11.517918891218203],[108.39506543911426,11.518055265973091],[108.39424909413526,11.518746680183186],[108.3934937843049,11.519703214583826],[108.39240278008378,11.52080661703501],[108.39167035781024,11.521448439153376],[108.3902284034489,11.522588080025805],[108.38970960413876,11.522916143887352],[108.3884507543354,11.523413962228494],[108.38662732931907,11.523960418789411],[108.38560498962083,11.524203605601407],[108.38464368583416,11.524374312872848],[108.38175977508605,11.524421042542533],[108.38134778821866,11.523321457030779],[108.38099683480254,11.522589034924003],[108.38031018995525,11.521584816002697],[108.37780774883345,11.518949813695379],[108.37689222008926,11.51777679359812],[108.37638105162024,11.517000502932973],[108.37583173419755,11.516455954718252],[108.37546552315992,11.515538520225247],[108.37519849508303,11.514426535363622],[108.37520612393921,11.512769049280289],[108.37508405401064,11.51159507672621],[108.37505353614884,11.510469741669805],[108.37498487169393,11.509997672557533],[108.3748322837245,11.509755439002612],[108.37452710847602,11.509477919244118],[108.37430585478978,11.509309119664223],[108.3740998615714,11.509224242300956],[108.37369550365071,11.509164161473494],[108.37287915927568,11.509117431900803],[108.37079633433095,11.509252852167856],[108.36960614835506,11.509278601776058],[108.36832440951747,11.509195632802351],[108.36814130475588,11.5090745160756],[108.36758435842373,11.508530921844516],[108.36705030048546,11.507877654648924],[108.36669172000543,11.507576293686245],[108.36568463959517,11.50698406132958],[108.36428083081177,11.506416625632578],[108.36354840837694,11.506248778554143],[108.36292279821659,11.50617725357514],[108.3623200762144,11.506177253471895],[108.36157239532514,11.506251639682413],[108.36076367960774,11.506421393641414],[108.36022962215804,11.50665218273595],[108.35786450982809,11.508014984002521],[108.35650647726617,11.506063766150431],[108.35594190242965,11.505616492966782],[108.35411847746037,11.504456825120235],[108.35385144809135,11.50440914156073],[108.35195935813853,11.504563637342784],[108.35174573560988,11.504652328178466],[108.35165418239085,11.504740065922014],[108.35157025930897,11.504970855959467],[108.35171521757563,11.505197830542395],[108.3517152176306,11.50527317038306],[108.35153211217786,11.505318947482897],[108.3514405596651,11.505386658649531],[108.35139478290202,11.505499191095035],[108.35140241260726,11.505621261240313],[108.35160077615834,11.505881615347244],[108.35164655293266,11.506019897141906],[108.35165418223825,11.506287880558508],[108.3516084065334,11.506469078864649],[108.3515321120619,11.506544418841862],[108.35144818868989,11.506553001063228],[108.35076917219945,11.506434746223864],[108.35056317925105,11.506682701171764],[108.35050214481187,11.506967850270458],[108.35045890700883,11.507045479695098],[108.35038007306719,11.507319755733798],[108.35038770375922,11.508080788489714],[108.35034955668316,11.508172340095978],[108.34989942104134,11.508553810168845],[108.34981549856104,11.508710213161562],[108.34959424603873,11.509409256421593],[108.34962476305637,11.510035820590229],[108.3497010575529,11.510338136115742],[108.34979261085493,11.510564156053402],[108.35012067498899,11.511067696106366],[108.3500443803169,11.511354752080019],[108.349846016531,11.511676140965825],[108.34984601694008,11.511827774616734],[108.34995282784766,11.512327499605346],[108.34948743461048,11.5133517457655],[108.34971631651361,11.514224357808523],[108.35023511606785,11.515517540822707],[108.35011304501464,11.516700096821975],[108.34990705222724,11.517109222816522],[108.34955610025165,11.51746017489005],[108.3489228602918,11.51792270718575],[108.34848798348992,11.518328973247717],[108.34820569662655,11.518862077164544],[108.34809888497475,11.519534416707522],[108.34806073821224,11.520440408176762],[108.34793866769645,11.521172830292064],[108.34779370911993,11.521791764658476],[108.34760297493087,11.522169418838935],[108.3474198693575,11.522375413021129],[108.3472062459567,11.522453614214685],[108.34675611165528,11.522504159708882],[108.34616864807901,11.522631951578436],[108.34581006726552,11.522802659491582],[108.345672737869,11.523037263302863],[108.34558118511636,11.523386308742733],[108.34526075145422,11.523466416577298],[108.34466565789047,11.523512193051802],[108.3445359583407,11.523558923155052],[108.34450544020413,11.523622819866226],[108.34455121668759,11.523720094770582],[108.34471906352758,11.523844071493361],[108.34526075067886,11.524116822293482],[108.34532178648483,11.524185487895396],[108.34532178623365,11.524707147592057],[108.3451920863372,11.52504379452038],[108.34521497432887,11.52554638022393],[108.34513867995197,11.525648423237447],[108.3446351402196,11.526026078622568],[108.34429181762488,11.526123353309004],[108.34394849499358,11.526395150842726],[108.34376538944848,11.526482888829415],[108.34348310190472,11.526482888862093],[108.34334577255356,11.526561089829872],[108.3435059905925,11.527105637880155],[108.34333814363092,11.527848550587349],[108.3431397788634,11.52823574238692],[108.34304059760994,11.528328248898966],[108.3427049030115,11.528429337324333],[108.3424607635885,11.529384919964837],[108.34230054551051,11.529656717163846],[108.34223950994749,11.529651949039563],[108.3421555873873,11.529550858459153],[108.34188092887813,11.529056855414687],[108.34187329919648,11.528572389452147],[108.34180463532792,11.528217622572486],[108.34169782336215,11.527968713593037],[108.34161390066005,11.527876207114854],[108.34128583594034,11.527612992549454],[108.34037030934618,11.527493784213737],[108.34014142682523,11.527409860703246],[108.3399659513255,11.527308770722996],[108.33977521583422,11.526967356168443],[108.3397294392541,11.52679664753059],[108.33976758566791,11.526648827752984],[108.33995069165096,11.526344605432778],[108.33998120897337,11.526026078413457],[108.34014142729598,11.525731393327185],[108.34018720320968,11.525578805972566],[108.34013379682888,11.525482485141737],[108.3400117266812,11.525510140406103],[108.3398209919531,11.52565700711525],[108.3391801228002,11.525947877382169],[108.338234078223,11.526095697082106],[108.33776868476832,11.525975533629405],[108.33757032119152,11.52582771490228],[108.33734906802702,11.525445290508467],[108.33706678054469,11.524665185687777],[108.33699811566052,11.524619409977017],[108.33671582904357,11.524711916108732],[108.33644879950913,11.524905512005237],[108.33630384076643,11.524928399814986],[108.33587659479828,11.524863550301992],[108.33555616095289,11.524891206750198],[108.33516706172762,11.525002787411859],[108.33499158503042,11.525020906001856],[108.3348389976112,11.524975130249636],[108.33466352205444,11.524822542251448],[108.33430493996568,11.524398157226878],[108.33415235192606,11.524121592393133],[108.33370221762343,11.522966691760718],[108.33347333613506,11.52270920007183],[108.33315290058309,11.522523232633654],[108.3328553549195,11.522452660800045],[108.33254254978533,11.522469827552872],[108.33223737328052,11.522692034012804],[108.33200086282866,11.522958108843692],[108.33150495173582,11.523037263696432],[108.33111585250775,11.522922823244162],[108.33088697077692,11.522735903492448],[108.3304444659134,11.521982499754609],[108.33025373082712,11.521805116689308],[108.33004010737582,11.521672556264502],[108.32981885585762,11.521637270203883],[108.32957471444153,11.521716424773224],[108.32937635101598,11.521876642454643],[108.32920087449003,11.522186586557524],[108.32897199297567,11.523316689866027],[108.32878888812553,11.523516962150252],[108.32836164127498,11.52369911456459],[108.3280335777768,11.523654291081314],[108.32785047199786,11.523480722667667],[108.32775128998966,11.523445436293704],[108.32754529525127,11.523472139020738],[108.32746137274103,11.523547480201342],[108.32740033760447,11.523774454034433],[108.32740796658231,11.525101015173233],[108.32726300883546,11.526329348163156],[108.32717145587387,11.526433298066047],[108.32697309156323,11.52648956522554],[108.32569135370942,11.527073214901716],[108.32555402396702,11.527186701291125],[108.32543195395513,11.52739269445443],[108.32520307209816,11.528038332551134],[108.32518018350872,11.528378794350642],[108.32527173688705,11.528678247350063],[108.32569898333703,11.529673883472821],[108.3257371298049,11.529864618265579],[108.32562268908731,11.530381510306231],[108.32547010139623,11.53073246274277],[108.32483686058997,11.530859301281403],[108.32424939769365,11.531133005502088],[108.32398236900382,11.531325648030947],[108.32377637579019,11.531412432820792],[108.32362378818368,11.531429598347785],[108.32312024774437,11.531198809615494],[108.3220216148485,11.530897448887567],[108.32180036219492,11.530749628722575],[108.32144178099338,11.530354807976538],[108.32116712309471,11.530195544253651],[108.32095349945817,11.530164072664322],[108.32025159485192,11.530188868562691],[108.31945813780203,11.530290911709239],[108.3192674027913,11.530290911757344],[108.31907666783401,11.530207942143555],[108.31807721772476,11.529573749439038],[108.31787885347438,11.52930767294151],[108.31774152404164,11.529015848577506],[108.31758130640576,11.528826067793641],[108.31729138966868,11.528661082297562],[108.31668866804381,11.528401682597645],[108.31529248825524,11.527576754996572],[108.31489575938491,11.527228663383978],[108.31436170208691,11.526651690422403],[108.31382764479353,11.526410410860436],[108.31349195108233,11.526353189683157],[108.31323255161213,11.526245425076603],[108.31302655834031,11.526106189164002],[108.31282056402192,11.52584583572335],[108.31256879399352,11.525389026357438],[108.31231702481833,11.52507908235091],[108.31222547107404,11.525031398111262],[108.31188803560379,11.525137498809826],[108.31148542075222,11.525264094308522],[108.31118024430916,11.525287936170733],[108.31062329808528,11.525233577359412],[108.31001294716206,11.524923632842649],[108.30848706871308,11.524524043268919],[108.3078843464315,11.52444012054692],[108.3070603708579,11.523974727555467],[108.30674756585292,11.523712466494471],[108.30609143796059,11.52288277041064],[108.3056947088361,11.522494624291129],[108.30547345751445,11.52233917485248],[108.3052522053699,11.52226192816499],[108.3047028876284,11.522250484017482],[108.30461896512237,11.522093127490518],[108.30429853023291,11.521126101927594],[108.30377973111811,11.51929790828391],[108.30229199994685,11.517827342512016],[108.30126966059352,11.51736862544727],[108.30068219704684,11.517006228634076],[108.29973615171771,11.516257594260487],[108.29880536580492,11.515629123182613],[108.29804242694097,11.515229533425089],[108.29731000433281,11.51491672851244],[108.29653943516004,11.514663051231466],[108.29552472603424,11.51445801183602],[108.29454053436031,11.514325450313622],[108.29092420147201,11.514293025527305],[108.28977216231871,11.514330218465068],[108.28845990625246,11.51446564032616],[108.28750623231213,11.514502833561032],[108.28643048738682,11.51449139000762],[108.2847062442133,11.514347385344006],[108.2834550232801,11.51431305328933],[108.28195966254812,11.514411282450626],[108.28062451798274,11.51456959192214],[108.27979291397261,11.514621089759464],[108.27912915716155,11.514014553356354],[108.27876294587622,11.513784718587763],[108.27831281102252,11.513409923940284],[108.2779694887251,11.513011288206707],[108.27663434485135,11.510664294737516],[108.27567304066679,11.50921280325308],[108.2738267275429,11.506879162099423],[108.27271283590181,11.50581486094998],[108.27130139723664,11.504594158038282],[108.26960004236253,11.502816508965635],[108.26812756936607,11.501547169365157],[108.26753247657639,11.500916789905359],[108.26727307695393,11.500514340076844],[108.26699078869451,11.499637912789092],[108.26673901883078,11.499092411304336],[108.26647199025881,11.49865467484453],[108.2662202200617,11.498113940986954],[108.2656556451493,11.497208903732307],[108.26550305706486,11.496653866425156],[108.26553357471333,11.496274302904139],[108.27182782444221,11.488250087216558],[108.27157605479029,11.487679790509443],[108.27035535140536,11.486278842876013],[108.26834119162515,11.484557460291397],[108.2656861625098,11.482384036092206],[108.26165021210896,11.479232142462115],[108.2595750170912,11.477451633482376],[108.25836957208044,11.47649032944422],[108.2579728437588,11.475944827275791],[108.25782025517628,11.475259135835019],[108.25772870264382,11.474463771234905],[108.25849164213585,11.473407100561218],[108.25905621779404,11.471679042628347],[108.25944531675869,11.469914744642628],[108.26064313089825,11.466569255067094],[108.2630235024559,11.461469004966762],[108.2634660073696,11.460199663545414],[108.26426709246658,11.458400080371348],[108.2650376613799,11.456206629208898],[108.26643384040247,11.454219171474717],[108.26706708090649,11.453738519989678],[108.26727307435219,11.452569315244142],[108.26740277355685,11.45115310879542],[108.2676087673186,11.449809380688032],[108.26779187220374,11.449223825381171],[108.26823437741126,11.448201486951486],[108.27020276121253,11.445905991884796],[108.27079022417057,11.44494182804706],[108.27124035978817,11.44429905087972],[108.27243054444654,11.441511460319717],[108.27258313197473,11.44079429734524],[108.27258313226072,11.440295525236378],[108.2727891259168,11.439931222427914],[108.27301037851159,11.43965370357108],[108.27335370096559,11.439374276620605],[108.27439129883942,11.43911869135757],[108.27589428906742,11.439740487682931],[108.27617657742667,11.43975002391837],[108.27688611090116,11.439580270557908],[108.27709210444007,11.439573594036988],[108.27734387454919,11.439627952831907],[108.2776261623014,11.439780541401007],[108.27780163869579,11.439937898564636],[108.27794659756823,11.440175363548654],[108.27819073693458,11.44084960978282],[108.27870190740465,11.441718408352388],[108.279365664496,11.442404098777134],[108.28010571551098,11.443628617566533],[108.28017438036983,11.443876572778539],[108.28018200996856,11.444210359529269],[108.28015149286901,11.44458324528302],[108.27995312723816,11.445159264152657],[108.27995312791671,11.44555408603061],[108.28009045681475,11.446117707530526],[108.28021252724831,11.446239777490566],[108.28067792108796,11.44629223052998],[108.28117383112951,11.446544000484886],[108.28126538328428,11.446673699393418],[108.2813187900782,11.446977921570813],[108.28144848970241,11.44716007364289],[108.28184521810732,11.44729072728073],[108.28329480261704,11.447490045050959],[108.28421796027324,11.447542496798542],[108.28485882866111,11.4475072107073],[108.28528607515916,11.447377510718612],[108.28546155091861,11.447151490218912],[108.28560650980336,11.44682151895103],[108.28565228580726,11.446265527464494],[108.28570569213045,11.446135827285847],[108.28583539155211,11.446030922820935],[108.28623974867075,11.445962258284368],[108.28664410674124,11.445510216911437],[108.2873383820888,11.44517166154721],[108.28796399317079,11.444702453931102],[108.28818524458313,11.444433517910024],[108.28838360903958,11.4440777980862],[108.28882611402734,11.443591423474865],[108.28917706591598,11.44334823664721],[108.29031384567905,11.44298393283294],[108.29086316289005,11.442662544759674],[108.29125989096724,11.442366905164192],[108.29145825456433,11.442045517927612],[108.29165661935028,11.441883392233798],[108.29245007667157,11.441480942487747],[108.29257214633486,11.441312141110922],[108.29261029334107,11.44111091691444],[108.29254925900965,11.440943069919099],[108.29235852355242,11.44080860146713],[108.29227460008003,11.440584488411485],[108.29231274671429,11.440326996301756],[108.29254162863069,11.439935036098241],[108.29296887467895,11.439464874211199],[108.29336560349824,11.439140625340702],[108.29380810871798,11.438983269712582],[108.29402936041365,11.438748665687438],[108.2942277247469,11.438378638880685],[108.29421246631463,11.437516518348358],[108.29429638934343,11.437124556799077],[108.29445660661735,11.436923331947101],[108.29463208234247,11.436810799053617],[108.29491437088524,11.436732596786687],[108.29526532269666,11.436508484348305],[108.29568493925514,11.435960121420175],[108.29586804490648,11.43552333846291],[108.29582226870457,11.43504173293935],[108.29573071570847,11.434840506843535],[108.29573071525628,11.434627838524273],[108.29647076661291,11.432186431545361],[108.29682934820771,11.43116790773635],[108.2968598665025,11.430819816024114],[108.29697430683616,11.430661507047176],[108.2975388823745,11.430386848147362],[108.29770672806963,11.430214232608062],[108.29797375723136,11.429492301576754],[108.29797375680599,11.429254836825093],[108.29805768143913,11.42900878884593],[108.29821026824365,11.428777999574775],[108.2983933738202,11.428655928480996],[108.29847729763107,11.428518599576176],[108.29853833198587,11.428027457392544],[108.2986604032728,11.427796668913622],[108.2987977320426,11.427681273800975],[108.29902661432702,11.427594489837288],[108.29945386045642,11.42750102931785],[108.29996502882744,11.427125281694574],[108.30015576424675,11.427075690792192],[108.30031598113689,11.427118605108566],[108.30043042177876,11.427241629105614],[108.3006898221753,11.42784721392994],[108.30097210965074,11.427962607436514],[108.30144513231329,11.42794067387979],[108.30184949033561,11.427854842320295],[108.30239117744414,11.427436179792071],[108.30255139389648,11.427140540848672],[108.30259717016177,11.42612296956896],[108.30256665346208,11.425978010941368],[108.30238354731092,11.425718612060932],[108.30228436515944,11.425480193821674],[108.30226910591422,11.425192183670248],[108.30239117742151,11.42486030560956],[108.30261242880171,11.424614257753257],[108.30318463421965,11.42424709220701],[108.3030549339895,11.424016303653639],[108.30302441621545,11.423805541681963],[108.30311596940469,11.423229522099126],[108.30324566921634,11.423050231458802],[108.30341351589078,11.423056907344849],[108.30361950920415,11.423139876153641],[108.3038178729348,11.423281020570569],[108.30400860764848,11.423319167108673],[108.30425274938536,11.42323619707451],[108.30477917674415,11.422916716473646],[108.30501568845752,11.422647780156243],[108.3052140527952,11.422328298737979],[108.30525220009118,11.422098463928064],[108.30545819284698,11.421848601487204],[108.30586255081906,11.421567267010753],[108.30599988019603,11.421427076716661],[108.30609143279763,11.421056098108203],[108.30606091488357,11.42088920505103],[108.30599988018237,11.420787161970718],[108.30601513934975,11.420678443130901],[108.3065110502537,11.420237844529249],[108.30658734420535,11.420058553744559],[108.30659497332095,11.419783895780917],[108.30647290278854,11.41865856083927],[108.30639660893486,11.418517417294321],[108.30628216777353,11.418434447304291],[108.30630505578945,11.417635267974234],[108.30604565646834,11.41626102306046],[108.30599225075791,11.416075057195167],[108.30588543899627,11.416011160608598],[108.30567181576329,11.41597968848638],[108.30549634009274,11.415800398504397],[108.30536664032427,11.41544849263734],[108.30541241682079,11.415237730858314],[108.3055268579483,11.414982145583023],[108.30580914459452,11.414688413712772],[108.3059769918438,11.414240186584905],[108.30607617352538,11.414086645799607],[108.30639660888028,11.414048498447187],[108.30661023181537,11.413965528673756],[108.30672467277343,11.41381198749978],[108.30675518933589,11.413632696860155],[108.30187237725522,11.40798122237582],[108.29811108519728,11.405263250704278],[108.2920914923194,11.400285070837732],[108.29004681447698,11.399002378892117],[108.28814709523415,11.39791614364114],[108.27946484390364,11.395035093880994],[108.27883923389086,11.39470893690767],[108.27858746368901,11.393945998363689],[108.27849591087006,11.39349967796268],[108.27844250488431,11.392969435977593],[108.27799999977196,11.390805547832606],[108.27721417207621,11.384479826874198],[108.27618420298248,11.383474653620855],[108.27186596575544,11.379827802765549],[108.26479351638815,11.371593778721698],[108.26258099268092,11.36743766695211],[108.26170361259838,11.366404836854448],[108.26087963703462,11.36512119167786],[108.25971996928169,11.36389381254738],[108.25846111911805,11.36237270228035],[108.25699627480796,11.3610814271206],[108.25522625583525,11.360142057748746],[108.25257885529355,11.359689063232334],[108.25182354553813,11.359846419234474],[108.2505036598622,11.359793967374138],[108.25003063730739,11.359625167437375],[108.24865734695295,11.35889846675127],[108.2455521821053,11.357148474870082],[108.24150097393242,11.35477382558166],[108.23854076865359,11.35309154469562],[108.23143017287086,11.348629302549039],[108.22882091920056,11.346730536650432],[108.22772991607845,11.34582359250676],[108.22455608784149,11.342902488549607],[108.22320568551167,11.341531104430175],[108.22174084122017,11.339956588331697],[108.22097027217173,11.33888179808873],[108.22037517838862,11.338079757726195],[108.22000896793082,11.33734161386311],[108.21968853380503,11.336328811600735],[108.21961986831803,11.335696524800772],[108.2196809044247,11.333755797328427],[108.21966564566868,11.333333319092812],[108.21960461059976,11.332969016115255],[108.2180787318073,11.331932372397402],[108.2163239700461,11.331198043438185],[108.21364605229546,11.33030254339402],[108.21282207814325,11.329953499015966],[108.21136486322716,11.32920677133682],[108.2093049268867,11.328228301374805],[108.20869457479841,11.327865906175417],[108.20800793031124,11.327620811281612],[108.20541393572705,11.326314277933179],[108.20162212657316,11.324227637896044],[108.2005158632644,11.323858565929228],[108.19905102021848,11.32345134679377],[108.19730388868635,11.322674103475379],[108.19657146600794,11.320337600784402],[108.19606792594172,11.317611998627463],[108.19541179905107,11.316834755108703],[108.19451915893724,11.315418547592301],[108.19431316607495,11.314467735238905],[108.1934052682566,11.313903159560937],[108.19252025774747,11.313620871944162],[108.19165813621574,11.312538451644524],[108.19120800170943,11.312121695613762],[108.19051372645136,11.311152762719372],[108.18999492785768,11.311080284402824],[108.18949138776196,11.310776062066557],[108.1888886660121,11.3100093079914],[108.18881237118228,11.309262581369653],[108.18858348917655,11.308611220799273],[108.18759166831427,11.307292289744735],[108.18696605842601,11.306911774236553],[108.18660747612118,11.306844062649915],[108.18595897837776,11.306586570921011],[108.1814271172235,11.304593390912986],[108.1800614563949,11.304152794124784],[108.17759716069727,11.303172417164435],[108.17662059947952,11.30294067476643],[108.17548381883833,11.302810020539795],[108.17388927601868,11.302700348654444],[108.17104351055711,11.301845856603338],[108.17000591399089,11.301479645209028],[108.16732799540615,11.301723785582205],[108.16526805947441,11.30146534113937],[108.16403972689744,11.301265068659498],[108.1622239303443,11.30116302623873],[108.15985881833181,11.300913162767861],[108.15723430643679,11.300772973161152],[108.1557770920567,11.30055458189502],[108.15386211421719,11.299920388347399],[108.15204631847233,11.299219438793513],[108.14969646395497,11.298239060186715],[108.14082347913913,11.294697114653747],[108.13842784898972,11.293545075451185],[108.1380311199487,11.293464013656923],[108.13604747717868,11.293366739177317],[108.13546764394795,11.29299957506585],[108.13478099718694,11.291442224018505],[108.13392650581267,11.29054767824168],[108.13354503545236,11.290574380673023],[108.13285076029271,11.29079372597515],[108.13239299778698,11.290788957684255],[108.13187419817349,11.290678330855267],[108.13041698459283,11.290151903473618],[108.12973796759626,11.289730379343641],[108.12916576336589,11.289243051095827],[108.12796794772065,11.286784479440401],[108.12723552627952,11.285003015018546],[108.12631999885645,11.283335992542451],[108.12533580717789,11.282079050345011],[108.12435924401562,11.281180688623603],[108.12339031069426,11.280692407914714],[108.12295543579818,11.280518839389314],[108.12242137769137,11.28073436905855],[108.1220551666891,11.281004259462819],[108.12159740227366,11.28188831491328],[108.1206437292556,11.285109827686062],[108.12014781809519,11.2862332557963],[108.11952983842738,11.28827888720524],[108.11920177433448,11.289489099367172],[108.11891948646094,11.291110347067029],[108.11838542857583,11.292216608509358],[108.11796581228447,11.292724916412363],[108.11757671341081,11.292994807116763],[108.11700450843044,11.293040583568303],[108.11671459125117,11.293020556232081],[108.1161423860107,11.292861292617456],[108.11586772813513,11.292653391444503],[108.11453258443434,11.291242907687103],[108.1142274077509,11.290295909245843],[108.11364757363452,11.289144823576187],[108.11273204637916,11.287084887576018],[108.11205303040795,11.285402605707679],[108.11177837298807,11.284288713835636],[108.11169444854113,11.283809970030992],[108.11168681946567,11.282869647069761],[108.11183177707014,11.282169649696751],[108.11218273022699,11.280993769280295],[108.11222850654906,11.280225107813608],[108.11235820652855,11.279286692253836],[108.11236583527109,11.278551409022176],[108.11244975796816,11.277594873690067],[108.11240398257142,11.277116129462724],[108.1120454000191,11.27673656692779],[108.11144267831591,11.276336977494509],[108.11026775219145,11.275984117489632],[108.10962688217856,11.27585823236502],[108.10862743183053,11.275454828786884],[108.10803233919076,11.275107691384582],[108.10772716318095,11.274694750439242],[108.10752879922119,11.27426464307375],[108.10740672890446,11.273853609935772],[108.1073304350564,11.273152658019294],[108.10729228829896,11.271544764284707],[108.10699474098901,11.270567247076698],[108.1064072774493,11.269827196666483],[108.10529338529587,11.268297502636042],[108.10438548735227,11.266657183602074],[108.10314189664759,11.265833208413609],[108.10139476541829,11.265088388725914],[108.10083019036233,11.26501304838737],[108.10038768563625,11.265050241178754],[108.09983073905818,11.265450785189746],[108.0986176656278,11.265970537369435],[108.09797679591769,11.266370127239812],[108.09736644449745,11.267035791586446],[108.09658061743363,11.267223665805714],[108.09465037992418,11.267317126241958],[108.09263622038347,11.26852733938937],[108.08893596329376,11.268527338795236],[108.08800517747194,11.268457720970465],[108.08748637849423,11.267973254283092],[108.08679210449523,11.26651985533969],[108.086166493422,11.265897105255222],[108.08461009718819,11.265308687823111],[108.08388530432362,11.264547656360767],[108.0798722428799,11.259148906638789],[108.07727824881621,11.256276439655277],[108.07385264932726,11.25364620543683],[108.06505595781394,11.24752170854424],[108.05977641646277,11.243914912391944],[108.05792247374457,11.243565867709313],[108.0575257444867,11.241193126510975],[108.05715190448923,11.240539859463375],[108.05679332201254,11.239509891123909],[108.0564728877409,11.238224338096046],[108.0563431876718,11.237316440806836],[108.05628978194177,11.236461947734753],[108.05651103472988,11.232787439895352],[108.05647288747019,11.231777498990635],[108.05632792858856,11.230681726786186],[108.05642711089298,11.229828189049764],[108.05662547591649,11.229265521149204],[108.05694590972718,11.228123019233466],[108.05716716230711,11.227648089129728],[108.05759440833627,11.227108310280997],[108.05806743075428,11.226704905822059],[108.05863200559168,11.226055453037464],[108.05876170505319,11.225282022713838],[108.05899821646962,11.22334892547392],[108.05883799901984,11.222288439385249],[108.05843364078952,11.220624277287905],[108.05754100199013,11.218746492896871],[108.04603587498991,11.215115855438258],[108.04579173375794,11.215884517239068],[108.04549418790661,11.216652225110076],[108.04547892904655,11.217127153905857],[108.045738328488,11.217335055154727],[108.04596721009014,11.217418978696344],[108.04643260370443,11.217404674113745],[108.04690562547371,11.217711757208098],[108.04720317184477,11.218060802120036],[108.04731761305342,11.21860630339395],[108.04791270536928,11.219262431082898],[108.04824076971927,11.219848941561576],[108.04812632841744,11.220183681330754],[108.0479279647449,11.220338175806063],[108.04747783057923,11.220239947214031],[108.04734050128026,11.220333406936424],[108.0473633895952,11.221207927626157],[108.04753123558106,11.221822092938687],[108.04802714691314,11.22258407898932],[108.04811869981705,11.22354919687224],[108.04796611243665,11.22401459024015],[108.04764567745902,11.224255870429479],[108.04629527446775,11.224479983145432],[108.04618846293886,11.224758456438606],[108.0461274285456,11.225595782833475],[108.04633342071271,11.22635872249892],[108.04717265510433,11.228778193270927],[108.04789744772921,11.232440303969646],[108.04778300696421,11.232923816576362],[108.04742442560148,11.23368675543302],[108.04672252186322,11.23419029548433],[108.04641734515307,11.234711001484074],[108.04628764531498,11.235176394939518],[108.04659282138496,11.235641789067001],[108.0480729236398,11.23653442786747],[108.049301256383,11.2375205263897],[108.05072032428738,11.239206622768894],[108.05104075874111,11.239429782500228],[108.05271159598976,11.24022991535275],[108.05301677247571,11.240657162112608],[108.05307017776303,11.241234135092464],[108.05278788999321,11.241985629489323],[108.05259715531069,11.2423766369334],[108.05199443315325,11.242636990074374],[108.05191813889036,11.243307423056553],[108.05212413304943,11.244479487668963],[108.05231486803493,11.245148967803228],[108.05282603695257,11.245642017357165],[108.05259715511188,11.245900462941906],[108.05175029265631,11.24626095212346],[108.05165111002005,11.246404002923047],[108.05171977560899,11.246831248986792],[108.05168925708709,11.247012447249535],[108.05162822220088,11.247106860822267],[108.05138408209125,11.247230838911095],[108.05098735306031,11.247243236763474],[108.05052196033097,11.24735672421092],[108.0501481206427,11.247519801795509],[108.04994975529394,11.247730564143566],[108.04970561494477,11.248124432412514],[108.04931651626657,11.249803852535921],[108.0488816401744,11.250559162555666],[108.04785167230945,11.251829456095242],[108.04775249059819,11.252642941234898],[108.04789744876096,11.253419231786724],[108.04788981996626,11.253585171201923],[108.04740153872339,11.254710506819492],[108.04714976818018,11.25509579127699],[108.0467988157872,11.25539333763152],[108.04632579345795,11.25574428972009],[108.04544078344286,11.256233524352332],[108.04493724394257,11.256583523389791],[108.04478465536272,11.256764721378286],[108.04469310332853,11.257245374036447],[108.04428874556902,11.257998777031961],[108.04245006136371,11.259677242894348],[108.04248057882765,11.260620427467332],[108.04256450183392,11.261019063115826],[108.0426026486467,11.261449170150321],[108.04257213205909,11.261867832914106],[108.04267894317191,11.26224644222724],[108.04275523718715,11.262959789874039],[108.04268657320884,11.263545346242203],[108.04238139665716,11.264485669671902],[108.0423737676698,11.264820409442851],[108.04260264949819,11.265650105900006],[108.04267894349337,11.26646835820518],[108.04281627299164,11.266992879255671],[108.04304515434134,11.267477346359541],[108.04331218329236,11.268842054460976],[108.04365550604128,11.270005536089764],[108.04399119969801,11.272646260336614],[108.04442607553918,11.273572278868054],[108.04479991548484,11.274791074384577],[108.04483806297257,11.275293660988387],[108.04406749340103,11.277632070344803],[108.04391490529679,11.277881933114383],[108.0433579611266,11.278399778674553],[108.043060413543,11.278564763463514],[108.04208385165464,11.278910947523432],[108.04142009349624,11.279490781553418],[108.04109965958197,11.279665303965881],[108.0392075693271,11.280086827702807],[108.03873454649685,11.280500722991858],[108.03810893694371,11.281374289017164],[108.03784953757317,11.281874014619122],[108.03685008716153,11.284551932390235],[108.03673564611768,11.285032583651319],[108.03678905153407,11.285954786679953],[108.03670512823456,11.286435438371738],[108.03411876374638,11.290072752299269],[108.03337871185211,11.292948080929781],[108.03065501946321,11.298874213005387],[108.03076183016967,11.299137428044551],[108.03099834191227,11.300669028732353],[108.03128825843879,11.301551177643391],[108.03178416927746,11.302289321591415],[108.03192912859697,11.302793814961065],[108.03199016408003,11.303537681695863],[108.03193675747174,11.304520919605988],[108.03176128180571,11.305085494202418],[108.0311280420959,11.306325271956336],[108.03048717263675,11.307428672307509],[108.0285035304568,11.309900596718975],[108.02822124277051,11.310536697399291],[108.02787029117354,11.312104537524473],[108.02772533218395,11.313422515781385],[108.02726756830472,11.316695526091415],[108.02728282753047,11.3173030169974],[108.0278550327013,11.319766358485346],[108.02828227833761,11.321318938970967],[108.0285035305451,11.324837998184728],[108.02930461743506,11.32652218719489],[108.00270091883823,11.332119303085046],[108.0022584135816,11.332307177160393],[108.00209819618046,11.33245499576336],[108.00197612657057,11.332706765684966],[108.00186168539342,11.333126383071333],[108.00151836287361,11.333545046401806],[108.00139629268946,11.333786326152604],[108.00134288654445,11.334355668719729],[108.00138866276248,11.334575968542794],[108.00157176904771,11.33488114383028],[108.0015488799061,11.335051852243787],[108.00104534002264,11.335385638394124],[108.00079356971482,11.33547051492401],[108.00021373561523,11.33554585531833],[107.99934398461414,11.335847216046192],[107.99819957616938,11.337375002528441],[107.99774944175043,11.337677317467975],[107.99658977346422,11.33766110543576],[107.99624645046656,11.337772684473988],[107.99572765138919,11.338043528593921],[107.99531566436646,11.338520365300297],[107.99462138949332,11.339889841570598],[107.99360668050433,11.340463000522961],[107.99298106996065,11.340542156138357],[107.99138652658753,11.340175944470973],[107.99061595788537,11.340128260510067],[107.98998271787653,11.340207416204766],[107.98927318497205,11.340143519731537],[107.98872386806308,11.33995278502032],[107.98793804048768,11.33984120513588],[107.98740398218882,11.339809733973183],[107.9868241489346,11.339968997034587],[107.98627483281686,11.340287524651863],[107.98532115716824,11.340637522717675],[107.98431407763896,11.34079678679054],[107.9807282628008,11.341688472256783],[107.97773753962579,11.34221490102338],[107.97514354555622,11.342592556102506],[107.97427379429574,11.342943509119142],[107.97041332064693,11.345575649943143],[107.96973430437106,11.345776875372675],[107.96910106506292,11.34616502016443],[107.96720134536272,11.347198803040461],[107.9665681066237,11.347454388382163],[107.96441661639797,11.348667462859018],[107.96253215614473,11.349207242065328],[107.96095287160334,11.349718411935031],[107.95875560683167,11.3501170476138],[107.95818340163031,11.350258191740071],[107.95635234625799,11.350324949361982],[107.95568096072225,11.350182850592194],[107.95435344548605,11.34984048222941],[107.95309459490889,11.349297841963725],[107.95262920201674,11.349174818530098],[107.9520722560384,11.348918279120548],[107.95169078588431,11.348634084435702],[107.95162212237577,11.348425230541876],[107.9516144926818,11.348103841266374],[107.95137798078876,11.347790082062408],[107.95049297071766,11.347221693155822],[107.94971477303297,11.34692796148464],[107.94860088089463,11.346596082009631],[107.94726573721348,11.3464911780397],[107.94571697039837,11.346491178086737],[107.94474040838402,11.346585592159027],[107.94319927009988,11.346498807595303],[107.94091808132586,11.346863111671146],[107.93980418998508,11.347301801667069],[107.93878947949575,11.348050436494756],[107.93750011155511,11.34932168348331],[107.93709575364048,11.350241025610993],[107.93639385043736,11.353773435708785],[107.93590556940225,11.355332693780744],[107.93547832357073,11.355985960877888],[107.93393718533491,11.357388815636572],[107.9281464756028,11.3592408513363],[107.91825115008109,11.361494383916462],[107.9162675073552,11.36188729877931],[107.91311656694036,11.362375579571507],[107.91071330764753,11.362981163402994],[107.90823375488145,11.363463723076519],[107.90283214351628,11.363878571269812],[107.89745341949701,11.364446007003288],[107.89208232644997,11.36486085659463],[107.88666545666253,11.36519941067872],[107.88401042617963,11.36541684896871],[107.87786113424072,11.365822160005921],[107.82149516748333,11.370069829342308],[107.80423747635513,11.371094076554838],[107.79659282308016,11.372114509047682],[107.792892565732,11.370546667480436],[107.78773509535297,11.371080725694968],[107.77905284444641,11.370893805525183],[107.76950847122036,11.369683594206863],[107.75339518953506,11.368554443425415],[107.75167094650473,11.36832460902399],[107.75044261349684,11.36795458250892],[107.74954997462349,11.366930336399403],[107.74923716975236,11.367084832135046],[107.74871074152944,11.36733183413169],[107.74671946980588,11.367899269665855],[107.74597941773499,11.367971749126482],[107.74550639536267,11.367916435545176],[107.74497233799383,11.36759695538384],[107.74417888071542,11.366847367123288],[107.74394236911566,11.366678566935667],[107.74361430516986,11.366596550944605],[107.74319468895632,11.366634697878393],[107.74245463741748,11.366826386455156],[107.74154673951884,11.366772026654061],[107.74001323176564,11.36690935648448],[107.73938762130311,11.367026657817776],[107.73891459826845,11.367043823781716],[107.73818217661508,11.36689600502462],[107.73776256041332,11.36672052899034],[107.73753367805165,11.366572709209711],[107.73738109076221,11.366403909508787],[107.73728190880786,11.366194100702078],[107.73720561455309,11.365902276336866],[107.73716746712014,11.365462632452957],[107.73741923750578,11.364503235862898],[107.73744212544972,11.363523812006253],[107.73740397791236,11.363063188232386],[107.73734294312935,11.362701744749547],[107.73719798414466,11.362238259567757],[107.73679362609413,11.361454339292878],[107.73664103938526,11.361261697051397],[107.73649608040108,11.361165376254721],[107.73632823272615,11.361113877558434],[107.7357483986549,11.36105570334419],[107.7353821880752,11.36094507722183],[107.73518382436401,11.360831590153214],[107.73507701271443,11.36072191735665],[107.7348786476634,11.360419601911216],[107.73460399035862,11.360123962750412],[107.73437510801782,11.359996171366419],[107.73425303818418,11.360003800342774],[107.73380290392991,11.360230775648464],[107.73300181662545,11.360419602256078],[107.73244487165132,11.360391946370724],[107.73202525505931,11.36028513407133],[107.73178111390689,11.360143991162373],[107.7316056379325,11.359917970367064],[107.73126231516548,11.358965249003008],[107.73085795809845,11.35826715882452],[107.73052989423718,11.358016343039147],[107.73020945838535,11.357941003091346],[107.72999583594164,11.357975335234135],[107.72966777196986,11.358161302406735],[107.72933207918425,11.3586247877772],[107.72890483329097,11.359477372397462],[107.72834025736738,11.360807748245941],[107.72821818711087,11.36100706626699],[107.72804271113237,11.361165376555146],[107.72788249411302,11.361251206190689],[107.72776042273009,11.361251206139391],[107.7276154653429,11.361161561755285],[107.7267634426021,11.36018745142946],[107.72644816679981,11.359922738854346],[107.72627269078919,11.359903665115768],[107.72588359191761,11.360151620972573],[107.72567759879642,11.360375733984991],[107.72532664568672,11.361081452491252],[107.72488414163023,11.36246332697277],[107.72480021831777,11.363211962052423],[107.72489177120853,11.364015908889929],[107.72517405878635,11.365406365506429],[107.72527324105516,11.36572966148548],[107.72539531124228,11.36596140466678],[107.72565470971571,11.366257044181628],[107.72580729811176,11.366532655890047],[107.72591411003339,11.366883607628585],[107.72592936895789,11.367623658700165],[107.72587596331401,11.368104310625684],[107.72579203983555,11.36824640880832],[107.72564708160665,11.368360848623308],[107.72492991816861,11.36695799522024],[107.72445689580326,11.365911814166564],[107.72395335520754,11.365039202036662],[107.72352610917272,11.362791391100394],[107.72293101696935,11.361269326810957],[107.7218934188739,11.359124513417012],[107.72165690736814,11.358316751840581],[107.72164164818692,11.357562395023761],[107.72196208243341,11.355431886720476],[107.72227488806091,11.35424170081428],[107.7225953223272,11.35273298777023]]]]}}]}