{"type":"FeatureCollection","name":"gis.vn","features":[{"type":"Feature","properties":{"ma_tinh":"79","ten_tinh":"TP. Hồ Chí Minh","loai":"Thành phố","cap":1,"stt":50},"geometry":{"type":"MultiPolygon","coordinates":[[[[106.60527659372416,10.658605803094419],[106.60521079277183,10.658519372474373],[106.60513685799636,10.658418401520652],[106.60507684021579,10.658334389693946],[106.60500486072604,10.65825936157131],[106.60489779558654,10.658146365758505],[106.60478285555658,10.65804740426489],[106.60473578388228,10.658016596868451],[106.60469879625569,10.657992389573714],[106.60465582292248,10.657937355840495],[106.60464513392581,10.657913095744505],[106.60462567280032,10.6578689260607],[106.60460779649917,10.657828354712702],[106.60460169558351,10.6577958714571],[106.6045978509633,10.657775399658808],[106.60458485167837,10.657683394106106],[106.60453778843242,10.657567430909847],[106.60452381928471,10.65753238623466],[106.60450334791693,10.657512671297082],[106.6044708309104,10.657481356738392],[106.60439881342488,10.657365372102003],[106.60430684743531,10.657205408913496],[106.60422882056363,10.6570703605176],[106.60416779672798,10.656976405694843],[106.6041388487411,10.656922417577752],[106.60412438571588,10.656887553227849],[106.604097787673,10.65682343688446],[106.60401181232312,10.65656743563478],[106.6039798281229,10.656452425659623],[106.60398382712273,10.656399431641878],[106.60399579724233,10.656258353588841],[106.60397284102156,10.65613635685401],[106.6039297956383,10.655947416191953],[106.60389878682581,10.655857358200146],[106.60387083102435,10.655807435590807],[106.60380892728656,10.655710479787905],[106.60380185152654,10.655699397266794],[106.60374366984594,10.655586155576374],[106.60370680055851,10.655514398068696],[106.60366484369514,10.655445435298658],[106.60362779583245,10.655379444335948],[106.60359184701791,10.655329361762558],[106.60353982813386,10.655274441073432],[106.60350283320032,10.65522743693781],[106.60341584501596,10.655095396063578],[106.60339577852122,10.655063445335644],[106.60336983503262,10.655032413770405],[106.60333561537891,10.65499639085378],[106.60329384800121,10.654952423758298],[106.60325283489942,10.65489738171909],[106.60322677404636,10.654851431720878],[106.60321781795949,10.654829394429447],[106.60321552112727,10.654822817347403],[106.60318081073696,10.654723439474946],[106.6031378310336,10.654585404065834],[106.60303283823087,10.654322403464258],[106.6029887922353,10.654206431711778],[106.60297559746049,10.654168719668343],[106.60293278771915,10.654046368226844],[106.60292579764926,10.654000366264242],[106.60292282762859,10.653962400362158],[106.60292715150943,10.653923942682393],[106.60292878634247,10.65390940190658],[106.60292276956658,10.65386041390667],[106.60291183340492,10.653777442255752],[106.60290774289211,10.653755577937812],[106.60290182188152,10.653723922247293],[106.60287479698833,10.653579445325455],[106.60285576914536,10.653514399635089],[106.60283777600233,10.65346942118105],[106.60276682287618,10.65332838623903],[106.60268879618445,10.653192436861561],[106.60264581839421,10.65313541203832],[106.60259977385249,10.653087435216309],[106.60249582485818,10.653009419568068],[106.60233278281666,10.652907424539405],[106.60231288280309,10.652899093554822],[106.602265835763,10.652879397393466],[106.60222581719452,10.65285644919801],[106.60220283818607,10.652834360510202],[106.60219208940264,10.652810478353318],[106.60218979213741,10.652805374873799],[106.60218277176547,10.652775375671157],[106.60217678465831,10.652709388583503],[106.6021718181309,10.652658409677207],[106.60215782186786,10.652613420298495],[106.60213682387625,10.652571434254725],[106.60208281440207,10.652505399679956],[106.60202377497087,10.652447422166512],[106.60196680876587,10.652375427025895],[106.60191079333705,10.652265365783268],[106.60189282718707,10.652202394643378],[106.60187182824346,10.652106432769601],[106.60184179725915,10.651906425850548],[106.60182681800563,10.651697428742219],[106.6018168118561,10.651569429741159],[106.6018127739901,10.651499368174557],[106.60178781458427,10.651415442817392],[106.60175880170897,10.651338395692294],[106.60169579248497,10.651234410578013],[106.60161176622992,10.651136448443097],[106.60151079711741,10.651045403158657],[106.60143776573098,10.650997412671888],[106.60136480089527,10.650973379496081],[106.60127979886764,10.650958420480267],[106.60119578764709,10.650947437504191],[106.60112776971381,10.650940389817],[106.60107579264347,10.650927419461881],[106.60093881808332,10.650873454034034],[106.60084778552431,10.650831386848637],[106.6008157727039,10.650813390825359],[106.60076981478953,10.650769392200319],[106.60072378286348,10.650725395576497],[106.60070377792204,10.650715415759343],[106.60069723306745,10.650715410022817],[106.60067882502835,10.650715391290651],[106.60063679087455,10.650726445401508],[106.6006027758989,10.65074841773383],[106.60056298067927,10.650783430505454],[106.60053577189672,10.650807369665175],[106.60044882974222,10.650935451999699],[106.6004107716747,10.651021449770647],[106.60033582927345,10.651235391275666],[106.60029983067206,10.651330424019607],[106.60029270626403,10.651375530495582],[106.60028782910334,10.65140640462846],[106.60029880529876,10.651449412484771],[106.60032720484459,10.651486361074364],[106.60032876603456,10.65148839187014],[106.60036082972087,10.651524378539476],[106.60037680469195,10.651549380278379],[106.60038477150394,10.651567442511338],[106.60038882733348,10.651589402805],[106.60038483433598,10.651617440319457],[106.60036978726104,10.651655454273346],[106.60036048455432,10.65168923520916],[106.60033978440305,10.651764397749874],[106.60034282531291,10.651800372780757],[106.6003467851017,10.651842404308775],[106.60035077543245,10.651867439478718],[106.60034478200883,10.651908412247877],[106.60033177857323,10.651949406754863],[106.60030178251722,10.652006447383693],[106.60028078537117,10.652046378715266],[106.60025425082658,10.652074552440803],[106.60024681026114,10.652082455107971],[106.60020979377246,10.652109408773315],[106.60017489028296,10.652131723407704],[106.60011279441517,10.652171424519825],[106.60005778504745,10.652207379869402],[106.60002578591826,10.652221388267044],[106.59997982975864,10.652232453850917],[106.59993082577965,10.652231410617285],[106.59992918996687,10.652231144741902],[106.59985080634623,10.652218427548531],[106.59977577719471,10.652211397701514],[106.59977419737466,10.652211548443823],[106.59973379819775,10.652215400815408],[106.59969979793738,10.652242434841682],[106.59967418834677,10.652279217160197],[106.59966983784088,10.652285463338153],[106.59965182513587,10.652341388354772],[106.59964110830715,10.652390950718432],[106.5996308354531,10.652438459667716],[106.59963069490017,10.65245798587853],[106.59962980224515,10.652582402856956],[106.59961123026748,10.65258329309258],[106.59958781676539,10.652584416142574],[106.59944278120801,10.652587430286221],[106.59943679818531,10.65258701798529],[106.59936979377235,10.65258238464246],[106.59936810203419,10.652582386516857],[106.59930684578981,10.652582465796241],[106.59930200253919,10.652582075716467],[106.59925677877924,10.652578441953654],[106.5991988348821,10.6525614201237],[106.59915883951581,10.652546429870112],[106.59912478754522,10.652527443841695],[106.59912148778318,10.652529293446118],[106.59901782817502,10.652587407840823],[106.5989568115095,10.65263142359429],[106.59894484702272,10.652639412625591],[106.59875182255931,10.65276244807207],[106.59865781830372,10.65281839810304],[106.5982488173473,10.652998435063564],[106.59809480423844,10.653026428512868],[106.59799083133342,10.653048410065656],[106.59787283481218,10.653042400136615],[106.5977898244875,10.653093438257661],[106.59751279744074,10.653127459872334],[106.59760482307026,10.653310391068644],[106.59751682193081,10.653383413039458],[106.59713381380878,10.653449457092655],[106.59708779129032,10.653463413629039],[106.5970407993377,10.653481442848541],[106.59698281981588,10.653506463014546],[106.59692180198289,10.653522450806408],[106.59686279454695,10.653529391669416],[106.59675078848652,10.653536475782621],[106.59653581579096,10.653547455259776],[106.59647083101291,10.653547450052542],[106.59640285671394,10.65355640308298],[106.5962968322165,10.653599455997034],[106.59622881890338,10.653621430243435],[106.59613385628855,10.653630457025827],[106.59612675456921,10.653630051300786],[106.59606283086237,10.653626397078174],[106.5960627541697,10.653626426215165],[106.5959228268938,10.653677408755884],[106.59589082282926,10.653690425016833],[106.59585881235142,10.653700456092299],[106.59581480498898,10.653707446664061],[106.59576280687884,10.653714458804197],[106.59571384220637,10.65372742862568],[106.59566584540933,10.653736419779396],[106.59562186115052,10.653751457283578],[106.59558185782885,10.653761418598348],[106.59554282147303,10.653766407690606],[106.59546383869213,10.653774487082819],[106.59539585149597,10.653778467615394],[106.59534684905991,10.65377841904566],[106.59534158812346,10.653778034553136],[106.59529180534558,10.6537744080102],[106.59526684120422,10.653770407111242],[106.5952568389547,10.653724412114425],[106.59525081517465,10.653672441406016],[106.59524881346437,10.653602466374311],[106.59525180901332,10.653513489019982],[106.59526379883955,10.65343244582096],[106.59527582639318,10.653365416325984],[106.59528883121256,10.65329748013552],[106.59529780626961,10.653189411017452],[106.59531778796936,10.653109430217922],[106.59534180127413,10.653096435580297],[106.59555082381111,10.65297842437954],[106.59556283774124,10.65296048798508],[106.5955777974829,10.652917410822116],[106.59554580651192,10.652607465784122],[106.59554282217147,10.652591470200617],[106.5955117863804,10.652463438066961],[106.59548884173454,10.65237145601462],[106.59549979477656,10.652270434111989],[106.59551984309591,10.652186475267404],[106.59554278500057,10.652113448621135],[106.59555083822455,10.652081420513733],[106.59558780928263,10.651819481063132],[106.59561582597368,10.651618414319207],[106.5956067857754,10.651593483094583],[106.59562578045511,10.651428424024418],[106.59563679795596,10.65135045904434],[106.59564482812974,10.651091398466146],[106.59561580453041,10.65103641422429],[106.59554280673837,10.6510284746976],[106.59518183021397,10.650990479172206],[106.5951469926047,10.65098673360541],[106.59494881703954,10.650965430548789],[106.59493380722006,10.650962486727865],[106.594981777629,10.650615436703104],[106.59496879837948,10.650610408976423],[106.59463083428908,10.650580488147288],[106.59451582616815,10.650564433772258],[106.59424079152704,10.650527472058215],[106.59410979479894,10.650509470775498],[106.59410437468696,10.650509344343355],[106.59406478683573,10.650508416741385],[106.59391679631914,10.650505470334478],[106.593915379859,10.650505201123629],[106.59386685172872,10.650495989275582],[106.59378644824154,10.650480726505808],[106.59368478690568,10.650461429182478],[106.59337995946268,10.650441492591318],[106.59327182349557,10.65043442096769],[106.5932683729464,10.650434289220525],[106.593168835234,10.650430449033374],[106.59316672988253,10.650430263942107],[106.59312283931905,10.650426415031122],[106.59306884933497,10.650421496663377],[106.59274380226157,10.650400490102566],[106.59268692961143,10.650374603445583],[106.59251079364184,10.650294426879428],[106.59241579244913,10.650261502426137],[106.59235581026621,10.650243489377958],[106.59233483014836,10.650207470204794],[106.59233684432834,10.650172474089914],[106.59176280361821,10.650071487308471],[106.59176252810822,10.650072336960118],[106.59175513105441,10.65009515901055],[106.59170285229305,10.650256455218342],[106.59166584299,10.650368487096761],[106.59163483164967,10.650440451232814],[106.59162884507197,10.65067644935414],[106.59163479257438,10.650810426697454],[106.59160185495375,10.651197491353452],[106.59159458221175,10.651196691810554],[106.59128279883937,10.651162453417292],[106.59114481190814,10.651151430023091],[106.59093083222311,10.651111498918407],[106.59093039872768,10.651112396908662],[106.59084882534218,10.651281427205019],[106.59084196794059,10.65128010850406],[106.59076585616837,10.651265467191992],[106.59076573460298,10.651266463791549],[106.59070680557373,10.651751513218837],[106.59067981538634,10.652108452195488],[106.59065484604994,10.652267467280831],[106.59064084590835,10.652330435508606],[106.59057480760143,10.652577444386807],[106.59054786765539,10.652705451903923],[106.59052781636382,10.652788507383356],[106.59049485228279,10.652863458260127],[106.59047080035462,10.65294444422985],[106.59044987338596,10.65306547525679],[106.59023983035124,10.653060434425322],[106.59010548494052,10.653055162437866],[106.5900888142489,10.65305450830525],[106.59008824542968,10.653054386878535],[106.5900418209079,10.653044507952059],[106.59003739794564,10.653044737690454],[106.58994586722994,10.653049467248914],[106.58993969857646,10.653049023621909],[106.58987687482488,10.653044498179966],[106.58970780322227,10.65302451695342],[106.5894718163972,10.652987448318903],[106.58946080687137,10.652986483355006],[106.58935282007604,10.652974476586444],[106.58934640965329,10.65297418999766],[106.58919584476469,10.652967482030254],[106.58919401462126,10.6529673413792],[106.58911780395766,10.652961451254713],[106.58901785110882,10.652937489263254],[106.58869887752691,10.652905522392013],[106.58869264718221,10.652905245252231],[106.58851883096348,10.652897505289886],[106.5884028779578,10.652894471510304],[106.58840007409296,10.65289420327583],[106.58829783867998,10.652884445415726],[106.58820683337342,10.652879444471296],[106.58811383951954,10.652864503258394],[106.58801587438239,10.652850479375099],[106.58788385136614,10.652842514250851],[106.58777481717343,10.652833493128686],[106.58764782722851,10.652819456339111],[106.58749882912265,10.652807467264479],[106.58749152092824,10.652807085398889],[106.58744084900042,10.652804455336188],[106.58733485449682,10.652831505158396],[106.58728081134691,10.652862481661337],[106.5872818420574,10.652881465070095],[106.58727887403958,10.652926499709315],[106.58725687453558,10.653041474472152],[106.58723886494356,10.653127507747609],[106.58714483398312,10.653146473982645],[106.58700282723905,10.653154449342265],[106.58689684479974,10.653158530445825],[106.58688185935738,10.653164537274986],[106.5868398826399,10.653169532238316],[106.58682985805649,10.653170463076831],[106.58681487254816,10.65325947075247],[106.58669885281655,10.65325950942928],[106.58660885430369,10.653264452711063],[106.58654788633176,10.65327148638188],[106.58654326616217,10.653270791744495],[106.58652782382906,10.653268465247471],[106.58651083336706,10.653257479275508],[106.58649487407912,10.653238535724082],[106.58647588582096,10.653214536618714],[106.58646188401343,10.653194500254141],[106.5864458423413,10.653171488649033],[106.58643929111977,10.65317219141856],[106.58642684928445,10.653173527388907],[106.5859878221521,10.65326647133249],[106.58582087466938,10.653306518259711],[106.58557782889011,10.65336250054553],[106.58542683834717,10.653398897506722],[106.5853441723576,10.653415523936122],[106.5853278406573,10.653415517762152],[106.58530086199002,10.653419477159936],[106.585125824849,10.653451498257846],[106.58508988469278,10.65345846583152],[106.58498683982359,10.653489481276253],[106.58470482620304,10.653575493885224],[106.58460086559325,10.653602533782284],[106.58449683156519,10.653630477902235],[106.5842263019538,10.653664212940788],[106.58412786166119,10.653676487332026],[106.5840198470251,10.653903535936283],[106.58378786302092,10.654340494759333],[106.58376586953142,10.654375544064784],[106.58369982662873,10.654512516882898],[106.58355982825945,10.654760535194603],[106.58355287969336,10.6547835186352],[106.58354688567984,10.654796555772164],[106.58353788702524,10.65481448102431],[106.58352685413098,10.65483250299977],[106.58351088101901,10.654863558403004],[106.58348484911824,10.65491055294414],[106.58333184555963,10.655227500630247],[106.58331483300535,10.655264526495829],[106.58330786471143,10.6553074906303],[106.58331184660835,10.65535847538764],[106.58331489213622,10.655397526322725],[106.58309989892294,10.65540153278078],[106.58256284139155,10.655402509706521],[106.58202385033223,10.655385497322309],[106.58145288422726,10.655392530124187],[106.5812258689814,10.6554395146349],[106.58066286022883,10.655489560914297],[106.58066314487994,10.655520056857474],[106.5806678520256,10.65602453314311],[106.5806578862485,10.656046530070652],[106.58064684683293,10.656062563041429],[106.58061985900159,10.656090571917709],[106.58058690832216,10.656115523701576],[106.58056190799654,10.656126530951335],[106.58053387341126,10.65612949829252],[106.58052656421206,10.656129113560075],[106.58051585270945,10.656128550709067],[106.58049986895506,10.656128501784318],[106.58003991607546,10.656123572608857],[106.57985385237761,10.656120539836465],[106.57977491128263,10.656117496183226],[106.57977463586919,10.656117383001186],[106.57976291200951,10.656112553828496],[106.57975287113229,10.656107516782678],[106.57975163878008,10.656106389066798],[106.57974944070436,10.656104377929276],[106.57974085454939,10.65609651906953],[106.57973087429019,10.656085515056988],[106.57972488091642,10.656071517079093],[106.57971787159664,10.656044500595849],[106.57970689354717,10.655999502899867],[106.57970088132583,10.655978542794093],[106.57969286331812,10.655968528953178],[106.57970091288212,10.65596049221999],[106.57970684865106,10.655954566645535],[106.57972985775605,10.655932535188603],[106.57970290619392,10.655779532714808],[106.57962788126372,10.655579555071888],[106.5795859050632,10.655473517686989],[106.57953788954893,10.655364514694076],[106.5795309110381,10.65534852857587],[106.57948286301578,10.655227499830604],[106.57945886720053,10.655163552205519],[106.57942689403012,10.655076565804801],[106.57941184166377,10.654946498551128],[106.57937487202021,10.654935565989632],[106.57931290729333,10.654908515093329],[106.5791568442818,10.654793560053136],[106.57902187040142,10.654670501153268],[106.57881688021182,10.654498529675225],[106.57883989259369,10.654394583957854],[106.57877286946,10.654309500140347],[106.5786898850213,10.65420456555719],[106.57844584296393,10.653920587110834],[106.57841484062624,10.653885586981476],[106.57835291097885,10.653788555064388],[106.578312902991,10.653713526084559],[106.57828885850545,10.653686555500354],[106.57822586512597,10.653614569781823],[106.57821499480649,10.653602215586112],[106.5781299043613,10.653505511545346],[106.57801087257053,10.653395520691053],[106.57792987318298,10.653326566803116],[106.57791386914707,10.653290535219208],[106.57791085768042,10.653264502577175],[106.57792187246653,10.653211582225854],[106.57793886334778,10.653138572288329],[106.57799887196236,10.652971505768898],[106.57803088309647,10.65287757048919],[106.57807083540564,10.652736508972719],[106.57809585060963,10.652536535766883],[106.57808689481506,10.652374536164517],[106.57805483401285,10.652143520962694],[106.57803288275412,10.652026579794962],[106.5780298910249,10.652007511993412],[106.5780278364618,10.65194458657083],[106.57802888234832,10.651913571767407],[106.57803184444286,10.651893584168441],[106.57803188513022,10.651880562855688],[106.57802188511876,10.6518625080439],[106.57810685451564,10.651865538095423],[106.57862021009873,10.651883503335519],[106.5786208892378,10.651883526853082],[106.57863282188487,10.651884176956619],[106.57863988969368,10.65188456057121],[106.57865685183559,10.65188451570904],[106.57871488078776,10.651877580856665],[106.5790344759837,10.651874608994534],[106.57904084432313,10.65187454874843],[106.57905697532634,10.651882149906399],[106.57905782914172,10.651882551762709],[106.57907486439589,10.651882505780385],[106.57915182667213,10.651879499521701],[106.5792820322506,10.651873910450309],[106.57954688198805,10.651862541389933],[106.57949286407425,10.651679504329179],[106.57947187476323,10.651584533969842],[106.57942887406641,10.651350562716699],[106.57941188664289,10.651285509814908],[106.57939886362999,10.651236537812588],[106.57941489224122,10.651170492546337],[106.57945385225025,10.65108151381328],[106.57947783777662,10.650946549838483],[106.57947884980659,10.65073551925412],[106.57941383225622,10.650444554535861],[106.57938087637551,10.650328549381179],[106.57929688790173,10.650185554715689],[106.57918083745385,10.649951506383964],[106.5791128803695,10.649799519018442],[106.57902385630871,10.649634565257418],[106.57894488031681,10.649561538832705],[106.57889884868868,10.649544572014719],[106.57868582571143,10.649439531019079],[106.57858984771995,10.649407507080035],[106.57852585800038,10.649384528661944],[106.57847317472506,10.649377402901907],[106.57840783583494,10.649368564844053],[106.57829382213926,10.649329536802389],[106.5782278648914,10.649303581924032],[106.57820385119521,10.649288545743028],[106.5780818228777,10.649212559042533],[106.57799587230805,10.649153562841605],[106.57774587793376,10.649063537676625],[106.57774284123201,10.649064692048352],[106.57771688225434,10.649074554318567],[106.57771233967613,10.649073119816816],[106.5776978694572,10.649068545509486],[106.5776748545981,10.64906056104416],[106.57764588510994,10.649052500088773],[106.57763283230865,10.649048554878519],[106.57758582820401,10.649034574734003],[106.57748487135153,10.64900057464902],[106.57746487881123,10.64899456931613],[106.57736082826415,10.64896057735766],[106.57729685573241,10.648943568152697],[106.57708888629614,10.648895562609622],[106.57704384624867,10.648882570761291],[106.57699283189665,10.648862543888793],[106.57699153392525,10.648864519978108],[106.57694485690656,10.64893554605084],[106.57692783847631,10.64897058088473],[106.57689386420527,10.649063525876564],[106.5768828254416,10.649107586459008],[106.57687986460229,10.649155515907829],[106.57686986779463,10.64919451099115],[106.57685184252391,10.649219511577636],[106.57683686618371,10.64922958889707],[106.57681186069425,10.649237521118517],[106.57680556629461,10.649238206731491],[106.57673785284037,10.649245581711895],[106.57671182859994,10.64926752958111],[106.5767101528205,10.649271752357254],[106.57668681984005,10.649330525533168],[106.57667987755154,10.649329217587086],[106.57629385829274,10.649256516583382],[106.57629319893135,10.649257386221967],[106.57623383774651,10.6493355181287],[106.57620086859447,10.649353505489664],[106.57619506628586,10.649352299398497],[106.5761338873554,10.649339577793866],[106.57606187473502,10.649304596879718],[106.57606030921104,10.649307003100672],[106.57596885786681,10.649447516694945],[106.57596195658277,10.64944650244519],[106.5759078443955,10.649438544662544],[106.57584683275721,10.649429573517232],[106.57559084339788,10.64935357808694],[106.57535185881999,10.649321568220167],[106.57535158704526,10.64932212493452],[106.57521488445657,10.649602577142073],[106.57517388437522,10.649690568142702],[106.57516583418936,10.649780550816606],[106.57513988393832,10.649857563025012],[106.57513269819137,10.649856808972528],[106.57510147492795,10.649853530784954],[106.57503484037937,10.649846537011543],[106.57503273322574,10.64984669896217],[106.57499587357216,10.64984953260284],[106.57496489210453,10.649850520037209],[106.57487387469936,10.649868569673975],[106.57480589754365,10.649876525352424],[106.57470985792754,10.649877590876297],[106.57470787161623,10.649877147688697],[106.57469183023602,10.649873570038196],[106.57465282572569,10.649862550904217],[106.57440288067585,10.649847567370283],[106.57440130490234,10.649847527216746],[106.57412988885557,10.649840600905605],[106.57382786855298,10.64983253252441],[106.57365185989372,10.649839595761021],[106.57351985587232,10.649838586599337],[106.5735183204228,10.649838247090514],[106.57343386516918,10.649819555121821],[106.57338686642791,10.649807563267462],[106.5733867505942,10.649809013689062],[106.57338269945475,10.649859889637105],[106.57336783255752,10.650046578859754],[106.57336186526734,10.65021060786046],[106.5733528618218,10.650338569103674],[106.57333884882021,10.650566541927903],[106.57334388429649,10.650673579710908],[106.57334288325177,10.650693563943552],[106.5733328716517,10.650923607402955],[106.57328685735708,10.651193526044073],[106.57326288140561,10.651276590167853],[106.57320086542632,10.651595557390335],[106.57316684559727,10.65172855579517],[106.57310986563657,10.651901578625852],[106.5730978643348,10.651980542997174],[106.57309286455545,10.65208353885962],[106.57310890479305,10.652245611497062],[106.57311590724281,10.652298575714461],[106.57310390090751,10.652403578921932],[106.57311187483948,10.652509615414752],[106.57314990192911,10.652689532531266],[106.5731699198137,10.652929531262412],[106.57317487170883,10.652948594883977],[106.57319884860813,10.653062545071919],[106.57323687708615,10.653159552353046],[106.57335284961917,10.653393602381751],[106.57336491154416,10.653421600246208],[106.57345587488184,10.653607524879144],[106.57349292465891,10.653704532879742],[106.57351290135404,10.653788567252162],[106.57352292559919,10.653843602848381],[106.57352288612127,10.653912589277278],[106.57351386446278,10.654090549742925],[106.57351086064106,10.654151588211018],[106.57350356626992,10.654150923012066],[106.5734560225946,10.654146590968521],[106.57345589003799,10.654146579564177],[106.57345487055264,10.654146768481144],[106.57345180752917,10.654147336148096],[106.57331589078575,10.654172535254705],[106.57320386353895,10.654207985072812],[106.57319891401525,10.654209551260255],[106.57308287074862,10.654257595243077],[106.57307273612753,10.654263197229124],[106.57290190859501,10.654357617066971],[106.57286292788882,10.654383577479235],[106.57244792531213,10.65463855362034],[106.57216588559638,10.654829617408813],[106.57204891015938,10.654895566644017],[106.57184287901536,10.655037605842889],[106.57165493248601,10.655147591832945],[106.57153192552477,10.655213556712797],[106.5715088933465,10.655227539696728],[106.57149888958757,10.655235613001501],[106.57144891946146,10.655268566074957],[106.57132490971803,10.655353608340151],[106.57116887285783,10.655443619184922],[106.57113381518008,10.655457840702258],[106.57110493748712,10.655469554416065],[106.57106693383851,10.655494610711532],[106.57100499861568,10.655538430284935],[106.57097791854406,10.655557590565568],[106.57086887909325,10.655631565660888],[106.57076291114811,10.655697573298871],[106.57074093012174,10.65570956544111],[106.57055491104958,10.655836543973203],[106.57038789801881,10.655938609068421],[106.57027387645725,10.65600961271163],[106.57005492950222,10.656142553623715],[106.5699839455939,10.656182612296531],[106.5698008779076,10.65628562139313],[106.56972293161809,10.656315573628557],[106.56964694244739,10.656344614851863],[106.56964344915053,10.65634561484798],[106.56962619180862,10.656350555516536],[106.56937793753094,10.656421628059553],[106.56921090940689,10.656461575305514],[106.56918595808804,10.656467854201242],[106.56916375873857,10.656473440616647],[106.5690359021535,10.656505613427441],[106.56862090515625,10.656567638693842],[106.5686184435881,10.656566530417573],[106.568611922721,10.656563594790295],[106.5686039407925,10.656538568567694],[106.56858289391727,10.65642063241025],[106.5685609261226,10.656268613643602],[106.56854837768276,10.656194211252778],[106.56854591293181,10.656179592654707],[106.5685299537639,10.65613162405717],[106.56852495037467,10.656121601121432],[106.5684899304765,10.656106592066763],[106.56844294865871,10.656100568115653],[106.56843980588577,10.656100718266503],[106.56837895178931,10.656103627449077],[106.5683179038148,10.656109574781011],[106.56817789177474,10.656131640825619],[106.56808494337243,10.656161628237278],[106.56785791960674,10.65617858653381],[106.56772294284517,10.656194579289567],[106.56753590311561,10.656221560280796],[106.56750892410035,10.656225609490837],[106.56738495244403,10.656241574280866],[106.56724194014119,10.656268621906753],[106.56718195675104,10.656278632723284],[106.56697093955925,10.65630458926165],[106.56684989308859,10.656314579390036],[106.56674092711575,10.656331590572632],[106.56670491664329,10.656340635620497],[106.56665789711754,10.656349620773549],[106.56633889684474,10.656421607719098],[106.56629692708452,10.656429582473894],[106.56628095593159,10.656433602888656],[106.56628045862132,10.656431504947646],[106.56621889260755,10.656171650194118],[106.5660538909926,10.65541557721342],[106.56601893716983,10.655227605715291],[106.56600495564558,10.655145411156909],[106.5660019342722,10.655127649642745],[106.56600072675882,10.655101848982799],[106.56599593956669,10.65499963889341],[106.56599593845863,10.654942584296185],[106.56599989265072,10.654445653182002],[106.56599493398666,10.65425362563669],[106.56597890417441,10.654179616379396],[106.5659029235493,10.65387159069044],[106.56589289650563,10.653814653511919],[106.56586794093454,10.653784609545745],[106.56578490648226,10.653659602917129],[106.5657059305769,10.653529610625455],[106.5656438940644,10.653446587368906],[106.56559590234144,10.653401598594856],[106.56542193629065,10.653298615632073],[106.56530288168706,10.65320661055807],[106.56513290589616,10.653073599374014],[106.56505792031706,10.653026598681825],[106.56505392935608,10.65299957572232],[106.56505993986475,10.65296357469308],[106.56512889828281,10.652785639882298],[106.56515038131921,10.652705969335154],[106.56518391682874,10.65258160843805],[106.56519389953077,10.652565579613379],[106.56526488036324,10.652354636636035],[106.56529191746692,10.65228765825816],[106.56522188943109,10.652261621703524],[106.5651376054295,10.652238372388668],[106.56509491922534,10.652226598611445],[106.56499887649665,10.652197644462843],[106.5648519260792,10.652161589269308],[106.56471488151722,10.652136629146488],[106.56454587803867,10.652113651493243],[106.56454133742659,10.652113644312886],[106.564501928799,10.652113585843882],[106.56446890803431,10.652113580376904],[106.56429288780171,10.652116660607588],[106.56423892377299,10.652121591499316],[106.56415993354376,10.652127583696746],[106.56415262533861,10.652127195858892],[106.56404992900151,10.652121637820773],[106.56396791739054,10.652125641644993],[106.56371388386367,10.652132630889437],[106.56345789883662,10.652172627891694],[106.56341193633732,10.652181605256027],[106.56322387440515,10.652192582423561],[106.5632237954978,10.652191778010394],[106.56314888206416,10.651431662680988],[106.56314177212799,10.65143331297073],[106.56310593745829,10.651441628441193],[106.56303953938934,10.651446360850402],[106.56279788939477,10.651463584648408],[106.56268187401577,10.65146560240787],[106.5623398784458,10.651478605565462],[106.56213592173931,10.651493600245812],[106.56176894227174,10.651523665781427],[106.56168194376342,10.651550654222678],[106.56165287130655,10.65156166963324],[106.56162494532283,10.651577654431671],[106.56156293691444,10.651590654592447],[106.56152487273067,10.651592651722908],[106.56151770619377,10.65159226074327],[106.56108492600751,10.651568656997576],[106.5610845960557,10.651568653331404],[106.56095789556775,10.651567628813423],[106.56085889274594,10.651588679460993],[106.55990468722311,10.651594258369812],[106.55983289253612,10.651594679003805],[106.5598094289548,10.651604633746627],[106.55975292135625,10.651628610970418],[106.55946191864163,10.651710645683691],[106.55929991207007,10.651767664149885],[106.55902888291969,10.651848652411685],[106.55902834464248,10.651846247177835],[106.55900492970835,10.651741662898539],[106.55899883104512,10.65169292236381],[106.55898791001027,10.651605631342528],[106.55891989356371,10.651313676082234],[106.55879071189446,10.650806216416546],[106.55876792364418,10.65071669403408],[106.55877193038708,10.650664693559841],[106.55877191265793,10.650640302804769],[106.55877190058942,10.650624640793797],[106.55877472165754,10.650608227423744],[106.55877687480168,10.65059569512554],[106.55880687705593,10.650537660715992],[106.55888730056955,10.6504268505692],[106.55893389507533,10.650362650981764],[106.55906488693392,10.650151645496297],[106.55909091790986,10.650098800713156],[106.55916094349985,10.649956642645115],[106.55917182587939,10.64994168479678],[106.55919587091955,10.649908632429861],[106.5589139359208,10.649569668323219],[106.55883891441344,10.649479628928239],[106.55876492757511,10.649381627442324],[106.55872586754354,10.649320608847615],[106.55864493511238,10.649132662520985],[106.55861487046963,10.649052632592227],[106.55858889499447,10.648921687751898],[106.55857889154503,10.648844679880899],[106.55855192800098,10.648739686998082],[106.5585489132431,10.648682642767328],[106.55854593190125,10.64863861790909],[106.55854091152187,10.648621631702248],[106.5584118779163,10.648603612022983],[106.55824386972041,10.64858569009308],[106.55823918906654,10.648585587347759],[106.55810688591079,10.648582697387257],[106.5581036798856,10.648582404599878],[106.55802989924649,10.648575663357141],[106.5579388774986,10.648564686693751],[106.557878904246,10.648548656699361],[106.55787890290175,10.648550227970343],[106.55787886591293,10.648591694882027],[106.55787731153544,10.648624753366711],[106.55787486826887,10.648676694666584],[106.55783486877127,10.648888641338864],[106.55777791541477,10.649160667144155],[106.55772292244512,10.649347696602158],[106.55767291953134,10.64948263534821],[106.55764187456592,10.649630636000888],[106.55762789815996,10.649733655134916],[106.55763388517187,10.64974566469265],[106.55745592992308,10.650330657398728],[106.55744090099486,10.650377622598654],[106.55742093417376,10.65038165194086],[106.55736891293292,10.650408641275776],[106.55726790298068,10.650497688080236],[106.55720292707196,10.650557619688628],[106.55717689005968,10.65057567949233],[106.55709090705473,10.650616677988658],[106.5570139299756,10.650642645764007],[106.55696493044263,10.650643676024783],[106.55679492644755,10.650669700688672],[106.55677791054873,10.650706634033167],[106.55656495451989,10.650710709034652],[106.5565631079422,10.65071022197565],[106.5564359538376,10.650676682013204],[106.55643532409026,10.650678062335588],[106.55637891302595,10.650801693073054],[106.55632988345114,10.65084865351617],[106.5563369471512,10.650925669953969],[106.55602692374077,10.650913628059332],[106.55602088977311,10.650913294611334],[106.55584694955925,10.650903694206933],[106.55584636824739,10.65090368304504],[106.55582758345922,10.650903320005355],[106.55558692757418,10.650898667210722],[106.55558293774494,10.651101660355137],[106.55558145919537,10.651132711618441],[106.55557293589807,10.651311631172863],[106.5555702010703,10.65133171481538],[106.55556095378802,10.651399633102017],[106.55550496307401,10.651608638177064],[106.55548996055556,10.651694660730497],[106.5554559446586,10.651860661611538],[106.55539594857558,10.652094630116505],[106.55531390354486,10.6523156340158],[106.55528696263836,10.652361636186322],[106.55527990643272,10.652373679315723],[106.55528490841793,10.652383701600131],[106.555283701879,10.652388883195936],[106.55526791207552,10.652456710709002],[106.55523291622958,10.652622713187183],[106.55521592523314,10.652726644076392],[106.55519190998989,10.652796686897904],[106.55519404425974,10.652804744784087],[106.55519693549562,10.65281566119198],[106.55520894760988,10.652825667267628],[106.55519108602948,10.652976739338838],[106.55518896253523,10.652994704083111],[106.55519108597237,10.653097798399752],[106.55519293697107,10.653187641605275],[106.55519596398477,10.653507704193126],[106.55519108642774,10.653567320946317],[106.55517894563616,10.653715703175394],[106.55518391058479,10.653855654408416],[106.5552089742093,10.653954684736894],[106.55521232619496,10.653961809206972],[106.55523391511026,10.654007692053337],[106.55524593017222,10.654046630962554],[106.55524493079906,10.65406770009384],[106.55525295832996,10.654082689677253],[106.55528993508501,10.654210713526602],[106.55530091702896,10.654373702980648],[106.55530892847023,10.654553700138333],[106.5553089745782,10.654570551822319],[106.55530897405144,10.654570699186545],[106.55530947457815,10.654573703017284],[106.55533000472825,10.654696981198786],[106.55533394305901,10.654720633209426],[106.55537703717393,10.654814563419658],[106.55542894870509,10.654927712198146],[106.55548396164002,10.65497766054186],[106.55557696054034,10.655109698064226],[106.55558245632618,10.655116316161736],[106.55567497512827,10.655227710523135],[106.55569197518244,10.655242675202496],[106.5558409638183,10.65536570874953],[106.55593371058791,10.655413586339698],[106.55599398346413,10.65544470018994],[106.55600997305244,10.655447642462136],[106.55594491875561,10.656223664328765],[106.55593597732687,10.656263649786803],[106.55593995056462,10.656369698307284],[106.55594296185613,10.656453686465383],[106.55592893986419,10.656482655387212],[106.5559259589002,10.656495683422946],[106.55590825070962,10.656587165366165],[106.55590795854717,10.65658867410078],[106.55590825090604,10.65659210518459],[106.55593697591233,10.656929649438753],[106.55592897671235,10.656955707136843],[106.55591096890439,10.65695864829976],[106.5559082503299,10.656959196831586],[106.55569298431675,10.657002698403835],[106.55553697777799,10.657020640427355],[106.55537094157903,10.657037703197487],[106.5549409503701,10.657075698253534],[106.55485095590808,10.657082710962209],[106.5544039896043,10.657115685238956],[106.55406297063251,10.657187718299872],[106.55387596250742,10.657228703307457],[106.55379399486263,10.657248716386698],[106.55373297587538,10.657266684020994],[106.55366992849963,10.657286648508716],[106.55320892936695,10.657402655890976],[106.55273199677605,10.657507677460927],[106.5527284062289,10.65750647521511],[106.55271698052074,10.657502652273823],[106.55260900048106,10.657464683393442],[106.55233593803621,10.657404712997344],[106.55226593673622,10.657389704012997],[106.55222399248915,10.657378691440748],[106.55221951673032,10.657379052780474],[106.5521869847779,10.65738167835389],[106.55218350982115,10.65738098750745],[106.5519960010228,10.657343651551411],[106.55190694333479,10.657334655418996],[106.55190344003245,10.657334658061501],[106.55180795881421,10.6573347280623],[106.55177095201927,10.657337716731963],[106.55155597790106,10.657350654585],[106.55139698537636,10.657351693446605],[106.5512409643334,10.657364661025895],[106.5510839724304,10.65738070303285],[106.55092595866165,10.657409679355956],[106.55062393888332,10.657432693527591],[106.55048400620478,10.657457735010453],[106.5503919793663,10.657466740595948],[106.55017899958337,10.657463668612479],[106.55002294813406,10.657464699265521],[106.54988898485811,10.657465674325614],[106.54988426215385,10.657465273229949],[106.54967694499378,10.657447681578816],[106.54967415276545,10.657447682380646],[106.54948598576745,10.657447716222178],[106.54931900544608,10.65744967939721],[106.54931587208918,10.6574492489222],[106.54928997045359,10.65744568610658],[106.5492832427183,10.657445383238354],[106.54898001109311,10.657431738074502],[106.54897953379698,10.657431663350573],[106.54890300744013,10.657419729616683],[106.54890291523542,10.65742047209158],[106.54890101464699,10.65743573850924],[106.54890270160617,10.657476299728803],[106.54891195258914,10.657698728342151],[106.54892597219713,10.657957732408386],[106.54895799972815,10.658328716270429],[106.5489689788062,10.658462684659378],[106.54897900986991,10.65857974668616],[106.54899701185904,10.658804745811599],[106.54899894987223,10.658882678736754],[106.54905096564046,10.659084714523733],[106.54911096743291,10.65928374739328],[106.54919602373855,10.65952168431913],[106.54925887407475,10.65964273042214],[106.5492609574837,10.659646743684213],[106.54950996941488,10.659473686849624],[106.54976298871892,10.659276748599202],[106.54999201053526,10.659128694741002],[106.55011798963753,10.659072677759182],[106.55018198955628,10.65904168279359],[106.55019899858067,10.659030697396174],[106.55021396177209,10.659015741137738],[106.55025794948418,10.659000710697933],[106.55033000033947,10.658992659344156],[106.55038656952458,10.658991771600803],[106.55039196916604,10.658991687280668],[106.55043300706544,10.659001709737364],[106.55046495443318,10.659024684496702],[106.55049000064682,10.6590597018965],[106.55050501952945,10.659094744930371],[106.55052201593479,10.659165676190934],[106.55055797847768,10.659281677343339],[106.55064195331916,10.65950967272611],[106.5506889755693,10.659645717675684],[106.55075499931662,10.659869688806051],[106.55084495532854,10.660193688887302],[106.5509269763334,10.660567708661526],[106.5509459974284,10.66060472946704],[106.55117896268726,10.66089771290025],[106.5512529877204,10.661010723500272],[106.55133601859215,10.661164669785977],[106.55136202391334,10.661220660801934],[106.55137496737173,10.66124069976577],[106.55138802679942,10.66133370387913],[106.55139995624216,10.661369658826105],[106.5514089788227,10.66138871335151],[106.55140795798687,10.661430668293892],[106.5513940044877,10.661514699984165],[106.55140002031759,10.661595696225975],[106.55139298480987,10.661643725623472],[106.55138897389885,10.661724656223118],[106.55139797132655,10.661878702489783],[106.55140398127517,10.661985737683436],[106.55149996229699,10.662277715331882],[106.55139501873924,10.662305741598686],[106.55136796468756,10.662338721614603],[106.55134897151626,10.662398715308713],[106.5513490153034,10.662443742255517],[106.55137002390568,10.662491699854193],[106.55139800381949,10.662524719784257],[106.55142402659375,10.662587673860886],[106.55146798546754,10.662676709545083],[106.55148197594687,10.662721701682283],[106.55150597995265,10.662761694000487],[106.55151996702463,10.662834714028378],[106.55153702847117,10.662901668029146],[106.55154299392272,10.662962683601597],[106.55154496789098,10.66311168234322],[106.55154798950392,10.663171710979642],[106.55153803516417,10.66319967485289],[106.55151901845026,10.663221693283235],[106.55150097295805,10.66323973223494],[106.55147602666413,10.66327171329615],[106.55147401679723,10.663285692605916],[106.55147099254279,10.66330671629079],[106.55148099395524,10.663354702964076],[106.55150801850293,10.663396676489505],[106.55153797466556,10.6634356581793],[106.55156402916232,10.663481704292233],[106.55157801097263,10.66352371121251],[106.55158574162262,10.66355408704768],[106.551589969419,10.663570697490144],[106.55159701581164,10.663612721267324],[106.55160398702913,10.66365465754217],[106.5516049932219,10.663693713368056],[106.55159897318654,10.66372673084529],[106.55158799464925,10.663766723241384],[106.55157303325639,10.663810702828252],[106.55155903421745,10.663848712204182],[106.55154201015944,10.663882662833911],[106.55153402177345,10.663912701026419],[106.55153303686988,10.663939737861801],[106.55153803362465,10.663976705017898],[106.55154999989527,10.664026673791613],[106.55157103753083,10.664085661808137],[106.5515829900176,10.664129662869316],[106.55159502290218,10.664175743981643],[106.55161097647647,10.664222718213693],[106.55161350558693,10.664229371996445],[106.55162502094203,10.6642596621921],[106.55164103216283,10.664299674959167],[106.55165703219775,10.664334715385886],[106.55168797962212,10.664377674214432],[106.55170903121625,10.664413697074913],[106.55172903417748,10.664451710662926],[106.55175003088765,10.664494694070978],[106.55175603884155,10.664514659460538],[106.55176204443372,10.664533722597238],[106.55177397498592,10.664569677508135],[106.55178499739561,10.664604729774075],[106.5517990409909,10.66464167464741],[106.55181103723197,10.66467374099638],[106.55182597879488,10.664707699242648],[106.5518430142474,10.664735683473864],[106.55203504658192,10.664913671342402],[106.55211701427461,10.664949718855539],[106.55219899423336,10.66498974330381],[106.55227902294857,10.665033660218153],[106.55235897958522,10.665078663983273],[106.55243900858146,10.665122671259168],[106.55251798192579,10.665166681220043],[106.55259801096818,10.665210689355751],[106.55268104933424,10.665251705426446],[106.55276498463263,10.665290732034197],[106.55284704116077,10.665331659265524],[106.55292203254396,10.665380652601996],[106.55298402491749,10.665445683964473],[106.55302901927351,10.66552667140785],[106.55306301320712,10.665610669588848],[106.55308397749387,10.665698680904686],[106.55310200222084,10.665787694235288],[106.55312899192155,10.665873700230927],[106.55316102629949,10.66595770342421],[106.55319502828755,10.666043691412284],[106.55322699036981,10.666128691062205],[106.55323510140299,10.66618341688864],[106.55324003671036,10.666216721780001],[106.5532349961954,10.666306697465712],[106.55322701793342,10.666397676973503],[106.55322401132105,10.666487738748089],[106.5532300548355,10.666578679548328],[106.55323805653693,10.6666687139666],[106.55324598213802,10.666758655460344],[106.55325202330515,10.666848694909625],[106.55326002502123,10.6669387275167],[106.55326802742312,10.66702867061839],[106.55327799139982,10.667119693562665],[106.5532890093671,10.667209718422578],[106.5532990428519,10.66729866183321],[106.55331405336506,10.667387682870636],[106.55333003848304,10.667474710649769],[106.55335002658802,10.667564714279685],[106.55337001039341,10.667652726259938],[106.55339104989696,10.667740736430792],[106.55341299222478,10.667828655682012],[106.55343599139425,10.667916659910755],[106.55345906200797,10.668003671288126],[106.55348605648703,10.668090671680947],[106.55351402101508,10.66817568153673],[106.55354101552822,10.66826268192164],[106.55356303404257,10.668350689556636],[106.5535800017386,10.668438711066425],[106.55358303533733,10.668531650323912],[106.55355603929237,10.668615715556012],[106.55355508969595,10.668616786601417],[106.55349402574984,10.668685675079265],[106.55341505036954,10.66872764938702],[106.55332402478939,10.66874569595958],[106.55323603631722,10.668771688683556],[106.55314904070917,10.668802654815742],[106.55306802736192,10.66884372930276],[106.5529990482646,10.668902677009834],[106.55293906936694,10.668972721618752],[106.55289305748708,10.669049692585851],[106.55288316239901,10.669078998882929],[106.55286402977019,10.669135662429879],[106.55283900539413,10.669223700446155],[106.5528180502055,10.669311728921972],[106.55279400447921,10.669399674017377],[106.55276105753764,10.669484658535266],[106.55272002938028,10.669565685896096],[106.55271882231604,10.669567216865712],[106.55266404807358,10.669636715581637],[106.55259907469073,10.6696987249545],[106.55253100449589,10.669759660093137],[106.55246701244558,10.669823655870184],[106.55240506930161,10.669891717390932],[106.55237802427591,10.669928677195168],[106.55235007473331,10.669964733443031],[106.55229907609325,10.670038734615005],[106.55225804933433,10.670119670611932],[106.5522180793996,10.670200695204892],[106.55218301548696,10.670284688823074],[106.55218030974112,10.670293665909215],[106.55215708075387,10.670370741995537],[106.55213702994656,10.670458675000543],[106.55210303157615,10.670545744225636],[106.55208207678214,10.670633680450315],[106.55209202404711,10.67071873482481],[106.55212301362815,10.670805725990054],[106.55216304055466,10.67088971055389],[106.55220501933884,10.670970704877343],[106.5522550513474,10.671046707075961],[106.55231305823949,10.671115725688507],[106.55238205161575,10.67117666900902],[106.55245705419203,10.671229731517649],[106.55253504934869,10.67127374385646],[106.55261905244417,10.671308700997882],[106.5527040426693,10.67134573403019],[106.55278602501514,10.671386663147253],[106.55286304825363,10.67143366221497],[106.55293301221654,10.671491708992557],[106.55299906993201,10.671554739953763],[106.55305903742753,10.671623662966763],[106.5531140423041,10.671697663288063],[106.55315903420859,10.671777655243762],[106.55318805397303,10.671861667005205],[106.55321308560782,10.67194767795039],[106.5532340503753,10.672036683659458],[106.55325207134581,10.672123707077205],[106.55327107738405,10.67221271690797],[106.55329106157009,10.672300728847091],[106.553313081312,10.672388739171257],[106.55333404512497,10.672476659086136],[106.55335305565792,10.672566664271917],[106.55336806564029,10.672655683451561],[106.5533770439795,10.67274471902852],[106.55338105057484,10.672834673250938],[106.55338106206987,10.672925721711282],[106.55337707641948,10.673015694656577],[106.55337203950482,10.673106663870751],[106.55336558506411,10.67318968094528],[106.55336503688959,10.673196735876614],[106.55335909509473,10.673287711030948],[106.55334809440691,10.67337670661983],[106.5533370222945,10.673466698672506],[106.55332504437555,10.673556693051735],[106.55331404550434,10.673645689538693],[106.55330606370917,10.673735673651155],[106.55329808475771,10.67382674173107],[106.55329206354756,10.673916719902062],[106.55328506419586,10.674007695962143],[106.55327806144727,10.674096683085407],[106.55327008303667,10.674188657036522],[106.55327205172672,10.674277710614318],[106.55328804348045,10.67436672907004],[106.55330096730485,10.67440546221633],[106.55331707141272,10.674453724182912],[106.55335309874907,10.674535728041278],[106.55339409504337,10.674615731085336],[106.55343607825192,10.674697719627089],[106.55348106643112,10.674775724357337],[106.55352507831354,10.674854724252475],[106.55357007084689,10.674934716091546],[106.55361807709939,10.675013705703659],[106.5536590753642,10.675093709600214],[106.55367107544662,10.675184726321941],[106.55364710380265,10.67527167770722],[106.55363655910698,10.675280942555904],[106.5535810606209,10.67532971219251],[106.55351910120723,10.675363687114098],[106.55349704219759,10.675375679282793],[106.55341603313205,10.675418653393505],[106.55333410256118,10.675455662113473],[106.5532520370681,10.675498731113695],[106.55316906379862,10.67554071393054],[106.55309304746709,10.675589735091265],[106.5530370571832,10.675657691087077],[106.5530000368248,10.675742685198298],[106.5529961645249,10.675760628196182],[106.5529925514054,10.6757773717369],[106.55298104289072,10.675830706831864],[106.55297208283865,10.675921687919535],[106.55296809709881,10.676011662662393],[106.55296653950975,10.67608092172998],[106.55296607128419,10.676101720969415],[106.55296706416797,10.676192677396756],[106.55296911038815,10.676282725244013],[106.55297108312243,10.676373678249414],[106.5529721062341,10.676418701720483],[106.55297305348626,10.676463727194369],[106.55297510039023,10.676553683727407],[106.55297405613354,10.676644734886924],[106.55296810978483,10.676734712854177],[106.55296405693304,10.676827671183087],[106.55295706385924,10.676920728374398],[106.55294108527806,10.677008742259854],[106.55291310838832,10.677092718665685],[106.5528630817602,10.6771637331525],[106.55279811647088,10.677229723228399],[106.55272808789913,10.677291747500544],[106.55272542222686,10.67729441320364],[106.55266311993854,10.677356741277999],[106.55260011595556,10.67742371804203],[106.55254209229724,10.67749267547412],[106.55249706358487,10.677571723266498],[106.55245807091205,10.677652745407489],[106.55242209976909,10.677735746925245],[106.55238711198828,10.677819742196238],[106.55235310052109,10.677902741389664],[106.55232309918976,10.677990703553986],[106.55229210832475,10.678075681222044],[106.55227938103378,10.678108048712321],[106.55225908201216,10.678159672351653],[106.55222008829425,10.67824069356827],[106.55217505587649,10.678318746861082],[106.55216194965013,10.678339774716562],[106.55212708194038,10.67839572191407],[106.5520791079834,10.678472697865148],[106.55203007476048,10.678548682055638],[106.55198609798022,10.678626735329724],[106.55194009239821,10.678706687822425],[106.55189612261616,10.678786729109465],[106.55185108980268,10.678864691054699],[106.5518031176391,10.678942751845781],[106.55175612337734,10.679019725243101],[106.55170912727189,10.67909670135156],[106.55166908031941,10.679177724310847],[106.55162911351803,10.679260737813907],[106.55159412445298,10.679344732114842],[106.55156509742562,10.679430700971386],[106.55154708109356,10.679517728274853],[106.55154610596246,10.679606698106],[106.55154651831641,10.679610926269353],[106.55155509378152,10.679698718017281],[106.55156611106032,10.679788742872997],[106.55158308144146,10.679877669387505],[106.55160110687774,10.679966681792239],[106.55160609512467,10.680056722107512],[106.55159207747026,10.680145727196487],[106.55157308555486,10.680234744139373],[106.55154609404698,10.68032070958289],[106.55153012108023,10.6804107132533],[106.5515240984475,10.68050069140253],[106.5515220739685,10.68059174417606],[106.5515251004327,10.680681700923225],[106.55153408308155,10.680771730087189],[106.55154012487507,10.68086267447537],[106.55153108716468,10.680951756290204],[106.55151511210913,10.681041669557686],[106.55149408102109,10.681129697254017],[106.55147410656626,10.68121772223925],[106.55145413210413,10.681305748127594],[106.55143710243814,10.681395755407507],[106.55142112473624,10.681484675109566],[106.55140808868045,10.681573675865046],[106.55139007743387,10.681662691187789],[106.55137108539726,10.681751708121011],[106.55135910245285,10.681839714413627],[106.55137908080653,10.681925738390703],[106.55141112715738,10.68201372035866],[106.55143412974145,10.682102719990391],[106.55142508823157,10.682190716930668],[106.55140013383995,10.682277670709528],[106.55138402081722,10.682308367103033],[106.55135812319568,10.682357705115896],[106.55130410268649,10.68242972322704],[106.55124412424459,10.682500674441748],[106.55119109320026,10.682575673416569],[106.55114213604347,10.682652741289816],[106.5511081237878,10.682735740386057],[106.55110228897178,10.682793845199646],[106.55109908647708,10.682825726255592],[106.5511001539288,10.682916682496954],[106.55110710265791,10.68300771225642],[106.55111910078323,10.683097735499313],[106.55112513915645,10.683186687335255],[106.55111315871916,10.683275687181462],[106.55107809417984,10.683359682543252],[106.5510371398359,10.683440708681445],[106.55102355592186,10.683463725769052],[106.55099112724693,10.683518675767706],[106.55094715399679,10.683597720691237],[106.55091110950877,10.683681718550643],[106.5508781554368,10.683765708484623],[106.55084512899883,10.683850692169926],[106.55081315828544,10.683935674050476],[106.55078314662572,10.684020742217694],[106.55075615723376,10.684107699366509],[106.55073112521,10.684193749238837],[106.55070813115368,10.68428069704814],[106.55068815189644,10.684367727535838],[106.55067014829064,10.684458733561351],[106.55065409371713,10.68454774112542],[106.55063909762933,10.684636749592274],[106.5506261388402,10.684726746405602],[106.55061415822428,10.684815744430834],[106.55061009769054,10.684906713814668],[106.55061214529442,10.68499676166946],[106.5506091378946,10.685086732072714],[106.55059814327315,10.685177718322745],[106.5505932027227,10.685203534834217],[106.55058110969848,10.685266730200423],[106.55055517421906,10.685352691067322],[106.55055062193796,10.685361681916593],[106.55051414363845,10.685433718254679],[106.55046413005898,10.685509705688194],[106.55040814907049,10.685581728707767],[106.5503461176709,10.685646715506984],[106.5502771372953,10.685706747736129],[106.55020717065004,10.685764701318497],[106.55013517133747,10.68582275230838],[106.55006217689366,10.685876736631261],[106.54998910578053,10.68592972666247],[106.54991112574268,10.685978749550863],[106.54975012720364,10.686111711452048],[106.54966015726795,10.686160765886136],[106.54958612786986,10.686221714970497],[106.54949414137718,10.686277736735613],[106.5494341191742,10.686303748462672],[106.54936314372755,10.686350765256586],[106.54930715875241,10.686392770406991],[106.54930300076357,10.686395616198816],[106.54927216213747,10.686416730925078],[106.54923814914459,10.686441771993886],[106.54917016120423,10.686477749688278],[106.54912111468823,10.686491709196742],[106.54907211971113,10.686496717406943],[106.54903887208677,10.686496712960887],[106.54900516925163,10.686496707867633],[106.54894416614219,10.68649369968281],[106.54894395673554,10.686493667672073],[106.54889717740724,10.686486766348052],[106.54887016110665,10.686477703475541],[106.54881316400787,10.686420707745551],[106.54875112007625,10.686365712951238],[106.54869011279916,10.686303752373865],[106.54858411200752,10.686247695557334],[106.5485101236675,10.686209728597461],[106.5484361737976,10.686185777260242],[106.54834915033712,10.686178766264506],[106.54834657082331,10.686178766529103],[106.54824314435763,10.686178766875454],[106.54818814605565,10.686194730393561],[106.548106143826,10.68626374480855],[106.5480471317121,10.686329718854335],[106.54801212636066,10.686378721898734],[106.5480040499847,10.686403716462701],[106.54800113207905,10.686412746500068],[106.54798916189141,10.686477695376814],[106.54795016220348,10.686498772065246],[106.54789816901385,10.686538776929934],[106.54786212430025,10.686565722491126],[106.54784111382395,10.686604745943324],[106.54781615592543,10.686632748059164],[106.54779312210528,10.686646730421213],[106.54776612428886,10.686672748797902],[106.5477421208267,10.686691707806597],[106.5477061417967,10.68671476479429],[106.5476721799823,10.686730764908296],[106.54763017318699,10.686754740444504],[106.54762218276646,10.68675980463674],[106.54755911627551,10.686799769019608],[106.54755743814779,10.686801213482656],[106.5475161608232,10.686836767329227],[106.54749772533312,10.686862170754239],[106.54741445296145,10.686975954910602],[106.54741316231645,10.68697771751914],[106.54740703463254,10.686975723424045],[106.54737014960713,10.6869637229918],[106.54728217831875,10.686940709443322],[106.54719212082054,10.686927739948565],[106.54710117930055,10.68692173309169],[106.5470980803146,10.68692162980045],[106.54701016695483,10.686918709808445],[106.54691818975984,10.686920751733197],[106.5468261260883,10.686918727360023],[106.54673413477174,10.686915706493647],[106.54672749124697,10.686915347349066],[106.54664311930378,10.686910785475133],[106.54655315416376,10.686903781493815],[106.54646114705832,10.686894703340093],[106.5463701209911,10.686885713968177],[106.54627916820091,10.6868757290051],[106.54618814381593,10.686867733144414],[106.54609815963212,10.686853765956842],[106.54600712221337,10.686839711924401],[106.54591713713302,10.686825746493911],[106.54582715129447,10.686810785661281],[106.54573716172568,10.686794740835472],[106.54564717590138,10.686779779949674],[106.54555712175389,10.686767714033433],[106.54546616550269,10.686756733460351],[106.5453751420713,10.686748737356238],[106.54528419451049,10.686740741032065],[106.54519317017069,10.686732744876549],[106.54510214248596,10.686722759755355],[106.5450111827555,10.686710785486905],[106.54492112345844,10.686696727737525],[106.54483113251663,10.68667977948541],[106.54474113783994,10.68666174362349],[106.54465212420823,10.686643797453742],[106.54456213229362,10.686625762435773],[106.54447319247913,10.68660772381088],[106.54438312479277,10.68659077381308],[106.54429313624662,10.686574727654454],[106.5442031522013,10.686560761716303],[106.54411219603197,10.686549780740828],[106.54402116491592,10.686538800832981],[106.54393119822062,10.686530801614321],[106.54383919124946,10.686521722674252],[106.5437481730656,10.68651571592662],[106.54365714713146,10.686506724845835],[106.54356619782324,10.686498728017478],[106.54347517189801,10.686489737786975],[106.54338414521972,10.686479752153332],[106.54329318984284,10.686469766311667],[106.5432031360631,10.686457789205235],[106.5431131579169,10.686445719665436],[106.54302219921924,10.686433744803622],[106.54293116223968,10.686419781165243],[106.5428411762136,10.68640572532935],[106.54056044801997,10.68621110879758],[106.53986517447028,10.686151780791638],[106.5398630110118,10.686151841410657],[106.5384183077563,10.686191713782048],[106.53839051453501,10.686192480971634],[106.53794317049167,10.686204828357946],[106.53794165812906,10.686204287019788],[106.53661815189099,10.685731768150822],[106.53558321325768,10.685651822162257],[106.5355832210467,10.685652007476811],[106.53558443580764,10.685682922676131],[106.53560015488107,10.686082789904255],[106.53534376756117,10.686527290012656],[106.53524803596727,10.686693261011484],[106.5350371944112,10.687058796221518],[106.53464717549144,10.687236808388104],[106.53461086599678,10.687270805812815],[106.53458878557244,10.687291479481612],[106.53455315541977,10.687324840537295],[106.53445121107976,10.68743883844387],[106.53429914854152,10.687609798298356],[106.53424221209146,10.687673811047341],[106.53420638245939,10.68771175167933],[106.5340391934894,10.687888787683457],[106.53402690162052,10.687909004597984],[106.53390420133063,10.688110825106452],[106.5338361779951,10.688251862479921],[106.53378921207492,10.688371782180422],[106.53375617517757,10.688512823040377],[106.53368219844471,10.688801795511013],[106.5335542381989,10.689237831847784],[106.53332618506899,10.689981799313147],[106.53319117861066,10.690404831906488],[106.53307117927257,10.690740844513398],[106.53304320509847,10.690828798334065],[106.53300118275718,10.690965795166367],[106.53288525489313,10.691360838650672],[106.53282025488213,10.691563806054603],[106.5327432249453,10.69177981949435],[106.53262921375931,10.69206979893273],[106.53250343706075,10.692390457584692],[106.53246523975011,10.692487838406915],[106.53231923034424,10.69288386481598],[106.5323013170356,10.692945684757747],[106.53228619628919,10.69299787207556],[106.53226020560855,10.693094860660548],[106.53224922125092,10.693162791017372],[106.53224625800084,10.693242815800847],[106.5322452300817,10.693341823899631],[106.53224219788619,10.693423837807375],[106.53223223545281,10.69347784203265],[106.53221526845564,10.69353583990695],[106.53219721304202,10.693581815483583],[106.53217823594959,10.693619838464075],[106.53212229157968,10.693707742972462],[106.53212221510384,10.693707863405288],[106.53209127973273,10.693761224948608],[106.53206426406324,10.693807826887879],[106.53202125300795,10.693882798813092],[106.53197920819213,10.693952795932072],[106.53190226717513,10.694085810011378],[106.53186723638323,10.694155879050381],[106.53183225141932,10.694243850350459],[106.53178123487169,10.694402837566171],[106.53170221490583,10.694636850388399],[106.53161526337607,10.694924860512714],[106.53153583766772,10.69515615578297],[106.53149028014681,10.69528882539803],[106.53140497830903,10.695534011915562],[106.53140121248009,10.695544835820685],[106.5313943758126,10.695561589972042],[106.53125023243085,10.695914832578431],[106.53106225828338,10.69641385480728],[106.530997481931,10.696593935754128],[106.53088924345688,10.696894846728174],[106.5308112702396,10.697096849994674],[106.53059828156917,10.697661846675018],[106.53057027402728,10.697736872220348],[106.53050660661438,10.697870736100759],[106.53046423043692,10.697959832352087],[106.53042926347429,10.698025831889833],[106.53040128643865,10.698083858131888],[106.53035230037614,10.698239856662966],[106.5302042771227,10.698617803252418],[106.53017327433345,10.698700881573018],[106.53009328156394,10.698938876230297],[106.52999127712935,10.699208841358528],[106.52994727322502,10.699337883407463],[106.52990824619141,10.699467817983692],[106.52985831213329,10.6996368392323],[106.52985348413047,10.699652720429912],[106.5298312441278,10.699725876356798],[106.5297762747671,10.69990087523145],[106.52971730865913,10.700076883084815],[106.52961324567646,10.70039685281854],[106.5294812356901,10.700789697064241],[106.52941531767851,10.70098586129408],[106.52936325770399,10.70114982681453],[106.52928731929593,10.701380845330934],[106.52919230105742,10.70167086585829],[106.52897032840949,10.702321871070323],[106.52891128486841,10.702496881812854],[106.52882931136293,10.702757846340477],[106.52875228378625,10.703035885413092],[106.52869629037113,10.703253836323835],[106.52863628077904,10.7034938583545],[106.5285703052059,10.703729827862594],[106.52853333113221,10.703866900235731],[106.52851533763054,10.703936836044464],[106.52841528398721,10.704350828624799],[106.52840194508205,10.704408898652638],[106.52834130792606,10.704672893605677],[106.5282942743651,10.704856825474192],[106.52824034034049,10.705054878945136],[106.52809828369962,10.705615902009237],[106.52795631354304,10.706151877567397],[106.5279113199491,10.706336889185568],[106.52778835501248,10.706844880621095],[106.52775034362983,10.706989822723244],[106.52771233772032,10.707135847883318],[106.52766935246174,10.707310909702445],[106.52745531403106,10.708266865828763],[106.52726935990403,10.709089839159295],[106.52723335590822,10.70925285759445],[106.52723632639066,10.70929390035887],[106.52724935354198,10.709375874194455],[106.52732434841758,10.709659863280734],[106.52750735048473,10.710399912767743],[106.52783438728538,10.711824860740009],[106.5281473833215,10.713154906822966],[106.52841634344578,10.714245821307507],[106.52843539091042,10.714411867428785],[106.52840682893066,10.714682092620608],[106.52839438175079,10.714799853362],[106.52841398525527,10.714882234661317],[106.52843340766381,10.714963859705188],[106.52946264326968,10.716317493118083],[106.52976205040682,10.716687872019703],[106.52987235252418,10.716830869931739],[106.5299843497876,10.716962865560616],[106.53013599458109,10.717141586255341],[106.53022008131724,10.717278845555438],[106.53016625371849,10.71731940398352],[106.5299674001181,10.717434878673886],[106.52952439855443,10.717727849856146],[106.52936939561633,10.717855903951842],[106.52926022357926,10.717938181534263],[106.52917439832265,10.718002863558645],[106.52893937252082,10.718152908398542],[106.52858938721728,10.718345826621203],[106.52796539262411,10.718718902932109],[106.52785940433287,10.718789873966923],[106.52781083275063,10.718804697238646],[106.52774141318723,10.718825882964676],[106.52756541129848,10.718851910283538],[106.52743142618291,10.71891390767923],[106.52722542152466,10.719031872130564],[106.52689341954054,10.719239842551083],[106.52676841290861,10.719303896641355],[106.52667742060329,10.7193118985716],[106.5266334066592,10.719320869113448],[106.52654843348616,10.719412853939886],[106.52644243250292,10.719537890591496],[106.5264224161408,10.719553854820123],[106.52640437505305,10.719560750832416],[106.52638836694081,10.719566868796559],[106.52621342792999,10.719595876164396],[106.5261154020059,10.719654891285408],[106.52608613404959,10.719669386836578],[106.52589542298412,10.719763847247966],[106.52561837661263,10.719936869212235],[106.52520044712476,10.720193418754922],[106.525095433872,10.720257881715858],[106.5247853937629,10.720444908685375],[106.5245901055661,10.720554538269111],[106.52444339329973,10.720636897734808],[106.52430496808863,10.720723244268934],[106.5242173875865,10.720777875249947],[106.52407414427361,10.720859815482056],[106.52394640024924,10.720932888893401],[106.5238805099524,10.720974382184506],[106.52382633533689,10.72100849716862],[106.52363043132081,10.721131864154318],[106.52302345874298,10.721560857224818],[106.52117147061983,10.722972951517166],[106.5203904084483,10.72356294834797],[106.520274451123,10.723658896721926],[106.5202104668366,10.723671891015169],[106.52020779772079,10.72367057315636],[106.52017340399989,10.723653582174629],[106.5201194111292,10.723626909168898],[106.519853432834,10.723467894707856],[106.51972926867596,10.723380152541065],[106.51942043564016,10.723161912224779],[106.51910240703981,10.72296495892021],[106.5186044450551,10.722671884868866],[106.51812541168127,10.722378945875441],[106.5175354480682,10.72202289517204],[106.51699146884386,10.721690964498334],[106.51682473261334,10.721591988877627],[106.51674543097269,10.721544915734885],[106.51672690387801,10.721531761924634],[106.51653845142717,10.721397955137178],[106.51638177600593,10.721319284329292],[106.51629941905907,10.721277930502076],[106.51597541886638,10.721073936656271],[106.51586972518466,10.721004042540779],[106.51554142061882,10.720786938909633],[106.51526947341175,10.720621964367112],[106.51518542036858,10.720570906473842],[106.51506842015839,10.72046197041058],[106.51484244139837,10.720315960224882],[106.51439546690628,10.72005494305553],[106.5140134043685,10.719818991344338],[106.51386441707906,10.719703986467692],[106.5137154632337,10.719601910554761],[106.51352143642333,10.71950699863681],[106.51336544186007,10.719423926208016],[106.51313244071156,10.719302978277218],[106.51273145433133,10.719067975295152],[106.51244833372469,10.718897678751208],[106.5122974517962,10.718806923083184],[106.51199341055282,10.718621950868856],[106.5118314286607,10.718525964934239],[106.5110934474733,10.718073971156892],[106.51102146123404,10.718022972959178],[106.51101845333106,10.718017378678146],[106.51099941584599,10.717981976527591],[106.51097050407695,10.717965128360802],[106.51084846312017,10.717894009328933],[106.51073944673452,10.717840929931604],[106.51067057397147,10.717803350415165],[106.51053240648852,10.717727962728926],[106.5101824658027,10.717519957314206],[106.5099474154575,10.71736293480211],[106.50980944212662,10.717278010139527],[106.50971265999743,10.717214091422358],[106.50965339980611,10.717174954910284],[106.5095594561184,10.717117949892558],[106.50955384104309,10.717116395018977],[106.50949441162166,10.717099934830111],[106.50949078761285,10.717100578325086],[106.50941542266557,10.717113961529506],[106.5093394121111,10.717172012891666],[106.50909840221651,10.717436978228214],[106.5088814338475,10.717728012522235],[106.50875040560588,10.717888999879257],[106.50847941258077,10.718226007433124],[106.50815141698178,10.718624999342712],[106.50764545286293,10.719231021725049],[106.50730749112384,10.719655984899505],[106.50708346713847,10.719929948301157],[106.50643643984972,10.720727995197816],[106.50617648743659,10.721048971208605],[106.50589945614665,10.721385988774527],[106.50559745220094,10.721748026373938],[106.50526944913832,10.722147013867243],[106.5051545023131,10.722286985510223],[106.50505551433169,10.722416971803973],[106.50489948718987,10.722624041122998],[106.5046644764859,10.722908969845792],[106.50441948552701,10.723213993021067],[106.504148494525,10.723555971524403],[106.50373148878596,10.724069005955105],[106.50310153454232,10.724825053816703],[106.5017934798449,10.726418001697088],[106.50179134432885,10.726419507617203],[106.50167153275034,10.726504009626503],[106.50166706275935,10.726504197620457],[106.50164650080615,10.726505064561692],[106.50164474494633,10.726504455840422],[106.5016234824557,10.726497073898209],[106.50159448486328,10.72648005513005],[106.49978050122517,10.725069056775267],[106.49969851997294,10.725002074317477],[106.49968319725018,10.724993606598737],[106.49966952507522,10.724986050730868],[106.49966491934421,10.724987166601407],[106.49964051107727,10.72499308287891],[106.4996094969883,10.725015037963766],[106.49890650333361,10.725450997531201],[106.49875126730265,10.7255449706796],[106.4976575222407,10.726207075826373],[106.49704755244808,10.726665052787745],[106.49595149571572,10.727517051544428],[106.49590482174403,10.727549871925996],[106.4958849500287,10.72756384501298],[106.49584053572624,10.727595076031406],[106.49579150123428,10.727617073050869],[106.4957735691435,10.727623082915594],[106.49576889171932,10.727621826612229],[106.49575855345189,10.72761905056405],[106.49573453470612,10.72760310600291],[106.49572468790534,10.727596071489172],[106.4955580433372,10.72747702625255],[106.49533553817983,10.727318075052004],[106.4952222911918,10.727228269684991],[106.4936445079678,10.725977088346752],[106.4915685477781,10.724328056210418],[106.49156587631228,10.724331361545717],[106.49105853015618,10.724959109444434],[106.4898315663618,10.726467098036643],[106.48924752723505,10.727206102216593],[106.4886365873607,10.727954120554152],[106.48787156535452,10.728942105971132],[106.48751756272483,10.729392133544366],[106.48727455718782,10.729686109211672],[106.48714157236215,10.729824129534268],[106.48701636233804,10.7299834603509],[106.48582057695342,10.731505111461226],[106.4837946051351,10.734011175277473],[106.48304564029822,10.734947123622312],[106.48249365295376,10.735607108152998],[106.48246559157975,10.735634117536858],[106.48244359300686,10.735643120611762],[106.48242165206477,10.735644166771774],[106.4824200999616,10.735643518588066],[106.48237862509944,10.735626184766085],[106.48218358722843,10.73548812502795],[106.48212264450233,10.735452102728084],[106.48211587848091,10.735451057270534],[106.48210363415578,10.735449164028546],[106.48210188090815,10.735449649124677],[106.48207462196696,10.73545718910386],[106.48205461553698,10.73547911666152],[106.4820055958942,10.735540173142203],[106.4807256197073,10.737241111955804],[106.47936161476093,10.739002190000432],[106.47793863278108,10.74086114347169],[106.4770906553961,10.741970185179463],[106.4760236667306,10.743389144412655],[106.47546068908412,10.74413223656169],[106.47501811682076,10.744738343173653],[106.47490867137428,10.744888230567755],[106.47449967023053,10.745438192764652],[106.47350372795196,10.746396216626193],[106.47349950750207,10.746393067607256],[106.4734906700202,10.746386473955264],[106.47275856625417,10.745840257983415],[106.47226720081822,10.745452295439108],[106.47165481332893,10.746234765801216],[106.47145572001793,10.74647023692635],[106.47054375796469,10.747644242872608],[106.46950374039483,10.748978216915958],[106.46859606728034,10.750143042416603],[106.46840574957807,10.750387278269107],[106.46750074797478,10.751548239818456],[106.46643875298643,10.752911281158037],[106.46635395876446,10.75302006205376],[106.4660817689486,10.75336925016696],[106.46572396317389,10.753837453075203],[106.46514176983914,10.75459927488244],[106.46379179166638,10.75636622777087],[106.46368755802199,10.756502436378199],[106.46368082112315,10.756511239514014],[106.4643908264293,10.757046228529457],[106.46638476537939,10.758603218439164],[106.46645382103605,10.758656223349986],[106.4673787994985,10.759364218219979],[106.46909180680164,10.7606802440425],[106.47054382137074,10.761810245980195],[106.47091077937638,10.762089232571174],[106.47173580598036,10.76271426202362],[106.47210380118628,10.76298519835293],[106.4721885360266,10.76305829824096],[106.4721985378935,10.763045680261824],[106.4867783116501,10.774163614976315],[106.48683173919859,10.77417311905418],[106.48694146934919,10.774192638379354],[106.48697667517035,10.77419890126008],[106.48713689219079,10.774301898320417],[106.48866461781027,10.775575203618011],[106.49023754065274,10.776886180918083],[106.49675755967236,10.782320391614055],[106.50175481360077,10.786614787127906],[106.50451175851374,10.788907246988757],[106.50454007373897,10.788930791349303],[106.5045624303278,10.7889493814686],[106.50521848089207,10.79166166294563],[106.50525838848257,10.791826652157232],[106.50538640575577,10.792355906188204],[106.50538994072473,10.792385887332438],[106.50546313850005,10.793006765978275],[106.50549158385286,10.793248044031758],[106.5054932168341,10.793261896707527],[106.50549608090704,10.793267451545557],[106.50571447033276,10.79369105122709],[106.50573822875825,10.793740225162713],[106.50571489808054,10.793752085673281],[106.50573990893515,10.79380003696029],[106.50580593160885,10.793932063187064],[106.50602992192536,10.794408006214438],[106.50605889067442,10.794471044837232],[106.50625791606053,10.79500708512745],[106.50631590270142,10.79524301917648],[106.506345915275,10.795361028000658],[106.5063749200972,10.795559055678048],[106.50638489285623,10.795626030004177],[106.50646392025993,10.795981078724981],[106.50654287084478,10.796336038994692],[106.5066553290313,10.796783280502632],[106.50675206833984,10.797299754172057],[106.50721608120818,10.799426887303285],[106.50723890406111,10.79953703551534],[106.50724890054825,10.799583033528684],[106.50731921008224,10.799899649524848],[106.50785070001656,10.802336107802857],[106.50806558755019,10.803188283241544],[106.50808792373753,10.803282047195278],[106.50814901665609,10.803519138305964],[106.50940419685084,10.808496783137345],[106.50940400640955,10.808497053017428],[106.50939793633567,10.808513070829674],[106.50941700111889,10.808595031005295],[106.50943003662942,10.808624863018187],[106.50961565041982,10.809568155201797],[106.5096959529606,10.810074085243755],[106.50977995731081,10.810545034102395],[106.50997796428805,10.811477995288259],[106.5101207283474,10.812134957600682],[106.51036077227766,10.813354861471367],[106.51040371922954,10.81354366409793],[106.51043698360206,10.813712025195326],[106.51048246995981,10.81388986787556],[106.5107237002142,10.814950361393189],[106.51075700892773,10.81517207851062],[106.5108760230387,10.815646014290392],[106.51107698266989,10.816639997565897],[106.5111790511421,10.817214064072337],[106.51127499422391,10.817512017530658],[106.5116350020525,10.818941048678814],[106.51195105971499,10.820138994359064],[106.51209304516479,10.820687013205289],[106.51210398881138,10.820724295179335],[106.51231407162045,10.821439988258295],[106.51247605917001,10.821993021065182],[106.51266808689124,10.82285103930346],[106.51304502234912,10.824257060559132],[106.51341905984131,10.825529001703119],[106.51351150521654,10.82577942779059],[106.5135614510081,10.825967336223998],[106.5135500839916,10.826006069204794],[106.51361105716322,10.826194073283371],[106.51362307096342,10.826202733422965],[106.51498418623075,10.831500423022545],[106.51693588660986,10.839392176152174],[106.51697910082814,10.839579005514077],[106.51705357021655,10.839868035620492],[106.51728718665466,10.84081266718925],[106.51729317996868,10.840840057150254],[106.5173066246344,10.840897805098239],[106.51753114010036,10.841862059083365],[106.51771912496774,10.842601998930052],[106.5177461504504,10.842728061109868],[106.51779512310674,10.84291103001514],[106.51785016047583,10.84310700320899],[106.51788013415927,10.843235046957343],[106.5179191759584,10.84339905343929],[106.51794013976672,10.843515004281313],[106.51796512943156,10.843640980188082],[106.51823714304413,10.844761990578645],[106.51881114175733,10.847096999434923],[106.51882417440414,10.84715001551428],[106.51928216607145,10.849046051535392],[106.51978920714662,10.851150999191718],[106.52005618386085,10.852242997829181],[106.5200566057256,10.85224523613684],[106.52005663446859,10.852245388851504],[106.52011017753563,10.852530020143574],[106.52034121744654,10.853286035631092],[106.52068718667796,10.854556042535675],[106.52102119949295,10.855752027883817],[106.52151423686331,10.857535039033614],[106.52195425878453,10.859174967610453],[106.52234523315506,10.860632016267123],[106.52235422989955,10.860728014065353],[106.52234621841104,10.860810041616913],[106.5223502794463,10.860893031512044],[106.52288828277938,10.862845996092476],[106.52354624985479,10.865211041125626],[106.52401728325067,10.86699003588694],[106.52451927938613,10.868808006758524],[106.52490630861321,10.870304028185725],[106.52546228352851,10.872365981892472],[106.52558827483124,10.872746037333597],[106.52579789484724,10.873641293519414],[106.52579818248455,10.873642525027183],[106.52579828514966,10.873642965949335],[106.52588120665189,10.873627350455633],[106.52588832094781,10.873626010752679],[106.52592529161355,10.873977992780194],[106.52592733279926,10.874038022645998],[106.52594835188582,10.874171964837599],[106.52606034436961,10.874798978540014],[106.52636833339685,10.876268977586466],[106.52655930735216,10.877154016076242],[106.52662832973662,10.877412969516492],[106.52689236801818,10.878251982503388],[106.52718836148185,10.879281962842382],[106.52723037816882,10.879395959670598],[106.5273673612711,10.879648954825631],[106.52749255098004,10.879888902540966],[106.5275012553401,10.879907419145624],[106.52757834284382,10.880129968837652],[106.52764732122586,10.880341997703967],[106.52805939128946,10.881823030727835],[106.52836435425942,10.88296301950945],[106.52861335705407,10.883993025368344],[106.52871934622858,10.884395010334973],[106.52893540156062,10.88522898990515],[106.52976238331016,10.888486968960777],[106.53000440656473,10.889439956524017],[106.53070639661337,10.892204947305846],[106.53138143083667,10.894810962857367],[106.53164644630175,10.89581000093479],[106.53191040611705,10.896808950888214],[106.53197747022305,10.897035992143856],[106.53208444125386,10.89734801063309],[106.5321434498935,10.897453227110347],[106.53218646897977,10.897529935132901],[106.53224746193706,10.897686015128642],[106.53230542896459,10.897867962489915],[106.53233040559584,10.897955962094994],[106.53237342169024,10.898103951407592],[106.53271142768477,10.899315004702236],[106.53282744768757,10.899739926380768],[106.53288548633931,10.899976934985885],[106.53291545599228,10.900156964732394],[106.53292343034609,10.900349979578634],[106.53290957972412,10.90043573224405],[106.53288741983162,10.900572943375566],[106.5328114335996,10.900829010074494],[106.53270776831992,10.901062947416332],[106.5327064233762,10.90106598305915],[106.53256744089295,10.901323930101048],[106.5323456394244,10.901652502829057],[106.5321724811022,10.901909014530485],[106.53179143920228,10.90244994140963],[106.53175504546797,10.902493975057087],[106.53170547093563,10.902553957349637],[106.53159048421067,10.90263996251714],[106.53153974206937,10.90266442373182],[106.53097844984028,10.902935008897806],[106.52644652887999,10.905228045815583],[106.52584746709137,10.905555056086014],[106.52580849005284,10.90559602184477],[106.52576953902495,10.90564702529379],[106.52575234635523,10.905661101622503],[106.52571947170684,10.905688019124705],[106.52496972023975,10.906078428511817],[106.52298240770405,10.907113262759019],[106.52262750304885,10.907298068112397],[106.52234175205336,10.907440735924975],[106.52189053741839,10.907666015729736],[106.52125553595454,10.907987049179141],[106.5204255273503,10.908410018261499],[106.51988751669916,10.908687044989444],[106.51946255620484,10.908886031394866],[106.51901353865193,10.909119073001117],[106.51842256861993,10.909430046635515],[106.51769057563641,10.909799055365275],[106.5169375782637,10.91018710212275],[106.51643957655273,10.910445036817576],[106.51572657997058,10.910809112584158],[106.51493459457667,10.911207110085703],[106.51386057504044,10.911757069508596],[106.51298955695631,10.91220308604353],[106.51221160250016,10.912603122221023],[106.51170060698544,10.91285809592868],[106.51130657107065,10.913057085170642],[106.51092662020342,10.913247086919748],[106.51040862823392,10.913511120217539],[106.51000156210849,10.913720084013875],[106.50998123298318,10.913730442583104],[106.50942456412041,10.914014098046565],[106.50892162125012,10.914263083333823],[106.50837859647702,10.91453612386352],[106.50782660161745,10.914812171809997],[106.50736361411647,10.915048124988491],[106.50700560784084,10.91523517487951],[106.50654064741217,10.915468147462231],[106.50619959282926,10.915645119488833],[106.50378220138418,10.916878814568253],[106.50376438374356,10.916882622059374],[106.50360964864258,10.916873193113739],[106.5035986274456,10.916872135375684],[106.50359321512754,10.916871946191891],[106.503569652879,10.916871121840693],[106.50356963978044,10.916871006152984],[106.50353460897499,10.916559184631366],[106.50352776640676,10.916562806876994],[106.50350062634303,10.916577171434806],[106.50311465899968,10.916779113387834],[106.5024156742189,10.917147194730793],[106.5017946491352,10.917462190008608],[106.50078665432034,10.918002179360954],[106.50036163844382,10.918220218474287],[106.49979263016986,10.918518173713894],[106.49950468086166,10.918662187506367],[106.49907166078879,10.918878165197553],[106.49876166048179,10.919046189976342],[106.49874666518018,10.919054185133247],[106.49874364980413,10.919055186980506],[106.49823869305874,10.919321157056302],[106.49822768968771,10.919326157212204],[106.49822594161222,10.91932326848486],[106.49819867057319,10.919278216996156],[106.4981938552922,10.919281938140372],[106.49818963256483,10.919285202187947],[106.49737366425263,10.919767207605883],[106.49700164566156,10.919998222715014],[106.49694966357727,10.920031169821792],[106.49685270475575,10.920091170500921],[106.4967366798139,10.920162158655982],[106.49617767325233,10.92051017372472],[106.4961107071358,10.920626112286202],[106.49599303264728,10.920829842403531],[106.49599165087585,10.920832234307943],[106.49594768512542,10.92084219579178],[106.49586369566295,10.920869162633801],[106.49578169524983,10.9209072472974],[106.49569970294876,10.920948224923412],[106.4956196825091,10.920994170072182],[106.49558065635986,10.921017230195508],[106.49554064318448,10.921039207843233],[106.49546070812166,10.921088227465003],[106.49538069282998,10.921135167012817],[106.49530165159973,10.921180204730994],[106.49522071729935,10.92122217412936],[106.49513970570575,10.921263238728322],[106.49505869947481,10.921307197201365],[106.49497867436466,10.921350249201845],[106.4948976665179,10.921393212264979],[106.49481665708281,10.92143518084198],[106.4947376916113,10.921480219143616],[106.49465668369385,10.92152318305123],[106.49457665689519,10.921565238679282],[106.49449572055205,10.921607208806877],[106.49441471778194,10.921651166207841],[106.4943346906493,10.9216942180555],[106.49425368013151,10.9217361864954],[106.49417365047186,10.921778242935664],[106.49409165769026,10.92181922015863],[106.49401072459271,10.921862183723967],[106.49392971355843,10.921903248020936],[106.49384870136093,10.921944221894197],[106.49376572196391,10.921983213397787],[106.4936837256679,10.922023193344193],[106.49360165612767,10.922064261036631],[106.49351867170782,10.922101261740842],[106.4934366713135,10.92213925450262],[106.49335270866587,10.922177252011622],[106.49327070978406,10.922216238293839],[106.49318666869208,10.922253242384201],[106.49310368416236,10.922290242982205],[106.4930197155642,10.922326251478765],[106.49293666092353,10.922365241144652],[106.49285367632585,10.922402240774584],[106.4927697135239,10.92244023903669],[106.49268672549779,10.922476245065871],[106.49260366920805,10.922514239275959],[106.49252068764069,10.92255322956183],[106.49243770970742,10.922592218913575],[106.49235570472513,10.922629216942335],[106.492272728305,10.922669201622577],[106.49219073160468,10.922709183000599],[106.49210873510363,10.92274925385979],[106.4920267377192,10.922788241631721],[106.49194466319233,10.92282822313639],[106.49186267070341,10.922869200699923],[106.49178067410999,10.922909271476513],[106.49169867480022,10.922948257362098],[106.49161667977053,10.92298823949521],[106.49153468289043,10.92302822251615],[106.49145268661445,10.923069195465118],[106.49137069329258,10.923110262408935],[106.49128869570264,10.923149249994918],[106.4912066987255,10.923189231125178],[106.49112568576925,10.923230204321237],[106.49104270986189,10.923271273562905],[106.49096169192815,10.923310258693053],[106.49087871328118,10.923350242118376],[106.49079770269785,10.923392209697612],[106.49071570558391,10.923432191608343],[106.49063370620122,10.923471267631502],[106.49055269399936,10.923512241587064],[106.4904706958971,10.923552221630198],[106.49038772387365,10.92359419566355],[106.49030670661459,10.923634264601723],[106.49022569184861,10.923674241299118],[106.49014369457521,10.923714223969903],[106.4900616997378,10.923755199276734],[106.48997872352157,10.923796267343421],[106.48989770620715,10.923835252206585],[106.48981571129946,10.923876227451526],[106.48973469457275,10.923916206743423],[106.48965270322138,10.923958267719977],[106.48957070331693,10.923997253069462],[106.48948870831556,10.924038228232131],[106.4894067117462,10.92407820981112],[106.48932570096314,10.924120267430835],[106.48924370096934,10.924159253601971],[106.48916170249662,10.92419923331558],[106.48907970829747,10.924240210181257],[106.48899869250218,10.924280279693841],[106.48891571912831,10.92432225064265],[106.48883469968416,10.924361233437601],[106.48875270293203,10.924401215755964],[106.4886707088327,10.924442280212498],[106.4885887126611,10.924483256055012],[106.48850671155111,10.924522243850776],[106.48842569628397,10.924562221908657],[106.48834271896354,10.924602293281],[106.48826072515412,10.924644262602062],[106.4881797055373,10.924683248850197],[106.48809770767876,10.924723228293638],[106.48801473096326,10.924763211886406],[106.48793273328175,10.924803281694206],[106.48785171265308,10.92484226515069],[106.48776873586822,10.924882248680708],[106.48772430082684,10.924902593349872],[106.48768575140157,10.924920242361608],[106.48760269189658,10.924958235298103],[106.48751970830237,10.924996229838362],[106.48740812938344,10.925055259467852],[106.48737769613702,10.925056246850524],[106.48735169395432,10.925068243193179],[106.4872677247135,10.925104250198327],[106.48718374962563,10.925138267349103],[106.48709569086226,10.925168227836123],[106.48700975040236,10.925200260735261],[106.48692570668568,10.92523726139783],[106.48684869872287,10.925281298601897],[106.48678071398855,10.92534222187198],[106.48671674270514,10.925410276669217],[106.48664875140258,10.925469301392573],[106.4865706938712,10.925516234067915],[106.48649073794708,10.92555828844174],[106.48640775556444,10.925597276262506],[106.48632371440259,10.925634278572314],[106.48624072952347,10.925672271884828],[106.48615774981518,10.925711258730965],[106.48607673113807,10.925751237115664],[106.48599473871748,10.92579329626889],[106.48591470556421,10.925835260280405],[106.48583376856133,10.925877227351025],[106.48575177299904,10.925917297507588],[106.48566970586809,10.925960261727754],[106.48558876052705,10.92599924353473],[106.48550676888031,10.926041303467198],[106.48542574665677,10.926080288130608],[106.48534277315008,10.926122259072239],[106.48526175698164,10.926162235439563],[106.48517975913275,10.926203300832869],[106.48509776224712,10.926243280420938],[106.48501674571718,10.926284253007797],[106.48493474878534,10.926324232554808],[106.48485275175523,10.926365296959546],[106.48477075477697,10.926405276465237],[106.48468973172774,10.926443264667013],[106.48460774021464,10.926486228437629],[106.48452476088534,10.926526300647442],[106.4844437460221,10.92656727308741],[106.48436174801111,10.926607251588193],[106.48428072996393,10.926647319929923],[106.48419775276619,10.926688297020325],[106.48411673353361,10.926728274013394],[106.48403473451545,10.926768252433973],[106.48395273242053,10.926806243705649],[106.48387074182683,10.926849296790719],[106.48378874274144,10.926889276053368],[106.4837067427204,10.926929256201598],[106.483624738701,10.926967245586765],[106.48354274404565,10.927008311463174],[106.48346074486602,10.927048289739067],[106.48337874475077,10.927088268900539],[106.48329674491512,10.927127253568663],[106.4832147474197,10.927168318464982],[106.48313274815227,10.92720829846631],[106.48304976573917,10.927247284523594],[106.48296776734055,10.92728726448111],[106.48288478152642,10.927325256032251],[106.48280278330613,10.927365327258215],[106.48271972334949,10.92740331984876],[106.48263674082476,10.927442306704506],[106.4825547365159,10.927480296723449],[106.48247175638284,10.927520277099216],[106.48238975355332,10.927559261544925],[106.48230677276946,10.927598249216006],[106.48222378433722,10.927635246131691],[106.48214178501931,10.927675317193025],[106.48205872975645,10.927715297642896],[106.48197672773085,10.927754282886148],[106.4818947256783,10.927793266300592],[106.48181378378543,10.927833332035782],[106.4817307323955,10.927875304048996],[106.48164978932215,10.927915280243647],[106.48156779205515,10.927956254316598],[106.481486775666,10.927997316428918],[106.48140576329297,10.928039280769035],[106.48132475172778,10.928082331774045],[106.48124275680121,10.928124300231733],[106.48116173766134,10.928164277390744],[106.48108178019748,10.928206330438307],[106.4810007710549,10.92824928914223],[106.48091877420532,10.928291258426908],[106.48083776188678,10.928333313032073],[106.48075674658092,10.9283752781217],[106.4806757357421,10.928418330771665],[106.48059479723058,10.92846029473341],[106.48051378216468,10.928501265289528],[106.48043276303665,10.928541332673356],[106.48035076541484,10.92858230644013],[106.48026975422621,10.928625264967046],[106.48018775434615,10.928665334632191],[106.4801057502693,10.928703323126834],[106.48002374768909,10.928742306973724],[106.47994174660472,10.928782286172876],[106.47985474518855,10.928813326130449],[106.4797647802051,10.928836325142361],[106.47967473775891,10.928858328936839],[106.4796689968693,10.92886004408968],[106.47958780076065,10.928884304993883],[106.47955799474454,10.928917545394542],[106.47953580034168,10.92894229653228],[106.47949178279517,10.929024316268505],[106.47942680381816,10.929082336948369],[106.47934375262889,10.929124308351648],[106.47925576284834,10.929152275777131],[106.47916578221661,10.929169306014535],[106.4790757895341,10.929180281724202],[106.4790432414601,10.929184196193622],[106.4789837579289,10.929191349963617],[106.4788937788803,10.929208292424423],[106.4788067648549,10.92923426845291],[106.47872377904743,10.92927234934285],[106.47864374870214,10.929316301406141],[106.47856576344843,10.92936232702455],[106.4784857397361,10.929408267978975],[106.47840677192374,10.929454298612935],[106.47832878567782,10.929500323273272],[106.47825079698367,10.92954535435211],[106.47817175778974,10.929593280926373],[106.4780937748196,10.929640304516237],[106.47801480536239,10.92968533697053],[106.47793674457553,10.92973235799618],[106.4778577797033,10.929779291653116],[106.47777979662516,10.929826312456422],[106.47770075022524,10.92987134592226],[106.47762178376566,10.92991728414913],[106.47756700425049,10.92994891399925],[106.47754379393561,10.929962315966476],[106.47746377102878,10.930008347075974],[106.47738480023928,10.930053289878959],[106.4773057546322,10.930098324151567],[106.47722481666024,10.930141283553874],[106.47714478881082,10.930185326555096],[106.47706476243714,10.930230361294035],[106.47698480266314,10.930272325645438],[106.4769047738167,10.930316364973896],[106.47682481732659,10.930359321943191],[106.47674478579495,10.93040227816718],[106.47666378194859,10.93044831141277],[106.47658276392573,10.930489281899685],[106.4765028075591,10.930532329196328],[106.47642277926312,10.930576278902652],[106.47634282435497,10.930620321533844],[106.47626082554527,10.93066129336684],[106.47618079164788,10.930703346295466],[106.4760997792355,10.930746305595143],[106.47601876459589,10.93078835900526],[106.47593782381769,10.930830323621272],[106.47585680740978,10.930871293019381],[106.47577579178852,10.93091334817942],[106.47569379372578,10.93095431896342],[106.47561277956142,10.930997369456755],[106.47552979259459,10.931035359126728],[106.47544877274282,10.931075335766018],[106.47536677125312,10.9311153110981],[106.47528477330181,10.931156375801404],[106.47520178774766,10.931195360761304],[106.47511880066783,10.9312333503261],[106.47503581298236,10.931270346301662],[106.47495282103056,10.931306347792576],[106.47486876669046,10.931340362834481],[106.47478283111718,10.931375375884224],[106.47469877560144,10.931409300477728],[106.47461381493608,10.931442322223996],[106.47452877740531,10.931475344129904],[106.47444283359555,10.931507374591655],[106.47443955066598,10.931508669763149],[106.47435681843993,10.931541302835655],[106.47427178176555,10.931574325575388],[106.47418681767213,10.931606352742962],[106.4741017842848,10.931640369903342],[106.47399782606344,10.931681302773997],[106.4739168084367,10.93172236209582],[106.47383481137427,10.93176432959178],[106.47375281278492,10.931805299884832],[106.47367179508772,10.931846359145682],[106.47359077623759,10.931887329790463],[106.47350983741529,10.931930377771533],[106.47342882184073,10.931972341937792],[106.47334879288857,10.932016382199102],[106.4732688344695,10.93205933739347],[106.47320143227932,10.9320985869239],[106.47318979098449,10.932105365135453],[106.47311081986214,10.932150307806728],[106.47303381904769,10.93219931500402],[106.47295878773485,10.932251299138114],[106.47288580391293,10.932306354953127],[106.47281084183346,10.932356350846542],[106.47272982695165,10.932398314837872],[106.47264684181748,10.93243738954838],[106.47256377810353,10.932475379542806],[106.47248079660201,10.932516351839013],[106.4723997807113,10.932558315750303],[106.47232080142582,10.93260036523517],[106.47223979030241,10.932644318947165],[106.47215877787521,10.932687365862726],[106.47207881668761,10.932729327202123],[106.47199878881028,10.932774362507894],[106.47191785202234,10.93281731877813],[106.47183781745797,10.932860366016394],[106.47175778447622,10.932903321016383],[106.4716778309414,10.932947361593882],[106.4715977979114,10.932990316554706],[106.47151784066845,10.933034357101732],[106.47143682780612,10.933077314336062],[106.47135581090492,10.933119367492454],[106.47127585428738,10.933163318475977],[106.471194838253,10.93320537159023],[106.47111283464422,10.933245348563553],[106.47102885462434,10.933278367956026],[106.47094382183869,10.93331337694989],[106.47085885662662,10.933345312836831],[106.47077185280214,10.933376352153676],[106.47068582964961,10.933407385518073],[106.4706007917638,10.933440315981926],[106.47051681459848,10.933475325085789],[106.47043185762,10.933510333765145],[106.47034879180991,10.933547328721172],[106.47026580601222,10.933586402822437],[106.47018478708941,10.933627370809319],[106.47010286006137,10.933667347345432],[106.4700208587815,10.933708408916784],[106.46993983739,10.933748382374002],[106.46985882226086,10.933791341027234],[106.46977780583332,10.933833391979539],[106.46969686601646,10.933875355036673],[106.46961584178764,10.933915328419655],[106.46953482769314,10.9339583764924],[106.46945381906565,10.934003323074093],[106.46937484134556,10.934046367217242],[106.46929382865315,10.93409040698891],[106.46921485397851,10.934134355153756],[106.46913384307072,10.934178396689596],[106.46905281867714,10.934218369932523],[106.46897081482116,10.934257350985028],[106.46888684439807,10.934295343072366],[106.46880483809973,10.934333328709936],[106.46872185334077,10.93437339688768],[106.4686388644642,10.934411384793947],[106.468555869864,10.934447384647358],[106.46847280832527,10.934486368964418],[106.46838982086545,10.934525353085972],[106.46830584732527,10.934561355176228],[106.46822285594442,10.934598348506777],[106.46813986693702,10.934636337189025],[106.46805680128074,10.934674417340888],[106.46797283095877,10.934711412907278],[106.46788983710243,10.934747413491383],[106.46780684378277,10.934784406719343],[106.46772280133662,10.934823393147408],[106.46763883148827,10.934861383100305],[106.46755583606678,10.93489638822324],[106.46747284596744,10.934934376736395],[106.46738985345529,10.93497137075913],[106.46730580758882,10.935009361707765],[106.46722281925244,10.935047350152436],[106.46713982280967,10.935082355170469],[106.46706457030804,10.935114617134818],[106.46705584894404,10.935118356935387],[106.46697187470163,10.935155353154073],[106.46688782816062,10.935192347712315],[106.46680483402427,10.935228348017361],[106.46672184394369,10.935266426743896],[106.46663984002853,10.93530640439148],[106.46655882008957,10.935347369665447],[106.46647681703436,10.935387343653444],[106.46639481473731,10.935428405212809],[106.46631386974964,10.935469372057975],[106.4662328537999,10.93551241931002],[106.46615084735001,10.935551398748528],[106.46606983296299,10.935594354645342],[106.46598881308597,10.935635413799854],[106.46590787183804,10.935678369484922],[106.46582587028593,10.935719429090554],[106.46574485103416,10.935760396871807],[106.46566383231225,10.935802358202501],[106.46558281799994,10.935845405288614],[106.46550187333445,10.93588736730957],[106.46542085237775,10.935928426324793],[106.46533983538598,10.935970385762488],[106.46533459434801,10.935973105716482],[106.4652588158491,10.936012438304957],[106.46517787768309,10.93605638827606],[106.46509685915758,10.936097355893832],[106.46501584046163,10.93613940746966],[106.46493482061474,10.936181370429265],[106.46485584105183,10.936223416289975],[106.46477384612383,10.936267369536933],[106.46469282586517,10.93630842656067],[106.46461187946895,10.936349392984564],[106.46453184295468,10.936391351735717],[106.46444984484712,10.936434399935909],[106.46436882428239,10.936475368280746],[106.4642878827677,10.93651841306568],[106.46420686307071,10.93655938136804],[106.46412584740779,10.936602427189998],[106.46404482583183,10.936643394552215],[106.4639638801625,10.936684360812743],[106.46388286296315,10.936726412102365],[106.46380184040227,10.936767379406183],[106.46371984628753,10.936811422792127],[106.46363784003677,10.93685040249802],[106.46355689333541,10.93689136865937],[106.46347489109863,10.936932428576258],[106.46339387171103,10.936974389342037],[106.46331186536862,10.937013368965516],[106.4632298597651,10.937053432544674],[106.46314785905034,10.937094402872447],[106.46306683390051,10.937134374619017],[106.462983849341,10.937174439516514],[106.46290184435021,10.937214415316474],[106.46281983933204,10.937254389287565],[106.46273889207062,10.937294452081236],[106.46265583181784,10.9373354220439],[106.46257390266679,10.937375397583832],[106.46249288177677,10.9374164540592],[106.4624108766408,10.937456427022878],[106.46232985549058,10.937497393955283],[106.46224785290252,10.937538453562317],[106.46216683498987,10.937580413113913],[106.46208589116033,10.937622374280737],[106.4620058594283,10.937667408039625],[106.46192688431317,10.937712436604492],[106.46184889646915,10.937759453609388],[106.46176984990551,10.93780638265538],[106.46169185635341,10.937851411588852],[106.46161083736038,10.937893372812649],[106.46152989831793,10.937937412284283],[106.46144789290408,10.937977387717382],[106.46136588217257,10.938014375194479],[106.46128288963571,10.938052452531416],[106.46119785986954,10.93808945061093],[106.46111388344599,10.938125451740333],[106.46103089008241,10.938162442323414],[106.46094691032896,10.938197448037068],[106.4608628621079,10.938234443743788],[106.46077888376429,10.938270442981986],[106.46069687432072,10.938308427473702],[106.46061290013448,10.938345422038854],[106.46052990190583,10.93838042445631],[106.46044585411195,10.938418413624941],[106.46037567299507,10.938447668863136],[106.46036187512425,10.938453419183851],[106.46027789993607,10.938490413663835],[106.46019384588611,10.938525418449267],[106.46011085320347,10.938562410601556],[106.4600268737534,10.938598410549918],[106.45994191867331,10.938635407219627],[106.45985786217197,10.938669417446782],[106.45977487085838,10.93870740579335],[106.45969089406452,10.938743404743663],[106.45960691779145,10.938780400859063],[106.45952286448409,10.93881540456305],[106.45943987399744,10.938853392821335],[106.45935589673526,10.938890385257228],[106.45927290077117,10.938926473131756],[106.4591888544775,10.938964462872653],[106.45910585588938,10.93899946492303],[106.45902286582009,10.93903844483681],[106.45893987611139,10.939076431156307],[106.45885688600107,10.939115412835621],[106.4587738920529,10.939152403741954],[106.45869188611351,10.939192468882514],[106.45860889593085,10.939231448690075],[106.45852688972639,10.939271421574322],[106.4584458669656,10.939311392156991],[106.45836492283966,10.939354436372765],[106.45828489186519,10.939399469211779],[106.45820689802697,10.939444405997204],[106.45812890635375,10.93949142121447],[106.45804985982902,10.939538438858209],[106.45797285721429,10.939587443410604],[106.45789486782863,10.939635454851306],[106.45781687788497,10.939682470894308],[106.45773888769925,10.939729395608309],[106.4576608944329,10.939775418049534],[106.45758086466915,10.939821442477403],[106.45750188682165,10.939865476400461],[106.4574208648116,10.939907437486882],[106.45733893182012,10.939946414521087],[106.45725587389246,10.939987474403106],[106.45717288093145,10.9400254620852],[106.45709086866664,10.940063444763497],[106.45700689387711,10.94009944391453],[106.45692390411938,10.940138425097485],[106.45684090778956,10.940175414609048],[106.45675791911793,10.940214487057784],[106.45667492693198,10.9402524718976],[106.45659292016748,10.94029244610178],[106.45651189880832,10.94033440334275],[106.45642989403903,10.940374467003878],[106.45634788719858,10.94041443843389],[106.4562658808665,10.940455407030763],[106.456184937392,10.940497455320902],[106.4561039117372,10.940538420705334],[106.4560228941162,10.940580470934563],[106.45594088533392,10.94062044407406],[106.45585993993937,10.940662494095609],[106.45577793672534,10.940704453422102],[106.45569691552761,10.940745418694439],[106.45561490634309,10.940784487682471],[106.45553290253744,10.940825453375602],[106.45545089688491,10.940866421764442],[106.45536987070943,10.940906481992531],[106.4552868757863,10.940943472909163],[106.45520388554189,10.940982451843109],[106.4551199145483,10.941021433923959],[106.45503692047363,10.941058424774187],[106.45495391984655,10.941093426664466],[106.45486994500004,10.941130419735304],[106.45478491020225,10.94116641984918],[106.45470289985556,10.941205488607988],[106.45461892637954,10.941243476991072],[106.45453691290135,10.941280464545969],[106.45445392245924,10.941319445095314],[106.45437290071102,10.941361494016727],[106.45429187637498,10.941402457135878],[106.45421289850094,10.941446491162163],[106.45413392090948,10.941491430142671],[106.45405592893022,10.941538445288892],[106.45397794253296,10.941587448453578],[106.45389995324702,10.941634463556436],[106.45382294570297,10.941683466236372],[106.45374488186417,10.941731475951137],[106.45366794877015,10.9417794839461],[106.45358890506311,10.941827495881332],[106.45350992726586,10.941872432903343],[106.4535064069574,10.941874413693354],[106.45342989390673,10.941917462744474],[106.45335190118227,10.941963483247475],[106.45327194473947,10.942010502730993],[106.45319395123644,10.942055438313938],[106.45311694437561,10.942104440826347],[106.45304190312602,10.942154432368833],[106.45296792484974,10.942207496190031],[106.45289796109013,10.942266426306878],[106.4528329075176,10.94232851206662],[106.45276990413464,10.94239447878955],[106.45270795607514,10.942461437549783],[106.45269563757374,10.942473948391692],[106.45264389201347,10.94252650442811],[106.45257589591365,10.942588505597756],[106.45250494239845,10.942644456286557],[106.45243195349175,10.942700500240884],[106.4523599394798,10.942754462575452],[106.45228694726336,10.942809512932365],[106.45221395715049,10.942865468242726],[106.45214095580977,10.942917443845595],[106.45206592142203,10.942970508990692],[106.45199390911023,10.94302447305007],[106.45191894856175,10.943077448489166],[106.45184490042467,10.943132500271847],[106.45177091913231,10.943184478949425],[106.45169694340652,10.943238445648266],[106.45162296278593,10.94329151007963],[106.45154996774265,10.943345474492407],[106.45147690112032,10.943400523937978],[106.45141653856217,10.943445149185631],[106.45140390602295,10.943454488318725],[106.45133197225222,10.943510441008804],[106.45125996130675,10.943565488886113],[106.4511983190505,10.943615677969877],[106.45118991374235,10.943622521194218],[106.45111994695515,10.943680457372578],[106.45105096393976,10.943740471543707],[106.45098296671519,10.94380147701104],[106.45091292645891,10.943860497295269],[106.45084492501758,10.94392051097911],[106.45077594046387,10.943979528811665],[106.45070597351082,10.944037464903968],[106.45063495006907,10.944095493812847],[106.45056391896928,10.944151443362125],[106.45048994299009,10.944205500200054],[106.45041694609651,10.944258472603172],[106.45034395313495,10.944313519823009],[106.4502699759512,10.944367488015684],[106.45019698130848,10.944421453034614],[106.45012391000414,10.944475509524382],[106.4500489482365,10.944527488257906],[106.44997595076634,10.944581452330551],[106.44990197315236,10.94463451546737],[106.44982791895458,10.944688482833762],[106.44980631729767,10.944703462166185],[106.44975295799654,10.944740462402365],[106.44967897613833,10.944792531021385],[106.44960492185932,10.944846498338045],[106.44953094389872,10.944899470985623],[106.44945696520426,10.944952532217238],[106.44938192726943,10.945004514590185],[106.44930794506186,10.945056490911735],[106.44923298675144,10.94511045931166],[106.44915892877232,10.94516252798857],[106.44908494882102,10.94521550054091],[106.44900998576759,10.945267480849711],[106.44893593023728,10.945319457255808],[106.44886293582825,10.94537450867308],[106.44878797502108,10.945427481596],[106.44871497517904,10.945479457344499],[106.44863993951664,10.945532523524443],[106.44856596028816,10.945585494150855],[106.44849296369742,10.945640453276384],[106.4484189878756,10.945694510555207],[106.44668593999903,10.947025502726763],[106.44661400375185,10.947081545712662],[106.44654198850692,10.947135506787696],[106.44646997809375,10.94719154719944],[106.4463979679396,10.947248493474174],[106.44632595796455,10.947305528331874],[106.4462550025377,10.947360482309401],[106.44618298786223,10.947415528190554],[106.44611097851248,10.947472474401357],[106.44603994685862,10.947528513392108],[106.44596794089922,10.947586543545487],[106.44589698442263,10.947641497449],[106.44582497052811,10.947696544154905],[106.44575296012316,10.947753489386594],[106.44568094708478,10.947808534251175],[106.44560999423172,10.947865478849833],[106.44553798071922,10.947921519970942],[106.44546695391251,10.947978553306614],[106.4453949410532,10.94803450579628],[106.445323006136,10.948090545787718],[106.44525197305246,10.948146492398267],[106.44518094613805,10.948203526577274],[106.4451090125472,10.94826056280589],[106.44503797889264,10.948315514893737],[106.44496597022409,10.948372550358318],[106.44489501294399,10.948428498528221],[106.44482300513701,10.948485534863996],[106.44475197622565,10.948542568051998],[106.44468094707602,10.948599510818251],[106.44460901005665,10.948655551564167],[106.44453700009605,10.948712496531776],[106.4444669518306,10.948769527427533],[106.44443094808994,10.948798542337894],[106.44370795809833,10.949358504747748],[106.44371688723014,10.949369421004198],[106.44028547915687,10.952096264326274],[106.44019200019252,10.952170544582684],[106.44011998411571,10.952225589153255],[106.44005001310283,10.9522835230174],[106.43997800019166,10.952339562933165],[106.43990598521593,10.95239551333489],[106.43983503034313,10.952452545306498],[106.43976399489969,10.95250758758283],[106.43969100367434,10.95256552819902],[106.43962103040361,10.952622557906208],[106.43954901298471,10.952677511948796],[106.43947700218479,10.952734547134423],[106.43940604254462,10.95278959006698],[106.43933403195143,10.952847529293154],[106.43513003576119,10.956012604991175],[106.43505703588916,10.956067562072066],[106.4349840371105,10.956122608637568],[106.43491201887907,10.956177562577968],[106.43483902233243,10.956233603586321],[106.43476602417641,10.956288558791028],[106.43469407743632,10.956341613971114],[106.43462107876947,10.956397564528903],[106.43454906244006,10.956452608793379],[106.43447606463076,10.956508558413224],[106.43440404733401,10.95656360355241],[106.43433104398234,10.95661756328887],[106.4342580449323,10.956672610598927],[106.43418603099877,10.956729553331652],[106.43411408861391,10.956784597335663],[106.43404207254645,10.956840635065195],[106.43397005396409,10.956895589705622],[106.43389803784187,10.956951627403981],[106.4338250397862,10.957007577785012],[106.43375408033639,10.957063614891165],[106.43368206392832,10.957119563944133],[106.43361004312855,10.957173611726345],[106.4335390865875,10.95723055285274],[106.43346707030078,10.95728659045786],[106.43339505535788,10.957343624332538],[106.43332303835857,10.957398577924735],[106.43325207688449,10.957454613119921],[106.43318006256199,10.957511554731123],[106.43310910286938,10.957567592603986],[106.43303709098184,10.957625619970162],[106.43296605235349,10.957679576813593],[106.43289403812771,10.9577366087698],[106.43282209641353,10.957792557468785],[106.43275106292064,10.957849587198233],[106.43267904953049,10.95790662091407],[106.43260710453717,10.957961574189545],[106.43253607142914,10.958017610296054],[106.43246405612209,10.958074642161378],[106.43239309411774,10.958130588574967],[106.43232108286371,10.95818861488039],[106.43224906226044,10.95824257286304],[106.43217810037751,10.958298607829496],[106.43210608540294,10.958354646944324],[106.43203406835983,10.958410593832696],[106.43196205286304,10.958467627397638],[106.43189011034464,10.958522581415975],[106.43181809342406,10.958578617760372],[106.43174607308345,10.958633571921405],[106.43167405519941,10.95868961094887],[106.43160211505173,10.958745647978795],[106.43152911338935,10.958799608901561],[106.43145709223225,10.958854653408853],[106.4313840914267,10.958908612489536],[106.43131108602377,10.958962573372496],[106.43123710502803,10.959017621306357],[106.43116410003847,10.959070586771473],[106.43109011352334,10.95912364572398],[106.4310160540257,10.959177608895947],[106.43094305463046,10.959232655475871],[106.43086906691249,10.959285623974159],[106.43079508099542,10.959338591547755],[106.43072306139551,10.959393634987546],[106.43065006168257,10.959448590192062],[106.43057705804385,10.959502640411996],[106.43050511636729,10.959558587703558],[106.4304330980145,10.959614624653858],[106.4303610803467,10.959670572987786],[106.43029012186176,10.95972760292682],[106.43021908924071,10.959784633016092],[106.43014805455364,10.959841571783365],[106.43007807905352,10.959899593965082],[106.43000712273387,10.959957620127511],[106.42993707032079,10.960015640642945],[106.42986807963904,10.96007465687322],[106.42979810063639,10.96013159411603],[106.42972813045624,10.960191606077528],[106.42965807976454,10.96024962743452],[106.4295890862233,10.960308641805307],[106.42951911141705,10.960366663868017],[106.4294490604383,10.960424595678443],[106.42938006773132,10.960483610908177],[106.42930911021442,10.960541635116353],[106.4292390616279,10.960600651765214],[106.42917006409206,10.960657586689576],[106.4290981252566,10.960714619462001],[106.42902807340151,10.960772640689036],[106.42895711418836,10.960829580841951],[106.42888509841168,10.960886611931398],[106.4288141338974,10.960941652607428],[106.4287421155941,10.960997599687488],[106.42867009973654,10.961054631634488],[106.42859808341605,10.961110669990221],[106.42852613778942,10.96116562328492],[106.42845510038073,10.961221657622914],[106.42838209795846,10.96127661233382],[106.42831008060939,10.961332648821061],[106.42823912020476,10.961389587918944],[106.42816612109065,10.961445629271097],[106.42809508127816,10.961500668152398],[106.42802313637651,10.961555621336144],[106.42795013625863,10.961611659930654],[106.42787812080763,10.961668602201378],[106.42780708315554,10.961724637305071],[106.42773407913316,10.961778595587521],[106.4276621333865,10.961833639101975],[106.42759011329785,10.96188859235867],[106.4275180960808,10.961945623154246],[106.42744607749165,10.962001661264482],[106.42737413233924,10.962056611595433],[106.42730211234546,10.96211165429251],[106.42723009346655,10.96216760104497],[106.42715709530701,10.96222463394112],[106.42708514779186,10.962278593349827],[106.4270131267723,10.96233363508219],[106.4269411070744,10.962389672180938],[106.42686810499006,10.962444625652793],[106.42679608841323,10.962501657194045],[106.42672414302238,10.962556610096364],[106.4266511397176,10.96261066035344],[106.42657911967493,10.962666606062758],[106.42650710164425,10.962722643967428],[106.42643508266495,10.962778679146346],[106.42636215450024,10.962833633246502],[106.42629013321059,10.962888675726095],[106.4262181126034,10.962943627781105],[106.42614609034678,10.962998671135523],[106.42607309247917,10.963055613384574],[106.42600114476146,10.963109661156965],[106.42592912313084,10.963164613151289],[106.4258551391483,10.963219659887995],[106.42578311972117,10.963275606326732],[106.42571110046975,10.963331642252728],[106.42563809566452,10.963385601881834],[106.42556615230191,10.96344163941621],[106.42549412845428,10.96349568634282],[106.42542210980743,10.963551633605304],[106.42534911186672,10.963608666102163],[106.4252761046694,10.96366163117535],[106.42520514014326,10.963717663750622],[106.42513213515053,10.963771624172342],[106.42505913576002,10.96382766303124],[106.4249871151167,10.963883609299376],[106.42491411250258,10.963938654556245],[106.42484216323204,10.96399261076819],[106.42477014362667,10.964048647394153],[106.42469713867209,10.964102696318834],[106.42462414025232,10.964159640057511],[106.4245521151393,10.964213686781518],[106.42447911307117,10.964268641533634],[106.42440716518284,10.964323682536467],[106.42433416531132,10.96437963082894],[106.42426214009475,10.964433679298072],[106.42419012189116,10.964489623579079],[106.42411711806326,10.964544669566548],[106.42404411265753,10.964598627036318],[106.42397216869053,10.96465466332121],[106.42389916457171,10.964709617045594],[106.42382714235825,10.964764658990525],[106.42375413930439,10.964819703087908],[106.42368113826967,10.964875651238692],[106.4236091146384,10.964929698657803],[106.4235361135465,10.964985645872613],[106.42346416305647,10.965039693098477],[106.42339116282649,10.965095641183424],[106.42331815869325,10.965150685186796],[106.42324613380782,10.965204642122078],[106.42317411360163,10.965260679305784],[106.42310111009279,10.965315631044236],[106.42302818045597,10.96536968033746],[106.4229561590461,10.965425626164832],[106.42288315566375,10.96548067007038],[106.42281014980112,10.96553462907628],[106.4227381294284,10.965590665261258],[106.42266512259663,10.965644624237212],[106.42259211910496,10.965699668078624],[106.42252016855612,10.965752629305765],[106.42244716634053,10.965808666689808],[106.42237416410316,10.96586470676999],[106.42230115713589,10.965918665665674],[106.42222815442034,10.965973708520778],[106.42215718588724,10.966027661984336],[106.42208312636147,10.966082708042205],[106.42201012377791,10.966138655827105],[106.42193817679834,10.966193697194235],[106.42186411290787,10.96624765741939],[106.42179216363088,10.96630170518214],[106.42172013818094,10.966355661785599],[106.42164615484303,10.966411701155058],[106.42157315209398,10.966467648843699],[106.42150112768385,10.966521696708584],[106.4214281213045,10.966575654505608],[106.42135519012965,10.966629703432297],[106.42128218818355,10.966685650150746],[106.42121016407542,10.966740690625034],[106.42113715942173,10.966794650161988],[106.42106415219811,10.966848699191786],[106.4209911456586,10.966902657796464],[106.42091814377876,10.966958694841711],[106.42084513626787,10.967012652512127],[106.42077212985083,10.967066701475465],[106.42070018129179,10.967121652168792],[106.4206271761473,10.967176695579099],[106.42055417484687,10.96723264484735],[106.4204811696432,10.967287686417343],[106.42040816064376,10.96734064951237],[106.42033515630672,10.967395693760349],[106.42026214858126,10.967449652206179],[106.4201891473446,10.967505690896912],[106.42011614047563,10.967559647500382],[106.42004418963633,10.967613693981226],[106.41997012819301,10.96766864916127],[106.4198981782149,10.967722695608375],[106.41982517663494,10.967778642907826],[106.41975118718231,10.96783269290185],[106.41967916098125,10.967886649965296],[106.4196061532116,10.967940696865211],[106.41953216845887,10.967995651778319],[106.41946014776923,10.96805168724923],[106.41938713880366,10.96810564550396],[106.41931413184642,10.968159695049623],[106.41924218142103,10.968213650043014],[106.41916917664693,10.968268694033819],[106.41909617316297,10.968324730679575],[106.41902316365359,10.968377693468703],[106.41895015767913,10.968432647006194],[106.41887820732072,10.968486691423394],[106.41880414635227,10.968541646340382],[106.41873114273244,10.968597683809731],[106.41865919097678,10.968650735508229],[106.41858520535669,10.968706684692798],[106.41851219901625,10.96876073405944],[106.41844017367178,10.968815682620253],[106.41836815165671,10.968871717855846],[106.41829416013591,10.968924682637475],[106.4182222117773,10.968979725005598],[106.41815018632659,10.969034674407409],[106.41807718428862,10.969090711728615],[106.4180051632517,10.969147650957636],[106.41793321346005,10.969201696071483],[106.41786118993545,10.969256736717563],[106.41778818666899,10.969312683570084],[106.41771616126199,10.969367725092713],[106.41764315793816,10.969423671009212],[106.41757014941086,10.969477718363862],[106.41749615759613,10.96953068477494],[106.41742315175975,10.969584732091086],[106.41734915988921,10.969637697565107],[106.41727516930766,10.969691657501974],[106.41720117495059,10.96974272258279],[106.41712521819429,10.969794698731006],[106.41704918375426,10.969844686066985],[106.41697216124398,10.969892682967298],[106.41689415879551,10.969940683802575],[106.41681517234716,10.96998769319452],[106.41673618232576,10.970032711802093],[106.41665719268059,10.970078725776066],[106.41657722269218,10.97012374648924],[106.41653685989003,10.97014690498264],[106.41649717784819,10.97016967142135],[106.41641917079174,10.970215684091801],[106.4163411627934,10.970261695841476],[106.4162631610532,10.97030969561961],[106.41618719638315,10.97035868811929],[106.41611116385597,10.970409667906496],[106.41603717173872,10.970462723491808],[106.41596522105537,10.97051667776882],[106.41589516335388,10.970574698038263],[106.41582722545607,10.970634701720922],[106.41575921381515,10.970695700033428],[106.41569218337654,10.970757690670581],[106.415626212435,10.97081968078749],[106.41555918620008,10.970882757182995],[106.41553638606324,10.970903527491277],[106.41549223030867,10.970943753134655],[106.4154242163028,10.971003756901581],[106.41535318270574,10.971063677746322],[106.41528319807453,10.97111970785804],[106.41521117488809,10.97117574240646],[106.41514020733476,10.971231684226774],[106.41506818945597,10.97128970769773],[106.41499722204999,10.971345739894547],[106.4149242145742,10.971400690734862],[106.41485317391705,10.97145672306063],[106.41478122225452,10.971511673373092],[106.41470821672678,10.971566713664775],[106.41463521065313,10.971622750232333],[106.41456318571207,10.971677700657105],[106.41449123374879,10.971731745927679],[106.41441822700075,10.971786698462502],[106.41434522486819,10.971843729440009],[106.41427417660171,10.971897681380693],[106.41420117402036,10.97195371694047],[106.4141282392515,10.972007763370714],[106.41405621411859,10.972062712781096],[106.41398419177321,10.972119742446848],[106.4139122447457,10.972175685234257],[106.41384021790489,10.972230725912814],[106.41376819194996,10.972285765669621],[106.41369624392551,10.97234170841213],[106.41362422105236,10.972397743517696],[106.41355219703102,10.972453686394388],[106.41348024638296,10.97250972040715],[106.41340821990528,10.972563766507706],[106.41333521496075,10.972619711473468],[106.41326424911973,10.972676737777334],[106.41319222646759,10.972733766367007],[106.41312020228327,10.972789710053878],[106.41304817788763,10.972844750554174],[106.41297819165803,10.97290168244847],[106.41290821278758,10.972960696397609],[106.41283724991492,10.973018717990431],[106.41276522801093,10.973075746485472],[106.41269418228796,10.97313069346741],[106.41262124564476,10.973183744181224],[106.41254619925232,10.973237705351806],[106.41247121958429,10.973288773318627],[106.41239321176357,10.973334692815643],[106.41231619089861,10.973383776220023],[106.41223818341635,10.973430691970224],[106.41216025667859,10.973479775499204],[106.41208119568692,10.97352777748864],[106.41200522778813,10.97357477825269],[106.41193025178018,10.973626750162747],[106.41185823176467,10.973684773842113],[106.4117852218171,10.973738729508698],[106.41170319712135,10.97377769618662],[106.41161525894563,10.97380474098811],[106.41152420712922,10.97382274996407],[106.41143526041559,10.973837773604352],[106.41134418846535,10.973846740911105],[106.41125318894021,10.973853718163205],[106.41116120102288,10.97385771770068],[106.41106920905051,10.973860718215706],[106.4109781909118,10.973859740464722],[106.4108862597902,10.973856776605194],[106.41079523573003,10.973852723146713],[106.41079413849455,10.973852640544235],[106.41070420341659,10.973845778444625],[106.41061225845641,10.97383576093306],[106.41052121931706,10.973825740524795],[106.41043123880424,10.973815719601534],[106.41034018992507,10.973801721226101],[106.41025019304423,10.97378473618813],[106.41016019876601,10.97376974370044],[106.41007020540226,10.973754747567336],[106.40997923340981,10.97374074891529],[106.40988924135486,10.973726748112385],[106.40979819876235,10.973714738525207],[106.40970724003229,10.973706708470848],[106.40961620776984,10.973699763439399],[106.40952419446208,10.973692729193266],[106.40943323943574,10.973686777518846],[106.40942762003735,10.97368652750369],[106.4093422145108,10.973682725432003],[106.40933848097929,10.973682524673016],[106.40925020581997,10.973677770467162],[106.40915924931289,10.973670735630503],[106.40906821963902,10.973665777587374],[106.40897726275678,10.973657745500867],[106.40888622370039,10.97364772550145],[106.40879525710129,10.973635717254492],[106.4087042173399,10.973625787609077],[106.4086132498327,10.973613777500747],[106.40852326409357,10.97360176614617],[106.40843222285964,10.973590751530159],[106.40834125665823,10.973579736724355],[106.40825119719685,10.973568720835368],[106.40816022991562,10.973556800092735],[106.40806926152909,10.973544790725438],[106.40797822472456,10.973535765833885],[106.40788725634664,10.97352375550734],[106.40779719470528,10.973511742290794],[106.40770622945547,10.973500727290519],[106.40761526201351,10.973488718687602],[106.40752520278997,10.97347779117977],[106.40743423224352,10.973464787140674],[106.40734326793417,10.973453773836525],[106.4072532066968,10.9734427558438],[106.40716224019195,10.97343074438925],[106.40707126966747,10.973417739335874],[106.40698121028032,10.97340672306567],[106.4068902452784,10.973395798225214],[106.40680025964323,10.973383785449476],[106.40670921228742,10.97337078135597],[106.40661824801509,10.973359765119778],[106.40652720469502,10.973347754542319],[106.40643623641203,10.973335745583643],[106.40634625080762,10.973323733575677],[106.40625520750685,10.973311723819686],[106.40616424254802,10.97330079875911],[106.40607425512857,10.97328878576938],[106.40598321275971,10.973276775928813],[106.40589322626872,10.973264763786839],[106.40580225985167,10.97325275282373],[106.4057112156702,10.973240742904498],[106.40562024835175,10.973228732792194],[106.40552920529412,10.973216812318903],[106.40543921883382,10.973204800944709],[106.40534824933697,10.973191794462098],[106.40525720737801,10.973180779788692],[106.40516624099936,10.973168767728495],[106.40507625456007,10.973156755341275],[106.4049852113377,10.973144744295542],[106.4048952249119,10.97313273275804],[106.40480425784439,10.973120812805362],[106.40471427142802,10.973108800309477],[106.40462322822675,10.973096788249741],[106.4045322618944,10.973084778709385],[106.40444121870667,10.973072767498447],[106.40435123139832,10.973060754895545],[106.40426026416436,10.973048743466482],[106.40416922027984,10.97303682348624],[106.40407825397435,10.973024812904077],[106.40398827070601,10.973013794668185],[106.40389722755256,10.973001783292068],[106.40380724119535,10.972989771427974],[106.40371627308073,10.972977759835851],[106.40362621480658,10.972966741652398],[106.4035352447183,10.972953826836713],[106.40342223381202,10.972938788589166],[106.40333127227649,10.972929760320344],[106.40324023556558,10.97291982991637],[106.40314927094096,10.97290980801849],[106.40305823220663,10.972899785347908],[106.40296727252165,10.972890758773252],[106.40287623308164,10.972880827360878],[106.40278527030287,10.97287080444486],[106.40269423250537,10.972860783470257],[106.40260425403157,10.972852748264048],[106.40251321425684,10.972841822257651],[106.402422250579,10.9728317983297],[106.40233121279739,10.972821776341084],[106.40223927284933,10.972813835634394],[106.40214823106736,10.972802820018133],[106.40205726924133,10.97279279778398],[106.40196623147568,10.972782774780786],[106.40187527238889,10.972774832767543],[106.40178423245402,10.972763816132993],[106.40169425148976,10.972753791690144],[106.40160320973497,10.972742775004631],[106.40151225249178,10.972734831973707],[106.40142121074443,10.97272381432899],[106.4013302480415,10.972713792780906],[106.40124026836278,10.972704762684582],[106.40114923118298,10.972695824325738],[106.40105826722687,10.972684806404793],[106.4009672295126,10.972674784003173],[106.40087626809179,10.97266575589618],[106.4007852327605,10.972656818327351],[106.40069426699753,10.97264580210828],[106.40060322838424,10.972635778694338],[106.40051226571772,10.972625755090641],[106.40042122422521,10.972614829358381],[106.40033026557475,10.972605801080432],[106.40023922606672,10.972595778462292],[106.40014826579217,10.972586840540567],[106.40005722503406,10.972575823384666],[106.39996724541196,10.97256679200352],[106.39987628403921,10.972557764498251],[106.39978524749773,10.972547833048242],[106.39969428178001,10.97253681291011],[106.39960324539281,10.972527785482335],[106.3995122851472,10.972518847368349],[106.3994212444205,10.972507829115697],[106.39933028056006,10.972496812479744],[106.39923924110182,10.972486789558822],[106.39914828304616,10.972478846719746],[106.39905724542437,10.972468822835767],[106.39896627975314,10.97245780609352],[106.39887524122584,10.972447782156372],[106.39878428227058,10.972439839209292],[106.39869324558366,10.972429816117227],[106.39860326076906,10.972418794464007],[106.39851222645933,10.97240985710958],[106.39842126423866,10.972400829166402],[106.39833022848072,10.972390804154342],[106.39823926101786,10.97237978719591],[106.39814822455337,10.972369853442114],[106.39805726234776,10.972360824484802],[106.39796622478204,10.972350801174562],[106.39787525916661,10.972339783197965],[106.3977842239715,10.972330843817096],[106.39769326452948,10.97232181564798],[106.39760222515177,10.97231179223143],[106.39751126138349,10.972300773236682],[106.39742022437896,10.972291835557726],[106.39733024579682,10.972282805194132],[106.39723928021093,10.972271785216881],[106.39714824413177,10.972262846549617],[106.39705728255123,10.972252821898786],[106.39696526544436,10.972243796660498],[106.39687422393744,10.972232777638116],[106.39678326290014,10.972223837797053],[106.39669222539933,10.9722138150052],[106.39660126509055,10.972204785603846],[106.39651128241645,10.9721938555358],[106.39642024525902,10.972184826242856],[106.39632928463129,10.972174802273937],[106.39623824551563,10.97216486794779],[106.39614728215213,10.972154843929628],[106.39605624808877,10.972146809910232],[106.39596528747673,10.97213678492715],[106.3958742514553,10.972127845874528],[106.39578328719419,10.97211782174826],[106.39569225065537,10.972107797747672],[106.39560128751464,10.97209786397181],[106.39551025040055,10.972088835307668],[106.3954192879834,10.972078809259253],[106.39532825146257,10.972068785148501],[106.3952372904973,10.972059845744225],[106.39514625431266,10.972050816063977],[106.3950552910041,10.972040792619657],[106.39496425469504,10.97203085790207],[106.39487329139753,10.972020835306742],[106.39478323607243,10.972011803440173],[106.39469227512771,10.972002862063066],[106.3946012395571,10.971992837730312],[106.39451027843049,10.97198380860299],[106.3944192403178,10.971973873724325],[106.39432827612791,10.971963849157984],[106.39423724272955,10.97195481919694],[106.39414627998526,10.971945880370926],[106.39405524352426,10.971935854970782],[106.39396427935397,10.971925831198432],[106.39387324414216,10.971916801131165],[106.39378228324215,10.971907861287209],[106.39369124771379,10.97189783577498],[106.39360028355924,10.971887810988461],[106.3935092507113,10.971879865700622],[106.39341828748023,10.971869840857147],[106.39332725229666,10.971860812432928],[106.39323628926606,10.971850876133727],[106.3931452553244,10.971842841234448],[106.39305527816678,10.971834802268589],[106.39296326234972,10.971825865308318],[106.39287229914424,10.971815840299813],[106.39278126306363,10.971806809000197],[106.39269023239737,10.971799857947133],[106.39259926920438,10.971789832856079],[106.39250823313922,10.971780803282096],[106.39241727627854,10.971772858408247],[106.39232624451081,10.971765815031606],[106.39223528459198,10.971756874718425],[106.39214424853981,10.97174784413037],[106.39205223165114,10.971738816486212],[106.39196127206277,10.971730871480565],[106.39187023908345,10.971722835290135],[106.39178026217009,10.971714886351087],[106.39168824835508,10.971706852172183],[106.39159728520721,10.971696826778338],[106.39150625458196,10.97168987536791],[106.39141529450205,10.971680844399625],[106.39132426205293,10.97167389293814],[106.39123330198031,10.971664861914913],[106.39114226688454,10.971655831022119],[106.3910502523739,10.971647887057884],[106.39095929659935,10.971640844917022],[106.39086826151653,10.97163181484551],[106.39077729982769,10.971622874095944],[106.39068626383586,10.971613843067244],[106.39059523324175,10.971606891381912],[106.39050427319931,10.971597860138532],[106.39041324027514,10.971589823508083],[106.39032228074616,10.971581877103823],[106.39023124874366,10.971573840416507],[106.39014028585534,10.971563904989939],[106.39004925080694,10.971554874670892],[106.38995829323751,10.971547832231995],[106.38986627846182,10.971538893419767],[106.38977524127966,10.97152886582288],[106.38968428127396,10.971519835235936],[106.38959324674829,10.971511889673252],[106.38950228674825,10.971502858127277],[106.38941124958708,10.971492832228419],[106.38932028887277,10.971483890132827],[106.38922925202986,10.971474859569716],[106.38913828776988,10.971463838043828],[106.38904725417964,10.971455891410177],[106.38895629512095,10.971446860601372],[106.38886623791117,10.971436831578124],[106.38877527508909,10.971426896643003],[106.38868423704643,10.971416869621983],[106.38859327708956,10.971407838705405],[106.38850223711296,10.971396906649721],[106.38841127381028,10.971385886710049],[106.38832023792256,10.971376854966008],[106.38822927584488,10.971366827648128],[106.38813823711264,10.971356892679458],[106.38804727169222,10.97134487633831],[106.38795631054774,10.971334850744082],[106.38786625388563,10.971325906315883],[106.38777529153049,10.971314885277712],[106.3876842514086,10.97130386437482],[106.38759328936587,10.971293837768599],[106.38750224944785,10.971282907218104],[106.38741226520816,10.971271883119048],[106.38732129891974,10.97125986836802],[106.38723026095451,10.971249841810806],[106.38713929912574,10.971239903666628],[106.38704825812465,10.971228882572888],[106.38695729277096,10.971216866805573],[106.38686625573806,10.971206839232142],[106.38677529089013,10.971195909208564],[106.38668530852536,10.97118488669605],[106.38659426724973,10.97117287007335],[106.38650330343546,10.971162843141109],[106.38641226540719,10.97115191135237],[106.38632227910365,10.971139893347328],[106.38623124331735,10.971130860066989],[106.38614027922496,10.971119838537534],[106.38604923938911,10.971108907546691],[106.38595925310527,10.971096888528772],[106.38586829298673,10.971086862300767],[106.3857772522514,10.971075931229407],[106.38568628909802,10.971064908656482],[106.38559630283612,10.971052889529751],[106.38550526709204,10.971043858741897],[106.38541324736374,10.971032928698486],[106.38532228240288,10.971021906923243],[106.38523124333516,10.97101088527499],[106.38514126226463,10.971000855881483],[106.3850502965952,10.970989923529334],[106.38495925845967,10.970978902700832],[106.38486829776807,10.970969868851638],[106.38477725781047,10.970958847067745],[106.38468629702818,10.970948909083507],[106.38459631295086,10.970937885949079],[106.38450527512816,10.970927857662556],[106.38441431648491,10.970918915888102],[106.38432327563714,10.970907893968592],[106.38423231377021,10.97089786544133],[106.3841412761625,10.970887929260428],[106.38405129514588,10.970877898636685],[106.38396026038727,10.97086886557134],[106.38386929781997,10.970858929152007],[106.38377826307158,10.970849896935725],[106.38368730031662,10.970839868245573],[106.38359626576525,10.970830924573745],[106.38350530605422,10.970821891214804],[106.38341426920039,10.970811862596246],[106.3833233078602,10.970802919593764],[106.38323227101716,10.97079289182422],[106.38314131132076,10.970783857451229],[106.38305027376602,10.970773920940239],[106.38295931619804,10.970765882804601],[106.38286828076589,10.97075693981868],[106.3827773189697,10.97074691085155],[106.38268628455583,10.97073887279315],[106.38259524793543,10.970728935238558],[106.38250330742633,10.970719902709591],[106.38241325477932,10.970711862530385],[106.38232229623173,10.97070292102804],[106.38223125760435,10.97069289205542],[106.38214030237134,10.970685936756436],[106.38204926375415,10.970675908632849],[106.38195830594141,10.970666874802866],[106.3818672717524,10.970658926904756],[106.38177631211737,10.970649893023623],[106.38168527462051,10.970639953387563],[106.38159431802234,10.970631914838068],[106.38150328154428,10.970622881937896],[106.38141126863786,10.970615927707499],[106.38132030783015,10.970605901010448],[106.38122927155179,10.970596956626979],[106.38113831497144,10.970588917939898],[106.38104727851079,10.970579883997852],[106.38095729874698,10.970569942854825],[106.38086528539314,10.970561905369964],[106.38077424986133,10.970552872247572],[106.38068329376573,10.97054591651115],[106.38059225796093,10.970535887941262],[106.3805012946345,10.970525949601928],[106.3804102642491,10.970518905336995],[106.38031930165236,10.970508875629015],[106.38022826724881,10.97049993184335],[106.38013730466288,10.970489902984426],[106.38004627448252,10.970482949017327],[106.37995531190485,10.970472920103424],[106.37986427613095,10.9704628895052],[106.37977331796704,10.970454940817667],[106.37968228156595,10.970445906463066],[106.3795913217507,10.970435877433472],[106.37950028554926,10.970426933431556],[106.37940932693422,10.970417899737809],[106.37931829074067,10.970408955680881],[106.37922725527673,10.970399922090921],[106.37913629364952,10.970389891119439],[106.3790452574682,10.970380946979965],[106.37895429676676,10.970370916855668],[106.37886326223628,10.970361884057844],[106.37877230082374,10.97035194609628],[106.37868126446209,10.970342908726826],[106.37859030488832,10.97033297070648],[106.3784992655244,10.970322941511052],[106.37840830393696,10.970312912127659],[106.37831726870385,10.970303967766206],[106.37822630803838,10.970293937421827],[106.37813526632425,10.970281920046297],[106.37804430796118,10.970272975443809],[106.37795327072438,10.970263940568318],[106.37786328790531,10.97025291451325],[106.37777232653713,10.970242973537136],[106.37768129205813,10.970233938573733],[106.37759032959687,10.970223908944895],[106.3774992920379,10.9702129762659],[106.3774083286712,10.9702029465839],[106.37731729302706,10.970192917023228],[106.37722625692842,10.970183971429666],[106.37713529331033,10.970172948080096],[106.3770443308771,10.97016291828616],[106.37695329570624,10.970153972608156],[106.37686331385794,10.97014294715596],[106.37677227640772,10.970132915625994],[106.37668131693013,10.970122977028472],[106.37659027975792,10.970113941740777],[106.37649931826695,10.970103911780168],[106.37640827683865,10.970091982480954],[106.37631731954735,10.970083942340352],[106.37622628395636,10.97007391154547],[106.37613532084615,10.970063972790438],[106.37604428042833,10.970052948364657],[106.37595332589574,10.970044907204448],[106.37586228685326,10.97003496671474],[106.37577132749104,10.970025931019647],[106.37568028892413,10.970014907384009],[106.37559031177516,10.970006953611103],[106.37549927648335,10.969997917989787],[106.37540726681857,10.969991958219197],[106.37531631694509,10.969986991639516],[106.37522529002624,10.969981934782425],[106.37513327736039,10.969974979540588],[106.37504231384712,10.96996395465408],[106.37495233300879,10.969952927724314],[106.37486128964699,10.969940909360833],[106.37477032398819,10.969927984016255],[106.37468033507106,10.96991397355127],[106.37459027347852,10.969901951284385],[106.3744992986445,10.969885953805973],[106.37440832982378,10.969871945267831],[106.3743193155107,10.969854948322334],[106.37422932454079,10.969839942331706],[106.37413932706373,10.96982095927059],[106.37405029842716,10.969797994428765],[106.37396232079529,10.969770959038566],[106.37387427876959,10.969748986613382],[106.37378533309833,10.969728916392668],[106.37369527177121,10.969716983359744],[106.37360333795337,10.969710933378297],[106.37359773967779,10.969710688077539],[106.37351231339174,10.969706959992862],[106.37342129183212,10.96970398196838],[106.37332928650109,10.969700916425184],[106.37323728801445,10.969698933930506],[106.3731462805682,10.969704003030065],[106.37305430849763,10.969715944195775],[106.37296334010752,10.96973792040237],[106.37294449604983,10.969748684963678],[106.3728863015377,10.969781930421833],[106.3728172936334,10.969839938184666],[106.37275131476703,10.969903004410181],[106.37268926944965,10.969970942818906],[106.37262934293834,10.970040957179256],[106.37257031713874,10.970108982515645],[106.37251431901545,10.970180978713008],[106.37245930287092,10.970253966481245],[106.37240534348146,10.970326951177586],[106.37235229379515,10.970400930305711],[106.3722972766604,10.970473919858051],[106.37224331805005,10.970546002253169],[106.37218928170132,10.970618987976732],[106.37213532335065,10.970692968927048],[106.37208128761462,10.9707649601418],[106.37202732987858,10.970837947487407],[106.3719732952556,10.97091093317334],[106.37191828086682,10.970984011259144],[106.37186529790982,10.971055008512234],[106.37181028053297,10.971127995274442],[106.37175632682664,10.971202972454249],[106.37170228999437,10.971274963611332],[106.37164734848427,10.971347952000652],[106.37159429544072,10.971420936527693],[106.37153935271284,10.971492929507534],[106.37148629980491,10.971566003521708],[106.37143128199946,10.971637997541393],[106.37137732810471,10.971712972853693],[106.37132329225385,10.971785958439453],[106.37126834848208,10.971857952281898],[106.37121431258281,10.971930939658678],[106.37116035326395,10.972002930572012],[106.37110631749967,10.97207600743562],[106.37105235746488,10.972148994632114],[106.37099832328583,10.972221979259032],[106.37094429024599,10.972295960173835],[106.3708893511125,10.972368948436477],[106.37083531087652,10.972439945876914],[106.37078233174543,10.972513019631602],[106.37072731475898,10.972586007122773],[106.37067335545498,10.972658993353898],[106.37061932225961,10.972732975121795],[106.37056536082622,10.972804965945516],[106.37051132757844,10.97287894769646],[106.37045630813824,10.972949945263597],[106.37040332791719,10.97302302167409],[106.3703483137361,10.973097003589173],[106.37029435308824,10.97316899436849],[106.3702403187924,10.973242975174683],[106.37018635833883,10.973315961331297],[106.37013232075748,10.973387953145766],[106.37007730528502,10.973460940529183],[106.37002432372068,10.973533020584869],[106.36996930728453,10.973606009760996],[106.36991534877228,10.973679989457501],[106.36986131496444,10.973752975712118],[106.36980735133875,10.973824966420585],[106.36975331564904,10.973897952661975],[106.36969829999607,10.973970941792855],[106.36964532123586,10.974044014466674],[106.36959135750686,10.974116005141239],[106.36953732378707,10.97418998673927],[106.36948231009703,10.974263968513949],[106.36942834422013,10.974334965580477],[106.36937431224757,10.97440894534104],[106.36932034857917,10.974481027284993],[106.36926533179881,10.974554015444358],[106.36921235058024,10.974626006773425],[106.3691573358146,10.974699987593887],[106.36910435362417,10.974771976195951],[106.36904933673875,10.974844964320713],[106.36899537571226,10.974917950290472],[106.36894134280494,10.974992021296847],[106.36888737965614,10.975064012763081],[106.36883334352513,10.975136999763988],[106.36877832741911,10.975209986035335],[106.36872534596796,10.975281976385322],[106.36867033096394,10.975355957127832],[106.36861636677256,10.975427949457446],[106.36856233184963,10.975502019503928],[106.36850837035144,10.975574011811007],[106.36845433403413,10.97564699694418],[106.36839931682889,10.975719983156683],[106.36834633702823,10.975791973444531],[106.36829237590348,10.975865954698401],[106.36823833668875,10.975938036624775],[106.36818438008083,10.976012015140181],[106.36812936183279,10.976085003119469],[106.36807532326898,10.976156995514561],[106.36802136177168,10.976229980427359],[106.36796732406934,10.976301971899506],[106.36791336458721,10.97637595128204],[106.36785933000291,10.976449027629899],[106.36780536565837,10.976522013418458],[106.36775133083401,10.976594999341467],[106.36769638418431,10.976665997219833],[106.36764333132459,10.976739976528682],[106.36758838784036,10.976812963365015],[106.36753533304851,10.976886037674314],[106.36748039341117,10.976960020784546],[106.36742635568146,10.97703300485387],[106.36737133385066,10.97710400464046],[106.3673183537946,10.977176987452172],[106.36726439193276,10.977249972246112],[106.36720937506921,10.977322960978366],[106.36715534038045,10.977397031706005],[106.36710137935502,10.977470016472497],[106.36704734235961,10.97754300138445],[106.36699337532737,10.977613998972304],[106.36693933828016,10.977686983867244],[106.36688537921668,10.977760963990674],[106.3668313402429,10.977833045693814],[106.36677738112698,10.977907025800295],[106.36672236425785,10.977981008040912],[106.36666937976719,10.978052002683121],[106.3666153416486,10.97812498752897],[106.36656137921507,10.978196977721984],[106.36650734421164,10.97827104834777],[106.36645338196271,10.978344034822497],[106.36639934465481,10.978417019632499],[106.36634538624413,10.978490999669324],[106.366290362975,10.978561997476152],[106.36623738446687,10.978635975512242],[106.36618236527315,10.978708964083582],[106.36612840190476,10.978781044618282],[106.36607436742051,10.978855025670327],[106.36602040701854,10.978929003851679],[106.36596734625267,10.97899999853924],[106.36591240401589,10.979073980498283],[106.3658593470918,10.979145970556418],[106.3658044038401,10.97921904660919],[106.36575134915387,10.979293024724042],[106.36569738539305,10.979365015687177],[106.36564334886916,10.979438996675164],[106.36559036798955,10.97951198012468],[106.36553534732984,10.979583971391301],[106.36548236956062,10.979658039717158],[106.36542734793734,10.979730032776455],[106.36537436901395,10.979804010679624],[106.36532040621441,10.979876995168192],[106.36526636721908,10.979948987119322],[106.36521240661354,10.980023056485772],[106.36514338927877,10.980115060728043],[106.3650883693196,10.980187052825167],[106.36503342550891,10.980260040154759],[106.36497840160905,10.98033103775092],[106.36492338157304,10.98040303072563],[106.36486836288115,10.98047701267098],[106.3648123589413,10.980548012220005],[106.36475741499824,10.980620999505323],[106.36470239188259,10.980691997055253],[106.36464737285696,10.98076498447445],[106.36459136789658,10.98083598398909],[106.36453740358388,10.980907974769702],[106.36448140287098,10.980981053648287],[106.36442638260166,10.981053048351248],[106.36437136047236,10.981125041240901],[106.36431641425798,10.981197032160274],[106.36426139093541,10.981268030543367],[106.36420539081696,10.981341018967035],[106.36415036652697,10.98141201733409],[106.36409436841214,10.981486001130728],[106.36404040500493,10.981558986321954],[106.3639853824645,10.981629983754704],[106.36393036236456,10.981703060564389],[106.36387541389077,10.981774059638122],[106.3638203903554,10.981845056142093],[106.36376536999332,10.981918044325502],[106.36371042851512,10.981992025024036],[106.36365540604575,10.982064018702683],[106.3636003853764,10.98213601056062],[106.36354641762657,10.98220700669983],[106.36349139804356,10.982279993029218],[106.36343743229564,10.982351983638367],[106.36338241284841,10.982425061262273],[106.36332837520733,10.982499040077514],[106.36327237350088,10.982571035667707],[106.3632184076469,10.982643025338287],[106.3631644435972,10.982715014996684],[106.36311040471557,10.98278800019267],[106.3630564412468,10.982862070127785],[106.36300240208905,10.982934059911823],[106.36294942223311,10.983009031931722],[106.36289538530237,10.983083013389205],[106.36284239993321,10.983154007438333],[106.36278941904756,10.983228074448396],[106.3627353799856,10.983301060489413],[106.36268240068974,10.983375036167294],[106.36262843751747,10.983448020230414],[106.36257538336355,10.983522992341898],[106.36252141827691,10.983595073213001],[106.36246941885709,10.983669050501819],[106.36241538168368,10.983743028267469],[106.36236239630612,10.983815016733395],[106.36230843502791,10.983888995233453],[106.36225439705089,10.98396306519169],[106.36220141547592,10.98403604811633],[106.3621484329604,10.984109031034654],[106.36209439245037,10.984181021581563],[106.36203944832197,10.984255002016114],[106.36198540724988,10.984328077446571],[106.36193144352444,10.984400068717278],[106.36187642224085,10.984473056597478],[106.3618214007068,10.984545047265613],[106.36176743437285,10.984618031198803],[106.36172141047328,10.984679086052878],[106.36171241575305,10.984691018143048],[106.36165844823581,10.984763008474012],[106.36160244662241,10.984835001980978],[106.36154840329345,10.984907082855182],[106.36149345868577,10.98498007051932],[106.36143843605292,10.985052061127695],[106.36138439541996,10.985125045149497],[106.3613283907159,10.98519604593422],[106.36127442598027,10.985269031594205],[106.36121940437572,10.985342017560622],[106.3611644575594,10.98541400887643],[106.36110943477266,10.985486001240035],[106.36105441122879,10.985558083100479],[106.36099946637945,10.985631068877144],[106.36094444351562,10.985703062118285],[106.36089040356364,10.98577604696434],[106.36083439883377,10.985848040350945],[106.36078043068535,10.98591903605239],[106.36072540771299,10.985991027450103],[106.36067046383687,10.986065008567262],[106.36061544304582,10.986138086650797],[106.36056041703664,10.986209084440466],[106.36050547103251,10.986282069235545],[106.36045044976211,10.986354062393508],[106.36039542480354,10.986426054645866],[106.36034047554763,10.986497050437716],[106.36028643643611,10.986571029677721],[106.3602304314144,10.986643022965305],[106.36017646615487,10.986716008452248],[106.360120460867,10.986787007230658],[106.36006641866663,10.986859088771215],[106.36001147038205,10.986931078999463],[106.35995644817098,10.987004065666783],[106.35990142776332,10.987077052321606],[106.35984647940337,10.987149044331488],[106.35979145619767,10.987222030974094],[106.35973545164009,10.987293029687509],[106.35968140723783,10.987365018954767],[106.3596264606048,10.987437011829682],[106.35957143839019,10.987510087034858],[106.35951641984019,10.9875840690193],[106.35946146742502,10.987655066483423],[106.35940644361054,10.987726063177602],[106.35935142202321,10.987799049745725],[106.35929745542772,10.987872034191803],[106.35924144971982,10.98794303373005],[106.35918642622111,10.988016019371196],[106.35913148157493,10.988089096157966],[106.35907743871793,10.988161086230187],[106.35902143015755,10.988232084833717],[106.3589674643199,10.988305069225914],[106.35891146049305,10.988377063197566],[106.358857417532,10.988449053234998],[106.35880148776704,10.988521046136169],[106.35874646792716,10.988595027094522],[106.35869242080871,10.988665027226581],[106.35863649117451,10.988738015496077],[106.35858245030674,10.988811090385612],[106.35852644537704,10.98888308339184],[106.35847247818047,10.988955073216493],[106.35841647228274,10.989027066206502],[106.3583624311266,10.989100051557385],[106.35830748182345,10.989171048828448],[106.35825147879841,10.989244036277189],[106.35819645370279,10.989316028173556],[106.3581414294978,10.989388020963318],[106.3580874604705,10.989460099330621],[106.35803243824604,10.989533084782325],[106.35797643417588,10.989606073995958],[106.35792148468775,10.989677070300768],[106.35786646055534,10.989750056633486],[106.35781249487633,10.989822046350252],[106.3577564886617,10.989894040136017],[106.35770146241062,10.989966030146286],[106.35764644018737,10.990039106847876],[106.35759148963125,10.990110104909538],[106.35753646625322,10.990183090283193],[106.35748249858796,10.990255079951494],[106.35742649312724,10.990327072777173],[106.35737146855207,10.990399064538753],[106.35731644486384,10.990471055385562],[106.35726149842178,10.990545035956908],[106.35720647173349,10.990616033204153],[106.35715144743989,10.990689108925572],[106.35709649959738,10.990761101393465],[106.35704147486608,10.990833094005948],[106.35698644827109,10.990905082996871],[106.35693044348977,10.990977077547445],[106.35687647462098,10.991049066217753],[106.3568214527324,10.991122053280705],[106.35676650289658,10.991194042986889],[106.35671147617744,10.991266035549803],[106.35665547144626,10.991338119559126],[106.35660150153039,10.991410107283732],[106.35654549453133,10.991481107283258],[106.35649145451136,10.991555085018021],[106.35664544806505,10.991604054924345],[106.35666364888999,10.991613828824592],[106.35693045247184,10.991757104472688],[106.35739451481204,10.991998044613867],[106.35778649702583,10.992202055246354],[106.35817045884542,10.992395052473498],[106.35796651371132,10.99279510307188],[106.35796551238842,10.992797651876437],[106.35790644436747,10.992948028607946],[106.357878470077,10.993071051607332],[106.3580114600255,10.993183082778657],[106.3580314741222,10.99318458240973],[106.35803848349761,10.993185109034382],[106.35808748280273,10.993155082273098],[106.3581374817535,10.993135091540488],[106.35818546181113,10.99313236740233],[106.3582018464515,10.993131437777986],[106.35820849527879,10.99313106103681],[106.35822249062097,10.99314703802547],[106.35823247780593,10.993195028479304],[106.35823049728654,10.993260041444643],[106.35830949342436,10.99328402604507],[106.3584234739907,10.99336408689423],[106.35838865762719,10.993432406701325],[106.35836844878717,10.993472064964449],[106.35849547166667,10.993545049644151],[106.35878148516723,10.993710030074212],[106.35918447195942,10.993942045965683],[106.35943746442875,10.994088014843962],[106.35954346174786,10.994139069275144],[106.35981750959408,10.99428409151971],[106.3597545124696,10.994443080600451],[106.35993051592742,10.994513071521972],[106.36029951299554,10.994658083610373],[106.35995646186151,10.995313029669468],[106.36011350019615,10.995373022281903],[106.36050850204644,10.995537058904361],[106.36079147306425,10.995653038481988],[106.36099452388923,10.99573608539121],[106.36138949759584,10.995886015376174],[106.36140151523504,10.995931019938414],[106.36157637763408,10.996006184385523],[106.3617505239163,10.996081041876183],[106.36179449091136,10.996100031337365],[106.36205946492257,10.996236027926699],[106.36205951500934,10.996325965940816],[106.36205952112617,10.996336029269413],[106.36205223080647,10.996335084717343],[106.36201346900985,10.996330064642196],[106.36201096597931,10.996330329153425],[106.3619664576119,10.996335041336081],[106.36191546314093,10.996348073278469],[106.36188051355194,10.996383043925633],[106.36187046555168,10.996415073189183],[106.36188548726041,10.99645202353734],[106.36192251895586,10.996513069480189],[106.36195952113958,10.996558023714687],[106.36199246043061,10.996610037966617],[106.36209945971231,10.99670702041131],[106.36220749075589,10.996829046528621],[106.36229252013904,10.9969230896743],[106.36238551620052,10.997073083955822],[106.362463483275,10.997183054930455],[106.36253753100826,10.997296017251365],[106.36258751537163,10.997341035642265],[106.36265249905058,10.997377071568376],[106.36270847126949,10.997398025664712],[106.36277849172173,10.997424014288248],[106.36283647367318,10.997469016510692],[106.36290252433803,10.997509028190208],[106.36294547007402,10.997546012571043],[106.3629791084988,10.997573101551271],[106.36298153193579,10.997575054905655],[106.36304247614511,10.99755503946781],[106.36310216308256,10.997552303563996],[106.36310851203584,10.99755201229957],[106.36316247884527,10.997589063919996],[106.36322751011386,10.997648066922189],[106.36323874896416,10.997660098373043],[106.36324150388073,10.99766304735488],[106.36331146303088,10.997623032555383],[106.3634075134097,10.99753404972285],[106.36349648894029,10.997420035356916],[106.36359037863625,10.997265507265992],[106.36359137995865,10.997263860719267],[106.36359247247552,10.997262063910815],[106.36383152495631,10.997345036137451],[106.36398350735912,10.997404042366933],[106.3641634723922,10.997491021228251],[106.36432848470284,10.997574052239747],[106.36455747709228,10.997681999576475],[106.3647535099879,10.997765057123313],[106.3649485094666,10.99785806333678],[106.36517851796486,10.997947021502894],[106.36546948035915,10.998055022590554],[106.36568750701532,10.998153044531154],[106.3656886894324,10.998153565599115],[106.36600049516565,10.998291020498577],[106.36637851614027,10.998453003217415],[106.36667148214575,10.998581976441907],[106.36690650941811,10.998687016610413],[106.36694548222616,10.998700047582023],[106.36736546847165,10.998751999385592],[106.36769452380042,10.998778002058296],[106.36793352312267,10.998797047062455],[106.36805403512372,10.998807582265881],[106.36831052367181,10.998830005213287],[106.36832350967018,10.998831968675116],[106.36852447634438,10.998853983648718],[106.36875852367304,10.998888046727929],[106.36893949936159,10.998914982355082],[106.36932652630568,10.998979023720336],[106.36966651132035,10.999033032088683],[106.36996951487937,10.999089015894691],[106.37043951711311,10.99916500121523],[106.37107350061409,10.99926199063119],[106.3714814811368,10.99931196951086],[106.37151349274384,10.999315973310347],[106.37156444914397,10.999321021446965],[106.37159147601479,10.999323951440866],[106.37192045472429,10.999347961567022],[106.37245351877203,10.999406003367564],[106.37248847229037,10.999409999229014],[106.37264550062906,10.999426947276929],[106.37301148238053,10.999460013413104],[106.37333247141027,10.999489013530575],[106.37373151677464,10.999524994434454],[106.37379546319977,10.999532998995555],[106.37404346124914,10.999559977478988],[106.37411548630831,10.999569955262565],[106.37431749807998,10.999622976872775],[106.37441649936562,10.999647006428528],[106.37455447041651,10.999681983831266],[106.3748145065432,10.999726929032391],[106.37499346360019,10.999762999068526],[106.37529549160732,10.999819973059115],[106.37557637522602,10.999874233732772],[106.37558834906994,10.999876547033521],[106.3755904985027,10.999876962101627],[106.37560977648454,10.99987673888527],[106.37601844351857,10.999872012432101],[106.37611593353064,10.999874465955687],[106.37617446286157,10.999875939247712],[106.37623928384947,10.999875977444743],[106.37624344828312,10.999875978807403],[106.37643767646772,10.99989794540754],[106.37645543833327,10.999899953819842],[106.37665247021887,10.999917992602626],[106.37679544546927,10.999928006043852],[106.37690248414806,10.999933932982197],[106.37697744999309,10.999942007250901],[106.37700222446347,10.999963303265282],[106.37701344241704,10.999972945635369],[106.37703843606047,11.000013942900702],[106.37710949551446,11.000173925060885],[106.37714849432093,11.000269957292334],[106.3772045022894,11.000378974060935],[106.37722744627044,11.000413917298943],[106.37723813974782,11.00042001674929],[106.37724150207714,11.000421936402576],[106.37734444106289,11.000380946284931],[106.37746945162048,11.000318932292613],[106.37764544379766,11.000237917686839],[106.37783348146522,11.000142952557864],[106.37794150089336,11.000076997344012],[106.37795819866459,11.000073002969389],[106.37796247256978,11.000071980663991],[106.37798649689306,11.00008296169132],[106.3780684763218,11.00019500029165],[106.37812244962558,11.000269933663294],[106.37814140085467,11.00028392670784],[106.3781415007527,11.000284000635851],[106.37816550475843,11.000284944598155],[106.37821347092336,11.000267938244663],[106.37841348569727,11.000125932251418],[106.37861267202172,10.999979548487918],[106.37868146510415,10.99992899288888],[106.37891247956517,10.999776976674264],[106.37901849360522,10.999726937044798],[106.37909143030403,10.999667925063317],[106.37914444380189,10.999609948801575],[106.37918048563637,10.999557973691264],[106.37934142613499,10.999426990101947],[106.37965344911444,10.99917896322277],[106.38001342049891,10.998905972659253],[106.38018946732662,10.99877992796514],[106.38031449012955,10.998688980491359],[106.38045647537547,10.998623947570147],[106.38049242948608,10.99860190204668],[106.38050745723062,10.998569955062413],[106.38052148971272,10.99849596503052],[106.38052249033353,10.998469921854381],[106.38053944102688,10.998454968474245],[106.38068343256671,10.99841090773952],[106.3807312765262,10.99839947762478],[106.38073344775901,10.998398958697603],[106.38076848231654,10.998404946029723],[106.38080842787443,10.998413903009713],[106.38094442043676,10.998441922008805],[106.38119744908698,10.998527926020778],[106.38167048156274,10.99860795502556],[106.38198846708106,10.998680895009484],[106.38231642648955,10.99875796995128],[106.38260444848953,10.998829884911812],[106.38271944774512,10.998852972553141],[106.38311061120467,10.998931329903485],[106.38311345274792,10.998931898977908],[106.3831910295424,10.998928188844127],[106.38319646990062,10.998927928887207],[106.38326542808512,10.998950931427334],[106.38330245573636,10.998971922920191],[106.38334342613366,10.999000950684644],[106.38347041617362,10.999053940765332],[106.38351542685339,10.999065964306059],[106.38373742267333,10.999110888910936],[106.38380045568134,10.999114918027662],[106.38405848671232,10.999174957567028],[106.38442146468951,10.99925087492776],[106.38448043746696,10.999262956869092],[106.38482236595908,10.999289821700684],[106.38482346146678,10.999289908915971],[106.38490847254073,10.999293617951732],[106.3849144209533,10.999293876747474],[106.38494242688424,10.99929589851881],[106.38509947516697,10.999322876229842],[106.38519142871694,10.999330404873517],[106.38519746090316,10.999330898548974],[106.38526144944147,10.999323893796118],[106.38538048360421,10.999291909074902],[106.38562345657606,10.999192937786505],[106.38574940914134,10.999183903854657],[106.38587341646155,10.999183914725133],[106.38596841754658,10.999172867892584],[106.38609443140338,10.999157864061075],[106.38618393653184,10.999157002259285],[106.3861904369474,10.999156940734904],[106.3863374805652,10.999234932381338],[106.38643946364564,10.99924186284371],[106.38650760733715,10.999285585097903],[106.38668875215993,10.999401810028987],[106.38669046750488,10.999402910314632],[106.3868960104798,10.999375453994073],[106.38728473785878,10.9993235306047],[106.38728943165765,10.999322903276019],[106.38740934938528,10.999368371004309],[106.38741346499631,10.999369931851415],[106.38763246968384,10.999286920132775],[106.38767346819465,10.999281146550933],[106.3876754797903,10.999280862969766],[106.38779944251283,10.99929588264964],[106.3879386166757,10.999312400046387],[106.38794243159816,10.999312853117754],[106.38800738382179,10.999311062297524],[106.38801345118972,10.999310894961951],[106.38842212888869,10.99948632464734],[106.38842344137878,10.999486889650935],[106.38865340408319,10.99947890169431],[106.38873510898792,10.999477031208896],[106.38874042245335,10.999476910647143],[106.38893442471294,10.999523881012818],[106.38907141030803,10.99955786022599],[106.38911919369647,10.999562585701122],[106.38912244466334,10.999562906139978],[106.38923421891722,10.999563870750258],[106.38924041670283,10.999563924614652],[106.38949243382025,10.999633920579901],[106.38964713899897,10.999659997665033],[106.38965242810943,10.999660887897363],[106.38987646356348,10.999600921593476],[106.39009101290591,10.999575048893794],[106.39009242172556,10.999574879576016],[106.39017040497835,10.99958185842236],[106.39040740254454,10.999687870257642],[106.390476309689,10.999707275711529],[106.39047846870167,10.999707883221593],[106.39064246133273,10.999699851973105],[106.3908213984441,10.999690885044695],[106.39123077130195,10.999640912904578],[106.39123143088374,10.999640832858043],[106.39136843964872,10.999649857527364],[106.39165842669307,10.999791831916827],[106.39169867263537,10.999809159463124],[106.39170043301104,10.999809916978913],[106.39202729457283,10.999786257580498],[106.39203240069551,10.999785886969603],[106.39213746433519,10.999820838102456],[106.39258342935341,11.000086895615935],[106.39271144200538,11.000192863903042],[106.3929624458229,11.000352912374714],[106.39307242580992,11.000391829798629],[106.39329343862832,11.000434851708652],[106.3934644442266,11.00045790884426],[106.3936254462397,11.000496898827315],[106.39411944387395,11.000636903432875],[106.39489640423274,11.000845833000351],[106.39560044393033,11.001049855349171],[106.39652743612916,11.001319855826905],[106.39694644680857,11.00144084519696],[106.39762845409588,11.00164680725315],[106.39859646283159,11.001929826490944],[106.39859145210232,11.001950813562056],[106.39858239326689,11.001984828875129],[106.39863345112603,11.002000814238142],[106.39901742696985,11.002114823648999],[106.39941446003513,11.002228802839355],[106.3997824171762,11.002334799213791],[106.40007741508177,11.002418796872261],[106.40014546456594,11.00243881485917],[106.40033144308114,11.00247485287546],[106.40080540823453,11.002631797143476],[106.4008514056768,11.002646797573329],[106.40102239046517,11.002693810207639],[106.40107142838583,11.002717845748244],[106.40262043274889,11.003190835188466],[106.40297643281525,11.00331583882723],[106.40321444848304,11.003399776800034],[106.40332140722685,11.003437790983455],[106.40331259355652,11.003482338356406],[106.40330043141789,11.00354380456182],[106.40350938914075,11.003594802415927],[106.40377833970544,11.003628031603373],[106.4038654392261,11.003638792489006],[106.40438743671334,11.003704847574193],[106.40446444407696,11.00371480912554],[106.40478438822639,11.00374576499577],[106.40527743523577,11.00379280223808],[106.40528354897954,11.00409888439747],[106.40528940027987,11.004391784800593],[106.40526540931894,11.00483867555104],[106.40526540402236,11.004838763257728],[106.40542943254658,11.00484483009756],[106.40555408918127,11.004848765033225],[106.40555541429259,11.004848806472998],[106.4055734542427,11.00484976202027],[106.40559939109843,11.005178820900104],[106.40612843321051,11.005288801063138],[106.40616543834842,11.005297762772939],[106.40615845214383,11.005620835381729],[106.4063154410627,11.005788760746666],[106.40629243435062,11.005998755570308],[106.4062844466325,11.006038827855818],[106.40630445824702,11.006145836989448],[106.40631344739364,11.006182798735228],[106.40632746495514,11.006207813117328],[106.40635345793739,11.006220777426634],[106.40642141450556,11.00623175067398],[106.40671441795294,11.006299833242817],[106.40704542815027,11.006384832610696],[106.40714141291804,11.006408766439032],[106.40722268904213,11.006418359091176],[106.40722642443295,11.006418799428607],[106.4072694443967,11.006417801350585],[106.40729116463122,11.006417824861298],[106.40729744845625,11.006417832055224],[106.40733446075443,11.006430771524027],[106.4073554008198,11.006445826051412],[106.4074104013093,11.006469758090917],[106.40754639813973,11.00649676852939],[106.40759926708573,11.00650981286048],[106.40761142042528,11.006512811577684],[106.40761628473815,11.006514775543238],[106.40765841037836,11.006531788506754],[106.40771144919536,11.006555814240677],[106.40775744092835,11.006567831039094],[106.4078324228172,11.006581774000901],[106.40787595580001,11.006590512508803],[106.4078774269807,11.006590808570515],[106.40788024020478,11.006591762603382],[106.40804541822126,11.006647767449385],[106.40819844602498,11.00669680371269],[106.40845244452025,11.00677075606594],[106.40872243708196,11.006842774952345],[106.40900543913251,11.006925796873013],[106.40908819425236,11.006952702439664],[106.40917146128633,11.006979775933598],[106.40925742244295,11.007009787220404],[106.4093104555412,11.007030739727146],[106.40935540617635,11.007049809408981],[106.40936378350395,11.0070538405679],[106.40943640655443,11.007088783554241],[106.40959145000411,11.007161774480315],[106.40965542446983,11.007181798181287],[106.40986941580337,11.007253757737995],[106.41018445974065,11.007354790369474],[106.41031746049993,11.0073917535664],[106.4103494021395,11.00739873679108],[106.41042075024961,11.007408433328813],[106.41042339378986,11.007408792825634],[106.41042763607943,11.007408791736381],[106.41050524822002,11.007408781151844],[106.41051245718738,11.007408780841432],[106.41052094726308,11.007448204402776],[106.41052839711159,11.007482795239605],[106.41055045377763,11.007557793524562],[106.41056840941204,11.0075877715249],[106.41061340545423,11.007626734151168],[106.41065745751125,11.007647794546887],[106.41072543192327,11.007667809309792],[106.41079543475527,11.007682757734214],[106.4108674649579,11.00769381240483],[106.41093842566298,11.007698811187836],[106.41096140886212,11.007749756345795],[106.41099341474576,11.007818764239941],[106.41103342021403,11.00788775561993],[106.4110674314405,11.00794175061145],[106.41111343537592,11.007992734237618],[106.41120245466122,11.00803973848746],[106.41124046621724,11.008060721537626],[106.41133839659128,11.008109785709868],[106.41152441249639,11.008193738733535],[106.41155946032592,11.008205778773348],[106.41161946289553,11.008237744463596],[106.41166343046962,11.008255732845598],[106.41173144263826,11.008291751198565],[106.41185241517567,11.008350800196618],[106.41190839821729,11.008374729236959],[106.41202341133446,11.008434786538055],[106.41212839520486,11.008499747659018],[106.4121854565213,11.008532805435856],[106.41221939560127,11.008554792621322],[106.41228345091554,11.008576805429415],[106.41236243014328,11.008623740808071],[106.41280844183485,11.008930724781388],[106.41279141662977,11.008979766335472],[106.41274644001041,11.009084747863774],[106.41269940677478,11.009181775317673],[106.41264043566268,11.009306769205123],[106.41261744626048,11.009354739783374],[106.41259542408044,11.009395746884753],[106.41252844168483,11.00955077527932],[106.41249241374891,11.00964072782358],[106.41244746825616,11.009759721479348],[106.41244447185032,11.009769765943316],[106.41243944998516,11.009785780806405],[106.41243540089889,11.009797722504777],[106.41242245135592,11.009846757861464],[106.41240140570511,11.009953765598352],[106.41239244869881,11.009998723913235],[106.4123524422503,11.010165808907356],[106.41234144511851,11.010209773574728],[106.4123244666637,11.010279794930652],[106.41231445937893,11.010327734456343],[106.41230943841404,11.010343749315682],[106.41228843730708,11.010402748846658],[106.41226446739583,11.010451804621493],[106.41224544949232,11.010486747857048],[106.41221645133162,11.010547749268872],[106.4122074362916,11.010566756280783],[106.41215648701308,11.010692858163704],[106.4121294456968,11.010759784213427],[106.41210146239216,11.010836790925056],[106.41208847640212,11.010868735747037],[106.41205846276486,11.01094872761304],[106.41201546514337,11.011060756507016],[106.4119924827787,11.011112796264484],[106.4119014603375,11.011317786333182],[106.41184943569259,11.011444754811698],[106.41181445407662,11.01152973079612],[106.41177345438966,11.011624757822815],[106.41174147291193,11.011701770510413],[106.41168245184812,11.011838789430412],[106.4116684781428,11.01186775385229],[106.41160345988702,11.011989775501421],[106.41157449970342,11.01204044502853],[106.41156346199519,11.012059755680816],[106.4115584258102,11.012069802774791],[106.41154744409775,11.012086733783477],[106.4115314273185,11.01211380409844],[106.41152346003054,11.012128739575715],[106.41151647835643,11.012145752273632],[106.41150344374411,11.012190808956444],[106.41149642942177,11.012226809073749],[106.41149045184035,11.0122537671022],[106.41148748776615,11.012278726890042],[106.41148542983501,11.01230377782278],[106.4114824577962,11.012324760609232],[106.41148146436336,11.01235279176016],[106.41148246975908,11.012363728856783],[106.41148632559488,11.012372585797518],[106.41149642969206,11.012395796655587],[106.41150848233026,11.01241873656517],[106.41151469061026,11.01244141346835],[106.41151944207576,11.012458766746066],[106.41151845478515,11.012490776710079],[106.41151447936639,11.012501725565132],[106.41149846347689,11.012528794973058],[106.41149297800666,11.012536807976227],[106.41148544574557,11.012547810689863],[106.41146355943008,11.012573192327029],[106.41146045159122,11.012576797311324],[106.41137743812848,11.012649764238567],[106.41136743312157,11.01266479455972],[106.41136145368756,11.012691750781908],[106.41135445815635,11.01276979569059],[106.41134447613042,11.012862764316079],[106.41134344865792,11.012876781499706],[106.411299470648,11.013091796343414],[106.41129246386421,11.013130781690212],[106.4112854777188,11.013145806336253],[106.41127043588892,11.01316979885854],[106.41123746101917,11.013207754985624],[106.41122645391684,11.013213745848612],[106.41120043320093,11.013222754667337],[106.41111549480121,11.013246809029619],[106.41106044387237,11.013267814835041],[106.41100343084752,11.013290814769372],[106.41098948081093,11.013296812937224],[106.41092849193166,11.013329765419495],[106.41088449213785,11.013365757460733],[106.4108498505991,11.013396645516067],[106.41082950094476,11.013414792083777],[106.41079047086649,11.013445799080515],[106.41075647923222,11.013467753465942],[106.41074546989178,11.013472749836573],[106.41073544838521,11.01348081881008],[106.4107054329168,11.01349173393465],[106.41070220500097,11.013492385565545],[106.41069049340368,11.013494750801161],[106.410675476633,11.013496772450287],[106.41066046038962,11.01349779961678],[106.41063743613175,11.013496765747991],[106.41063668835586,11.013496701378243],[106.41054450409652,11.013488740036331],[106.41053992285643,11.013488616203517],[106.41051045869189,11.013487819646063],[106.4103874358144,11.013491794041093],[106.41031642899912,11.013500808447107],[106.4102974894191,11.013503743589414],[106.41019843369544,11.013525749949752],[106.41016049188548,11.013536771765889],[106.41013846783142,11.013544776418948],[106.41011049174205,11.01355677284292],[106.41009549100505,11.013564762218131],[106.4100864511673,11.01357273862902],[106.41007350221537,11.013587774410372],[106.41006146806893,11.013606787933417],[106.41005447500098,11.01361873871985],[106.41004244900128,11.013641820555367],[106.41000449638153,11.013715773126394],[106.40997443871558,11.013776779370769],[106.4099074736164,11.013939764892172],[106.40988549616779,11.01400075175232],[106.4098294769844,11.01416479925278],[106.40982047589823,11.014189773963011],[106.4098135064576,11.014212753486316],[106.409796468836,11.014255738538658],[106.40979249078853,11.014266777787839],[106.40977843862314,11.01429474692043],[106.40975444710527,11.014332773779376],[106.40967049813106,11.014427803518288],[106.40963949393522,11.01446982353534],[106.4096204524168,11.014494819159088],[106.4096034528553,11.014520805728823],[106.40959050774285,11.014538827638876],[106.40956846999572,11.014572780099634],[106.40955146859721,11.014598767574896],[106.40952950646839,11.014633806565266],[106.40951045144456,11.014652744919509],[106.40950049988828,11.014657739853622],[106.40948948605276,11.014660747229893],[106.40947545423678,11.014663761163808],[106.40946647075826,11.0146637806846],[106.4094554521105,11.014663804627379],[106.40945201692922,11.014663437805256],[106.40944548614902,11.014662740490042],[106.40943144013414,11.014659787567286],[106.40942147086155,11.014656824881868],[106.40940447414701,11.014650804518958],[106.40934646874429,11.014634745819125],[106.40931648074,11.014624775751274],[106.40929948715562,11.014619748952349],[106.4092884631673,11.014617783938673],[106.40926346174342,11.014610784667438],[106.40923847192269,11.014607765100857],[106.4092311860208,11.014607403928439],[106.40921944857487,11.014606815557899],[106.4091974855787,11.014607763720818],[106.40916549489485,11.014612806513568],[106.40912547444601,11.014639747131973],[106.40910946082408,11.014668806289743],[106.40910346878884,11.01468979471505],[106.40909447777543,11.014719741790206],[106.40908948424394,11.014747781629131],[106.40907846566577,11.014782797727594],[106.40907150020024,11.014806772613365],[106.40905850326634,11.014867741728464],[106.40905845192586,11.014913763707236],[106.40906645744667,11.014948827090185],[106.409108814094,11.015017666193447],[106.40911751613271,11.015031808702702],[106.40912449586999,11.015048791935248],[106.4091914810547,11.015198827529302],[106.40920245427942,11.015245819135574],[106.40919449181011,11.0152638302077],[106.40918536926132,11.015281550879678],[106.40917547859715,11.015300761324957],[106.40916051595512,11.015326742544739],[106.40915044899343,11.015347741629759],[106.40909749094465,11.01546277525247],[106.40907247868735,11.015518796249884],[106.4090474890872,11.01558377023696],[106.40903650127153,11.015631803118518],[106.4090304568985,11.01566382587406],[106.40899944906194,11.015771758230448],[106.40897848698899,11.015848748549091],[106.4089714719825,11.015918746309438],[106.40896251511515,11.015997788117913],[106.40896049860685,11.016007829521547],[106.40895145926402,11.01604980268443],[106.40894046809504,11.01609675249005],[106.4089325093118,11.016149753907536],[106.40893146774297,11.016190804725184],[106.40892650964705,11.016269749249735],[106.40892247210009,11.016387749560497],[106.40892645275035,11.016447778632633],[106.40893351089574,11.016498757573883],[106.40894045397603,11.016531744797073],[106.408942488077,11.01656374729528],[106.40894245365244,11.01658282422568],[106.4089405226543,11.016596751151411],[106.40894351470631,11.016618808568484],[106.40895048173144,11.016628829559124],[106.40895184326835,11.016630412347354],[106.40896251353473,11.016642816570062],[106.40899147377013,11.0166658102639],[106.40901346789617,11.01667878296393],[106.40912850022089,11.016745801603305],[106.40923045567035,11.016805798641759],[106.40925351522726,11.016821751546733],[106.40931648285385,11.016863748172712],[106.40933449188583,11.016883781279645],[106.40934449205183,11.016899764362066],[106.40934990100433,11.016912400596052],[106.40935048513681,11.016913766285787],[106.40935247701256,11.016926780615055],[106.40936538028538,11.016996371655312],[106.40936546365494,11.016996825319021],[106.40938746706904,11.017081767638775],[106.40940645972358,11.017170786637376],[106.40943347112373,11.017300747252229],[106.40945951359933,11.017437759932523],[106.40947451081877,11.01752877656772],[106.40948045787914,11.017555798148129],[106.40951049801662,11.017723817271234],[106.40951347441636,11.017738820227606],[106.40952245788948,11.017807786922537],[106.40952346816812,11.017853806581002],[106.40952148046279,11.017876776173262],[106.40951849809218,11.017892786562749],[106.40950346774933,11.018024826601618],[106.40949450506785,11.018100796382088],[106.40948346124145,11.01815778243333],[106.40947250565357,11.01818782419435],[106.4094574758166,11.01821778530754],[106.40943878593215,11.018244224872982],[106.409433473072,11.018251741133522],[106.40942147305414,11.01828576579805],[106.4094165322055,11.018303770308806],[106.4094145267704,11.018318782285208],[106.4094052217806,11.018366794339],[106.40940348292278,11.018375768334083],[106.40938648108374,11.01850274893741],[106.40938446211113,11.01854579173708],[106.40933450648724,11.018585773558009],[106.40932446777407,11.018585796278558],[106.40931148607524,11.018585823586259],[106.40930046524973,11.0185857571289],[106.40930035269166,11.01858575737351],[106.40928650164587,11.018585788377495],[106.40926846788206,11.018588810104013],[106.40924548511425,11.01860576892962],[106.40922847110086,11.018625786825398],[106.40921352440157,11.018659816981843],[106.40918048409854,11.018804825294183],[106.40915684494048,11.018885397046276],[106.4091535154049,11.018896745880754],[106.40912347462334,11.0189648037949],[106.40909148179168,11.019037748847666],[106.4090684869111,11.019083820658759],[106.4090195098893,11.019189803088322],[106.40900948389748,11.019216520346333],[106.40900450138403,11.019229801158708],[106.4089965306759,11.019273761863417],[106.40899453512992,11.01932982236328],[106.40898747975807,11.019415824106964],[106.40898648811668,11.019444759320798],[106.40898147699681,11.019465747420414],[106.40896447894653,11.01956081149476],[106.40894452349677,11.019649823796579],[106.408931509056,11.019703829765493],[106.40892652098006,11.019734764429252],[106.4089155207537,11.019811821701],[106.40888352551063,11.019950770424016],[106.40886850871138,11.020020784646045],[106.40886250612488,11.020070798363943],[106.40885747789268,11.020117824715228],[106.40885451577263,11.020143780765949],[106.40885376183253,11.020153701896175],[106.40885253576569,11.020169824186798],[106.40885398490234,11.020179510897385],[106.40885552506192,11.020189800427161],[106.40886448536045,11.020213831124392],[106.40888052544659,11.02026479234918],[106.40888649778333,11.020302753168767],[106.40889150077636,11.020346775193],[106.40888948769512,11.020425802806487],[106.40889053169529,11.020487826296812],[106.40888551896107,11.020541815786427],[106.40887349235732,11.0206318053408],[106.40886852476633,11.020672774268116],[106.40886451498022,11.02073580321574],[106.40886753234516,11.02076879895355],[106.40887554920307,11.020843827760329],[106.40888552214149,11.020915777564024],[106.40890548397684,11.020999820250195],[106.40892051856315,11.021039751245583],[106.40892748189891,11.02108177823824],[106.40892650634063,11.021118762378812],[106.40891653305265,11.021147807508685],[106.40891448946286,11.021179818854105],[106.40892852660988,11.021279788808071],[106.4089555067574,11.0213968194341],[106.40895876032668,11.021416696552661],[106.40897448457163,11.0215127807457],[106.40900051208419,11.021675834377106],[106.40902155624934,11.021770816693389],[106.40903153083481,11.021809764192144],[106.4090455446259,11.021831795840443],[106.4090575139953,11.021851752562],[106.4090654911492,11.021874790902809],[106.4090654924494,11.021942783533294],[106.40905850795428,11.021992798478783],[106.40905448315372,11.02201577249195],[106.40904449232347,11.022037765892504],[106.40902251393139,11.022065752223595],[106.40900052759257,11.022089759744363],[106.40896753879348,11.022122833709167],[106.40894252793017,11.022144768429131],[106.40891150960336,11.022180822452977],[106.40890048484403,11.0222127610929],[106.40889351721623,11.022235833713198],[106.40889453669091,11.022286825747845],[106.40889754909531,11.02238582516421],[106.40890450563055,11.022424779222135],[106.40891953867343,11.022464801524634],[106.40895024232366,11.022543071853622],[106.40895051106584,11.02254375746126],[106.40895243419305,11.022546838884617],[106.40897051105752,11.022575811316228],[106.40899252485134,11.022597825581606],[106.40904452018,11.022659827848612],[106.40909951567674,11.022713777334115],[106.40911850829617,11.022734802770264],[106.40913152489583,11.022750777479509],[106.40914652952394,11.022776784887252],[106.4091695139477,11.022827820488102],[106.4092045285839,11.02289076551099],[106.40923050743417,11.022930761288688],[106.40926048961774,11.022971835961087],[106.40931451085187,11.023028771864277],[106.40933454939463,11.023044822608638],[106.40935653424616,11.02305381644584],[106.40937754213388,11.023063805981808],[106.40941855218973,11.02307474740928],[106.40944756339697,11.023085806233738],[106.409472512337,11.023103833443367],[106.40950451441287,11.023136766134371],[106.40957156235024,11.023213745887425],[106.40959819363385,11.023238078952303],[106.40960552315181,11.02324477575286],[106.409624511023,11.023262817722046],[106.40963751842021,11.023273819120503],[106.40964555537731,11.023290801828123],[106.40967053572278,11.023355754861196],[106.40968352299835,11.023391804547925],[106.40969051590366,11.023413759214368],[106.4096905524868,11.02342976213109],[106.40968951919615,11.02344079678175],[106.40967852590514,11.023452754459303],[106.40962653619388,11.023494820152104],[106.40958854558062,11.02351777944806],[106.4095454998821,11.023542826389507],[106.40953288797469,11.023550379322437],[106.40951549816292,11.023560793188068],[106.40947856045346,11.023582756604982],[106.40943551565073,11.023607803529801],[106.40940453512496,11.023626767830919],[106.40938154462913,11.02364083276154],[106.40935051271839,11.023670829572657],[106.409330565571,11.023695826262543],[106.40931855758878,11.023726774380656],[106.40931149494399,11.023775795919805],[106.40931852035565,11.023812760849442],[106.4093201714618,11.023816144821351],[106.40933755405922,11.02385177722984],[106.40935756213902,11.023887810761254],[106.40938152398793,11.023936763938273],[106.40942554369047,11.024010809438556],[106.40945254248096,11.024067802254104],[106.4095045455467,11.024166786409861],[106.40952954355177,11.024206786995595],[106.40956851541767,11.024250825513223],[106.40960149956099,11.024283755143923],[106.40962450119584,11.024308750643359],[106.40965556049827,11.024358772337427],[106.40967951448818,11.02440374848472],[106.40974452243525,11.024547819344878],[106.409757555206,11.024569763577432],[106.4097675481059,11.02458276048522],[106.4098085111127,11.024639814187934],[106.40982751943831,11.024667803606878],[106.40983753693644,11.02469183014787],[106.40984349843511,11.024724820356727],[106.40984653814883,11.024767760821273],[106.40984753695076,11.024809802558073],[106.40985150334375,11.024828781265759],[106.40985954401474,11.024845761242686],[106.40987355580485,11.024866798361163],[106.40989155762423,11.024883758467512],[106.40989854635501,11.024903815484317],[106.40990954932384,11.024929831549667],[106.40994052684916,11.024976779536448],[106.40996049847513,11.024996807390423],[106.41000557095883,11.025034774369852],[106.41002752863972,11.025064745409487],[106.41005456941996,11.025106820862387],[106.41010954417725,11.025184820311411],[106.41012355358191,11.025204772533797],[106.41013951170544,11.025218751823948],[106.41014753948195,11.025230759418827],[106.41015150015893,11.025246753788764],[106.410154550424,11.02526076118054],[106.41016856447419,11.025282792757746],[106.41021554408344,11.02536379393499],[106.41024057003615,11.025415819459496],[106.41027154443415,11.025495770589204],[106.41031453257041,11.025579762974633],[106.4103275615803,11.025600801303629],[106.41032853140783,11.025629823543753],[106.41032850225976,11.025650799903643],[106.4103315050428,11.025676741156534],[106.41033179681762,11.025677903158662],[106.41033752260536,11.025700780906947],[106.41035356840895,11.025720817279895],[106.41035893731421,11.025724838655231],[106.41038955849979,11.02574777338077],[106.41047056073522,11.025784758851188],[106.41051756030974,11.02580780253622],[106.41053851840849,11.025829818964839],[106.41055454451066,11.025873816912089],[106.41055752060988,11.025921820305737],[106.41055654782011,11.02606079196185],[106.41056456075634,11.026201823406604],[106.41057457446631,11.02632576261228],[106.41059052772002,11.026404749230004],[106.41059754188261,11.026435748160306],[106.41060152586616,11.026495774425642],[106.41061356806499,11.026581824945337],[106.41063056655253,11.026622746917697],[106.41064957156158,11.026648745509352],[106.41066254357087,11.026677830189364],[106.41066851540302,11.026715793651562],[106.41069856771671,11.026820790442514],[106.41072151475653,11.026888823431058],[106.41073753221784,11.026963743375706],[106.410741527386,11.026994746167482],[106.4107335174685,11.027024783356111],[106.41073156962746,11.027064751227398],[106.41073652047682,11.02708481356156],[106.41075758037842,11.027118763503879],[106.41083654472284,11.027324830235093],[106.4109065799766,11.027487788525903],[106.41092452624115,11.027547783434862],[106.41094255658359,11.027609771638788],[106.41097257060554,11.027698765481505],[106.41100055775578,11.0277587402988],[106.41104753822248,11.027873827543932],[106.41110852200492,11.028038794466257],[106.41114452786941,11.028173797026517],[106.41118352372915,11.028329770251275],[106.41120754044734,11.028437765373546],[106.41124356083834,11.028544828426838],[106.4113025196606,11.028682767036935],[106.41133954373245,11.028766772229131],[106.41135753572424,11.028812755684346],[106.4113655323657,11.028844743304127],[106.41136753576319,11.028862822189238],[106.411359583833,11.028884810306916],[106.41135422199113,11.028888893043709],[106.41134255365925,11.028897778411546],[106.41130054636365,11.028914776214586],[106.41128456872562,11.028925753964646],[106.41128256020777,11.028939771468893],[106.4112885247249,11.02897276162],[106.41132459063476,11.029067799488411],[106.4113555935589,11.02915977545557],[106.41135955174903,11.029173780845257],[106.41135853407485,11.02919177591441],[106.411361542965,11.02922079368913],[106.41137459184175,11.029249788652802],[106.41140855752921,11.02931779751674],[106.41142553458563,11.029347778385402],[106.41144357681097,11.029381824349988],[106.4114735766723,11.029430765932032],[106.41150158425769,11.029465785528021],[106.41154252142445,11.029510813912484],[106.41160555647303,11.029580749164541],[106.41168756793536,11.029663752927432],[106.4117045298612,11.029687766028916],[106.41174459468047,11.029747806598712],[106.41179253275153,11.029817772958145],[106.41180953586822,11.029859779713023],[106.4118275437836,11.029912813954137],[106.41184153048151,11.029956816252016],[106.41185755177769,11.030032820975931],[106.41187356609296,11.030071756039058],[106.41189857627785,11.030116817338454],[106.41193258731164,11.030169818429515],[106.41195356992378,11.030201779472003],[106.41196955572038,11.03022877902924],[106.4119855309115,11.030249811731924],[106.41202153972559,11.030284814698081],[106.41206253411791,11.03032179572754],[106.41208257311197,11.030337754934681],[106.41211758755502,11.03036679137561],[106.4121425480302,11.030388800726607],[106.41216357848414,11.03040982056595],[106.41218953243595,11.030437791906198],[106.41221457686392,11.030463776272406],[106.41224958577001,11.030490736054661],[106.41227453329361,11.030507769408642],[106.4122865498658,11.030513800433395],[106.41229757578154,11.030516761585325],[106.4123165297759,11.030519794010587],[106.41233057251448,11.030521751376943],[106.412350585728,11.030525776868688],[106.41238957560718,11.030543774906995],[106.4124345630886,11.030576768332299],[106.41245454064999,11.030598787642184],[106.41246559441196,11.030613771077858],[106.41250759110255,11.030659790570885],[106.41253755746044,11.030692818622718],[106.41255252960006,11.030704811858973],[106.41258958418075,11.03073474785174],[106.41262755479407,11.030768751969186],[106.41266559508658,11.030800766970408],[106.41271859416503,11.03083880563489],[106.41277855479983,11.030883792227902],[106.4128365461837,11.030926795060466],[106.41287558184271,11.030964775635058],[106.41290955504726,11.031000775606836],[106.41296158339188,11.031043790552129],[106.41298056417668,11.031058757529392],[106.4129895728722,11.031069768404153],[106.41302559213513,11.031109743610047],[106.41303860184676,11.031120746633846],[106.41307253961372,11.031141739067523],[106.41311156286457,11.0311737509519],[106.413159583565,11.031213790286847],[106.41317956344922,11.031236802208545],[106.41319153442299,11.031256759618635],[106.41319760265665,11.03126976587935],[106.41322256814084,11.031294755845604],[106.41324653698518,11.03131278754086],[106.41328659739452,11.031336750889942],[106.41331955153527,11.031355755583817],[106.41333158640924,11.031370738643833],[106.41334456875104,11.031403802875968],[106.41337656355613,11.031466752078119],[106.41338455564406,11.03149575800381],[106.41338654143782,11.031539785574953],[106.4133835728664,11.031595759548575],[106.4133695611837,11.031675809624588],[106.41335760415662,11.031729813411319],[106.41333460340272,11.031806807510149],[106.41331058925665,11.031869790711283],[106.41329858050182,11.031900738063639],[106.41329657927866,11.031916746324708],[106.41330159276802,11.031930749369513],[106.41331157756487,11.031940763616303],[106.41336759874974,11.031978796437466],[106.41342354195837,11.032016739010896],[106.41352558740446,11.032079806947804],[106.41369259384862,11.032195806114835],[106.41370960729196,11.03220878929406],[106.41372360074976,11.032221779086871],[106.41373859178186,11.032241726238698],[106.41380958123885,11.032323761713705],[106.413827599574,11.032347771455857],[106.41383358967053,11.03235978339232],[106.41382955399175,11.03237778597382],[106.41381058327512,11.032400793667282],[106.41380156775402,11.032419798924085],[106.41379957101883,11.032437795230644],[106.41380957107751,11.03245377810727],[106.41388656413945,11.032520787391737],[106.41393559706769,11.03257375530273],[106.41395654160434,11.032589804600692],[106.4139885655369,11.032631776478606],[106.41406455955861,11.03272374389716],[106.41409059046403,11.03275280157459],[106.41410354534592,11.032772754975356],[106.4141595541797,11.032839809266212],[106.41420859167991,11.032894766977995],[106.41427259857043,11.032960811042036],[106.4143115596426,11.032998790660809],[106.4143585502136,11.033049771300808],[106.41440756858762,11.03309577690021],[106.41444555261397,11.03313674298229],[106.41445661084704,11.033152813016228],[106.41447456095257,11.033179808106988],[106.41448454075267,11.033186747573133],[106.41452755916661,11.033216761528392],[106.4145765429453,11.03324775687199],[106.4146555641685,11.033309789998327],[106.41474956673116,11.033387794109693],[106.41476455433708,11.033405752252163],[106.4148055383272,11.03343776048907],[106.41487556960939,11.03349673852913],[106.41492458366466,11.033540755087024],[106.41496053983892,11.03358579296405],[106.41499059970637,11.033626776359252],[106.41501157038832,11.03368776058437],[106.41501513295434,11.033688106257134],[106.415021612758,11.03368873392576],[106.41503956468439,11.033682727651561],[106.4150495913932,11.033676737867749],[106.4150635426769,11.03367173304385],[106.41508059419306,11.03366780810812],[106.41510656162497,11.033667751107444],[106.41515258887884,11.033659784646447],[106.41517054750956,11.033656760881817],[106.41517698534163,11.033655003698735],[106.41518156196858,11.033653752361246],[106.41524059425672,11.033688795658017],[106.4152945367738,11.033709742987437],[106.41523661121491,11.033897756110548],[106.41521759780268,11.033901774866106],[106.41519658235212,11.033921803696984],[106.4151675512845,11.033968792357562],[106.4151375516772,11.034021752725819],[106.41511555201272,11.034040787425598],[106.4151415817208,11.0341017605312],[106.41515954314097,11.034133730653355],[106.41516770497445,11.03414125630702],[106.41517255255191,11.03414572533855],[106.41530355158564,11.033924733080264],[106.4153128662855,11.03392239549158],[106.41531554709636,11.033921722400175],[106.4156375773999,11.033993800072912],[106.41570458258721,11.03401580441569],[106.41586356474276,11.03408778890727],[106.41603359208831,11.034170777796342],[106.41609856029585,11.034217199162606],[106.41610360636138,11.034220804353915],[106.41613257345881,11.034178789048102],[106.41617255633386,11.034134757850286],[106.4162069360831,11.034106742837851],[106.41621060461937,11.034103753144235],[106.41625160413076,11.034141728006103],[106.41627860928186,11.034166804513886],[106.41629359294717,11.034183768102695],[106.41629656093613,11.03419479214901],[106.4163025505616,11.03420572095119],[106.4163175900146,11.034213732302392],[106.41634358296473,11.034225792403754],[106.4163646021704,11.034240755565888],[106.41638654908346,11.03426575278074],[106.41640455878105,11.034285784453893],[106.41642257703975,11.03430880135015],[106.41642660947502,11.0343227169854],[106.41642354061135,11.03433474788295],[106.41641360219924,11.034345802124458],[106.4164095520884,11.034357745677164],[106.41640958458869,11.034371759613714],[106.41641859708179,11.034384759319709],[106.41643856195684,11.034401715559623],[106.41647158545267,11.034416740906522],[106.41649960281426,11.03442273655046],[106.41653657577871,11.0344497809648],[106.41657257646663,11.034480714115391],[106.41661356303595,11.03451371655879],[106.41662053973411,11.034527714311425],[106.41661560380398,11.034547797360132],[106.41662060832897,11.03455773293985],[106.4166495489396,11.034571774579081],[106.41667956092327,11.034591779823439],[106.4167175947972,11.034619725949927],[106.41676259162966,11.034656786961845],[106.41677257020541,11.03466273277466],[106.4167965941847,11.034671721516874],[106.41683459259995,11.034684747819469],[106.41686361010326,11.034698788363555],[106.41691054264878,11.03472373144196],[106.41692558306491,11.03473174547039],[106.41694560466914,11.034739748532491],[106.4169716079888,11.034756780039709],[106.41700359922532,11.034782747761392],[106.41703454663512,11.034815773148313],[106.41705158209476,11.034838790357519],[106.41707358765926,11.03488973784301],[106.4170855812734,11.034918733924325],[106.41708759314358,11.034940791540803],[106.41707660110045,11.03495374576858],[106.41709059707578,11.034967728956588],[106.41710961238589,11.034997794460477],[106.41711661023803,11.035020746072519],[106.41712360912054,11.035045776141416],[106.4171245579654,11.03506476044836],[106.41711960615174,11.035077791783891],[106.41713660623755,11.035084716599789],[106.41715458848618,11.035091727850771],[106.41716155442201,11.035101749507445],[106.41716454714303,11.035123714555647],[106.41716356776595,11.035157712496089],[106.41715760311978,11.035190726936824],[106.41718757592798,11.035193734771235],[106.41721657135396,11.035196746563345],[106.41721660598775,11.035245751657522],[106.41721555366539,11.035314740019313],[106.41722255897857,11.035355588601174],[106.41722259142732,11.035355773864273],[106.41730661136353,11.035357759479059],[106.41760857356091,11.035366767753302],[106.41761058947286,11.03532372501276],[106.41762159947356,11.035318728359483],[106.41763901301579,11.03531947652578],[106.41764560647637,11.035319760338485],[106.41775757689165,11.03533171941688],[106.41810057849793,11.035395791391663],[106.41810657594328,11.03544577780472],[106.41812358438676,11.035488779492022],[106.41812558938982,11.03550776146231],[106.4181266110996,11.035525752027278],[106.41812459147735,11.03556671450771],[106.41812356926079,11.035615722827078],[106.4181215475528,11.035689778825493],[106.41812059297693,11.035702710048023],[106.41812154474454,11.035855781608522],[106.41812261514549,11.03599574297462],[106.4181235240976,11.03600838259237],[106.41812355240639,11.036008760431542],[106.41846255393085,11.03600774134319],[106.41865684109517,11.036004865238153],[106.41866356640166,11.036004765410725],[106.41869661443374,11.036031726888856],[106.41875660818394,11.036057724807323],[106.41899956519957,11.036081781786008],[106.41935926605248,11.036099420292626],[106.4193665515617,11.036099778479535],[106.41951359033939,11.03609674042391],[106.41954672574245,11.036097590244479],[106.4195525428562,11.036097739215815],[106.41958758018522,11.036102725471386],[106.41961257097401,11.036105744071179],[106.41968159629944,11.036118701412626],[106.41978459399492,11.036134748776744],[106.41984455292764,11.036145738075106],[106.41986154298216,11.036147779867825],[106.41990359824614,11.036151755185767],[106.41996150630702,11.036156688107198],[106.41996256443932,11.036156777982193],[106.41998460829149,11.036157725514311],[106.42006526914757,11.03615862385388],[106.42007255128557,11.036158705385535],[106.42007360708033,11.036258703190722],[106.42008456251706,11.03626274727413],[106.42010556218351,11.036269754378937],[106.42011658703343,11.036271718041416],[106.42009954360609,11.036677723162262],[106.42008460929976,11.036816724484904],[106.42008761331353,11.036842757780649],[106.42011558025679,11.036925697714715],[106.42018957454009,11.037133760412557],[106.4202446088243,11.037269714796862],[106.42028960833133,11.037373774977063],[106.42033161581317,11.03748977549859],[106.42036961752198,11.037603705515542],[106.42038454931811,11.037630706883125],[106.42041254995311,11.03769574339712],[106.42043456329635,11.037749764406444],[106.42045362199227,11.037798726447766],[106.42049560723254,11.037871780933376],[106.42057060947627,11.03802369307598],[106.42057758236881,11.03803669896243],[106.42064855172612,11.038175782210473],[106.42066759694728,11.038218776495448],[106.42074455197617,11.03836770172969],[106.42075956072415,11.038394703806988],[106.42076660733223,11.038406713239137],[106.42076957645234,11.038417737224357],[106.42077157037292,11.038431747705166],[106.42085559539665,11.03860172298466],[106.4209495873211,11.038772762845525],[106.42103256016965,11.038911728977215],[106.4211145910659,11.039068689971808],[106.42117758732236,11.039185729607661],[106.42117959030325,11.039203717972178],[106.42123256672463,11.039296727917668],[106.42127257241593,11.03936273400236],[106.42129561215195,11.03940273594965],[106.42130160630992,11.039416738461236],[106.42132659913979,11.039452758167837],[106.42133660210547,11.039469733415071],[106.42119062114688,11.039573763775065],[106.42104659840214,11.039675711273429],[106.42102761203154,11.039691757193552],[106.42104663145574,11.039723720939564],[106.42107062495558,11.039751698465466],[106.42110962928663,11.039808753781122],[106.42116057777046,11.03987274576703],[106.42122056011907,11.039959772410288],[106.42125260263342,11.040008708312058],[106.4212995638161,11.040078765473687],[106.4213435630716,11.040141779254737],[106.42139459348554,11.04020875353918],[106.42143556713017,11.040267703889096],[106.4214935843456,11.040353742155336],[106.4215446331184,11.040428763495829],[106.42157561327727,11.040475710949904],[106.42159856363286,11.040509748008626],[106.42161462190052,11.040533762462537],[106.42162459120388,11.040569725952187],[106.42162560412095,11.040583738598169],[106.421660620678,11.04064577686517],[106.4217465849011,11.040771716589543],[106.4217986094404,11.040844745854926],[106.42186563692357,11.040941704193894],[106.42190562807828,11.041000747053321],[106.42218763580772,11.041460699530408],[106.42213557220832,11.041503762039245],[106.42204161558666,11.041580734257279],[106.42200061927574,11.041644749312965],[106.42162264233512,11.04197072223186],[106.42180864418161,11.04210376294865],[106.42196061539812,11.042210750547932],[106.42200862940905,11.042245724603324],[106.42219462460037,11.042375690334524],[106.42220763014052,11.042385697537949],[106.42235258087739,11.042491705128525],[106.42272860616802,11.042767722191217],[106.42255383278003,11.043005345604632],[106.42234759449643,11.0432857470617],[106.42240758097752,11.043307764445007],[106.42244363260114,11.04332775652451],[106.42253165064366,11.043393746137657],[106.42269664246486,11.04351571193603],[106.42286660669302,11.04363368958192],[106.42257362897247,11.04402674299855],[106.42220059231096,11.044534713048357],[106.42245164024489,11.044722762460028],[106.42277263207654,11.044962736023743],[106.42290965089494,11.045065687040227],[106.42334764866095,11.045404766073872],[106.42312464200239,11.04572877066831],[106.42294963312092,11.045981689915882],[106.42275364487213,11.046270732598874],[106.4226066500512,11.046545201183795],[106.42258759800023,11.046580775260777],[106.42296164765908,11.046683739990234],[106.42326462180014,11.046766701616297],[106.42357612893416,11.046869531653572],[106.42398260173465,11.047003710037579],[106.42430064194403,11.047105712895872],[106.42430365995894,11.047567730687836],[106.42431167225615,11.047704693766864],[106.42431561376677,11.047778733666405],[106.42429862848154,11.047778682010103],[106.42425266510872,11.04778176694464],[106.42413762045561,11.047881752915265],[106.42391660519831,11.048085771032046],[106.42383260671019,11.04816172630854],[106.42373966798237,11.048254700680767],[106.42357761580737,11.048397736204699],[106.42344865990823,11.048520717162246],[106.42330665084634,11.04864670963851],[106.4231316509178,11.048771693273068],[106.42274365269876,11.049042717342564],[106.42266266520402,11.04911369324657],[106.42256867967612,11.049179724736831],[106.42246266491416,11.049266758245857],[106.42244467272668,11.049288770731481],[106.4223426536926,11.049439720255894],[106.42231568515952,11.049463739824597],[106.4221946385635,11.049613737106231],[106.42200566191165,11.049866778260755],[106.42198867741,11.049866724671661],[106.42197370127575,11.049885749717316],[106.42160765185291,11.050350751463592],[106.4215966531838,11.050359728877089],[106.42158663286115,11.05036870231045],[106.42157466186033,11.050382742862002],[106.4215636719574,11.050396782139506],[106.42142562741704,11.05057376085737],[106.4212356501155,11.050818755781496],[106.42104166488014,11.051061771441233],[106.42094070164862,11.051179716961103],[106.42084663722784,11.051309761684273],[106.42067365178445,11.051525786586208],[106.42057767380696,11.051644714518984],[106.42047766779478,11.051752713015114],[106.42034170675345,11.051916755770984],[106.42031365501785,11.051996745811493],[106.42033068212142,11.052080794683958],[106.420362701735,11.052186781932635],[106.42040463583746,11.052269782030809],[106.42043168219261,11.052377766530448],[106.42045466673882,11.052460719112094],[106.42051871103476,11.052639779999382],[106.42056271172939,11.052801707980416],[106.42062564567809,11.053023720016027],[106.42062692440172,11.05302822487111],[106.4206767090857,11.053203713699157],[106.42070870319408,11.053329773998572],[106.42074569507913,11.053463778115772],[106.42075966251002,11.053497742862614],[106.4207806975444,11.053519756411665],[106.4208026553847,11.053548731958706],[106.42081269070201,11.053579722897847],[106.42081767116109,11.053678715581666],[106.42081565575663,11.05372176008024],[106.4208027160857,11.05377477085674],[106.4208296552636,11.053968744277238],[106.42083868247775,11.054087710626131],[106.42084469644847,11.054242759638083],[106.42085670437402,11.054311720724174],[106.42089065904034,11.054503779117232],[106.42092565029645,11.05465379055712],[106.42094671707031,11.054722731540018],[106.42100469115576,11.054820702573139],[106.42105871455603,11.054941740643743],[106.42113768977322,11.055046718594403],[106.4212236526629,11.055136762966562],[106.4212936600316,11.055215720868167],[106.42132067577849,11.055277776780947],[106.42130166566463,11.055316787975164],[106.42128268041067,11.055333738017575],[106.42126068149811,11.055352775011078],[106.42124265749557,11.055493772055284],[106.42121470303185,11.055815713456568],[106.42118266642679,11.05603576718432],[106.42117368018808,11.056100704716965],[106.42114566071078,11.056327709952471],[106.42112271789738,11.056463746427761],[106.42107373313418,11.056566748148342],[106.42102371407734,11.056646786089342],[106.4209736844009,11.056688760024068],[106.4209496711312,11.056718740706241],[106.42095368894405,11.056759780146411],[106.42097066685189,11.056789761186305],[106.42105871296107,11.056899781778347],[106.42114770613657,11.057027793925217],[106.42115872366197,11.057058781753108],[106.4211476973516,11.057090723481274],[106.42109369589085,11.057178726986123],[106.42104268050117,11.057251714500895],[106.42100869815293,11.057313724974362],[106.42098973939866,11.057375791609507],[106.420982691369,11.057396783460476],[106.42097620807104,11.057394046764882],[106.42096372426731,11.057388778429669],[106.42090071788941,11.057367762111722],[106.42090000910089,11.057369598040575],[106.42089568905216,11.057380793672777],[106.42088367075637,11.057406768929658],[106.42078872503369,11.057615749925077],[106.42060168340066,11.05805874913871],[106.4205476820011,11.058180749174676],[106.42052869379269,11.05822871146899],[106.42056169846721,11.058235782226902],[106.42062169833075,11.0582627730339],[106.4206537415977,11.058277711314945],[106.42069068708378,11.058290740173026],[106.42079970258482,11.058326754211967],[106.42098374466298,11.058390720977254],[106.42114074204976,11.058446791852624],[106.42118870584423,11.058457716830329],[106.42136370202424,11.058527761601693],[106.42137473451115,11.058532709482925],[106.421391722747,11.058566758774914],[106.42143170843885,11.058589726449581],[106.42158768839997,11.058695708465084],[106.42167674005339,11.058749760200348],[106.42171068441196,11.058770750496894],[106.4218156934835,11.058837788038879],[106.421906722682,11.058897710850266],[106.42209370735398,11.059027765930493],[106.42214571746787,11.059058752984793],[106.42226169057471,11.059132728217183],[106.42194967503043,11.05952672795023],[106.42184872964283,11.059652720023989],[106.42180169458317,11.05971774301747],[106.4219177217494,11.059815769190777],[106.42161672619683,11.06017674200713],[106.42108475765305,11.06081571506959],[106.42108025815223,11.060812013855868],[106.4209936947599,11.060740781860991],[106.42097873336954,11.060734757809058],[106.4209760148163,11.060736238379691],[106.42096772568844,11.060740749096938],[106.42088168907304,11.060850796179388],[106.42087490488525,11.060849801390939],[106.42086771876956,11.060848746017651],[106.42086615663814,11.060849228641034],[106.42085474154867,11.060852752721168],[106.4208427595183,11.06086173140274],[106.42079375047796,11.060921786259293],[106.42076475072153,11.060949789052783],[106.42073672983037,11.060976795195918],[106.42072176390153,11.061001781609988],[106.42070672788086,11.061029754318596],[106.4206977384829,11.061060785636625],[106.4206876913557,11.061090737130778],[106.42087272787292,11.061258770827775],[106.42088272166394,11.0612717681432],[106.42112469172164,11.061478734692692],[106.42124870192248,11.061600791590475],[106.4215387334596,11.061862714247795],[106.4215687656068,11.061889772296931],[106.42018372641041,11.06335875443237],[106.42020976620286,11.063389800272628],[106.42027977271269,11.063466768418335],[106.4203867699021,11.06360975096564],[106.42049974739048,11.063760765507988],[106.42057971742068,11.063870715402146],[106.42076177772975,11.064123744436106],[106.42095873081416,11.064418785794997],[106.42098372160866,11.064453722285062],[106.4210727095191,11.064578749042024],[106.42107772634245,11.064626748466832],[106.42107174073087,11.064649727815155],[106.42105774945297,11.064672724037413],[106.42101273184359,11.064727796802368],[106.42076573519617,11.065000767281186],[106.42074677080392,11.065026758860672],[106.4207287570432,11.065072729151055],[106.42072677578832,11.065130781086687],[106.4207457538208,11.065176760577145],[106.42081476348447,11.065280766040182],[106.42091274700098,11.065410747042696],[106.42109373544875,11.06565672642682],[106.42115976774363,11.065745730869088],[106.42119975201629,11.065799801183909],[106.42122973103147,11.065836715512429],[106.42126075922624,11.065869737299664],[106.42139973107408,11.065997729414885],[106.4215377582193,11.066108723454233],[106.42160276407769,11.066177746535718],[106.42167875814386,11.066231735829803],[106.42172872037688,11.066258750427753],[106.42179476358575,11.066285727454376],[106.42245372459485,11.066442761034896],[106.42268573451418,11.066484740305418],[106.42277372076498,11.06650072812485],[106.42335873508532,11.0666067468339],[106.42427063475836,11.066780379879166],[106.42427773750222,11.066781731882642],[106.42433966664329,11.066437270339524],[106.42433975972513,11.06643675029268],[106.42455278474146,11.066462764867046],[106.42487577265352,11.06650770354477],[106.42510496334555,11.066527471572847],[106.4251077334605,11.066527711289673],[106.42555842563,11.066539598629722],[106.4255627587154,11.066539712798491],[106.42572830218066,11.066553344808394],[106.42573272736539,11.066553709195514],[106.4257343345474,11.066553705601024],[106.42574171055892,11.06655368820032],[106.42561476513488,11.067062740731766],[106.4254617328176,11.067520766293615],[106.42540576832157,11.067707688983335],[106.4252517621023,11.06836770525143],[106.42523375595104,11.06858175911905],[106.42522279534637,11.068805741980183],[106.42533173449365,11.06923470095808],[106.42543978204583,11.06950570588072],[106.42563274200552,11.069998762331382],[106.42581973972108,11.070359735030092],[106.42600479234298,11.070596750724535],[106.42631674905013,11.071162687424179],[106.42677975897881,11.072281716329128],[106.42685477651747,11.07246771371695],[106.42710877988347,11.073240739166277],[106.4271397802905,11.073326744974857],[106.42713677429016,11.073398722688545],[106.42723181147275,11.073721744268044],[106.4272777949978,11.073889724370247],[106.42730381277661,11.073975740423872],[106.42734775293422,11.0740097287997],[106.42737081636301,11.074320705039565],[106.42739382042917,11.074508718348671],[106.42739476622987,11.074854736105506],[106.42729579132417,11.075149712910864],[106.42717983048539,11.075444726885356],[106.42705679963997,11.075719774990437],[106.42683582207778,11.076014754035857],[106.42672180538241,11.076170704439885],[106.42666180829633,11.076213696221586],[106.42662477762855,11.076262694670945],[106.4266078038571,11.076333708302904],[106.42641580596568,11.077511709344325],[106.4263288502797,11.078011720325998],[106.42632178784542,11.078010107925996],[106.4260177937359,11.077940717397674],[106.42601772713562,11.077942007650458],[106.42601349325136,11.078025052071725],[106.4260095265083,11.078102859538198],[106.4259878113447,11.078528756274244],[106.42597985665961,11.078910778549945],[106.42599183889315,11.079361743702798],[106.42599649781715,11.079459448437941],[106.4260008018837,11.079549697223078],[106.42599081833258,11.079772774591477],[106.425968028233,11.079954524101876],[106.42591082235828,11.080410745845104],[106.42586482391789,11.080894750665866],[106.42584182171034,11.081168760660814],[106.42584581770078,11.081199764820475],[106.42584984881867,11.081211781689255],[106.42585682398122,11.081224784629491],[106.42586644460052,11.081233902293485],[106.42587785762382,11.081244720108506],[106.4259638651119,11.0813177641017],[106.42605183209616,11.081388724323887],[106.42615787067311,11.081472754800348],[106.4261964619204,11.081503150742906],[106.42628985174385,11.081576707872951],[106.42650886673619,11.081739776158274],[106.42651583939917,11.081882708840192],[106.4265148593863,11.08204771767392],[106.4265128349664,11.08234971031795],[106.42648380879794,11.082991725103755],[106.42647785973102,11.08312971166782],[106.42651481495902,11.083801777916952],[106.42652087300215,11.083908725353528],[106.42652883771173,11.084056716751796],[106.42653360620868,11.084133051767553],[106.42653683247482,11.084184727305578],[106.42654583814739,11.084258757393105],[106.42655487217341,11.084346711849108],[106.42660283984762,11.084752748924958],[106.42656084307693,11.084808719851221],[106.42648688902155,11.084856716246803],[106.42646687889157,11.084888766882557],[106.42646383462409,11.084943747282567],[106.4264638558859,11.085018700678253],[106.42646284450493,11.0851377802597],[106.42644386886992,11.085651743936292],[106.42645186879653,11.08683273241313],[106.42646983545369,11.08778377086052],[106.42638587799249,11.087782782977143],[106.42634590541893,11.088358729446114],[106.4263158804554,11.088566751931364],[106.42634785530858,11.088714779846654],[106.426373881159,11.088836783084583],[106.42635784291068,11.089151736089644],[106.42625890474808,11.089267778822682],[106.42621890532732,11.089569766097114],[106.42618189397118,11.089923734091997],[106.42612590721772,11.090266715021016],[106.42604085986333,11.090678747683356],[106.42600489687139,11.0909967278473],[106.42596486680088,11.091613721659991],[106.42621190340054,11.09167971418495],[106.42656888348408,11.091752781826713],[106.42686291560692,11.091834761615479],[106.42689658915481,11.09192791601561],[106.42689687933158,11.091928718174742],[106.42766588305716,11.091879702527107],[106.427988649864,11.091895422708062],[106.4279959303405,11.091895777906322],[106.42845892729176,11.091877738987414],[106.42877188852613,11.091883724620654],[106.42921791493728,11.091872775363468],[106.42958288763654,11.09187574996176],[106.42962192346057,11.091876745941777],[106.42965663198055,11.09187672555774],[106.42967590523749,11.091876714654207],[106.42972588840827,11.09187768774846],[106.42979685891372,11.09187770944639],[106.43028658071724,11.091880702929776],[106.43029387969744,11.091880747936186],[106.4302839066092,11.09203762398765],[106.43028389953123,11.092037729779284],[106.4308296243609,11.092056484937777],[106.43083690459581,11.092056734291896],[106.4308399090699,11.092278697245401],[106.43083989364173,11.092728694889503],[106.43083687399216,11.093446687758432],[106.43083992243876,11.093458706749347],[106.43084493106012,11.093469726841118],[106.43085988534546,11.09350468400634],[106.43081887749669,11.093629731103546],[106.43081091776355,11.093648734451534],[106.43081388563193,11.093658763776869],[106.43082893245167,11.093733684034225],[106.43087290140342,11.094104740565761],[106.43091188035265,11.094276712398218],[106.43094790041293,11.094507731786763],[106.43103590283508,11.0950477643258],[106.43103789113792,11.095059695301014],[106.43105087154868,11.095219699963321],[106.43106116548309,11.09533349036435],[106.43106489676326,11.095374729903542],[106.43108393785234,11.095608682429454],[106.43116593561314,11.095806688070677],[106.43120690457194,11.09612069750564],[106.43124994635875,11.096384702017966],[106.43129788665715,11.096675731504662],[106.43130191048084,11.096718760421764],[106.43137590235212,11.097142729788525],[106.43139795243076,11.097306694488635],[106.4314809439557,11.097834712164735],[106.43149193468396,11.097885681088297],[106.43152688474741,11.098110735894233],[106.43154989390827,11.098284398106554],[106.4315499377074,11.098284733415547],[106.43226111016398,11.098286732097016],[106.43226290152322,11.098286737081555],[106.43227782171623,11.09828670420194],[106.43228494862457,11.098286688064274],[106.43259491345677,11.099048728208004],[106.43269892510443,11.099295686414115],[106.43291396350939,11.09985269952028],[106.4330822448789,11.100294951611856],[106.43308291259233,11.100296705791093],[106.43310192991991,11.100292684787355],[106.43315392896119,11.10028370704641],[106.43316691048366,11.100281689571343],[106.4332558926733,11.100266747910661],[106.43347591952754,11.100240754204844],[106.43363889046678,11.100224741407157],[106.43383382976121,11.100217929852501],[106.43384091681527,11.100217682325356],[106.43394192456441,11.10053571440996],[106.43396592907288,11.100598679522253],[106.43403896034512,11.100834676992374],[106.43408989994259,11.100986729801276],[106.43414390825798,11.10112675157347],[106.43418793055602,11.101258748032864],[106.43423392651864,11.101394717881927],[106.43424696011067,11.101447671863472],[106.43427790093588,11.101538741195911],[106.43432592854597,11.101671722092606],[106.43433093976924,11.101683736569806],[106.43437790415878,11.10181373736203],[106.43441995003836,11.101939680126355],[106.43442791524778,11.101955664867493],[106.43447794534937,11.102105731606649],[106.43452297008632,11.102246675948422],[106.43459492419531,11.102473727231244],[106.43467897699837,11.102708704940838],[106.43470196838244,11.102789664047855],[106.43474397101386,11.102897706373662],[106.43479896084958,11.103069731415701],[106.43485794647704,11.103238673538772],[106.43492398131399,11.10345271602206],[106.43498994303496,11.103635747447486],[106.43501597406305,11.103724747580415],[106.43511192125086,11.10397669716974],[106.43519692384348,11.10423075096278],[106.43521693436449,11.104295713955098],[106.43522098527532,11.104316679923881],[106.43524697868796,11.104390670843012],[106.43527196947078,11.10445471843392],[106.43530592050293,11.104605725613242],[106.4353149560974,11.104627675610798],[106.4353289244384,11.104659740801507],[106.43538493195926,11.104815670122758],[106.43540093793135,11.104847731575385],[106.43546498799093,11.105019735810014],[106.43548898114781,11.105076733043882],[106.43554693557502,11.105224701224518],[106.43567392816382,11.105578749021337],[106.43579297486511,11.105893665262643],[106.43584796397336,11.106032688978832],[106.4359229482004,11.106230707008466],[106.43599296733866,11.106435701228758],[106.43601195933759,11.106485746699269],[106.43606195728144,11.106621707914067],[106.4361229361088,11.106771749294072],[106.43615999588997,11.106863704839965],[106.4362999992232,11.107226674637907],[106.43631595270303,11.107268680841702],[106.43637593030967,11.107409681988463],[106.43645896165894,11.10759366849755],[106.43660797810058,11.107969727366617],[106.43664895566064,11.108089705282278],[106.43671499097444,11.108270746142225],[106.43681894215237,11.108521682217585],[106.43688293790821,11.108669724846026],[106.43697699838117,11.108887683293352],[106.4371039631278,11.109228709958039],[106.43711201166093,11.10924767872351],[106.43723595456682,11.109587718638725],[106.43729294983767,11.109744729159994],[106.43739795135198,11.109895663226533],[106.43727295745474,11.109977683176265],[106.43713296971964,11.110137676591787],[106.43721295447003,11.110341742657814],[106.43735594531395,11.110561666738922],[106.43742496628694,11.110630676272814],[106.43741598642194,11.111245699253844],[106.43739795166888,11.111443659736459],[106.43745895218117,11.111569739366061],[106.43751201209334,11.111657682042326],[106.43761301724629,11.111810705347315],[106.43768197858331,11.112014705095909],[106.43780297718216,11.112160720447815],[106.43786398676322,11.112225678063886],[106.43792980084454,11.112238494607892],[106.43793098957147,11.112238726043],[106.43811873996145,11.11224256309677],[106.43812595271463,11.11224271024064],[106.43814497115704,11.112303698231885],[106.43828001359618,11.112352666273045],[106.43853396417357,11.112557688249879],[106.43875095599529,11.11284272276308],[106.43887296055598,11.112967667047167],[106.43948700062437,11.113624664298507],[106.43992197954553,11.114071672785176],[106.44015996047538,11.114323656093354],[106.44012798551242,11.114404650247454],[106.44018096703057,11.114458688393729],[106.44030303431398,11.114576670587173],[106.44034383308218,11.11462577334707],[106.44042600349373,11.114724668236562],[106.44060825796285,11.114762545158511],[106.44095513503805,11.11483463430542],[106.44096001286698,11.114835648310688],[106.4413638721165,11.114725079584185],[106.44136898775427,11.114723679190478],[106.4415462199778,11.114867818786108],[106.44171198784554,11.115002635715712],[106.44177476110458,11.115045878241975],[106.44178602788884,11.115053639024582],[106.44184898679735,11.11511271756211],[106.44191302104377,11.115178662675264],[106.44193457413995,11.115203075221197],[106.44197396485701,11.11524769049931],[106.44203302674711,11.115318710669918],[106.44208397322137,11.11537365719081],[106.44213699964025,11.1154476746249],[106.44218799166713,11.115522692100285],[106.44223597085187,11.115600700805519],[106.44228296874618,11.115678709046948],[106.4423299641133,11.115755635122884],[106.4423769634964,11.11583464052284],[106.44241702387603,11.115916646191659],[106.44244101187024,11.116002664005046],[106.44244798164024,11.116076699673364],[106.4424559758844,11.11616863431239],[106.44245800414171,11.116259675003837],[106.44246500117158,11.116345644223893],[106.44247397317729,11.116435676271541],[106.44248498288161,11.116525704531822],[106.4424950115816,11.116616638206683],[106.44251500456893,11.116705652221814],[106.44253197672974,11.116794671380188],[106.44255604225935,11.116881685271043],[106.44257897688013,11.116969696230194],[106.4425979862589,11.117057717127317],[106.44264798266389,11.117158685167642],[106.44269302301191,11.117238690375697],[106.44269526337983,11.11724233129815],[106.44274100171495,11.11731669716075],[106.44278000603974,11.117398704283596],[106.44280104360149,11.117482651307624],[106.4428065880269,11.11755311467167],[106.44280797154228,11.11757069910243],[106.44280599900927,11.11766265576435],[106.44280100492917,11.11775470979083],[106.44279699326513,11.117845676680188],[106.4427980392336,11.117936632825007],[106.44280701898181,11.118030642698416],[106.4428109854254,11.11811164562865],[106.44282397788211,11.118209716343614],[106.44283799576905,11.118294673088355],[106.4428510055975,11.118368693007055],[106.44287599029012,11.11846067616844],[106.44290105241878,11.118553656327943],[106.4429260353196,11.11864564129451],[106.4429460467035,11.11874270226403],[106.44296201738563,11.118822681254686],[106.44296600503915,11.118912635240951],[106.44297301428705,11.119003667139058],[106.44300103007576,11.119100707850729],[106.44300867118372,11.1191286610077],[106.44301452460613,11.11915007830161],[106.4430209856223,11.11917371728287],[106.44302955885519,11.119191691067439],[106.44306105138882,11.1192577117345],[106.44309999564202,11.119346679293967],[106.44313498387201,11.119422638380687],[106.44316202166,11.11948966376712],[106.44317435342148,11.119511815593246],[106.44320600379922,11.119568675020433],[106.44324900607224,11.119648682087695],[106.44331204408107,11.119740670596657],[106.44335700344585,11.119818686005818],[106.44339299449823,11.119903683356197],[106.44342702148836,11.119987690761317],[106.44345704917635,11.120073696317473],[106.44348005543539,11.120159627653083],[106.44348902467505,11.120248666066246],[106.4434920319423,11.120339706257074],[106.44349602634027,11.120431649136505],[106.44349903218357,11.12052169666975],[106.44350302331885,11.120612643279559],[106.44350905004087,11.120702682037187],[106.44351703686186,11.120791633208286],[106.44352143710631,11.1208314315976],[106.44352694490355,11.12088124985739],[106.44352699073373,11.120881662003695],[106.44353799774501,11.120970696613835],[106.4435510450132,11.121059634303142],[106.44356401652922,11.121148664379897],[106.44357804914445,11.121239678230705],[106.44359403973108,11.1213287013411],[106.44361199316178,11.121416632336494],[106.44362904199417,11.12150565209794],[106.44364201172662,11.121594680362211],[106.44365000537287,11.121685709038136],[106.44365505299206,11.121776655006538],[106.44366304103347,11.121865695662564],[106.44368107124667,11.12195471315224],[106.44370905803811,11.1220396393948],[106.4437430094178,11.122123645099235],[106.4437820152604,11.122206647381379],[106.4438230559763,11.122287654218608],[106.44386605651013,11.12236666939953],[106.44391305601914,11.12244467816462],[106.44396201586864,11.122521688833013],[106.44401203162413,11.122597704395261],[106.44406106218874,11.122673628199001],[106.44411303687023,11.122747649380322],[106.44415905753421,11.122826656632721],[106.44420402234611,11.122906659877167],[106.44424604461928,11.12298766437438],[106.44427803269515,11.123071676339226],[106.44429802115043,11.123158700313654],[106.44430903248696,11.123248636202872],[106.44431505956803,11.1233386785269],[106.44432403391694,11.123429702182895],[106.44433504436984,11.123519641686823],[106.44434605032728,11.123607679055217],[106.44435804469815,11.123698699349443],[106.44437003323907,11.12378764031516],[106.4443712031667,11.123795761506235],[106.4443830084414,11.123877663874053],[106.44439605636346,11.12396669279625],[106.44439850169125,11.123986882968927],[106.44440706830174,11.124057624043497],[106.44442207800336,11.124146648431566],[106.44444305119849,11.124234662768117],[106.44447202093066,11.124319676133345],[106.44451102913293,11.12440267737071],[106.44468508094546,11.125010677553295],[106.4446800763923,11.125097667918892],[106.44468807052375,11.125188697425235],[106.44469704251792,11.125278639797733],[106.44471106042192,11.125427701518172],[106.44472101979362,11.125518635168898],[106.44473006434536,11.125608666871642],[106.44473405480534,11.125698711157684],[106.44473101910881,11.12578868037089],[106.44472202119856,11.125878663362702],[106.44470607462637,11.125967669753758],[106.44468809134045,11.126058668880734],[106.4446710906931,11.1261486703649],[106.4446670404306,11.12622462807284],[106.44467205631123,11.126333657073863],[106.44467603931572,11.12642171153612],[106.4446930904687,11.126510640761293],[106.44471904811513,11.126599639806008],[106.4447560236831,11.126684634609395],[106.44477809167552,11.126756644484296],[106.44482606228433,11.12683067382141],[106.444881057058,11.126904686910812],[106.44494004214103,11.126973626213989],[106.44500204513537,11.12704165536891],[106.4450650262376,11.127108689588518],[106.4451280760506,11.127172645307168],[106.44519203894633,11.1272386827589],[106.445194466786,11.127241035838045],[106.44525803469594,11.127302633440964],[106.44532402322695,11.127364686499874],[106.44539204774625,11.127423659217499],[106.44546203552586,11.127483624554193],[106.44551904880917,11.127530877161321],[106.44553209297324,11.127541688471903],[106.44560403498214,11.127597670478583],[106.44568509892554,11.127647662744359],[106.44576908950894,11.127690687848967],[106.4458490909198,11.127737698222717],[106.44592102648006,11.127791690324083],[106.44597502781,11.127859647372615],[106.44601304196861,11.127937677408763],[106.44604208292209,11.128020701456506],[106.44606403953233,11.128109619204741],[106.44608404022124,11.128200619915239],[106.44610404001094,11.128291621529309],[106.44612909472973,11.128380622499312],[106.4461610869096,11.12846662309257],[106.44619405993097,11.128551626942228],[106.44622808466747,11.128634639417214],[106.44626407540838,11.128718641798574],[106.44630006144409,11.128800654347792],[106.44633907173932,11.128883655254366],[106.44637807695086,11.128965662603521],[106.44642108304738,11.129046664399974],[106.44646408444255,11.129125677266442],[106.44651108345337,11.129202692831097],[106.44655808043966,11.129279616177127],[106.44660907709213,11.129354633524057],[106.44666105421133,11.129429648587514],[106.44671408960636,11.129504659378458],[106.44677006200632,11.129576680853338],[106.44682806726688,11.129646617359302],[106.44688803586476,11.129715645238816],[106.44695108450438,11.129778699163214],[106.4470150425248,11.129842654119486],[106.44702092164884,11.129848087446064],[106.44703950859753,11.129865263969023],[106.44708209005047,11.12990461476909],[106.4471510943501,11.12996367696542],[106.44722108164824,11.130022645553248],[106.4473000722994,11.130089639366863],[106.44736304200671,11.130150613134136],[106.44743236116551,11.130208065300486],[106.4474331004778,11.13020867834551],[106.4475040701658,11.130267645483773],[106.44757307350173,11.13032661626407],[106.44764010559446,11.1303816137387],[106.44771406700731,11.13042863847453],[106.44778405291183,11.130487697325652],[106.44785704867809,11.130541686432087],[106.44792808794233,11.130598663461502],[106.44800010767545,11.130655637290701],[106.44807408159922,11.130708630504932],[106.44815106467748,11.130756643473536],[106.44839205002219,11.130865665476172],[106.44810909577991,11.131332681445175],[106.44799511787666,11.131508622274957],[106.44792909475399,11.13156067501595],[106.44773506267653,11.13195261981362],[106.4476225475623,11.132180611996809],[106.44761610362836,11.13219367164128],[106.44749707002264,11.132434631388355],[106.44691109957337,11.133571690477837],[106.44671213114697,11.133952707948666],[106.44603011886376,11.135318647720075],[106.44577003386358,11.135826282485892],[106.44573909165804,11.135886675766777],[106.44644011824516,11.135943637784866],[106.44781914517516,11.136090616680379],[106.44956413084323,11.136220642015278],[106.45047910810617,11.136288671671926],[106.45089113400596,11.136431649309728],[106.45177608282913,11.13698264995816],[106.4523541071649,11.137417639111552],[106.45249394308773,11.137546364628378],[106.45357510159,11.1385416195713],[106.45361850961478,11.138588412283418],[106.45442113428936,11.139453635514977],[106.45547312871659,11.140254589479838],[106.4558891402028,11.140700621380052],[106.45630913417139,11.141481628347089],[106.45661811563117,11.142758640499421],[106.45763712461131,11.144932606620372],[106.45786522129795,11.145499687486375],[106.45796212350268,11.145740597221872],[106.45799795905684,11.14605250467659],[106.45813514497726,11.147246583482051],[106.45816204291056,11.14738069113555],[106.45827716240852,11.147954647615542],[106.45816417419077,11.149131566396218],[106.45819615127056,11.150612569641712],[106.45804816864887,11.151902590656405],[106.45774318603377,11.152909622626526],[106.45716917236427,11.153305635514975],[106.4567551531847,11.153411582449579],[106.45632920984674,11.153396585019879],[106.45632898710984,11.153396475249473],[106.45561921373141,11.153050611949617],[106.45440715798223,11.152125625946079],[106.45335418460218,11.15153163402483],[106.45268520769761,11.151440615571985],[106.45268344719469,11.151441011153302],[106.45216715389498,11.15155665586659],[106.45180622037996,11.151976662596871],[106.4516670460646,11.152333852491752],[106.45155216626362,11.15262869319112],[106.45152165927226,11.152895469826417],[106.45151174163242,11.152982192195731],[106.45145519943091,11.153476647135706],[106.45147286194874,11.153666060232116],[106.45162920785896,11.155342666904902],[106.45196323150655,11.1568276671164],[106.45264097549169,11.157970550508344],[106.4527602113227,11.158171620010037],[106.4537912615696,11.159310683906963],[106.45512220842025,11.160047598136414],[106.45588218680568,11.160239076805167],[106.45599211432179,11.160266774049047],[106.45613959375179,11.160303931432146],[106.45614223029146,11.160304596030793],[106.45685023910137,11.160257628501],[106.4573232095034,11.160041597671098],[106.45800924934993,11.159374618563893],[106.45863819012803,11.15873661604338],[106.45921920730386,11.158515624992011],[106.45966520447718,11.158358605321464],[106.46023353137808,11.15833684850198],[106.4602392254857,11.158336630694746],[106.46078123147971,11.158533624561706],[106.46179231071096,11.159268481286599],[106.4626401943155,11.1598847268944],[106.46269223892102,11.159922552696184],[106.46279114098091,11.159957019694081],[106.4630703822203,11.160054333440195],[106.4633085816168,11.160137344793124],[106.4633122294887,11.160138615350396],[106.46345380219203,11.160102891856898],[106.46384323855315,11.160004623171904],[106.46418321557489,11.159819549632678],[106.46432225073046,11.159637983248667],[106.4646801915983,11.15917054616824],[106.46580520110093,11.157738593971928],[106.46628917643224,11.157211588912345],[106.46679320453167,11.156886520109017],[106.4682511706512,11.156355554661632],[106.46984315331589,11.155910516558599],[106.4709461620733,11.1552485658154],[106.47126313752631,11.15465052826663],[106.47133016644155,11.154271531182253],[106.47115912810362,11.153630543033756],[106.4710964244425,11.15352038740961],[106.47048912935713,11.152453514797603],[106.47016964051673,11.151878602648754],[106.46964112146036,11.150927549701636],[106.4690170172197,11.150317472973915],[106.46870710618651,11.150014528142155],[106.46797833887621,11.14926613966436],[106.46781712024898,11.149100579759608],[106.46734238150239,11.14851201976473],[106.46730410510743,11.14846456699988],[106.46729526885618,11.148389589489815],[106.46728619513375,11.148312597406855],[106.46723516175338,11.147879570133767],[106.46749815873734,11.14744151770564],[106.4677803349764,11.147288719223429],[106.46855809131102,11.146867564090595],[106.46992511003407,11.145855535524454],[106.47159708106336,11.143880489385054],[106.4722761104811,11.143338541415712],[106.47304208855384,11.143116538238772],[106.47421807792671,11.143070484876063],[106.47535509577564,11.142900474906641],[106.47640104158421,11.142789539552613],[106.47781206767156,11.142579525448616],[106.47837815935118,11.14243142534964],[106.47876403049042,11.14233047424753],[106.47944676011389,11.142270612127245],[106.47944809459558,11.142270494973728],[106.47962351952144,11.142284515420057],[106.48019906080904,11.14233051369324],[106.48241302602224,11.142494465486333],[106.48265601603363,11.142551466115828],[106.48342316667548,11.14273155506378],[106.48405305302624,11.142879421853882],[106.48567046694087,11.143729591893363],[106.4859630859502,11.143883402387194],[106.48671961530893,11.144050286836721],[106.4874020413219,11.14420082442226],[106.48786705333974,11.144303402554106],[106.48813403167763,11.144334363487692],[106.48839307411984,11.14436440349047],[106.48870888853924,11.144400898597667],[106.49003297859291,11.144553910160987],[106.49003707934423,11.144554383717194],[106.49145401604898,11.144503418472722],[106.49236003156761,11.144302360845185],[106.49326604406008,11.14410138735249],[106.4949060589967,11.143613427565876],[106.49651203218986,11.14304435194774],[106.4978580436974,11.14242835741068],[106.49938686651285,11.141212636951549],[106.4998010044383,11.14088331348874],[106.5003619800207,11.140413389069503],[106.50083800626881,11.14023833305554],[106.50145495440727,11.140148652861079],[106.5014569649502,11.140148361245295],[106.50231897233262,11.140255331238889],[106.50243442461377,11.140313155119124],[106.50287598072097,11.14053430689438],[106.50430439505102,11.141201557487086],[106.50500599560996,11.141529294324563],[106.50609134608287,11.141999890020395],[106.50614998944481,11.142025316939462],[106.50660201478236,11.14208927581629],[106.50704588065146,11.142127754989447],[106.50705201388725,11.142128285567246],[106.50750702039265,11.1420603213387],[106.50763466740585,11.141964573298106],[106.5078429978473,11.141808306150102],[106.50797578579876,11.141089115163265],[106.50811294009793,11.140346269526207],[106.50829488610704,11.13992943707839],[106.508495480747,11.139469884548891],[106.50859395997897,11.139244269198544],[106.50887332425265,11.138817630019958],[106.50928753546157,11.13818505828932],[106.50936594388304,11.13806531412253],[106.50952340928818,11.137892065509858],[106.51029395803769,11.13704427748133],[106.51067595084731,11.136460423453762],[106.5115486551708,11.135126544847084],[106.5116999551397,11.13489529179321],[106.51252889911315,11.132661242011434],[106.51300888702032,11.131348305189677],[106.51340390204979,11.130142271229884],[106.51350435394318,11.129719532782795],[106.51372588801331,11.12878724010418],[106.51431886765631,11.127519218670221],[106.51523700797684,11.126415302245166],[106.51530687918911,11.126331294734117],[106.51683569164449,11.12475328383296],[106.51736184460651,11.124210199054817],[106.51871124946703,11.123367574627535],[106.51896486757406,11.123209204236504],[106.51983792279258,11.122692025908135],[106.52134685528182,11.121798169173456],[106.52256684753,11.121470184476555],[106.52395659252694,11.121348187182521],[106.52395681583502,11.121348167622829],[106.52616110933596,11.121467666032931],[106.52616259617399,11.121467747175675],[106.5261698298528,11.121468138942037],[106.52619287212944,11.121451736128009],[106.52666480467111,11.12111578477245],[106.52678781312666,11.12102821942098],[106.52696082630948,11.120327159672028],[106.52694472491953,11.11997554737304],[106.5269108183811,11.11923518713318],[106.52685981443891,11.117880202994735],[106.52728173730434,11.116655189610347],[106.52765073354033,11.115803175425672],[106.52779377338,11.114619203547653],[106.52747536840816,11.112628506228013],[106.52729074349658,11.111474210672176],[106.52669069783073,11.106756182715278],[106.52637529491501,11.106059058581565],[106.5261556943027,11.105573683324968],[106.52601971918818,11.105273143502382],[106.5252926839209,11.104375131473743],[106.52415767687619,11.103718212521098],[106.52271167637515,11.10334517317222],[106.52111770743937,11.103091218738486],[106.52093608462432,11.103061388130595],[106.51912671708192,11.102764220980202],[106.51735068260597,11.10223621384386],[106.51668570760775,11.101845240789535],[106.51652871971696,11.101605230223827],[106.51637271334137,11.10136521886717],[106.51619267704673,11.100799235020633],[106.5165826803103,11.099136258231786],[106.51674472964905,11.098828259491892],[106.51743769107381,11.097506185193257],[106.51797764970928,11.096777250020812],[106.51798905799015,11.096765873326074],[106.51869167354766,11.096065232347135],[106.51956862103569,11.094487175134349],[106.51969241681947,11.094288496290286],[106.52063163105998,11.092781159429027],[106.52135367304864,11.091562164286074],[106.52197204200574,11.090848190516022],[106.522181644183,11.090606183360318],[106.52289876845397,11.090053153126677],[106.52315163690986,11.0898581471315],[106.52380063110805,11.089606126119811],[106.5244239646007,11.089537776409427],[106.52442964703101,11.089537153391255],[106.52532258100551,11.090090179203502],[106.52622144470594,11.090965002493002],[106.52637159951401,11.09111114209757],[106.52728361610899,11.091654166028055],[106.5274812022058,11.091719162007871],[106.5285176503722,11.09206010391379],[106.53015409270341,11.092400624560616],[106.53015663869179,11.092401154975656],[106.53159745156316,11.092350787649844],[106.53161762143581,11.092350082634288],[106.53162487921578,11.09234776030661],[106.53202424358551,11.092220009844901],[106.5325895887413,11.09203916284166],[106.53279857855516,11.091913806737198],[106.53300368429821,11.091790779464537],[106.53347158317173,11.091510124141207],[106.53391161416793,11.090983135628964],[106.53412861047515,11.090196067601273],[106.53412109514059,11.090048523326761],[106.53410704861255,11.089772719130986],[106.53407961639505,11.08923410556597],[106.5340630613054,11.089203219386617],[106.53347438424002,11.088104922032665],[106.53305159695188,11.087316125844453],[106.53170866609258,11.085663477323074],[106.53169656660265,11.085648587386844],[106.53149057885093,11.085395092107348],[106.53065358369015,11.084734002576146],[106.52869257134589,11.083185119110688],[106.52790853529004,11.082410126230279],[106.52717954501348,11.081522155914408],[106.526051537314,11.07976416666405],[106.52487952026391,11.077457109025472],[106.52416150338611,11.075537119868217],[106.52388953020731,11.074227181202545],[106.52385752628089,11.07394218945026],[106.52382650633065,11.073657194259566],[106.52392749808268,11.07304718597826],[106.52404536949109,11.072740583897486],[106.52488747373349,11.070550120311417],[106.52521151982991,11.069787103147744],[106.52563251972568,11.069148155258045],[106.52640846710658,11.06844509365266],[106.52726345023049,11.067828173523258],[106.52867443987516,11.066816157967477],[106.52970846729608,11.06565212992931],[106.53071546738629,11.063636109484417],[106.53167638992535,11.061271119025044],[106.5329494178765,11.05912312494224],[106.5343124071193,11.057542058399386],[106.53662441584622,11.056239070669266],[106.5400513616178,11.054934060948957],[106.54287731757229,11.053827059457346],[106.54506330664965,11.052876050752474],[106.54625429978441,11.052127007000996],[106.5473543476706,11.050940962399004],[106.54774633879119,11.049846019409298],[106.54815832114242,11.04846802719048],[106.54857529355087,11.04756903355325],[106.54904528738312,11.04687694398606],[106.54980930895542,11.046300983587342],[106.54987831914013,11.046279011006519],[106.55112526511493,11.04588594204159],[106.55299027151457,11.045709940142636],[106.55338264364418,11.045702752330747],[106.5562642337506,11.045649970128776],[106.55677782834653,11.045628372696333],[106.55877576811648,11.04554435358007],[106.560998230245,11.045450891867965],[106.56226022518024,11.045267949581042],[106.56460221458258,11.044928933801852],[106.56636512587883,11.045007568685689],[106.56637226411326,11.045007888449433],[106.56756922174235,11.045437918052231],[106.5680942517279,11.045965865541318],[106.56841625720702,11.046613888896642],[106.56852002929409,11.047115940717717],[106.56861220387864,11.047561880150642],[106.5687412608866,11.049540849061728],[106.56891052313303,11.050335217714915],[106.5689982419472,11.050746893976878],[106.56950526108051,11.051634912964941],[106.57007588837862,11.052347883460168],[106.57110829207429,11.053637819306589],[106.57167225981347,11.05428888832669],[106.57200813289637,11.054519957834762],[106.57206025587527,11.054555816858487],[106.5726448273771,11.054621117323215],[106.57265128331224,11.054621838363735],[106.57321677297402,11.054378299917452],[106.57323629066131,11.054369894366697],[106.57357719465469,11.054129305265745],[106.57395623296561,11.053861802628932],[106.5750272682298,11.052327834790983],[106.57645626979595,11.05077480262461],[106.57832120355673,11.04917184110974],[106.57855154709014,11.048917807356423],[106.57926518047486,11.048130776744866],[106.57946499767512,11.047882211403143],[106.57961722558365,11.047692846328637],[106.58020316542513,11.046678798952325],[106.58031053286449,11.046326706672547],[106.58049235655214,11.045730437970127],[106.5805681695067,11.045481819007744],[106.58077020855525,11.043992802277648],[106.58101776453762,11.042435355805944],[106.58114818984387,11.041614817364719],[106.58146965668811,11.040676825028529],[106.58164719486852,11.040158797707186],[106.58218718456621,11.039104821163557],[106.58254830507322,11.038544617239488],[106.58276415160726,11.03820977710427],[106.58359374567644,11.037540305246058],[106.58367974380248,11.037470905967337],[106.58373816118433,11.037423764083162],[106.58488910427526,11.03693381241097],[106.58490881408126,11.036927213748816],[106.58526918205793,11.03680655536247],[106.58648111999716,11.036400776542813],[106.58715037143229,11.036356003977724],[106.58860082565401,11.036258967390618],[106.5886041286487,11.036258746701735],[106.59002108714843,11.036469730266738],[106.59103310159273,11.036899726344684],[106.59153309440418,11.03790471991887],[106.59185413026817,11.040000762283587],[106.59217314804113,11.041703696181388],[106.59280115530201,11.043230732398234],[106.59329614973375,11.043764919579244],[106.59355403551747,11.044043224650322],[106.59364715017126,11.044143711867383],[106.59400545876686,11.044468923675565],[106.59445991127788,11.044881397369467],[106.59489218171429,11.045273738747797],[106.5961770688449,11.04574767194439],[106.5961771641216,11.045747706935424],[106.59743914328362,11.04580674267351],[106.59780665621254,11.045729948069976],[106.5989421305226,11.045492686310654],[106.60009727654459,11.04481527107529],[106.60022110388918,11.044742653843901],[106.60032177525207,11.044611299575987],[106.60180214779115,11.04267970326414],[106.60247811202048,11.041780450628297],[106.60298910906094,11.04110065930515],[106.60329410215225,11.040224701018683],[106.60329294832573,11.040035866851944],[106.60329009305201,11.039568680756698],[106.60273165454234,11.038397164004246],[106.60270806604068,11.038347677568193],[106.60248349149951,11.038112639679815],[106.60146208300424,11.037043640245527],[106.5995480507383,11.034911668694775],[106.59865257135263,11.033809963009109],[106.59834507061845,11.033431646208921],[106.59805246534212,11.033145612917684],[106.59750009779295,11.032605651643705],[106.5963507353092,11.031261704345221],[106.596238334749,11.031130273001901],[106.59614209157859,11.031017736061592],[106.5955610628967,11.029971659744154],[106.59519904449367,11.028487736634373],[106.59518701205216,11.026206381506995],[106.59518671437347,11.026149900818474],[106.59518405522165,11.02564566351586],[106.59524143686794,11.025267494942971],[106.59556900218963,11.023108703126999],[106.59581318053696,11.022155319027043],[106.59621902171394,11.020570730812166],[106.59750397278366,11.01682669154904],[106.59829196631694,11.015379699398753],[106.59930597583099,11.014631683780191],[106.60111692184707,11.014140643834429],[106.60487190939985,11.013071634483598],[106.60833488366417,11.011831621674103],[106.61034001383915,11.011681530354831],[106.61049416801016,11.011669991873323],[106.61150087658028,11.011594635678055],[106.6129994099125,11.011586424033217],[106.61424386153811,11.011579605594273],[106.61549832558578,11.011503067905874],[106.61588290560907,11.01147960539469],[106.61621185140955,11.011459534882468],[106.61712303241313,11.01114421853149],[106.61749191192669,11.011016567487843],[106.61872488461897,11.009960555053286],[106.61944999859489,11.009097438944751],[106.6196708388181,11.008834569227595],[106.62005082971646,11.008157559908609],[106.6202678305742,11.007555129945949],[106.62093587815697,11.005700519543808],[106.62123440100056,11.004027210521155],[106.6212978531231,11.003671540338823],[106.6210257902693,11.001905490041521],[106.62101046970106,11.001874185727015],[106.62094300327821,11.001736334248331],[106.61963880736648,10.99907152085434],[106.6178886930245,10.995983326902653],[106.61765078167807,10.995563516464934],[106.61729649685752,10.995008670492018],[106.6166757542121,10.994036525812517],[106.61641675487822,10.993629594338257],[106.61598680733834,10.992444522838685],[106.61581180334665,10.990896529545159],[106.61611374872398,10.989365535356233],[106.61659678661354,10.988728561756723],[106.61707975035353,10.988092582164795],[106.61770438428253,10.987654053888777],[106.61871070459303,10.986947561140806],[106.62074168574695,10.985819561369071],[106.62194972744221,10.984766506029946],[106.62370972556953,10.982964517815734],[106.62459826617734,10.981715767685468],[106.62505669944856,10.981071489945418],[106.6253174833161,10.980878827438092],[106.62665668331637,10.979889449175145],[106.62792362975792,10.97947849224577],[106.63125565250947,10.978604436350476],[106.63395261657695,10.977965453442813],[106.63487364703667,10.977747416876618],[106.63690304234963,10.977605748057565],[106.63690759138989,10.977605430147443],[106.638169603587,10.977926419128275],[106.6400346547941,10.9790964144816],[106.64138564375652,10.97993344748254],[106.64234266380205,10.980526388660847],[106.6433024046899,10.980929950708633],[106.64367259476067,10.981085612629778],[106.64398359460412,10.981216385547095],[106.6460150757163,10.981554655737497],[106.64601960698835,10.981555410821183],[106.64734563080764,10.981373392475378],[106.6483896282451,10.9808163615155],[106.64892759184998,10.979354357262336],[106.648940737257,10.979308226594142],[106.64992560871356,10.975852303981902],[106.65018724846605,10.974339305805549],[106.65031157641664,10.973620350224975],[106.6501856423437,10.972978293276755],[106.65003755913156,10.972223308129216],[106.64938512856503,10.970950497973272],[106.64932253228659,10.970828381344045],[106.64887150474641,10.969214328962769],[106.64872450283711,10.966767321062601],[106.64875266126666,10.966095965275493],[106.64878316568986,10.965368636857873],[106.648826505043,10.964335312059504],[106.64938050387454,10.961970317858405],[106.65010744090252,10.960010023403557],[106.65029348094133,10.959508337745072],[106.65099445684812,10.957291366213104],[106.65166438476878,10.954825926334268],[106.65180747639677,10.954299324479617],[106.65192066124764,10.953571331084957],[106.65204914428973,10.952744944982392],[106.65224544703756,10.95148234176735],[106.65236442685482,10.949706306222176],[106.65228239414859,10.948108342802058],[106.65226440157682,10.947985533973398],[106.65223700304689,10.947332748946527],[106.65190893897567,10.944759735825958],[106.65132147612087,10.942471871280077],[106.6503143944755,10.938970932900022],[106.65007025454602,10.937893280495551],[106.65005324080269,10.937688579632265],[106.65004731726403,10.935915332648305],[106.65042330309053,10.933910339708381],[106.65147234731155,10.931631314290952],[106.65322831768498,10.92930526370337],[106.65476824756253,10.927854305248664],[106.65656724521585,10.92644425060128],[106.6572232630206,10.925930303919552],[106.66007722985904,10.924176249842795],[106.6647972464949,10.921877201050192],[106.66790322144945,10.920937203281902],[106.66985225494977,10.920921255335367],[106.66985821169234,10.920921205785382],[106.673396157672,10.922069168799647],[106.67460652589494,10.922392583811622],[106.67735917651736,10.923128101801918],[106.67922744968334,10.923502575055434],[106.6793331065698,10.92352375265553],[106.6793351495936,10.923524162299325],[106.68075880423412,10.923516613508042],[106.68141420746458,10.923513137720354],[106.68273613241332,10.922763129806476],[106.6828067450166,10.922712315426462],[106.68383812470371,10.921970116568792],[106.68443975996017,10.921489241538566],[106.68488414158017,10.921134057656076],[106.68572811327911,10.919992117437612],[106.68646089894202,10.918524466413876],[106.68717209112046,10.917100064429386],[106.68783345807906,10.91596067936214],[106.68824711138133,10.915248047600953],[106.688634997355,10.914144899064503],[106.68895806660684,10.913226089213401],[106.68962615172153,10.911899571596653],[106.69001847181343,10.91112060039541],[106.69020508660458,10.910750065588626],[106.69049405914302,10.910175069258335],[106.69097308860096,10.908905042862662],[106.69274304761234,10.90416704315178],[106.6928540008607,10.903870063348776],[106.69304200762555,10.903365082347017],[106.69310603298449,10.90311607416302],[106.69374603807168,10.900623012049456],[106.693908000336,10.899994069193012],[106.6943409946116,10.898418047616518],[106.69446799385574,10.897325044229316],[106.69452598218844,10.896239029028978],[106.69435840222062,10.895232771566743],[106.69433795828512,10.895110015045521],[106.69407396671491,10.894293060675272],[106.69386561764094,10.893648223169196],[106.69380997738307,10.893476014606549],[106.69378266062301,10.893425420106842],[106.69210612603644,10.890320169986852],[106.69190196308546,10.88994202140502],[106.69178471914334,10.889780319030727],[106.69148274686627,10.8893638387283],[106.69035690238198,10.887811072029056],[106.68972392007177,10.886772016738],[106.68949410906393,10.886189941756083],[106.68901090912988,10.884966070113732],[106.6888529477128,10.88379003260143],[106.6888775571876,10.882677944004454],[106.68887793062291,10.882661083723933],[106.68888095786033,10.882650501003724],[106.68922104297353,10.881461835728363],[106.68929993526869,10.881186091335177],[106.68987114229435,10.880271082311095],[106.69045487927082,10.879336001817991],[106.69165984863002,10.877685018518386],[106.69273386981293,10.876378990001008],[106.69524281305772,10.87329703515837],[106.69661983414083,10.871605998028906],[106.69687578644955,10.871291030875438],[106.69705196335786,10.871074631801543],[106.69705982314164,10.871064978835127],[106.69757781666148,10.870428968926273],[106.69842844998045,10.869683131035249],[106.69977575748715,10.868501804443744],[106.69985879231224,10.86842899918317],[106.70014172940148,10.868254072439651],[106.70146180739144,10.867437930758257],[106.70279681230217,10.866955973316474],[106.70811978639239,10.866699930794352],[106.7103517929293,10.866568922706552],[106.71209874759604,10.866277943858712],[106.71321976581176,10.865883860270122],[106.7138377337304,10.866560906448411],[106.71390273980798,10.866624894263932],[106.71396676549323,10.866688885137489],[106.71403071757075,10.86675386974235],[106.71409677459442,10.866815866276795],[106.71416073112714,10.866881936561667],[106.7142247537297,10.866944932960834],[106.714290742675,10.867009912920258],[106.71435371082478,10.867072910787321],[106.71441773578721,10.867136901551591],[106.71448176579956,10.867201886704322],[106.71454571718644,10.867266872087894],[106.71460974725431,10.867331857208677],[106.71467377004419,10.867394852592197],[106.71473772363635,10.867459929227115],[106.7148017496779,10.867523919892847],[106.7148667657541,10.867590890695094],[106.71493071502408,10.867654880665839],[106.71499376392356,10.867719869675467],[106.71505673602623,10.867784858910762],[106.71511873943683,10.867852923929881],[106.71517772128804,10.867919911792175],[106.71523776818808,10.867989884075882],[106.7152937415889,10.868059865522188],[106.71534874036709,10.868131931066426],[106.71540073539713,10.868207892406426],[106.7154497187554,10.8682858538428],[106.71549576846454,10.86836590372572],[106.71553675938681,10.868445878185394],[106.71557474320196,10.868527851828052],[106.71559274399017,10.86861287059978],[106.7155787864272,10.868705856536888],[106.71554873644435,10.868791932091105],[106.71551074963658,10.86887287877028],[106.71548937097548,10.868913207274646],[106.71546778322346,10.86895393058655],[106.7154247433346,10.869034893131342],[106.71538675903724,10.869116923708948],[106.71535278148261,10.869200931441405],[106.71531578048797,10.869283864750141],[106.7152807497563,10.869368870204754],[106.71524578897622,10.869452881017049],[106.7152157362606,10.86953786992766],[106.71518772350083,10.869623848657396],[106.71516672903834,10.869710889261583],[106.71515177718727,10.869799899727397],[106.71513976753465,10.869888900952638],[106.71512979373658,10.869977896687843],[106.71512072445543,10.870066889582064],[106.7151137751583,10.870157863753668],[106.71510878473657,10.870247929563076],[106.71510379538219,10.870338896674722],[106.71510077056104,10.870429861232354],[106.71509676284347,10.870520915662187],[106.71509373116248,10.870610884012768],[106.71508980346957,10.870702933514302],[106.71508579227383,10.870792905844398],[106.71508177879025,10.870881881953535],[106.71508176872398,10.870972925634337],[106.71508575875976,10.87106386634978],[106.71508778547575,10.871154902728458],[106.7150857360661,10.871244867991072],[106.71507576635334,10.8713348581289],[106.71506277530374,10.871423861527791],[106.71504578249366,10.871511885786855],[106.71502879195201,10.871600902649899],[106.71501075099904,10.87169091813504],[106.71499179608146,10.871778856344596],[106.71497080557903,10.871866892252061],[106.71494974326095,10.871955920995859],[106.71493275330657,10.872044849259936],[106.71491877445682,10.872131866917503],[106.71491274043242,10.872225913676397],[106.71492675647279,10.872314922657374],[106.71496978102262,10.872392902818827],[106.71501274978982,10.872442428279964],[106.71502876611494,10.872460887741306],[106.7150957419984,10.872526857806694],[106.71516375415956,10.872586857177604],[106.7152338031397,10.872646851036142],[106.71530580753917,10.87270484808529],[106.71535505984251,10.872737924127822],[106.7153817881654,10.872755872588385],[106.71546180600905,10.872795855367167],[106.71554678963804,10.872830847707796],[106.71563380350611,10.872864928720505],[106.71572275164603,10.872889874856256],[106.71580992671879,10.872905542277236],[106.7158117450783,10.872905869239624],[106.71590174657356,10.872906851926222],[106.71599179517345,10.872898883759783],[106.71608279511068,10.872881872399866],[106.71608337089748,10.872881744930892],[106.71617378634177,10.87286187597513],[106.71626373950575,10.8728478511131],[106.71635476531016,10.872838886253845],[106.71644677794366,10.872831905294397],[106.71647918673048,10.872829064174399],[106.71653878707741,10.872823839497746],[106.71662980828387,10.872812885734282],[106.71671976460289,10.872799855150868],[106.7168087916724,10.872778871208482],[106.7168947696276,10.87274885395085],[106.716979758438,10.872715859238314],[106.71706376358266,10.87268187227678],[106.71711241599836,10.872661272071284],[106.71714874273152,10.872645891581547],[106.71723380647296,10.872612895663345],[106.71732076339501,10.872581881696673],[106.71740673665717,10.872549877289],[106.71749278718876,10.872518867938416],[106.7175787659011,10.87248885049824],[106.71766679953518,10.872463890867982],[106.71775575830036,10.872445891944324],[106.71776613321728,10.872444390237673],[106.71784579034077,10.872432859901407],[106.71793674413645,10.87242488742502],[106.7180277761337,10.872417910902612],[106.71811980459441,10.872415902403954],[106.71821176127142,10.872414891234873],[106.71830379705217,10.872414870591733],[106.71839351758402,10.872413874551752],[106.71839477236556,10.872413860652706],[106.7184857713461,10.872419903753075],[106.71857775046496,10.872425850622594],[106.7186687494481,10.872431893668113],[106.71875876999505,10.872438842884343],[106.71885075904704,10.872447866009498],[106.71893484197435,10.87245252865342],[106.71894175573128,10.872452911849694],[106.71903273746055,10.872453891441866],[106.71912476498447,10.872451882644649],[106.7192167289816,10.872452860892034],[106.71930876475035,10.872452840850835],[106.71940177453126,10.872450828871939],[106.71949373146703,10.872449905911317],[106.71958575346808,10.872445909060911],[106.71967777286872,10.872440825563233],[106.71976879835685,10.872431858807483],[106.71985876106379,10.872420906543265],[106.7199477260554,10.872404895813581],[106.72003479153341,10.872383825850706],[106.72012077891881,10.872356884064084],[106.72020577773947,10.872326869911712],[106.72029075955554,10.872291883699628],[106.72037377054454,10.872253830937616],[106.72045578758166,10.872211890406957],[106.72053773161826,10.87217085771939],[106.72061974188995,10.872126839739924],[106.72070077842974,10.872084905862678],[106.72078272008689,10.872042876896431],[106.72086473763025,10.872000847670321],[106.7209437232357,10.87195484942867],[106.72101929288296,10.871908026652676],[106.72102277508253,10.871905869513077],[106.72110175190655,10.871856889816238],[106.72117975561473,10.871809901108898],[106.7212607212957,10.871769864851016],[106.72134374515986,10.871735878976667],[106.72142973926685,10.871710833452642],[106.72151779066391,10.871691841926358],[106.72160873347651,10.871680886073841],[106.72169976567871,10.87167381447018],[106.7217937450041,10.871668816372507],[106.72188675124896,10.871665811967889],[106.72197871431341,10.87166687800406],[106.72206976058881,10.871663877032129],[106.7221617159948,10.871662861992531],[106.7222527668772,10.87166185069155],[106.72234472963045,10.87166282350544],[106.72243676998592,10.8716648835775],[106.72252874010505,10.871667848764266],[106.72261663319091,10.871669753761632],[106.72261972656214,10.871669820811322],[106.72271178302766,10.871676853741736],[106.72280278145587,10.871682802462706],[106.72289378662951,10.871690832179818],[106.72295146364253,10.871697895240937],[106.72298374513038,10.87170184843654],[106.72300145517218,10.871705191455854],[106.72307372206357,10.871718832017113],[106.7231617522419,10.871739890711734],[106.7231751107553,10.871743829688867],[106.72324972234632,10.871765831256075],[106.72333777280042,10.871792854530389],[106.72342477155239,10.871821872656792],[106.72348114032482,10.871838683242276],[106.7235072287281,10.871846464620658],[106.72351176034886,10.87184781623089],[106.72352225711982,10.871844144309847],[106.72352871505565,10.871841885505551],[106.72353275463423,10.871854802844616],[106.72360978559276,10.872182837633838],[106.72361273814977,10.872232825773661],[106.72362075665087,10.872355848661265],[106.72358877746737,10.872543822550156],[106.72352377241936,10.872713819865771],[106.72344573716342,10.872843806038636],[106.72335276816148,10.872881800757348],[106.72325084473735,10.872908077938112],[106.72321678984179,10.872916858038261],[106.72311984508369,10.872965871677373],[106.72306124777705,10.87299549745125],[106.72294776397281,10.873052874039972],[106.72277579581083,10.873155852629674],[106.72269974009525,10.873244876840259],[106.72262377163574,10.873360842242198],[106.72246678776285,10.873641882468828],[106.72243277738113,10.873720895350573],[106.72238674634227,10.873827838786783],[106.72228780025831,10.873976877052627],[106.72210041610691,10.874270855801464],[106.72207876410481,10.874304824013509],[106.72189477519372,10.874586852580782],[106.72178075633157,10.874786840838329],[106.72175604252574,10.874840691704115],[106.72169678095082,10.874969823503948],[106.72165958714281,10.875026434930062],[106.72162779214916,10.875074829849732],[106.7215957935051,10.875140837452651],[106.72159178589082,10.87520784585789],[106.72159377578592,10.875286857802665],[106.72160174184826,10.875393878958597],[106.7216027998939,10.875487901420577],[106.72158477691914,10.875582890965672],[106.72155980771727,10.875676815854028],[106.72151174911183,10.875791878250366],[106.72149116039697,10.8758415946456],[106.72137880670712,10.876112893555524],[106.72134080043402,10.876233892456156],[106.72130778686959,10.876289870478685],[106.72127477578769,10.876322883769314],[106.72126451087877,10.876331843388886],[106.7212347549616,10.876357818560855],[106.72118481417922,10.87638085079809],[106.72111479853145,10.876401865455774],[106.7209968130176,10.87642583691662],[106.72082281599292,10.876462821509058],[106.72054477613179,10.876518850644254],[106.72048781081362,10.876539824830246],[106.72039477172399,10.876579818676335],[106.7203668235476,10.876591831856468],[106.7202677982162,10.876623877483508],[106.72015879282567,10.87664890598926],[106.72005181932299,10.87667184518647],[106.7199337503259,10.876693826777727],[106.71987433917853,10.87669723269227],[106.71970679369922,10.876706838956261],[106.71963381399677,10.87672090172196],[106.71958078413834,10.87674584190001],[106.7195396916556,10.876772733222742],[106.71953177689561,10.87677791200585],[106.71937382334838,10.87682985364546],[106.71929778071518,10.876853871992678],[106.71923578949492,10.876859854240648],[106.71923195038055,10.876859134102663],[106.71919086957409,10.876851429534119],[106.71917177833775,10.87684785020786],[106.71908281833238,10.876842886715245],[106.71908235826206,10.876842880030756],[106.71894279517058,10.876840886748388],[106.71882277648747,10.876842894402307],[106.71881930591599,10.876842443397482],[106.71871477794205,10.876828859384943],[106.71858680137686,10.876819861233662],[106.71858401615845,10.876819789559816],[106.71850780916873,10.876817847584949],[106.71841961245569,10.87683486085195],[106.7183465559052,10.876848953393981],[106.71831578288328,10.876854888557244],[106.7182926242244,10.876864014395466],[106.71821678057489,10.876893897116698],[106.71814479693278,10.876912838992814],[106.71807279982114,10.876927892718633],[106.71798276096526,10.876961900860834],[106.71788378882064,10.877010854314229],[106.71770779222356,10.87710588681429],[106.71761778350454,10.87714983894871],[106.71748183034681,10.877193844489598],[106.71743877978359,10.87720184595552],[106.71739977490857,10.877200883095426],[106.7173985741783,10.877200647313092],[106.71733379961046,10.877187892255716],[106.71725182396324,10.877172870746318],[106.7171771754122,10.877158459856085],[106.71716380462408,10.877155879409143],[106.71715870669686,10.87715591535151],[106.71713833144776,10.877156058164283],[106.71688279574033,10.8771578490346],[106.71687965179562,10.877157433140312],[106.71681479645962,10.877148841224182],[106.71666984553266,10.87712708579119],[106.71660180030754,10.877116873022104],[106.71659623905852,10.87711674497813],[106.71647376994314,10.877113930176018],[106.71640482134288,10.877114871258467],[106.71619377275883,10.877148896233026],[106.71615081087165,10.877160874918008],[106.71613579982775,10.877184882215646],[106.71612978052927,10.877212928400853],[106.71612364376571,10.877226649896642],[106.71611682230773,10.877241900431509],[106.71609878087922,10.87726184737448],[106.71606977609838,10.877273872546322],[106.71600700580741,10.877281110477396],[106.71596578125704,10.877285863287092],[106.71595816133171,10.877286056304923],[106.71584780411871,10.877288855984172],[106.71571815621715,10.87728521730188],[106.71570581149895,10.877284871007639],[106.71566283676857,10.87729287289502],[106.7156021024413,10.877316043978873],[106.715489838088,10.877358873997562],[106.71535483479308,10.877439854480333],[106.71529913614796,10.87746043051758],[106.7152788065172,10.877467939904289],[106.71527414494462,10.87746658316131],[106.71525297561116,10.877460419208138],[106.71524777116419,10.87745890415988],[106.71515382720195,10.877428913916036],[106.71506280953395,10.877393939637532],[106.71427740776112,10.87704640530078],[106.71408877530062,10.876962937390891],[106.71408154962624,10.876962576769063],[106.71407965608016,10.876962483271008],[106.71404780421133,10.876960896356055],[106.71403882084611,10.877005857858755],[106.71400877389834,10.877092928636559],[106.71398840516544,10.877145777270277],[106.71393478031706,10.877284920253077],[106.7139128320962,10.877356865794592],[106.71390077314909,10.877407895675727],[106.71386178848302,10.877600862222552],[106.71385333680867,10.877640519988251],[106.7138357765759,10.87772290943361],[106.71382082415708,10.877788865592915],[106.71380083160831,10.877858905650085],[106.71379416969414,10.877857239660186],[106.71379392804094,10.877857178945366],[106.71288077887817,10.877628892261368],[106.71278977959352,10.877599886466767],[106.7127888217395,10.877601517606339],[106.71278619469497,10.877605992595829],[106.71258779788293,10.87794389826941],[106.71285079192756,10.878181937098773],[106.71323481179616,10.878613891232275],[106.71345580153515,10.87887990947083],[106.71342885247218,10.878897895385965],[106.7134152509048,10.878920589132944],[106.71340784195617,10.878932950414395],[106.71343036839346,10.87894529642557],[106.71347770268699,10.87897123877317],[106.71379281281669,10.879143934338842],[106.71412981791927,10.87931194398475],[106.71450925879311,10.87948701501096],[106.71475184370772,10.879598942330233],[106.71495322594797,10.879682676061444],[106.71538178736253,10.879860871328003],[106.71582283404723,10.88003090137212],[106.7158298160335,10.880043898162402],[106.71604879936176,10.880130908867846],[106.71630682452347,10.880229910366428],[106.71657980176316,10.880333927058638],[106.71686382132185,10.880445864972499],[106.71703680196553,10.880514846332154],[106.71733982713656,10.880624914976236],[106.7175437952895,10.880710885220063],[106.71771183738919,10.880768851827275],[106.71786978849757,10.880831913545881],[106.71790851716915,10.880840103887115],[106.71794980945596,10.880848838495153],[106.7176748089021,10.881310888605343],[106.71729885818738,10.88195688051092],[106.71725954217487,10.882021852225597],[106.71712581212472,10.882242850942516],[106.71707479460309,10.882330890235592],[106.71702186122724,10.882478878201123],[106.7169508054874,10.882645909406945],[106.71688286119671,10.882841862051713],[106.71681267051656,10.883153567558061],[106.71678352153661,10.883283016943487],[106.71677679922526,10.883312873383636],[106.71673586029553,10.88355484942652],[106.71668780943652,10.884000904350671],[106.71667501116407,10.884177142056537],[106.71667386833187,10.884192888204668],[106.71666793955417,10.884235404707606],[106.71664584709495,10.884393870688434],[106.71663385056624,10.884463886603823],[106.71662486102828,10.884576926960737],[106.71659484702367,10.884650887795454],[106.71657284456822,10.884705925830156],[106.71657086863063,10.884771931608155],[106.71659085377652,10.884839857059951],[106.7166136355739,10.884896904707576],[106.71662082132237,10.884914894610704],[106.71665682175178,10.88498991134761],[106.71669782225015,10.885117894039448],[106.71671784052272,10.885219903516267],[106.71672465665739,10.885250622231412],[106.71673981289962,10.885318924483398],[106.71676683792452,10.88537091523703],[106.71679683100629,10.88540788905589],[106.71685988620096,10.885449912512499],[106.71692058399412,10.88548954321762],[106.71695786627048,10.885513886635707],[106.71704787775244,10.885563869959565],[106.71708185067709,10.885617919831233],[106.71709485961263,10.88567492861462],[106.71709484980232,10.885741922605506],[106.71708782358172,10.885808846497046],[106.71708685376201,10.885815557356525],[106.71707682806726,10.88588491708058],[106.7170798677075,10.885938882717992],[106.71709888754177,10.885987914498616],[106.71714783904378,10.886054845494765],[106.7171971569814,10.886115145268564],[106.7172378194123,10.886164862775212],[106.71730486291258,10.886250903675183],[106.71735483057404,10.886328859524395],[106.71738482505228,10.886388887494359],[106.71739786066178,10.886430888592486],[106.71739586247797,10.886512895516843],[106.71739084922565,10.886595907267942],[106.71738883380036,10.88667285446567],[106.71740088503586,10.88680689567973],[106.71740986145367,10.886899899716926],[106.71741784363708,10.886988927406847],[106.71741486227694,10.887093905774307],[106.71740688422098,10.88719292976956],[106.71740188349528,10.887256864019147],[106.71740472331098,10.887274673230479],[106.71741289450425,10.887325902489966],[106.71743488517058,10.88740693156958],[106.71747189644222,10.887490896541182],[106.71750129938475,10.887547265082448],[106.71751987181204,10.887582873584897],[106.71754784154196,10.887669849402242],[106.71754916702118,10.887679533566397],[106.71755053744465,10.88768954032266],[106.71755386750705,10.887713861423292],[106.71754986314436,10.887758898586831],[106.71754289134086,10.887795897553598],[106.71752782972023,10.887827860441828],[106.71750183990049,10.887862930539995],[106.71746186649305,10.887889909484132],[106.71740183882721,10.887920928420922],[106.71734383812066,10.887948867300697],[106.71728984791469,10.887956903357306],[106.71719488832706,10.887963892425901],[106.71708183866623,10.887975912381789],[106.71701684833215,10.887988865654991],[106.71695687404993,10.888012922510415],[106.7169499110268,10.888012406564064],[106.71691589825038,10.888009887582713],[106.71687384449986,10.887999892406825],[106.71682383903226,10.887980884827336],[106.71672988349353,10.88792485430547],[106.71667088322002,10.887876851585615],[106.71659185786476,10.88784193158393],[106.7165328534652,10.887815897355594],[106.71646490017558,10.887798933276834],[106.71637984572494,10.887789890700141],[106.71637701975466,10.887789977345962],[106.71631489602693,10.887791901477806],[106.71620884970781,10.88779992138034],[106.71606888504223,10.887793851361012],[106.7158518814769,10.887784860633676],[106.71585101400701,10.887784740417997],[106.71575783799022,10.887771867599849],[106.71567986081386,10.887757919955998],[106.71560186503757,10.887737912725106],[106.71555885661172,10.887712913685883],[106.71553726126187,10.887695403936881],[106.7154848800083,10.887652932612355],[106.71541087278094,10.887559862786752],[106.7153488551898,10.887464943569197],[106.71529089728025,10.887388911847177],[106.71526287793162,10.8873559084486],[106.71520489079145,10.887317938626138],[106.71506685592045,10.88723194062443],[106.71494685356973,10.88714687936289],[106.71479584895269,10.887015896533802],[106.71468687158274,10.886933877766444],[106.71455185083856,10.886799860387423],[106.71452388889581,10.886784940688553],[106.71449595822884,10.886780878135268],[106.71449588685554,10.886780868415412],[106.71449337166845,10.886781176454559],[106.71447085108736,10.88678393126473],[106.71437989631465,10.886839910912236],[106.71429587853288,10.88689487250922],[106.7141508983425,10.886994869413188],[106.71405085726894,10.887063895371067],[106.71398790439297,10.887123946322925],[106.71394085120075,10.887177887688939],[106.7138938721313,10.887254885778193],[106.71384284238196,10.887409917801868],[106.7138218816536,10.887460884337775],[106.71381489659964,10.887493906527203],[106.71381483580413,10.887521934871694],[106.71382987972234,10.887554887866045],[106.71388686530341,10.887609948839959],[106.71397184078242,10.887688881039276],[106.71421187888164,10.887869942779734],[106.71441787176154,10.887997949685465],[106.71447986505915,10.888037896801377],[106.71449889443527,10.888066947240098],[106.71450789866348,10.888098925662229],[106.71450789435372,10.888120894196092],[106.71449490249032,10.888162887758673],[106.71445190733247,10.888211934756582],[106.71436088033617,10.88826890636325],[106.71426385310814,10.888336929428476],[106.71415086036195,10.88841395150318],[106.71404487043425,10.888462927907334],[106.71393184736598,10.888506949758835],[106.71383090549192,10.888530955741894],[106.71373991348734,10.888551944470473],[106.71365289352023,10.888587930097094],[106.71357286345362,10.888662951817285],[106.71342587681387,10.888796948523947],[106.71335785170672,10.888874914851764],[106.71332585846834,10.888919949491065],[106.71330188017158,10.88897092547727],[106.71328086181049,10.889097928166647],[106.71325990090268,10.889171949832148],[106.71320889032054,10.8892389241037],[106.71313691888665,10.889309941849039],[106.71309287211626,10.889383944674641],[106.71307989294273,10.889476926544841],[106.71309602033737,10.889549595076963],[106.71309686118593,10.889553383886264],[106.71310385432655,10.889584891347472],[106.71312988517533,10.88967992129655],[106.7131348766972,10.889777911054134],[106.71309654178903,10.889884621380611],[106.71317088556421,10.889948944762441],[106.71319788581819,10.889969925402664],[106.71355789505046,10.890436941096468],[106.71395789293459,10.890951928831623],[106.71431492026515,10.89140593132347],[106.71476188549555,10.891956933486513],[106.71494027293538,10.892187285350651],[106.71511886272322,10.892417898613171],[106.71541886413344,10.89280391155771],[106.71562492495889,10.893091941571178],[106.71574988280165,10.893285931559314],[106.71596492041876,10.893643913831461],[106.71620788215257,10.894027934901743],[106.71634188285809,10.894264929971468],[106.7163465260668,10.894271567996075],[106.71636492152402,10.894297856679781],[106.7176005688801,10.896371042783473],[106.71760288365053,10.896374926362801],[106.71895088111478,10.895425882633992],[106.7205439188398,10.894315850412502],[106.72239205048187,10.89317521573164],[106.72621718869682,10.890814406675297],[106.72640282787528,10.890699834137283],[106.72685685922546,10.890472815462575],[106.72699982957816,10.890404823085975],[106.72709885779973,10.890372865387437],[106.72719084234761,10.890332792163443],[106.72733386900056,10.89025883206793],[106.72741196082696,10.890209768329363],[106.7275364335941,10.890131563252988],[106.72754083774377,10.890128795593139],[106.72757286330057,10.890163864195884],[106.72758882829484,10.890177824629669],[106.7276038142271,10.890192787117702],[106.72785382864456,10.890445860823291],[106.72790882638662,10.890491794721267],[106.72793788286629,10.890517830798808],[106.72802284221127,10.890590793180833],[106.72811082669332,10.890665824217017],[106.72812383960697,10.890676811690222],[106.72815385855549,10.890697871696343],[106.72817383124728,10.890714806176057],[106.72818782374803,10.890725791426476],[106.72822585746675,10.890751797941501],[106.72826382177813,10.890779796214401],[106.72829286257743,10.890801851931366],[106.72832984640341,10.890829852417866],[106.72845149640524,10.89091603907488],[106.72845688427101,10.890919856714234],[106.72863486064601,10.890597791046174],[106.72880981863774,10.890252859775213],[106.728871806647,10.890129795711692],[106.72895986566074,10.889972833822645],[106.72899386476753,10.88989578655296],[106.7290188078412,10.889840827915997],[106.72910785568521,10.889640828186145],[106.72917579120245,10.889530859617985],[106.72923675826608,10.889432173671153],[106.72923881085379,10.889428852102538],[106.72924203330217,10.889431138010842],[106.72933182180256,10.88949482390745],[106.72955480861157,10.889649800272386],[106.7298318506755,10.889792848023756],[106.72999980120888,10.88986680766719],[106.73021982231487,10.889944853316692],[106.73062480224715,10.89006082128772],[106.73082281780611,10.890122840869783],[106.73096081285169,10.890171853662022],[106.73153628186945,10.890366591422616],[106.73154282062117,10.890368805220477],[106.73154892358119,10.89035385682681],[106.73155104409786,10.890348661912777],[106.73155180175378,10.890346807166436],[106.73157785922515,10.890355763917265],[106.7316128289434,10.890367766695052],[106.73189787168333,10.890465763388532],[106.73242907859415,10.890632710676394],[106.73243242142308,10.890633762185276],[106.73243580728158,10.890634826212482],[106.73261982493013,10.89006284489026],[106.73262076054279,10.890055291581179],[106.73263265891515,10.889959251864266],[106.73264782658437,10.889836820782712],[106.73164283515689,10.887941708089208],[106.7315898456746,10.887841784405365],[106.73158259211759,10.887799469071364],[106.73155384924992,10.887631787981263],[106.73145676156487,10.887343900126568],[106.73140278054726,10.887183835582483],[106.73140481175489,10.886881770331955],[106.73154316940021,10.886520162879053],[106.731544839858,10.886515794769464],[106.7315432939857,10.88650988656531],[106.73148884031735,10.886301792417537],[106.73139852702198,10.88612762030625],[106.73130579399715,10.88594878395571],[106.73345079994407,10.885500807306801],[106.73417576484923,10.885330773637076],[106.73569982710478,10.884959812751552],[106.73574278457122,10.884946744699405],[106.73578581589524,10.884932774200388],[106.73648380840568,10.884682809651984],[106.73657681852744,10.884633778125151],[106.73659081934146,10.884624783403266],[106.73664075296173,10.884598765439264],[106.73665592914182,10.884591460150345],[106.73667931400894,10.884579675309848],[106.73670575030725,10.884565737245973],[106.73665175303239,10.884479750376428],[106.73660176933102,10.884398813058857],[106.73579981465942,10.883040811074913],[106.73525878473332,10.882109788274615],[106.73510079456892,10.881828759645082],[106.73419677369917,10.880514746987314],[106.73423278945461,10.880500798334216],[106.73425723211814,10.88049006076586],[106.73433975975934,10.880453802932175],[106.73435777819212,10.880449768413378],[106.73441273792355,10.880438743150112],[106.73447277848781,10.880431383629269],[106.7345187652107,10.880425746105063],[106.73456279540507,10.880417830408447],[106.73460478020394,10.880406755413107],[106.73466175715258,10.880389755347158],[106.73468578546964,10.880378739735589],[106.7347129608082,10.880366000021548],[106.73481376196914,10.88031875033388],[106.73485874799877,10.88030278310789],[106.73488173390159,10.880295747576628],[106.73490480345717,10.880290791004025],[106.73501078699083,10.880264775252417],[106.7351078001693,10.880240776169876],[106.73512377664866,10.880235752841816],[106.73519375312787,10.88022576407779],[106.73524573079919,10.880225777190724],[106.73527528604286,10.88022393218223],[106.73527778700426,10.880223775898667],[106.73531356002319,10.880227843966848],[106.73543762647414,10.880241953390163],[106.73544479882949,10.880242769293805],[106.73544874818226,10.88022774820564],[106.73549578568228,10.880147764810145],[106.7354994787867,10.880141605672742],[106.73553472698893,10.880082815808526],[106.7355462039704,10.880069571349974],[106.73556072968854,10.880052806825292],[106.73563779719676,10.879973811833977],[106.73572938217605,10.879885858467416],[106.73581377166575,10.879804813136856],[106.73583174214524,10.879786763788376],[106.73590277543349,10.879730753641443],[106.7359378363344,10.879702670924882],[106.73608870258386,10.879581832603469],[106.73608900543901,10.879581590259622],[106.73609373890746,10.87957779899938],[106.73645650304285,10.880172136376968],[106.73645661338718,10.880172315920852],[106.73645872380288,10.880175774218742],[106.7366727834312,10.88004878417945],[106.73673573319486,10.880012780298008],[106.7369667241906,10.879872806481389],[106.73811978234691,10.879171765029515],[106.73813702533488,10.879157823018385],[106.73814077440784,10.879154792458815],[106.73820302739341,10.8792150180708],[106.73835676985328,10.879363757495225],[106.73848685490465,10.879486628759377],[106.73884374230741,10.879823730014182],[106.73890559192085,10.879893295194949],[106.73894778311633,10.8799407491814],[106.73912078141035,10.880173720674438],[106.7393537677364,10.880501789678497],[106.73947578670885,10.880694784368403],[106.73950028738483,10.880737737247117],[106.73956077234273,10.880843776282722],[106.73961873376321,10.880964737813393],[106.73963577999105,10.881009798450933],[106.7396564239718,10.88102647690607],[106.73965673394137,10.881026728126011],[106.73970773450291,10.881027737129466],[106.73977576799957,10.881000758171776],[106.73984082644905,10.880932827141885],[106.73988876552983,10.880882771164726],[106.73994274142598,10.880847789086618],[106.74001272981447,10.880818720936421],[106.74007412350494,10.88078493262099],[106.74023763513593,10.880694943451335],[106.74023976962683,10.880693767680697],[106.74027207608684,10.880703581387163],[106.74029572891362,10.880710765209612],[106.7403839836078,10.880763864194403],[106.74064472929471,10.880920744868096],[106.74079476041985,10.881005789205165],[106.74093078150243,10.881097749163562],[106.74095696595073,10.88111791901198],[106.7410827285487,10.881214790952063],[106.7411714628824,10.881338219272543],[106.74117731406585,10.88134635817544],[106.74117973888993,10.88134973134724],[106.74120527259998,10.8813340538198],[106.74137676662112,10.881228759592016],[106.7415327297725,10.88112274702783],[106.74170972689635,10.881012780108792],[106.7417717697791,10.880976778159875],[106.74207174820097,10.88080276417429],[106.74222874097501,10.880711757253616],[106.74236874462274,10.880638705485401],[106.74252175347912,10.880552773764304],[106.74273975527576,10.88043272692342],[106.74283974688464,10.880373727898682],[106.7428947248863,10.880345702976905],[106.74294172983728,10.880324756920043],[106.74297171826754,10.880313722314941],[106.74298772499719,10.880313741964473],[106.74299171090344,10.880313747153755],[106.74302574766068,10.880317706023192],[106.74305372363003,10.880336691967754],[106.74310675943782,10.880405773949064],[106.74334971935724,10.880782719649316],[106.74339578219448,10.880864753281651],[106.74342673903426,10.880917723941765],[106.74344577951183,10.880949756503155],[106.74345874084375,10.880961999157849],[106.74346371545137,10.880966696570148],[106.74348774149448,10.880977739054249],[106.74350971485674,10.880983725721546],[106.74352561547093,10.880985109834805],[106.74353872021261,10.880986250776125],[106.74354374839555,10.880986689221496],[106.74358772729506,10.880985734192056],[106.74362376471433,10.880978745277776],[106.74366476807087,10.8809677626423],[106.74370771557383,10.88095171306012],[106.74371155100715,10.880949363779848],[106.74373873494886,10.88093271703925],[106.74377476016969,10.880899689942876],[106.74381375599222,10.880851737963598],[106.74385473156923,10.880809745134622],[106.7438610336394,10.880804335929735],[106.74389670645073,10.880773716436996],[106.743923734647,10.880756723046323],[106.74394776679677,10.880746701134838],[106.74397046662536,10.88074669815902],[106.74397673539163,10.880746695944376],[106.74402371945459,10.880764717146686],[106.74409871431911,10.880812752990986],[106.74427376106192,10.88093369595741],[106.74449674998151,10.881088750016119],[106.7447177496918,10.881235763744625],[106.74490270649409,10.881365716104131],[106.74492674764018,10.88138073696642],[106.7448867264861,10.881437735209472],[106.74503916530792,10.881572690771428],[106.74504372618006,10.881576727760795],[106.7454093788559,10.88108687994484],[106.74541174814858,10.881083704612951],[106.7454248412913,10.881093199464253],[106.74542550415669,10.881093680960262],[106.74542974629426,10.881096757111276],[106.7456737735426,10.880771757200039],[106.74567011066421,10.880768497467688],[106.74561819194336,10.880722300985678],[106.74556474221707,10.880674739883128],[106.74545433150043,10.880601907445973],[106.74542071350773,10.88057973260113],[106.74468369833973,10.880067688916931],[106.74468499200728,10.880066156045128],[106.74473772722109,10.880003685353975],[106.74475876367633,10.879976765392854],[106.74475975088492,10.87997548934848],[106.74477273493888,10.879958729426315],[106.74482473355481,10.879896720346437],[106.74483571330403,10.87988673975857],[106.7448607264683,10.879853750040477],[106.74488076950787,10.879823758753515],[106.74492374924776,10.879771724799719],[106.74498174936264,10.879699752142349],[106.7449953316595,10.879682749807339],[106.74499775264462,10.879679718953007],[106.74500251883292,10.879683071849136],[106.7450077333082,10.87968673879195],[106.74501471263476,10.879675686350256],[106.74504272141084,10.879636719543255],[106.74514510525434,10.879510012580685],[106.74514775680304,10.879506731471402],[106.74515964232123,10.879516148894462],[106.74516721141784,10.87952214597299],[106.7451717350859,10.879525730175109],[106.74531174127611,10.879363714452914],[106.74539575965103,10.879265707790928],[106.74546370361608,10.879189726084295],[106.74548273191708,10.879171761385955],[106.74550474144539,10.879143754320548],[106.74556272962909,10.879067712663252],[106.74572870274092,10.878887711392077],[106.74577070774,10.878837759723728],[106.74583570508354,10.878759705569703],[106.74585568855251,10.878734687382343],[106.74595575559135,10.878608693742526],[106.7460317469251,10.878524728738196],[106.74618472880864,10.878362761001126],[106.74621075425034,10.87833971020799],[106.74625197873215,10.878302091709402],[106.74632469920269,10.878235731995796],[106.74640887404544,10.878180623470524],[106.7464347541959,10.878163680621439],[106.74657272476817,10.878024724176347],[106.74660371179164,10.877996687912571],[106.74662868955491,10.877975722422963],[106.74669175288864,10.877906715394627],[106.74688471248288,10.877697695899577],[106.74696207425278,10.877610682453328],[106.74696468210661,10.877607749516606],[106.74697396622399,10.877614343959191],[106.7469787462538,10.877617738365489],[106.74711369746082,10.87745573837086],[106.7471733274572,10.877383796240316],[106.74717465016047,10.877382200888903],[106.74717673897308,10.877379680960278],[106.74760368984404,10.877618693978668],[106.7476287103172,10.877633710561637],[106.74766173701711,10.877651684364352],[106.74769870086422,10.877673714318544],[106.74779714326351,10.877733333924613],[106.74797770982926,10.877842688287013],[106.74816669806893,10.877959697428395],[106.74823871943755,10.8780206692689],[106.7482676960695,10.878045709243821],[106.74832574150598,10.878100671437917],[106.74831672884861,10.878112726770658],[106.74838870776782,10.878183734113025],[106.74846873160953,10.878245675187136],[106.74848794337855,10.878260103083528],[106.74849270391492,10.87826367832897],[106.7485267342856,10.878220715839273],[106.74855972003417,10.878180736357217],[106.74849973682004,10.878132743191383],[106.74849787116366,10.87813003723015],[106.74849071551498,10.878119663487524],[106.74848372891952,10.878105672254591],[106.7484816973089,10.878084704944714],[106.74847968554609,10.878069701318362],[106.74848173416585,10.878050709562102],[106.74848470147315,10.87803569245893],[106.74849068454604,10.878019669332275],[106.74850471484942,10.877996660074418],[106.7485796772724,10.877898684810434],[106.7486356770317,10.877814691127185],[106.74920970657821,10.877024724309111],[106.74924570660737,10.877006705092752],[106.74925667255346,10.876992657275007],[106.74931570184582,10.876912723485072],[106.74938772120052,10.876814666333905],[106.7494119737876,10.876782015973292],[106.74941370650573,10.87677968341591],[106.75012770001317,10.877129686684437],[106.75028170558461,10.877207659414234],[106.750391935275,10.877262772156701],[106.75039402222353,10.877263816720804],[106.75039973887552,10.877266674655017],[106.75042942026253,10.877219975419042],[106.75047470884826,10.877148717664372],[106.75062366690516,10.876889660602705],[106.7507466883567,10.876657720567655],[106.75076816081807,10.876616698108077],[106.75083566904492,10.876487730130894],[106.75094471323699,10.876294713376852],[106.751048719859,10.876106684155236],[106.75118371623472,10.8758686472001],[106.75129252220452,10.87567535540733],[106.75131765636364,10.875630704948533],[106.75132879741717,10.87559133612263],[106.75135407695988,10.875502000950629],[106.75136067752443,10.875478677709086],[106.75005967837507,10.875054735147062],[106.74669870793292,10.873958683606096],[106.74643370473709,10.873871753062872],[106.74654193620934,10.873549547362428],[106.74704071683605,10.872064665026663],[106.74616727317732,10.87178077322494],[106.74599469465548,10.87172468108457],[106.74599600950116,10.871722100393699],[106.74605500949559,10.871606318792896],[106.74607466675833,10.871567742432127],[106.74609107542358,10.871537441061877],[106.74618570952107,10.871362694675009],[106.7462687064354,10.871230698664862],[106.746288663018,10.871197724377854],[106.74630764998909,10.871167737370897],[106.74637969106384,10.871053677163347],[106.74641267190749,10.870989742590465],[106.74643715870609,10.87093509171753],[106.74644764176341,10.87091169539244],[106.7464786749331,10.87085174477436],[106.7464927060253,10.870828734706976],[106.74658570461834,10.87068766338488],[106.7466857089058,10.87052071553661],[106.7467666458433,10.870404726177558],[106.74696670676802,10.870086739867036],[106.74709165560982,10.869889693341106],[106.74721668380695,10.869693731330281],[106.74723470248074,10.869667726872835],[106.74733549344168,10.869532960869648],[106.74741077566176,10.869432303655763],[106.7474126987116,10.869429731834572],[106.7474516962653,10.869405738503087],[106.74749064671344,10.86939069320966],[106.74781569060808,10.86934072840563],[106.74784365695525,10.86933367311383],[106.74787469981086,10.869322724204489],[106.74788569653784,10.869317717349118],[106.74790960071188,10.869301974147369],[106.74792363530746,10.869292730277088],[106.74793965787109,10.869256695046108],[106.74794267792805,10.86923471509059],[106.74790769045957,10.868921740280644],[106.74789064253766,10.868785731311924],[106.74788255062589,10.868639948940299],[106.74787964965716,10.868587678567954],[106.74788009856985,10.868579928842417],[106.74789263496594,10.86836369238584],[106.74789963166164,10.868289713530482],[106.74792568756243,10.86786768686833],[106.74793267033297,10.867766676354618],[106.7479356599441,10.86771269183681],[106.74793766532102,10.867680679761568],[106.74795465604646,10.86734565730888],[106.74800261317517,10.867248672207838],[106.74812061367079,10.866867663864149],[106.74813466898289,10.866829738405638],[106.7482221391934,10.866637011473257],[106.7482236372681,10.86663371149274],[106.74823764730372,10.866604734067291],[106.74827467775938,10.866556696774598],[106.7483153040171,10.86650775011904],[106.74832862625846,10.866491697744356],[106.74834363561084,10.86646868534263],[106.74838563125334,10.86639368970989],[106.74845962055703,10.866230712272555],[106.74859161462858,10.865929672263569],[106.74867761950365,10.865727688417818],[106.74869064335475,10.86569672535956],[106.74869732535772,10.865656065701922],[106.74870153680385,10.865630442328232],[106.7487016596186,10.865629696121205],[106.74875864530496,10.865638732797942],[106.74878961290388,10.865650657328016],[106.74907163100453,10.865774686851166],[106.74909066356277,10.865781678081808],[106.74910231725735,10.865782307367729],[106.74910960218754,10.86578270044074],[106.7492129119947,10.865601573596223],[106.74922765116634,10.865575729775607],[106.74938165696993,10.865315663614831],[106.7494636687367,10.865183670156497],[106.74967266784788,10.864855707551166],[106.74967714750927,10.864842827121521],[106.7496806632921,10.864832716999166],[106.7496965132469,10.864812542209686],[106.74971762162723,10.864785675114666],[106.75002562405332,10.864308666354496],[106.75005633779786,10.864291893809764],[106.75005844022019,10.864290747015483],[106.75005860454192,10.864290656984068],[106.75009560930982,10.86430265305945],[106.75023363083248,10.864385652291013],[106.7502451151665,10.864389269840235],[106.75025147073042,10.864391270529165],[106.75025266091477,10.86439164634116],[106.75026865310623,10.864391684715033],[106.75028761158428,10.864353651928827],[106.75048963763942,10.86406169384819],[106.75050562563008,10.864037683767172],[106.75051656359099,10.864023341322582],[106.75051832010702,10.864021036710994],[106.75051861969426,10.864020645204088],[106.75062402536788,10.864082849698029],[106.75089661908338,10.864243720452087],[106.75098802180644,10.86429570355769],[106.75117903740141,10.864404341080112],[106.75121821291296,10.864426621187192],[106.75122365024271,10.864429714176596],[106.75126261274843,10.864372718790683],[106.75134364272078,10.864240637711935],[106.75141961826196,10.864130632710232],[106.75150761153765,10.864005670590796],[106.75153560309448,10.863961641859142],[106.75155264306402,10.863936632086467],[106.751570631193,10.863901675124158],[106.7515806363557,10.863870633212338],[106.7515846166297,10.863842682748999],[106.75158263673515,10.86379169856376],[106.75157959961739,10.86374071691806],[106.75158090907122,10.86373160476069],[106.75160562517846,10.863559631434317],[106.75161459075488,10.863338294465002],[106.75161461603953,10.863337648920112],[106.75165665371851,10.86334365834249],[106.75167159708732,10.863345688884774],[106.75168564168531,10.863349712078248],[106.7517575833064,10.863364666872501],[106.75179360817113,10.863377657638425],[106.75212960185354,10.86355964269832],[106.75216260816607,10.8635716497494],[106.75222758256957,10.863601634587484],[106.75231559572849,10.863640676609343],[106.75239258471329,10.86367668091275],[106.75244958406033,10.86371265815728],[106.75247060692857,10.863727687470307],[106.75249064906582,10.863743716197039],[106.75252462416911,10.863774705138086],[106.75255561686286,10.863816646826523],[106.75258760112183,10.863861654387874],[106.75261261229213,10.863896652896566],[106.7526336217258,10.863930669138066],[106.75265762336254,10.86397968216693],[106.75266760527617,10.864009665421449],[106.75268358323041,10.864050659837721],[106.75270158553298,10.864087669108216],[106.7527386322663,10.864157705703182],[106.75275868865694,10.864200458669941],[106.75277661911467,10.864238679540215],[106.75278560073093,10.864262698689043],[106.75279962455758,10.864305689192745],[106.75281763776198,10.864345680742685],[106.75283959067012,10.864391627706974],[106.75284339076099,10.8643995968057],[106.7528596466287,10.864433693618682],[106.75288036858817,10.864467050847836],[106.75288262780832,10.86447068663391],[106.7529156431372,10.864508641325747],[106.75294858561206,10.864546686651755],[106.75298775665938,10.864584025511997],[106.75299263033749,10.864588672489988],[106.75302259297199,10.864615698620982],[106.7530575867979,10.864635654354739],[106.75310458527898,10.864658648163408],[106.7531476427999,10.864676679158915],[106.75319161753173,10.864697692191752],[106.75323264892617,10.864718622613111],[106.75325865223452,10.864734631827965],[106.7532835968258,10.86474964918168],[106.7533015975431,10.864763693879516],[106.75332458614487,10.864780705527384],[106.75333859328595,10.864795668167782],[106.75336659424562,10.864822698854182],[106.75339461273875,10.86485470333563],[106.7534136313253,10.86487968411187],[106.75342765264826,10.86489971095715],[106.75344462788081,10.864922708676966],[106.7534566164229,10.864943644355652],[106.7534666387402,10.864962689841235],[106.7534765938908,10.864984625660968],[106.75348260265407,10.864999704799919],[106.75351865524276,10.86502639188223],[106.75356760216873,10.865062623880513],[106.75367360203165,10.86515567187766],[106.75370160878302,10.865184690423245],[106.75371861064728,10.86521564692816],[106.75370264884367,10.865247702748029],[106.75366962295605,10.865319686474502],[106.75366363673562,10.865334624869545],[106.75362662703672,10.865455621571266],[106.7535847421932,10.865641622452188],[106.75357472631418,10.865686103438504],[106.75357459294415,10.865686697807474],[106.75359462259054,10.865698656638472],[106.75361563053465,10.865709707361805],[106.75367261109453,10.865739628437789],[106.7539566309149,10.865898636406577],[106.7539996345279,10.86592263479703],[106.75406160276128,10.865955703533759],[106.75412161654518,10.865990677962104],[106.75424960200758,10.866071627876924],[106.75441660454767,10.866180658927684],[106.75457662914101,10.866277686658323],[106.75460269127188,10.86629153406428],[106.75460859523955,10.866294669759002],[106.7546316354402,10.866304629858472],[106.75467664927156,10.866320666302423],[106.75475662458608,10.866346623865672],[106.75481551581348,10.866362303047156],[106.7548656504806,10.866375650475398],[106.7548927535475,10.86638161150132],[106.75500659505177,10.866406652817318],[106.75503263758998,10.866411630120771],[106.75506089646761,10.866414248850656],[106.75506561344815,10.866414686336627],[106.75511962274244,10.866413697949858],[106.7552656047575,10.866394684822454],[106.75532561470617,10.86638363957591],[106.75534665267773,10.866380678852545],[106.75540962502885,10.86637568075538],[106.75546159757552,10.86637469535453],[106.75562559589402,10.866374611818664],[106.75593464296037,10.86636962213929],[106.75595095668865,10.866370338970059],[106.75595765414177,10.866370632552279],[106.75598859994155,10.866375685937046],[106.75600860914702,10.866380683804536],[106.75601673586306,10.866383645859266],[106.75603859238538,10.866391613672986],[106.75634065703144,10.866531664645427],[106.75725596740406,10.866967984665754],[106.75739362449707,10.867033604755504],[106.75748262540137,10.867074629820051],[106.757554856072,10.867107814225815],[106.75756608876192,10.867112975449732],[106.75756762303402,10.867113680970464],[106.75760465634308,10.86711165845182],[106.75762560719004,10.867105623326609],[106.7576576206898,10.867091687071477],[106.75767908256394,10.867079318600057],[106.75769059851143,10.867072681594738],[106.75771759788725,10.867070606075547],[106.75776435936606,10.867069642782994],[106.75776459164913,10.867069637501437],[106.75779960066913,10.8670716028447],[106.75780861166201,10.86708160778271],[106.75781663799569,10.867090621540678],[106.75782864944173,10.867095645504326],[106.7578486535498,10.867099648853648],[106.75805061600816,10.867127646347107],[106.75809959638127,10.867134627373954],[106.75813898919942,10.867140483611976],[106.75814478314662,10.867141344208576],[106.75814661777429,10.867141616625743],[106.75819361913378,10.867142637680143],[106.7582666175868,10.867135616383608],[106.75827001174083,10.867134854020398],[106.75844458848151,10.86709561514364],[106.75851113709845,10.8670847015033],[106.75856665384049,10.867075596803472],[106.75860064904599,10.867067618590985],[106.75864565069818,10.867057615443716],[106.75870760411298,10.867040596712407],[106.75892384313133,10.8669793384604],[106.75897560057614,10.866964676440825],[106.75907659780563,10.866938668403114],[106.75917759836221,10.866913656538452],[106.7592060913806,10.866907281953795],[106.7592276334072,10.866902461575753],[106.759298583552,10.866886587497858],[106.75936365179301,10.866876610571206],[106.75941463391851,10.866872644524694],[106.75950062746865,10.866871640732063],[106.75958233954482,10.866873518486974],[106.75958663286407,10.866873617387196],[106.759648585931,10.866879651553942],[106.75975959951901,10.866893662422646],[106.75982563455788,10.866901673767138],[106.75991061951628,10.866914594877098],[106.76010559674185,10.866951654934821],[106.76017859639784,10.866967598574536],[106.7602436012891,10.866983658871792],[106.76029162740917,10.866997603534534],[106.76034064002954,10.867013626874277],[106.760377650296,10.867027608633775],[106.76047962729317,10.867068590142969],[106.76057001820313,10.86710294536971],[106.7606166458854,10.867120667899625],[106.76066327706728,10.867134808736376],[106.76091658512209,10.867211627225803],[106.76098861572126,10.867230647472676],[106.76110163471066,10.867257578536197],[106.76117337867126,10.867264257280631],[106.76117762269521,10.867264653738372],[106.76122462130373,10.867264589527863],[106.76124461021982,10.86726461326486],[106.76162750832557,10.86726509356593],[106.76202063131801,10.867265585830179],[106.76208765495983,10.867264326453578],[106.76212563187994,10.867263611997101],[106.76217163757404,10.867260658091368],[106.76219829298005,10.867258298550345],[106.76220557535183,10.867257653517619],[106.76220561800959,10.867270581569436],[106.76225361291317,10.86745458765407],[106.76229059546061,10.867549575443585],[106.76233560451804,10.867653579564086],[106.76235763532466,10.867699616740506],[106.76244361552023,10.867828618167405],[106.76252959670713,10.867957619559538],[106.76267662651532,10.868182615969857],[106.76269558357167,10.868211576622691],[106.76272462855611,10.868256594437582],[106.76292564297273,10.86856260068211],[106.76305759739238,10.868768570202729],[106.76311658544017,10.868878585827304],[106.7631935814332,10.869050649981821],[106.76320765666208,10.869085592220646],[106.76324559246008,10.86919459150112],[106.7632695853903,10.869285645220872],[106.76329064776861,10.869379600513792],[106.76330059420967,10.86946563810813],[106.76330563485803,10.869528636113781],[106.76330663401302,10.869578630665757],[106.76330762363824,10.869603578865577],[106.76330460820155,10.869671577272785],[106.76329762997295,10.86974962320986],[106.76329065479337,10.869828573142414],[106.76328462060809,10.869873617044647],[106.76328058929869,10.869908619879112],[106.76327861662448,10.869927610504064],[106.7632226183311,10.86994262354434],[106.76315764660322,10.869959654067674],[106.763103627734,10.869979632593216],[106.76307659162731,10.869993644314357],[106.76304159575274,10.870017627240411],[106.76299559733208,10.870045625864789],[106.7629816005002,10.87005561606669],[106.7629306012333,10.870099632069623],[106.76284663028493,10.870163647578307],[106.76280060562532,10.87020665456838],[106.76275365023837,10.870263586310166],[106.76271659136056,10.870302584308055],[106.76258659164378,10.870452639231262],[106.762442654376,10.870608617876144],[106.76240065369217,10.870658661900407],[106.7623745390263,10.870696706241343],[106.76236364502303,10.8707125776035],[106.7623436147184,10.870745641617015],[106.76228541966614,10.870905038722354],[106.76227766229997,10.870918632502423],[106.76222961836554,10.870988587259545],[106.76218066655254,10.871035579633764],[106.76213262045418,10.871082659418692],[106.76207666300134,10.87113266078586],[106.76171165367847,10.871433659224158],[106.76148967047028,10.8715766046634],[106.76138360422487,10.871643584478795],[106.76128264767796,10.871704582811494],[106.76094362175668,10.871925664855583],[106.76081166114037,10.872009635511468],[106.76068167154038,10.872118646031607],[106.76053966484231,10.872243605635616],[106.76046465684394,10.872303612569336],[106.7604376346999,10.872321602570922],[106.76042762432837,10.872328597244428],[106.76040762580011,10.872348643360114],[106.76038461891034,10.872371593092074],[106.76038391792959,10.872374188991506],[106.76038163884797,10.872382631769613],[106.76038268226894,10.872401616087858],[106.760398681401,10.872425611851114],[106.76069965473626,10.872866633985408],[106.76084864776166,10.873091623749787],[106.76090265258682,10.873178599484826],[106.7609286368346,10.87321061072355],[106.76111468633054,10.873395609907261],[106.76113065876987,10.873411647743355],[106.76118167440876,10.873462653811401],[106.76120362878837,10.873485633704712],[106.76122467531509,10.873507625793746],[106.7612656519574,10.87355658296281],[106.7613366766671,10.873656612471335],[106.76135062059981,10.87367564380725],[106.7613840361638,10.8737191096028],[106.7614036577999,10.873744632895113],[106.76144865010623,10.873798639246784],[106.76148366834045,10.87384761599667],[106.76151866125969,10.873911602035994],[106.76163078488553,10.874104371893864],[106.76179667815127,10.874389582716177],[106.76132964750055,10.874548613825922],[106.76133764867213,10.87463963083102],[106.76134264431025,10.87468960953072],[106.76132750220962,10.874841021623505],[106.76132564063339,10.874859635811303],[106.76133410944718,10.874883968178278],[106.76134163810845,10.874905600662359],[106.76137069374353,10.874931633483769],[106.76156463324914,10.87510666040821],[106.76168862503678,10.875232644736652],[106.76175962228372,10.875324627624874],[106.76181462533468,10.875416665890365],[106.76182089710849,10.875425464711526],[106.76191369370004,10.875555658582616],[106.76189969628903,10.875588615025945],[106.76186269733113,10.87582461281335],[106.76185862956127,10.875848585983018],[106.76182964813319,10.87606864685369],[106.7618042055348,10.876325408642648],[106.76178565582501,10.876512610695228],[106.76177883859205,10.876507510152253],[106.76176568824829,10.876497669073297],[106.76176472792588,10.876502010560456],[106.76175863006205,10.876529606439824],[106.76171229999389,10.876758759085812],[106.76166966272916,10.876969650399158],[106.76162765644426,10.877219589967451],[106.76155965124698,10.877634611587714],[106.76155565843166,10.877658582699942],[106.76154966510215,10.877693592887734],[106.76151606870224,10.877906174731915],[106.76150667759607,10.877965593417908],[106.76150165463402,10.877997614477941],[106.76148266059857,10.878136638091187],[106.76145365416579,10.878304622865315],[106.76143122440796,10.878402279641747],[106.76140770666572,10.878504668854653],[106.76177964670937,10.87864565906196],[106.76181167946059,10.87865965690883],[106.76193914829241,10.878701540722956],[106.76195170051625,10.878705665015966],[106.7618836496343,10.878838609944685],[106.76180068014384,10.878999630906],[106.76141267549471,10.879821645066995],[106.7613986653679,10.879850622109556],[106.76136870554716,10.879914640324058],[106.76135071873418,10.879949596901225],[106.76131369635699,10.880022588030922],[106.76124265756563,10.880141621010601],[106.76122470599061,10.880166147952528],[106.76097772449096,10.880503587713962],[106.76092173100233,10.8805876719533],[106.76073766400313,10.8808586019096],[106.76060668916422,10.881079633082662],[106.76058388000182,10.88112343944476],[106.76051869298273,10.881248624681529],[106.76054968149708,10.88126561110321],[106.7605767258921,10.881299605813405],[106.76074169167589,10.881516677728074],[106.76084654501223,10.881644290894581],[106.76087971050706,10.88168465583279],[106.76114367345353,10.881974634080153],[106.76117927988201,10.882001361246164],[106.76121166420904,10.882025670861989],[106.76127973334441,10.882076618775839],[106.7613977359662,10.882147652793014],[106.76157768369272,10.88228864160469],[106.7616086848695,10.882309604582217],[106.76173371796237,10.882407647761065],[106.76178883883583,10.882465851279532],[106.76180473386637,10.882482635086184],[106.76185768108729,10.882523597331083],[106.76187785463011,10.88254036070227],[106.76188173891835,10.882543587853805],[106.7618870224067,10.882539176971536],[106.76189035958873,10.882536391578524],[106.76189370042304,10.882533604365436],[106.7620586850073,10.88266659381585],[106.7620804692814,10.882683649279038],[106.76221072099878,10.882785613779458],[106.76225270613665,10.88281965215623],[106.76263069210282,10.883096594085314],[106.76275471617909,10.883207657788528],[106.76324067921183,10.883557656840217],[106.76351313694609,10.88375360077958],[106.76361471823553,10.88382665517116],[106.76368272293877,10.88405959603919],[106.76408311461837,10.884903395800011],[106.7640836820709,10.884904591731262],[106.76454365594554,10.88484946589301],[106.76455069842625,10.8848486217768],[106.76455768617568,10.88488458077114],[106.76456237980375,10.884919655096347],[106.76456855128326,10.884965757911488],[106.7646017247024,10.885213615787244],[106.76464568927466,10.885542651026377],[106.76461865473959,10.885548848764781],[106.7645936765131,10.885554575044411],[106.76462275125675,10.88578664897333],[106.76465471599941,10.88582460639933],[106.76468272916452,10.886121597670595],[106.76468070233105,10.886191580645356],[106.76471370816071,10.886269585630403],[106.76477868190815,10.88636457058219],[106.76490673441447,10.886528602677776],[106.76499071921948,10.88664558601834],[106.76506268039634,10.886709629025004],[106.76509574515906,10.886782570429768],[106.765151317024,10.887019966152751],[106.7651517012356,10.887021606553473],[106.7651957494122,10.887241607562915],[106.76535271914521,10.887746565761791],[106.76591214566277,10.888473479597026],[106.76591375978228,10.888475576965728],[106.76591871387028,10.888474086131355],[106.76602032014382,10.8884435008008],[106.76602225171052,10.888442920361877],[106.76602673249765,10.8884415712138],[106.76618173079233,10.888854589065538],[106.76624575804252,10.889149719581312],[106.76626332285127,10.88923068545748],[106.76644575722926,10.890071614605427],[106.76647273396676,10.890262649696027],[106.76648976596258,10.89039061284685],[106.76657975486425,10.890653585840472],[106.76666975620616,10.890919634168872],[106.76668872431303,10.890973636144611],[106.76682794854302,10.891379668930597],[106.7668805516213,10.891533081140324],[106.76688059134314,10.8915331967211],[106.76688073914151,10.891533625632812],[106.76693494688789,10.891532442474468],[106.76729049591741,10.891524677823734],[106.76729571813682,10.89152456377564],[106.76765172635021,10.891611621714636],[106.76768374019245,10.891619562937365],[106.76751771515906,10.891937630466993],[106.76739074570511,10.892182607172376],[106.76726921923354,10.892490387696531],[106.76726874857728,10.89249157892608],[106.76726910699443,10.892491542481158],[106.7673167140472,10.892486627711058],[106.76784707570606,10.892412911243936],[106.76794975644823,10.892398638875624],[106.7680969873997,10.892377553380749],[106.76818874652265,10.892364411031403],[106.76841750297702,10.892331648022836],[106.76841753040375,10.89233164431575],[106.76842473977503,10.89233061060587],[106.76844673165238,10.892763599367775],[106.76844572379403,10.89277761476254],[106.76842772480333,10.89309763196142],[106.768423330377,10.893304136225353],[106.76841874598749,10.893519600692247],[106.76842475029484,10.8935985978525],[106.76868589841732,10.893665192638414],[106.76872678481028,10.893675619193854],[106.76882373161425,10.893698622220608],[106.76888837670299,10.893713287340345],[106.76888971952546,10.893713591143978],[106.76927479815166,10.893719172000434],[106.7692944238112,10.89371945571622],[106.76929674255994,10.8937194895935],[106.76930075349041,10.893719547678527],[106.76930857565802,10.893721995031374],[106.76931676499235,10.893724557780006],[106.76965475070598,10.893835631789488],[106.769660343627,10.893837467303031],[106.76966675973091,10.893839571280239],[106.76971873783023,10.893736788719798],[106.76975473753342,10.893665601746845],[106.76978472142434,10.893586576279635],[106.76983575527683,10.893485600330271],[106.76984736047595,10.89346898684876],[106.76987974943683,10.893422618610291],[106.76988872525608,10.893399626188668],[106.76989671279213,10.893352586062074],[106.7699087812019,10.893307613378244],[106.76992772502538,10.89326560103791],[106.7699587325187,10.893221557058602],[106.76996286365438,10.893218238285753],[106.76999477161061,10.893192597707182],[106.77010573018262,10.893120625319805],[106.77013174801704,10.893095587401982],[106.77024374586104,10.892996577315214],[106.77041877570119,10.89284257131189],[106.77055374555762,10.892732546265178],[106.77055406497149,10.892732337281734],[106.77059973876328,10.892702557518428],[106.77063376116251,10.892679571229316],[106.77066673408802,10.892636608165645],[106.77069571484253,10.892573585912988],[106.77075074841915,10.892495560911614],[106.77079972673414,10.892433557804118],[106.77084572447008,10.892360626180686],[106.77090270952777,10.892257551081839],[106.77094671557388,10.892153615175406],[106.77100971975163,10.891912554785545],[106.7710487464309,10.89176460690857],[106.77107771280129,10.891652585032757],[106.77109926715411,10.891587875294894],[106.77110370079818,10.891574566275096],[106.77116971757847,10.8914875532237],[106.77122772408151,10.891462586821591],[106.77128475257103,10.891438619876345],[106.771332700308,10.891406547135643],[106.77134287800196,10.891394614767222],[106.77139070917286,10.891338545662807],[106.77148669898621,10.891213553239224],[106.77157972160477,10.891103577112878],[106.77167770295759,10.891009587097141],[106.77179671473047,10.890910554989418],[106.77183622131741,10.890881221401706],[106.7718683325623,10.890857379851436],[106.77187475079243,10.890852613362412],[106.77198971943754,10.89078460374481],[106.77209173503384,10.890723599873013],[106.7721617024856,10.890666590875792],[106.77220968773446,10.890601606785129],[106.77235773408493,10.89038856080043],[106.77245072125089,10.890290611417598],[106.77251272588401,10.890243572917253],[106.77255573172987,10.890200574441035],[106.7726267381122,10.89011652770684],[106.7727207509246,10.890031592467171],[106.77276374374783,10.889984527808336],[106.77277972333805,10.889958527864247],[106.77278372209986,10.889936544568949],[106.7727757289403,10.889915594752699],[106.77275469487827,10.889897584835987],[106.77273568658772,10.889876583149023],[106.77272873686059,10.889851562746806],[106.77273969710623,10.889813554501835],[106.77291771895167,10.889608545293939],[106.77308471647318,10.889444529483287],[106.7732425934294,10.889245788753545],[106.7732586922135,10.889225522477712],[106.77354374243986,10.888969526439046],[106.7738396699532,10.888717564596336],[106.77425468621023,10.888367562830267],[106.77431542514269,10.888332811821074],[106.77448373100967,10.888236518809029],[106.77457373099232,10.88814752757573],[106.77461482238714,10.888086738167821],[106.77483869892579,10.887755533555142],[106.77487367369746,10.887724587565996],[106.77492867406308,10.88768154965176],[106.77503468497045,10.887609332815469],[106.77506671288938,10.887587514412278],[106.77507867997977,10.887579519218571],[106.77518265860812,10.887541561747826],[106.77521769205619,10.887527522166454],[106.77526067580654,10.887478557938786],[106.7753417085698,10.887392579683421],[106.77540268961596,10.887333518169683],[106.77547571393328,10.88726655339195],[106.77553270766384,10.887210581499177],[106.77556665946514,10.887167523432021],[106.77559667054324,10.88711950652466],[106.77563170432454,10.887039557052994],[106.77566971767315,10.886948569704689],[106.77570668499558,10.886882537195627],[106.77575772347303,10.886806514534307],[106.77577870078197,10.88676359021987],[106.77578966687402,10.886705511241203],[106.77579367616076,10.886642573005668],[106.775817673932,10.886534544156012],[106.77586471960028,10.8864375592834],[106.77595868620875,10.886317544493481],[106.7760347110545,10.886245505363148],[106.77612168134314,10.886197568264738],[106.77617968514882,10.886172513364043],[106.77622465382976,10.886152563548166],[106.77625970976884,10.886123515558312],[106.77629365235812,10.886077563749975],[106.776326702577,10.886013535799016],[106.77634064590715,10.88594351132203],[106.77634071157631,10.885874529466935],[106.77632467428714,10.885817535188192],[106.77631564527134,10.885758529571179],[106.7763226921839,10.885701548490578],[106.77633365687741,10.885642563696466],[106.77634668433573,10.88561358846686],[106.77636069103694,10.88558452136978],[106.7764086475845,10.885533551582043],[106.77647364385858,10.885457572548935],[106.77654168624521,10.885367569486162],[106.77655967524895,10.88531154439657],[106.77656467937734,10.885252580439696],[106.77655864257369,10.88518651089881],[106.77657270632162,10.88512950634504],[106.77659130768885,10.885106482488892],[106.77661064403854,10.885082549459906],[106.77669458533389,10.885052164511734],[106.77670467571441,10.88504851113468],[106.77680069270218,10.885020526565254],[106.77691164930475,10.884971515533332],[106.77702766380263,10.88487954205385],[106.77714963383465,10.88476449386067],[106.7773145733627,10.884586150987912],[106.77747567181444,10.884411961225803],[106.77749267466558,10.884393576585342],[106.77753768793482,10.884320554355266],[106.77757570869952,10.88422584594251],[106.77758264539357,10.884208568048361],[106.7776123030537,10.884186768206328],[106.77761266980848,10.884186499394069],[106.77761456734365,10.884186680169261],[106.7776446671818,10.884189555363735],[106.7776781997982,10.88419543028921],[106.77768467368423,10.884196563926327],[106.77770866534557,10.884174515462666],[106.77772963416949,10.884129510970157],[106.7777596576482,10.884085560958647],[106.777875687661,10.883954533402267],[106.77800164103039,10.883812531449426],[106.77821363974013,10.883617532542036],[106.77839666380872,10.883443516626583],[106.77852265612799,10.883313537578328],[106.77856464331826,10.88323754306925],[106.77859867297438,10.883195569273735],[106.77863163607792,10.883172496285287],[106.77869464698774,10.883155559299363],[106.77876069403871,10.883122519101079],[106.77876663001508,10.883118292890439],[106.77881262151215,10.883085549513787],[106.77883467376746,10.883048498348685],[106.77885968225088,10.883015505277884],[106.77893367784411,10.882968514079007],[106.77899368665369,10.882956560912513],[106.7790626777316,10.882923511690654],[106.77926267195532,10.882638503980862],[106.77930578430195,10.882573568781304],[106.77941667925084,10.88240654166303],[106.77950366120933,10.8823624945197],[106.77960064172835,10.882286497168554],[106.77964743874018,10.882217247432704],[106.77972764225214,10.882098563356685],[106.77983964099727,10.88191456612896],[106.77988964494197,10.881866480014821],[106.77990695869191,10.881861210366383],[106.77997163718828,10.881841523910838],[106.78002364611973,10.88180654448443],[106.78004067389332,10.881734520763464],[106.78004524783285,10.881727324939497],[106.7800686605991,10.881690487004022],[106.7802216261601,10.881572534092737],[106.78033465771928,10.881491509773161],[106.78037888078691,10.88148883015007],[106.78038360923871,10.881488543079902],[106.78046067120873,10.881508995081203],[106.7804626668731,10.881509524454994],[106.78050264630834,10.881508485354885],[106.78052266132052,10.881493500353164],[106.78054621512392,10.881428258216864],[106.78055262677016,10.881410495683458],[106.78058463968392,10.881308497415311],[106.78060361199705,10.881121556926097],[106.78058821376875,10.88104173022276],[106.78056966343934,10.880945556208017],[106.78058064337168,10.880891545093212],[106.78076360985301,10.880613556383176],[106.78082862317194,10.880499513595403],[106.78090867165659,10.88043550827081],[106.78098662737897,10.88035550462675],[106.78103897800727,10.88029072715085],[106.78106662960167,10.880256510083692],[106.78113862955927,10.880155552693337],[106.78114363393273,10.880053553786432],[106.7811166436533,10.879992527667593],[106.78111460733663,10.87994850697064],[106.78112460237347,10.879893504751806],[106.7811416157512,10.87983947426789],[106.78113960564879,10.879781528259427],[106.78113660295152,10.879719517581837],[106.78117464111591,10.879658546086663],[106.78118461917659,10.879642509960423],[106.78125163528195,10.87954048358896],[106.78124780350446,10.87946690629979],[106.78124460815543,10.879405527263087],[106.78122763184578,10.879075501153848],[106.7811966309442,10.878945506933723],[106.78122460778475,10.87885455279357],[106.78122570319194,10.878852075769501],[106.7812555986265,10.878784470941632],[106.78124963995045,10.878740552911902],[106.78123865627731,10.878683541941472],[106.78125861273143,10.878629501571293],[106.78127959345467,10.878588476271812],[106.78127561862141,10.878485514017662],[106.78129664880377,10.878436530635085],[106.7813206588229,10.878398479266206],[106.78132663614832,10.878359493153557],[106.78129662104585,10.878296489295394],[106.78124960697347,10.878226489506295],[106.78121961415401,10.878191512291806],[106.78120086158346,10.878064951904546],[106.78119961066251,10.878056509123788],[106.78121904615007,10.878029719795444],[106.78123182653972,10.878012102203856],[106.78123662829209,10.878005484163312],[106.78132261399638,10.877957550059296],[106.78161218455658,10.877837593818256],[106.78163659603462,10.877827481024731],[106.78180858916056,10.877759548842036],[106.78186158700123,10.87770548692523],[106.78187858921908,10.87764747885141],[106.78188860295259,10.877510474678763],[106.7820316180982,10.877198536147207],[106.78209358571624,10.877076548206102],[106.78207263196344,10.87697246692857],[106.78207464642985,10.876899500095039],[106.78207559804733,10.876847512354177],[106.78207660934466,10.876505493056419],[106.78208362719896,10.876396526575174],[106.78205264183276,10.876270510881751],[106.78202262574712,10.876141506915564],[106.78194761073577,10.875979475506854],[106.78194956798006,10.875934535586858],[106.78201162040835,10.875661473539397],[106.78201863487563,10.875551512664387],[106.7818895662745,10.875026490553672],[106.78180959197066,10.874694507345739],[106.78177458122997,10.874604487042227],[106.78177723869301,10.87456528607396],[106.78178061248691,10.874515504988478],[106.7818236323143,10.874455509323083],[106.78182723073266,10.874451911969896],[106.78191760575639,10.874361529255998],[106.78194462179552,10.874298514638538],[106.7819195903345,10.874236488460259],[106.78189462650167,10.874150503323666],[106.78190963123188,10.874038527703213],[106.78190556946487,10.8739765196733],[106.78190558693686,10.873959522595152],[106.78188559197724,10.873914475607483],[106.78184655592509,10.873860542967694],[106.7817865577525,10.87372151482415],[106.78168493839416,10.873559493964365],[106.78166359853506,10.873525469432781],[106.78168493860024,10.873471748040373],[106.78169456089468,10.873447524668343],[106.78169256353117,10.873392471405431],[106.7815745721888,10.873149488019816],[106.7815375842221,10.872966533075129],[106.78152560922285,10.872906542206447],[106.78146156563062,10.872885510494758],[106.78142261132494,10.872833477714321],[106.78135658212679,10.872739491642168],[106.78133955460329,10.872657548693773],[106.78132455784643,10.872596481345886],[106.78130961353169,10.872506486697294],[106.78126060994022,10.872405482637147],[106.78121055347276,10.872305476500385],[106.78115155799554,10.872238500905066],[106.78108557454337,10.872223534223702],[106.78107896039428,10.872223294259483],[106.78102861199137,10.872221464470055],[106.78102843318777,10.87222133037393],[106.78098761754268,10.872190502590305],[106.78098355862538,10.872150554847813],[106.78098958193445,10.872081553035505],[106.7810125903311,10.87199350749699],[106.7810395694232,10.871875523489726],[106.78103956196234,10.871785476883112],[106.78101360396127,10.87173954581664],[106.78097355690139,10.871720513562178],[106.78096709723333,10.871720512636479],[106.78089457391434,10.871720506462614],[106.78089084567019,10.871720116690714],[106.78081858077068,10.87171253500729],[106.78078293975159,10.87169285062427],[106.78076960552829,10.871685487067953],[106.7807415968645,10.871635493944313],[106.78074756694325,10.871572548212127],[106.78076456092468,10.871534520448252],[106.78080655142921,10.871504544837455],[106.78085133220482,10.871473475963382],[106.78088158294689,10.87145248843492],[106.78092757967309,10.87138054920168],[106.78093160132572,10.871321499922308],[106.78093554752687,10.871240479151133],[106.78091657510306,10.871185484621906],[106.78084261219895,10.871109518237859],[106.78074760229545,10.871011471694656],[106.78063061259058,10.87086151334827],[106.78056055162082,10.870779477890745],[106.78049744260301,10.870738009656595],[106.78048758960999,10.870731534794086],[106.78046657914518,10.870698514288303],[106.7805025874844,10.870639537636073],[106.78051763187904,10.87061331996669],[106.78057660116704,10.870510547906596],[106.78055959601365,10.870479503680194],[106.7805055975248,10.87039551502448],[106.78049960202696,10.87027547202012],[106.78049658248234,10.870230549670454],[106.78051558984703,10.870053554817677],[106.78042159294553,10.869789513832641],[106.78035557538301,10.869632515801621],[106.78029053738445,10.869475512656846],[106.78022395779158,10.869301536609713],[106.78019257370788,10.869219530468763],[106.78015356115064,10.869040470995765],[106.78014157749807,10.868933557858567],[106.78003057157426,10.868592545532803],[106.78000252950325,10.868510549853433],[106.77996954325776,10.86841654480714],[106.77993955043246,10.868381475138516],[106.77995560154977,10.868376538839074],[106.78000759409187,10.868359549274604],[106.78036477894831,10.868244225512083],[106.78058057807672,10.868174550210133],[106.78061252873961,10.868164497255124],[106.78068037521251,10.868142708415947],[106.78195758441414,10.867732531852948],[106.78201259131754,10.867714537446936],[106.78205156457692,10.867706542685875],[106.78241955809777,10.867623483941362],[106.78256041313477,10.867592660780284],[106.78256556831673,10.867591532445497],[106.78278251259957,10.867542956634805],[106.7830435414399,10.867484509087895],[106.78336557139309,10.867438493280806],[106.78388951953079,10.867363501025064],[106.78445253238738,10.867329511160184],[106.78446002162794,10.867329210235901],[106.78477656133064,10.867316486804235],[106.78493654093786,10.867310523298425],[106.78620551894977,10.86726448150281],[106.78663952348765,10.867248460130389],[106.78692154040606,10.867237474512581],[106.78773935169752,10.867205767670724],[106.78774654925712,10.867205489347604],[106.78776555002129,10.867355502664005],[106.78777755717043,10.867446503906809],[106.78781650487804,10.867671489953636],[106.78785954379208,10.867751805097631],[106.78786152839399,10.86775550931387],[106.78784650814659,10.867796423514534],[106.78783452189016,10.867820512177978],[106.78781553606467,10.867871476872564],[106.78780657004683,10.867896461144857],[106.78779956826472,10.867922432280212],[106.78779257114181,10.867949487294988],[106.7877885745521,10.86797146978209],[106.78778453925537,10.868004482096294],[106.78778450458265,10.868125448177873],[106.78778756202082,10.868224437537469],[106.78781350955244,10.868747454569487],[106.78782155992326,10.868850492348471],[106.78785057095136,10.869212481360227],[106.78785955986984,10.869281432478397],[106.78786452281531,10.869320471199414],[106.78787352329036,10.869392498586661],[106.78790351473596,10.869601511314242],[106.78794256672842,10.869856512415941],[106.78794857883648,10.86989347019864],[106.787952519836,10.869920488272745],[106.78795653239591,10.869946512609856],[106.78796956484554,10.870028470360914],[106.78798158846958,10.870102473612834],[106.78802852134979,10.870367483359075],[106.78803754374358,10.870402441266295],[106.78804852726613,10.870437481140243],[106.7880494214901,10.870439795973422],[106.78805355115946,10.870450485373562],[106.78807158215007,10.87049445193537],[106.78810357600948,10.87056251262376],[106.78821759017755,10.87076744642959],[106.78826258774015,10.870843507847285],[106.78827754287438,10.870870490505052],[106.78858754589751,10.871403486620057],[106.78862359340314,10.871465473120848],[106.78864158327086,10.871497508794393],[106.78874357572755,10.871672466585562],[106.78876154626325,10.871699436304903],[106.78880758384732,10.871770434415843],[106.78881649874226,10.87178300692427],[106.78883457208626,10.871808495540225],[106.78885958268224,10.871842495353082],[106.7889203413769,10.871946009323764],[106.78892059437173,10.871946438771765],[106.78910556224346,10.871945452592906],[106.78919058213727,10.87194543625377],[106.78931754786943,10.87194744760625],[106.78973759306885,10.871950455176263],[106.78974754994856,10.87195042238663],[106.78975856437923,10.871950476417801],[106.79050555998153,10.871955450858962],[106.79052057288708,10.87195549041814],[106.79054252773109,10.871956409561788],[106.79090757936126,10.871959422771775],[106.7912905772889,10.871960476331479],[106.79132958085493,10.871961428039905],[106.79137657733496,10.871961450463056],[106.79141052539232,10.871961424897664],[106.79142553738266,10.871961465319659],[106.79148053518085,10.871962454100826],[106.79154752130401,10.87196240693196],[106.79158758679331,10.871964442517555],[106.79162658813819,10.87196449110153],[106.79171054890169,10.87196447675083],[106.79175853107049,10.871965490171554],[106.79181352541382,10.871965484506754],[106.79205054844135,10.87196540393972],[106.79215228254242,10.87196919197334],[106.79215956807914,10.87196946286948],[106.79215944474107,10.871975295882807],[106.79215918546232,10.871987546838907],[106.79215658662481,10.87211042073117],[106.79214553872268,10.872404467272085],[106.79215055282353,10.872436454504466],[106.79215656078809,10.87245044699812],[106.79218158743714,10.872488424941354],[106.7922345630777,10.872515458290367],[106.79226454480673,10.87252548226462],[106.79229656479284,10.8725354089213],[106.79234358674809,10.872542482285679],[106.79250955086387,10.872564429642138],[106.79285563692687,10.8726028312455],[106.79287231884936,10.872604682057176],[106.79287956235444,10.872605486436129],[106.79287969478759,10.872604118237996],[106.79289055719805,10.872491443246625],[106.79301857519917,10.872491460679337],[106.79318597177051,10.872492423731403],[106.79318657723229,10.872492427099662],[106.79345373453557,10.872508005197624],[106.79346054402832,10.872508402430027],[106.79372933015004,10.872505553996142],[106.79373655778446,10.872505477011233],[106.79375478918725,10.872662039878835],[106.79375553205475,10.872668418673612],[106.79379737574067,10.872725210280814],[106.79382556712284,10.87276347202018],[106.79383458541093,10.872775465451122],[106.79384156095755,10.87278547702757],[106.79386755696271,10.87282046742199],[106.79413151865349,10.87303944342118],[106.7942715546792,10.873154418777627],[106.79458151679415,10.873368446783019],[106.7947275810554,10.87343846822169],[106.79492072312821,10.873532063004841],[106.79492155588764,10.87353246697111],[106.79559158809533,10.873531452866562],[106.79589054324053,10.87353043523775],[106.79607056253873,10.873213392686052],[106.79623652931517,10.873214454730292],[106.79750252898911,10.873217373673596],[106.79758853466174,10.873176396960824],[106.79776961306787,10.873090517226089],[106.79778457365008,10.873083420455808],[106.79774954386642,10.872967456837612],[106.7977365125175,10.872908374488055],[106.79773245234817,10.872882069382142],[106.79772956562341,10.872863374636337],[106.79772456659255,10.872814390557261],[106.79772457089592,10.872750380362637],[106.79772953947685,10.872704436783623],[106.79774350608045,10.872642368670837],[106.79774936584495,10.87262483466071],[106.79776455924333,10.872579375106339],[106.79777851467458,10.872536380451631],[106.79778854412551,10.872513383834649],[106.79780744349532,10.872466648757351],[106.79780955985096,10.872461416440412],[106.79783053621382,10.87241939675621],[106.79786753798132,10.872365387855481],[106.79790552831865,10.87231345386742],[106.79794053060027,10.872270391039969],[106.79797457196167,10.872232393866707],[106.79801255171793,10.872199443828551],[106.79810254664878,10.872112435458991],[106.79813051066961,10.872084404770588],[106.7981555143266,10.872072385818614],[106.79821851422666,10.872053366867712],[106.79825656718104,10.872041392884766],[106.79828754780515,10.872034416814603],[106.79831347408656,10.872030991707895],[106.79833798343161,10.872027754040854],[106.79843156613609,10.872015390783769],[106.79845856911938,10.872014394645134],[106.79848451230535,10.872012406820717],[106.79850955702268,10.872012411755973],[106.79857751319301,10.87200838396696],[106.79860028970437,10.872009156896468],[106.79860655893573,10.872009368731748],[106.79869653596155,10.872025425782194],[106.79872454715235,10.8720323831537],[106.79879952173798,10.872051384166873],[106.7988428091569,10.87206857595434],[106.79891928589927,10.872098949504581],[106.79894554501833,10.87210937875739],[106.79899294933931,10.872132177515116],[106.79899556759707,10.872133437786625],[106.79904751745785,10.872159404890422],[106.79905556971981,10.872163430012012],[106.79928752371683,10.872310363566353],[106.79937454492428,10.872365395441413],[106.79962654984553,10.872529440668549],[106.80011155569285,10.872837431752925],[106.80014754492277,10.872860361537034],[106.80024251473128,10.872923414240624],[106.8004595271197,10.873068411796382],[106.80083052709574,10.873305367589225],[106.8010875045609,10.873467405666728],[106.8012669517705,10.873585347954673],[106.80127239414873,10.873588924520881],[106.8012745676158,10.87359035262808],[106.80135356862606,10.873574351853454],[106.80135950640216,10.873573141874953],[106.80144154310752,10.873556421053175],[106.80164450824488,10.87352435498401],[106.80183255344669,10.873497402240977],[106.80196556493364,10.873480401889822],[106.80217956786332,10.873455349747303],[106.80222549945739,10.8734523882401],[106.8024675314582,10.87343935524148],[106.80263551263656,10.873434350145793],[106.80267556687754,10.873433399307013],[106.80286553466092,10.873438353996917],[106.80294569137769,10.873442121945452],[106.80295154746531,10.873442396576703],[106.80327949163228,10.873469390263086],[106.80332054904991,10.873474402266828],[106.80350554262664,10.873502337792868],[106.80378213350266,10.873546311388422],[106.80395253209349,10.873573402648962],[106.80404650349325,10.873588359565206],[106.80409149307128,10.873596342058306],[106.8042270020128,10.873629312221361],[106.80424355263612,10.873633339673374],[106.80426393143429,10.873640681591398],[106.80433253201218,10.873665399127926],[106.80440650106348,10.873698416780488],[106.80446649771343,10.87372741258966],[106.80454851649273,10.873775409788273],[106.804646514719,10.873841341595625],[106.80469455289446,10.87387932885853],[106.80474654011185,10.87392534991299],[106.80482253843802,10.873999404547655],[106.80489855487063,10.874078339763521],[106.80498652174035,10.874187340545479],[106.80504351281358,10.874283340668246],[106.80511550850966,10.874463365234343],[106.8051277678781,10.874513408932586],[106.80513754975918,10.874553337307102],[106.80514955337055,10.874620379687343],[106.80518555360459,10.87479637039141],[106.80521756837621,10.874933410814714],[106.80522373940777,10.874970185799231],[106.80523509124683,10.875037827950376],[106.80523552188161,10.875040391102782],[106.80536560796806,10.87499920387973],[106.8056555430033,10.874907404102753],[106.80574156013031,10.874869408308415],[106.80581755533545,10.874835334113637],[106.8061614963634,10.874691397524929],[106.80636153603038,10.87459939724464],[106.80644354882233,10.87456033024641],[106.80729648429825,10.874100384394584],[106.80749352980035,10.873994379130759],[106.80752748860725,10.873976361347102],[106.80763949704905,10.873907356293412],[106.8076744937216,10.873884362052676],[106.8077035486029,10.873866362039234],[106.80774554779926,10.87383936610938],[106.80781553225961,10.873769329594483],[106.80785853577657,10.87372732299455],[106.80786853000717,10.873716349352621],[106.80790948183416,10.873670371335756],[106.80800448475031,10.873550343662616],[106.8081464870889,10.873408366035852],[106.80832949097612,10.873214353363496],[106.80843750499793,10.873125379945192],[106.80855617373182,10.873024991217243],[106.80856047768711,10.87302135137395],[106.80860254607938,10.873078343330565],[106.80866849781319,10.873169337149674],[106.80870950642237,10.87322533925053],[106.808855496259,10.873423372055408],[106.8088896363714,10.873477270701738],[106.80891755105365,10.87352133998548],[106.80902451344473,10.873662085546488],[106.80922154008269,10.873921343220706],[106.80926254539476,10.873976350845219],[106.8093135448534,10.874041359228961],[106.80990054139289,10.87483736602968],[106.80995048832905,10.87490337230233],[106.81044054590774,10.87556934471246],[106.81090955735964,10.876214323071606],[106.81122353392536,10.876642313942956],[106.81147154486182,10.87699630829081],[106.81182850724817,10.877484362920987],[106.81229956085832,10.878128337084393],[106.81278998066344,10.87882172961919],[106.81304128557781,10.87913196313329],[106.81304453873312,10.87913633713573],[106.81312249629522,10.87905931109389],[106.81316053558908,10.879022293810204],[106.81363645888648,10.87857733711292],[106.81380291119382,10.878421714183528],[106.81380656111278,10.87841830253034],[106.81382753653045,10.8784402881681],[106.8138415456212,10.87845533810578],[106.81386351023129,10.87848030619832],[106.81392052117141,10.878538330267654],[106.81415656041983,10.878791287243374],[106.8142535571313,10.878881208319557],[106.81429355477876,10.878918287929043],[106.81435852436486,10.878987313916612],[106.8148855344028,10.879326324942761],[106.81493552815881,10.879361970409223],[106.81523368828232,10.879574557462131],[106.81525854032752,10.879592277159597],[106.81513153337794,10.87970735651769],[106.81511519581143,10.879731000133004],[106.81511149426537,10.879736356465985],[106.81518451057026,10.87984034240739],[106.81568229061533,10.880509853852223],[106.81597852552927,10.88090828826636],[106.81598656448134,10.88092028433882],[106.8162959021493,10.88134504499321],[106.81629596832735,10.881345136970427],[106.81629753260573,10.881347283939627],[106.81647356637646,10.881293333403374],[106.81655453534165,10.8812783161675],[106.81663550245794,10.881263296205418],[106.81675153247124,10.88122230115924],[106.81680055718418,10.881198262741231],[106.81700402907796,10.881161911286704],[106.8170075059912,10.881161289008963],[106.81712756847358,10.881193330396934],[106.81716953641819,10.881221300435154],[106.81721650755412,10.881256305105847],[106.81723754688427,10.881275307074501],[106.81725045146985,10.881287279865758],[106.81729249713507,10.881326289148138],[106.8173355343365,10.881485346737708],[106.81735152252723,10.88154731213881],[106.8173645076887,10.881698337380362],[106.81738551643755,10.881793281881615],[106.81739052119815,10.881885301568627],[106.81751250707623,10.882140278231054],[106.81765852005609,10.88261730521694],[106.81768355885028,10.882721276469468],[106.8177064909049,10.882832062093508],[106.81772454939626,10.882919308483308],[106.81773751961697,10.88298128343814],[106.81779618763997,10.883140258507765],[106.81782352088585,10.883214324985692],[106.81781221286062,10.883216672211173],[106.81774157723397,10.883231336573841],[106.81768234992354,10.883271052396989],[106.81767151214281,10.883278320209714],[106.81767042348214,10.883312148605743],[106.81766852307409,10.883371268957012],[106.81769453856252,10.883516284292321],[106.81771474232137,10.883597753042617],[106.81772852111992,10.883653314080254],[106.81773356685318,10.883672282133944],[106.81772659034336,10.883674106247438],[106.81770658553492,10.88367933762087],[106.81759458202457,10.883707302533805],[106.8176005415186,10.883728347493989],[106.81772054449122,10.884040288577479],[106.8177695682562,10.88416433715515],[106.81776970025363,10.884164676596306],[106.81778555703231,10.884205327212385],[106.81779157705644,10.884222302191029],[106.81791055910176,10.884289332234271],[106.81805936803478,10.884374762209266],[106.81806231818334,10.884376455060627],[106.8180655258645,10.884378296174146],[106.81810952197245,10.884255279042584],[106.81813326559055,10.884236147530764],[106.81813439007202,10.884235241435185],[106.81813555011964,10.884234306288148],[106.81843452209502,10.884299263294048],[106.81843650836679,10.884317929200082],[106.81843652634647,10.884318098183646],[106.8184365509602,10.884318332231416],[106.81865326404231,10.884323175256627],[106.81865695019783,10.88432325734098],[106.8186605485426,10.88432333701907],[106.8186595165986,10.88439331758044],[106.81865662961202,10.884478889389504],[106.818656627155,10.884478969853177],[106.81865658249984,10.884480297970082],[106.81875465674754,10.884466715728472],[106.8189313995281,10.8844422403109],[106.81893851257023,10.884441255500322],[106.81893881120476,10.884443697041227],[106.81893990690675,10.884452677077737],[106.81895156682316,10.884548254201947],[106.81895957754243,10.884700290072834],[106.81896957959684,10.884839304261869],[106.81897855753509,10.884924256184034],[106.81899351417242,10.884993275249204],[106.81900148919118,10.885314585160147],[106.81900153088466,10.88531627457211],[106.81901856845543,10.885334295023796],[106.81916223558565,10.88534746558938],[106.81916843225855,10.885348033402764],[106.81917153562853,10.88534831819584],[106.8192403051282,10.88535012343186],[106.81924758609402,10.885350313214058],[106.81924756867424,10.88536491903899],[106.81924756725633,10.885366316612256],[106.81923047186314,10.885449029774994],[106.81922153846178,10.885492255343054],[106.81921532389208,10.885517188243487],[106.81921454661473,10.88552030519663],[106.8192400950996,10.885596920627194],[106.8192805825778,10.885718338170392],[106.81930157924472,10.885788331454485],[106.81931706515803,10.885844668380052],[106.81933738070776,10.88591857740479],[106.81933757808731,10.88591929719689],[106.81940357839873,10.885916265744267],[106.81949353538204,10.885883314606001],[106.81960237896287,10.885822908535419],[106.81960353548622,10.885822267191731],[106.81967939973319,10.885835097961388],[106.81968053087445,10.885835289280427],[106.81968135679219,10.885836321469796],[106.81970455231381,10.88586531021476],[106.81974136749938,10.885876922903112],[106.81974254135105,10.885877293062961],[106.81977154544487,10.885950331051284],[106.81977932239558,10.886014412177275],[106.81977954575561,10.886016260961517],[106.81977955047701,10.88601630252858],[106.81982842846678,10.886018682290059],[106.81990254038861,10.886022291181556],[106.8199472764646,10.886024002852151],[106.81995452392164,10.886024281323852],[106.81995956720586,10.886042253133592],[106.8199603221562,10.886045183043725],[106.81997555475029,10.886104307805857],[106.82000952276543,10.886194326172253],[106.82006876319195,10.886453922596118],[106.82006953252707,10.886457294506453],[106.82013372136974,10.886427952259403],[106.82038979176129,10.88631089560544],[106.82040853449182,10.886302328207288],[106.82036158908888,10.886169320742168],[106.82045858412664,10.88614231110621],[106.82039758646603,10.885898333709983],[106.82086355738046,10.885752314730293],[106.82087328617168,10.885749265977196],[106.82087956251476,10.885747298690664],[106.82090253737113,10.885801283411697],[106.82091468776532,10.885832208071461],[106.82092651878868,10.885862315734594],[106.8210070720366,10.885880711036672],[106.82100957004704,10.88588128177585],[106.8211185672536,10.88587728540064],[106.82121754082958,10.885834267118806],[106.82124905416917,10.885794462945622],[106.8212513868727,10.885791516837575],[106.82125156168425,10.885791294749971],[106.82125441831418,10.885793427232793],[106.82131858017219,10.885841328025359],[106.82140353891636,10.885908295455787],[106.82142158311461,10.885996289144991],[106.82144640905693,10.886090906186238],[106.8214465147622,10.886091308996347],[106.8214895158938,10.886091250158959],[106.8215385812521,10.886078241287295],[106.82167555199567,10.886007245504446],[106.821814736943,10.885999693833126],[106.82181757077146,10.885999540201297],[106.82182157507336,10.885999322818067],[106.82183038791608,10.886014575781594],[106.82184753687824,10.886044254414662],[106.82189057326906,10.886117243141312],[106.82201009810153,10.886225389288176],[106.82201658722339,10.88623125972395],[106.8221415579492,10.886285247787756],[106.82220000332883,10.886333038169681],[106.82220155814416,10.886334310073593],[106.82236355129785,10.886636249460878],[106.82240752426978,10.886760314713635],[106.82241655124974,10.886795271152712],[106.82245558922246,10.88684730030169],[106.82248955144524,10.886893288651185],[106.82250956711636,10.886919697431617],[106.82251456437228,10.886926290835858],[106.8226385247796,10.886993302342576],[106.82290850311898,10.887130289083283],[106.82290856451056,10.887130320508241],[106.82293389198553,10.887131596971276],[106.82321831404224,10.887145933966226],[106.82322365818008,10.88714620364706],[106.82322554628453,10.887146299193963],[106.82432356486797,10.887837238743634],[106.82441255924392,10.887893251022104],[106.82471054013459,10.888080254163379],[106.82491552640916,10.888210266330622],[106.82489555094018,10.888783247828526],[106.82487457945994,10.888825270870724],[106.8247105551942,10.889157280082806],[106.82465498116575,10.889259582026343],[106.82392556728207,10.89060229980403],[106.82391260427501,10.890627298878846],[106.8238985911893,10.890653294208597],[106.82387760262206,10.890712313146068],[106.82389429051052,10.890801286721961],[106.82389559964376,10.890808262736295],[106.82391554219022,10.890857283097693],[106.82394058108825,10.890918313178144],[106.82394454215553,10.890929238471985],[106.82394255902202,10.891007265929176],[106.82394260924609,10.891021279379185],[106.82393863077556,10.891047861522882],[106.82392360026647,10.891148278537457],[106.82391660578878,10.89147024306954],[106.823921566027,10.891654295785095],[106.82389454760832,10.891756279798557],[106.82384454901403,10.891846230824036],[106.82377160768091,10.891954251529315],[106.82375659772087,10.892018311868215],[106.82379956877269,10.892199249257217],[106.82386659549582,10.892335258266268],[106.82389156948824,10.892420244248836],[106.82392555004623,10.89249226985232],[106.82400459121729,10.892570286588143],[106.82406402971925,10.892580593631083],[106.82406989064945,10.892581609076522],[106.82407358713951,10.892582250618766],[106.82411657878575,10.892579295887042],[106.8241426001933,10.892577307283792],[106.82418860793092,10.892574253388156],[106.82430656808666,10.892545271488045],[106.82432654380669,10.89254022777479],[106.82443961584826,10.892515242303324],[106.82452562025345,10.892518035352191],[106.82453257224897,10.892518261400644],[106.82461057007473,10.892558309605398],[106.82463051789482,10.892585778801855],[106.82464756850679,10.892609261617391],[106.82467560812337,10.892665305540056],[106.82471054407324,10.892730276581961],[106.82480161166743,10.892796225192598],[106.824896589736,10.892837299496135],[106.82506556119061,10.892874226352667],[106.82512260182241,10.892918235924508],[106.82518758627367,10.893010223906764],[106.8252685765426,10.893148261841768],[106.82524455711406,10.893203224440475],[106.82519158977244,10.893222305293488],[106.82518482216084,10.893221725155882],[106.82512057791428,10.893216226328397],[106.82511861258723,10.893216286553386],[106.82502055289976,10.893219287118091],[106.82492156986247,10.89328129327105],[106.82488258117355,10.893369306583656],[106.8248725999049,10.8934682468782],[106.82496058892393,10.893643237080113],[106.82500458897118,10.893753291615528],[106.82507185675695,10.893803038195104],[106.82507357626008,10.893804310405844],[106.82580361279123,10.893689202923355],[106.82580954723056,10.893688268173822],[106.8260705974006,10.893946278721959],[106.82641454787955,10.894285275526514],[106.82674562040519,10.894693296738247],[106.82677395328109,10.894732029830005],[106.82677556822733,10.894734236215955],[106.8269506176907,10.894678291136383],[106.82702459079997,10.894647293958167],[106.82713861175249,10.894592287215438],[106.82734660425164,10.894487227391824],[106.82745755094314,10.89443729366925],[106.82756055750733,10.894382234180808],[106.82759060189098,10.894345244125462],[106.82764354626357,10.89432028702],[106.82777355148262,10.89430427974434],[106.82794461755161,10.894252236183675],[106.82803004242804,10.894224759330767],[106.82803157723343,10.894224264878327],[106.82811559104718,10.894237260841612],[106.82816957222327,10.894290230004092],[106.82828955646107,10.894404264615801],[106.82840155104783,10.894477281747388],[106.82850360425164,10.894535235410105],[106.82863755424445,10.894567219202107],[106.82872458598234,10.894622243369803],[106.82881334610943,10.894670072926788],[106.82881559499032,10.894671285396988],[106.82888956032389,10.894659272437996],[106.82899443985025,10.894658304976648],[106.829000607028,10.89465824802062],[106.82910154552424,10.894699210441324],[106.82919019909622,10.894724805802218],[106.82919156607174,10.894725201457398],[106.82924256338055,10.894725202772143],[106.82931061506672,10.89469603839658],[106.82931254196762,10.894695211698563],[106.8293695476961,10.894708211058544],[106.82944056765717,10.894737253843111],[106.82950596396036,10.894778849276287],[106.82950658000773,10.89477924124566],[106.82955259993967,10.89477926003035],[106.82964635696213,10.89477636080903],[106.8296515688863,10.894776199628625],[106.82970359900993,10.894790209923231],[106.82974614005867,10.89481393441229],[106.82974661204128,10.894814196714368],[106.82974673273675,10.89481444036571],[106.8297705491663,10.89486220992723],[106.82978055092856,10.894874197727171],[106.8297956000721,10.894884272997443],[106.8298246051247,10.894894206011056],[106.82983754597926,10.89490528037641],[106.82986134332236,10.89492897503036],[106.82986260731205,10.894930233448045],[106.82990460668788,10.894924208723882],[106.82992342807077,10.894924212949931],[106.82992859668158,10.89492421463469],[106.8299395439961,10.894926256152502],[106.82995054775749,10.894944207631085],[106.82994657506993,10.894972248815693],[106.82998156261371,10.895009283045754],[106.83001456378547,10.89503927226985],[106.83003459182278,10.895049236879728],[106.83009054483303,10.895063234189074],[106.83013260459168,10.895074205066235],[106.83014855173,10.89508219617734],[106.83019958773754,10.895113205728421],[106.83020787044896,10.895116185016525],[106.8302080655182,10.89511625484026],[106.83025261667515,10.895132275630262],[106.83031656985801,10.895147240000359],[106.83034958210082,10.895159238010518],[106.83036960389705,10.895167213848925],[106.83038655153958,10.89518125812916],[106.8304185758775,10.895212245130569],[106.83043854402516,10.89524490268849],[106.8304405838127,10.89524824025006],[106.83056261269233,10.895447247672971],[106.8306715501546,10.89561420785524],[106.83068860796483,10.895658267681497],[106.8307555929876,10.895823205209819],[106.83076609747442,10.895849277109438],[106.83077858158532,10.895880260618783],[106.8307815906698,10.895885562738222],[106.83082056887433,10.895954246704106],[106.8308493481513,10.895986232239055],[106.83087457444786,10.896014269029003],[106.83093457768403,10.89606323885621],[106.83112304158433,10.896217261742223],[106.83130654925424,10.896367234035932],[106.83146455677587,10.896501201585892],[106.83148203320874,10.896511953418974],[106.83152958211738,10.896541203198746],[106.83159055093324,10.896565217653698],[106.8315955090784,10.896566451278888],[106.83160491911252,10.896568791044992],[106.83160783944082,10.896569518395035],[106.83161456350707,10.89657118964707],[106.83163345165383,10.89652786005958],[106.8316342209021,10.896526097285392],[106.831634614586,10.896525191910714],[106.83164859727717,10.896532193670211],[106.83171561550795,10.896560254693528],[106.83174554546184,10.896575248368546],[106.83177758728883,10.896590232780886],[106.83171582351193,10.896735597368373],[106.83171557228856,10.896736187653453],[106.83175155450816,10.896735248014943],[106.8317825589876,10.896734234633358],[106.83178918983134,10.896733645341682],[106.83183859470098,10.896729244881296],[106.83194156844931,10.896707184043857],[106.83206560927681,10.896669227263583],[106.83212255509193,10.896644255261984],[106.83214222167643,10.89664425364666],[106.83214858208058,10.896644252892685],[106.83227854609854,10.896700208269882],[106.83239360307493,10.896744192303846],[106.83238659044122,10.896766185719024],[106.83237847933405,10.89679349663939],[106.83230719886,10.89703347983556],[106.83230161974532,10.89705226265602],[106.83231461356664,10.897057189609272],[106.8323825999046,10.89708126951501],[106.83244960360993,10.897105261571479],[106.83251958563545,10.897139187840692],[106.83260181798654,10.897173257054737],[106.83262924251413,10.897184619130815],[106.8326351782798,10.897187077801744],[106.83263556483857,10.897187238250059],[106.83263620066408,10.8971857616044],[106.83264365647057,10.897168460112512],[106.83264461702105,10.897166232012164],[106.83264973663881,10.89716835818635],[106.83266720231772,10.897175607942097],[106.83267355489036,10.897178245033448],[106.8326960015684,10.897123979065375],[106.83269643679635,10.897122928001211],[106.83269756203104,10.897120207551053],[106.83277261395232,10.897158184693392],[106.83277148415007,10.89716014762009],[106.83275357176858,10.89719125193502],[106.83270455753483,10.897281198929598],[106.8326795924935,10.89730425103838],[106.83263160667916,10.897407211783335],[106.83261655029075,10.897437191392644],[106.83265289688958,10.897454038980104],[106.83265758588486,10.897456211873687],[106.83267106173345,10.8974469680391],[106.8326729549219,10.897445669557971],[106.83267361457234,10.89744521704361],[106.83273958355174,10.897475178984582],[106.8327495603575,10.8974802069709],[106.8327745763216,10.897492232926695],[106.83279860637863,10.897503267978506],[106.83286457002582,10.897531242949052],[106.83302462001853,10.897604177913944],[106.83312357768305,10.897660241508742],[106.83314953277204,10.897699511134414],[106.83316256825158,10.897719231620053],[106.83319157577642,10.897750228934346],[106.83321353904175,10.897772716610607],[106.83327358368751,10.89783419872443],[106.83324661864923,10.897867200880192],[106.83330961602826,10.897930265372493],[106.83331884727045,10.897967360329465],[106.83332056155785,10.897974254390903],[106.83336255738388,10.897925195860036],[106.8333916003233,10.897920211701807],[106.833423112181,10.897914803886142],[106.83342656830438,10.897914211313147],[106.83348456152942,10.89792919510948],[106.83352457233501,10.897936196081357],[106.83353657165101,10.897937236643893],[106.83358955651522,10.897944192653524],[106.83364286954739,10.897949832195312],[106.83364661461441,10.897950227558201],[106.83364940884763,10.897950226720726],[106.83367953716616,10.89795021513697],[106.83373261934805,10.897950194724002],[106.83374355599176,10.897949252979705],[106.83378156317069,10.897945231477927],[106.83389930618301,10.897945240971483],[106.83390066991541,10.897945240669621],[106.83390657302442,10.897945240589474],[106.83390758983933,10.89797624729879],[106.83391461738083,10.89829219597116],[106.83393855814047,10.898299253704684],[106.83400259523141,10.898316203885535],[106.83411337074726,10.898347070138268],[106.83414260759038,10.89835521650675],[106.83422862090141,10.898378237821095],[106.83432297925802,10.89840474428521],[106.83432460623374,10.898405200466495],[106.83468656701208,10.898401208857514],[106.83474359783268,10.898400193466465],[106.83475064805599,10.89840023270129],[106.83475355668374,10.898400248624265],[106.83477154242303,10.898401809439315],[106.83477657271894,10.898402245438932],[106.83483058616373,10.898401240709319],[106.8348535968297,10.898401250578555],[106.83494856888744,10.898398202506058],[106.83503154730766,10.898396192143844],[106.83512660457973,10.898396217262917],[106.83547257885084,10.898394177876627],[106.8357165577039,10.898393223454525],[106.83643158627982,10.898388159890773],[106.8370265843367,10.898383156917378],[106.83819801952453,10.898373240518596],[106.83820360508248,10.898373193570988],[106.83846760449198,10.898442232768513],[106.83867556390554,10.89849420195571],[106.8402329148605,10.898923276056793],[106.84056207805084,10.897798914154395],[106.84142852359415,10.895818128152563],[106.84180250786781,10.894809209062835],[106.84197356797944,10.894363165932996],[106.84251550745408,10.892947178543421],[106.84301051038767,10.891281203137408],[106.84330654239633,10.88948312778133],[106.84351250018283,10.887210193734388],[106.84356749645927,10.88539019490415],[106.84354266973166,10.884474213991734],[106.843540473699,10.884393193286316],[106.84353751040634,10.884139160168196],[106.84358445607322,10.883959171668911],[106.84369049084373,10.883805192653014],[106.84374900971702,10.88376963658097],[106.84416944539426,10.883514183952963],[106.84470646571403,10.883196114695075],[106.84515044324803,10.882933166055723],[106.84535043655448,10.882790151119208],[106.8455434488178,10.882615158188722],[106.8459444771356,10.882284102994387],[106.84696143604816,10.88120417569837],[106.84714847762712,10.881006148996734],[106.84765240941569,10.880451147659885],[106.84779244766807,10.880252113502666],[106.84846025041344,10.879307265917559],[106.84866744548111,10.87901411447377],[106.84936045588118,10.87814011245312],[106.84968941067572,10.877762117056019],[106.85018039578569,10.877197125474616],[106.85105940924723,10.876277066893369],[106.85114507216714,10.876104713130081],[106.85118544098678,10.876024110433322],[106.85122940476519,10.875732119569998],[106.85119236548847,10.875095062926224],[106.85119036588732,10.875064060816753],[106.85109941695016,10.874578088165004],[106.85098239480857,10.873976126801152],[106.85088838287412,10.87349812091124],[106.85075738691665,10.873076118055225],[106.85060738373738,10.872737089168291],[106.85045640177098,10.872398152265022],[106.85039815433737,10.872281653207853],[106.85020038137043,10.871886099167504],[106.85010136167632,10.871688101078874],[106.85007744854099,10.871640387742032],[106.84967535690458,10.87083808206991],[106.849263365937,10.869983133276953],[106.84917435368165,10.869798117202027],[106.84910638113935,10.869673146096037],[106.84841335935486,10.868395099038135],[106.84828736205093,10.86818309347875],[106.84820826501036,10.868050674154413],[106.84801738727776,10.867731119294724],[106.84773838201586,10.86726407690407],[106.84756039516712,10.866965105410921],[106.84731235964937,10.866550118052055],[106.8473023473938,10.866535145865003],[106.84712638955078,10.866275131169237],[106.84697735427315,10.866054165455378],[106.84680237918442,10.865795138676246],[106.84670232809657,10.865540095925727],[106.84669534811158,10.865302081222728],[106.84669037745371,10.865097146042103],[106.8467263641509,10.864871088725943],[106.8469564346025,10.863963195695794],[106.84707631204203,10.863490139289082],[106.84747634106104,10.862293079084818],[106.84841128753405,10.859493088428911],[106.84942337938668,10.85662664885493],[106.8495612624913,10.856236135341986],[106.85103230102155,10.853446067382809],[106.85149462218968,10.852588369435901],[106.85433923075277,10.847311049345981],[106.85668417345673,10.842673073620094],[106.85867415378573,10.84044905118126],[106.86300609742266,10.835607975331607],[106.86451686229057,10.833958695663423],[106.86503621491727,10.833391726214792],[106.87163748528248,10.826185215695661],[106.87272691329775,10.824995903232264],[106.87523548765765,10.822257328780712],[106.87920444097422,10.817924481775393],[106.88011093791849,10.81693487211769],[106.88131393442205,10.814225870773386],[106.88149143358464,10.813107179026021],[106.88180596460839,10.81112484688886],[106.88191191003959,10.808483869670892],[106.88151690520793,10.806380927744115],[106.88096886882856,10.804736905995211],[106.88076564890117,10.804321369077426],[106.88012086667605,10.803002937992444],[106.87820487537725,10.800537950639193],[106.87785309854343,10.80026884157806],[106.87420089174975,10.797474910939986],[106.87312785308208,10.796533607647333],[106.86653484860888,10.7907500116287],[106.86531188307247,10.789103950898513],[106.86480281973823,10.787421955750792],[106.8647210789777,10.785914420696523],[106.8647340429203,10.785847197258251],[106.8652558118242,10.78424396632361],[106.86567883323947,10.783514937129723],[106.8661017826804,10.782786992559396],[106.8679527572548,10.781019912189201],[106.86908081665247,10.780050925521634],[106.87150375806279,10.778365929915584],[106.87217962665592,10.777632221469172],[106.87325673735613,10.776462934253116],[106.87421776488847,10.774223961056455],[106.87463172512986,10.772768899142605],[106.87465612814641,10.772364864185263],[106.87476472113633,10.770566921982287],[106.87454771023815,10.769514920700052],[106.87400071863743,10.76811993915817],[106.87335870902349,10.767108893837943],[106.87258166409799,10.766326885556808],[106.87143768857719,10.765565911420552],[106.87035171278379,10.76507196541865],[106.86905369357815,10.764598940075604],[106.86806568227436,10.764391946567017],[106.86717449925261,10.764309159073054],[106.8669676602175,10.764289944040076],[106.86696636074825,10.764290096972827],[106.86596064824697,10.764408594317983],[106.86527974762353,10.764488821221887],[106.86495573059129,10.764526997931647],[106.86302371018886,10.765375988341267],[106.86124771975533,10.766682955808253],[106.8597057238567,10.768219975704742],[106.8584727463107,10.770027015983048],[106.85694679243224,10.771732033751809],[106.85461677285578,10.77355699118899],[106.85191080448524,10.774638041946734],[106.84823680679557,10.775379046641385],[106.84823063230793,10.775378420365348],[106.84568182757288,10.775120122906348],[106.84316382553862,10.774554112999494],[106.84033379768722,10.77330208105034],[106.84030010661893,10.773277557702347],[106.83788285927095,10.771518085899258],[106.83570280293657,10.769118167774238],[106.83544229426171,10.768842695229234],[106.83166283088376,10.764846132820269],[106.83006581903116,10.761905209287313],[106.82893780933567,10.760493161198388],[106.82835677611317,10.760256952344573],[106.8280803368381,10.760144570118849],[106.82688381245326,10.75965814423667],[106.82625886313565,10.759512248002716],[106.82544481123982,10.759322204779764],[106.8254418513176,10.759322816194683],[106.82432980902651,10.759552177077069],[106.82367036627778,10.760208239989737],[106.82355778320684,10.760320245879901],[106.82313679967434,10.76158416388835],[106.82298680049503,10.762924171146004],[106.82318579072727,10.764646214567227],[106.82354354288229,10.76625714929022],[106.8236188338941,10.766596177081837],[106.82424484194159,10.76839222812409],[106.82492986242704,10.770048213564898],[106.8253502133141,10.77092303033588],[106.82580483239468,10.771869163684064],[106.82591801241465,10.772710104851852],[106.82603593174072,10.77358625988615],[106.82608289537922,10.773935199515416],[106.826046223044,10.774522108594963],[106.82601032499727,10.775096642005078],[106.82597286367758,10.775696190734118],[106.82585349637952,10.776062623407476],[106.82559081294397,10.776869010492362],[106.82539889760426,10.777458158841657],[106.82531615118198,10.777623366239741],[106.82525463375056,10.7777461893966],[106.82482290376737,10.7786081608464],[106.82397487858802,10.779606223665901],[106.82289389928428,10.780413245884256],[106.82200493323295,10.780799203740173],[106.82091089418914,10.78092323155797],[106.81953189666243,10.780928267775572],[106.81953041676636,10.780927847103984],[106.81778492013207,10.780431262325873],[106.81698793641574,10.78012824741418],[106.81638993263005,10.779900217076383],[106.8151229071198,10.779149305153918],[106.81369203928405,10.777985508632277],[106.81342495179422,10.777768272869956],[106.81157691297054,10.776013271802547],[106.81007891434665,10.77461227579041],[106.80981993049696,10.774370323150727],[106.8090299309618,10.773534302662268],[106.8081069439589,10.772557335601462],[106.80719305345681,10.77166893516008],[106.8055619227956,10.770083298373445],[106.80534509925589,10.768848946295446],[106.80520586219178,10.768056281086414],[106.805127876536,10.767749337323247],[106.80497093120829,10.767138345792281],[106.80473487067535,10.766220325387694],[106.80403190800885,10.76427133115277],[106.80328987570638,10.762513321442391],[106.80185184077835,10.760758300240358],[106.80063765815066,10.759963624309087],[106.79914711381416,10.758988071730293],[106.79895220388934,10.758860503290101],[106.79124283280544,10.755598356281915],[106.78987385277311,10.75501935479286],[106.78777087479759,10.754048434147638],[106.78515903290888,10.75284232714434],[106.77621785118365,10.748713430271792],[106.77151486525156,10.745523453570359],[106.76773083989205,10.741921555301255],[106.76402986933483,10.736945550709091],[106.75710983053243,10.728935543361706],[106.75383782367045,10.72481960881887],[106.75199979592078,10.72109356829116],[106.75125278967664,10.716983560191718],[106.7509437217189,10.713722635504407],[106.75092371968873,10.713509600179577],[106.75096876073795,10.71312756223162],[106.75131369522882,10.710231600204377],[106.75162670073914,10.707601547009045],[106.75186461270256,10.70560863446227],[106.7519136814067,10.705197605159375],[106.75193970740065,10.704972580169033],[106.75212836555423,10.704532449439668],[106.75467061853486,10.698601517430225],[106.75729880233168,10.694085879088728],[106.7574596366808,10.693809540744745],[106.76011961485608,10.691081492084374],[106.76278052999041,10.688354503546705],[106.76359455869267,10.687519545871448],[106.76440956065406,10.68668449286132],[106.76688849361435,10.684187526967522],[106.77096248375356,10.680085442176335],[106.77189486473141,10.6781026379997],[106.77217357067842,10.67750994181677],[106.77217420324092,10.67750859819115],[106.77274843152085,10.676287439921659],[106.7744880626047,10.675854454429926],[106.77521942366708,10.675672422170098],[106.77769040414658,10.675057388495803],[106.77891045768068,10.67459942493655],[106.78012944698018,10.674140379237153],[106.78279037371506,10.673054368417136],[106.78490724072498,10.67185386806862],[106.78557641076821,10.671474373915968],[106.78795194991915,10.670153193394615],[106.78954837530813,10.669265326635962],[106.79078110097895,10.668362705155893],[106.79152369342748,10.667818968841328],[106.79222238370562,10.667307376457542],[106.79455933281449,10.665003360556662],[106.79532457994702,10.664172182675548],[106.79718333084325,10.662153289859454],[106.80011828127381,10.660459308978334],[106.80238863338937,10.659633334449378],[106.8037522310666,10.659137246623587],[106.80707227561231,10.657451223156762],[106.80896422252906,10.654979189214389],[106.81008922574863,10.651990251239846],[106.81156018130751,10.646337223366219],[106.81278711822377,10.643042170802877],[106.81404814879896,10.64054323088438],[106.81590407687662,10.638248221359508],[106.81952510687958,10.633834147250528],[106.82392099685433,10.629037132164076],[106.82579136117457,10.628184496293255],[106.82663901014286,10.627798081295765],[106.82992105438137,10.627423311654532],[106.8299230146749,10.627423088855886],[106.83020700220634,10.627456539044221],[106.831684215559,10.627630537779238],[106.83168896578363,10.627631097262578],[106.83420099537715,10.627479044942126],[106.83488638719939,10.62743687706578],[106.83490002585272,10.627436038036368],[106.83759928746801,10.627037996282896],[106.83760594577917,10.627037014076745],[106.83866196677376,10.62931707690651],[106.83868601636914,10.629404056718332],[106.83870998765747,10.62948904890495],[106.83873396939623,10.629578016838089],[106.83875900263513,10.629665084531405],[106.83878297736425,10.62975206549239],[106.83880703069477,10.629839045273146],[106.83883198950221,10.629927014500083],[106.83885498773294,10.630014091949217],[106.838855876872,10.630017179636415],[106.83888001889551,10.630101066519238],[106.83890399553216,10.6301880474555],[106.83892797570971,10.630276022774371],[106.83895299987415,10.630361009464519],[106.83897697687912,10.630448080788497],[106.83900102850993,10.630535060546132],[106.83902500875169,10.630623035850247],[106.83904996418387,10.63071001156088],[106.8390740161833,10.63079708170616],[106.83909897609733,10.630885054504118],[106.83912197585951,10.630973030483727],[106.83914700812785,10.631060008624807],[106.83917098526095,10.631147079919337],[106.83919600958608,10.631232066571803],[106.83921900941456,10.63132004344106],[106.83924396681405,10.631407021827062],[106.83926801862098,10.631494001544109],[106.83929297453962,10.631581068519605],[106.83931703173307,10.631669042608916],[106.8393410086543,10.631756022574962],[106.83936498468078,10.6318430034445],[106.83939002095318,10.631931064524405],[106.83941301294985,10.632017055308093],[106.83943804279023,10.632103036302636],[106.83946103834198,10.632190020561263],[106.83948600144534,10.632279076278472],[106.83950997847825,10.63236605621883],[106.83953403581647,10.632454030274976],[106.8395570358759,10.63254200980607],[106.83957898079123,10.632630081588863],[106.83960002515043,10.632719060493406],[106.83962197421678,10.632808036253712],[106.839640987032,10.632898016603896],[106.83966097981526,10.632988085756544],[106.83967998468752,10.633076077332637],[106.83969997717486,10.633166055176824],[106.83971703876342,10.633258031991689],[106.8397359748852,10.63334801259463],[106.8397540075674,10.633438088540021],[106.83977099334064,10.63353006380271],[106.83979000627116,10.633620045939033],[106.83980698319127,10.633710034239526],[106.83982600319405,10.633802001526007],[106.83984404038851,10.633893072744943],[106.83986199880535,10.633983057629163],[106.83988199404322,10.634074028930419],[106.83990002388865,10.63416301825936],[106.8399200121019,10.63425200259153],[106.83994098210601,10.634341073006382],[106.83996104618319,10.634430053453228],[106.83998299461675,10.634519030967478],[106.84000501629131,10.634607012018206],[106.84002899665299,10.634695076661215],[106.84005199446395,10.634782060820317],[106.84007800612085,10.634869033601593],[106.84010303645549,10.634955014486346],[106.84013100421004,10.635041078273533],[106.84015903781906,10.635124064618266],[106.84018903072626,10.635207047766876],[106.8402190316209,10.635292017870452],[106.84025203701137,10.635374083831532],[106.84028504472086,10.635457054680954],[106.84032105843778,10.635537031885407],[106.84035699631693,10.63561700663511],[106.84039601718058,10.635695076788327],[106.8404369943854,10.635772051721629],[106.84047902265435,10.63584802950041],[106.84052301204247,10.63592399955064],[106.84056903507522,10.636000054731012],[106.84061799501629,10.63607501489539],[106.84066800725013,10.636149065585531],[106.84072004816558,10.636221031825235],[106.84077405132143,10.63629407602871],[106.84082903210496,10.63636602931161],[106.84088604299953,10.636437071525323],[106.840945017333,10.636509013607863],[106.84100601745018,10.636578054934903],[106.84106701282275,10.63664601056246],[106.84113004458064,10.636714048588416],[106.84119405124541,10.636781001122605],[106.84125903880602,10.6368480388205],[106.84132605798736,10.636914075037144],[106.84139405035555,10.636978027752363],[106.84146302180226,10.637042068347219],[106.8415319903374,10.637105025041029],[106.84160306220429,10.637166073291064],[106.84167405885204,10.637227034096052],[106.84174602900218,10.63728600089171],[106.84181800120685,10.63734605155373],[106.84189102245665,10.637404022062913],[106.8419650162899,10.637459997660558],[106.8420390104742,10.63751606454048],[106.84211405540483,10.637571043849249],[106.84218804315447,10.637625030613066],[106.84226406514716,10.637679010273606],[106.84233901844101,10.637729017854541],[106.8424129973603,10.637781015794198],[106.84248802209436,10.637830027784794],[106.84256402203673,10.637878041057467],[106.84264002120368,10.637925059915144],[106.84271699342837,10.637970989661849],[106.84279501623544,10.638015017333432],[106.84287400717393,10.638056059324008],[106.84295502494888,10.638095015037228],[106.84303603962843,10.638132069632508],[106.84311901501556,10.638170024985113],[106.84320205826405,10.63820598857189],[106.84328705406047,10.638240048743704],[106.84337106018994,10.638271036942728],[106.84345703453597,10.638304007953614],[106.84354405547431,10.638334985593286],[106.84363205102252,10.638365055812194],[106.8437190560995,10.638391060568644],[106.84380705055553,10.638420046846822],[106.84389601929436,10.638448034400465],[106.8439850515441,10.638472043216147],[106.84407401859602,10.638499037229709],[106.8441630535007,10.638524040379073],[106.84425299667379,10.638550035633491],[106.84434300415904,10.638573047447345],[106.84443203555102,10.63859705522804],[106.8445220501538,10.63862205665944],[106.84461206213315,10.6386460627725],[106.84470198994546,10.638667989960055],[106.8447910222941,10.638691996726005],[106.84488005902321,10.638717996762196],[106.8449680359089,10.638742008967291],[106.84505698890214,10.638765023342476],[106.84514406110524,10.638789039557901],[106.84523204512493,10.638815041355937],[106.84532002652243,10.638840048740997],[106.84540800131562,10.638863970423452],[106.84549605320603,10.638887982210198],[106.84558305580285,10.638913987331737],[106.84567103278124,10.638937999328254],[106.84576005725381,10.638960019751622],[106.8458480342578,10.638984032599677],[106.84593699446503,10.639009035478066],[106.84602504643095,10.639033048915783],[106.84611399477157,10.639054978195825],[106.8462020432018,10.639077995389846],[106.84629001934543,10.639102007206127],[106.84637904480716,10.63912402744118],[106.84646799351609,10.639146047918013],[106.84655603719676,10.63916797932483],[106.84664604497343,10.639190990441543],[106.84673401234328,10.63921201987474],[106.84682303338606,10.639233044693402],[106.84691205320165,10.63925397909028],[106.84700100197202,10.639275999408174],[106.84709099913472,10.639296026337655],[106.84718001816627,10.639315966262217],[106.84726903214734,10.639335002182278],[106.84735903380665,10.639356023410972],[106.84744698934601,10.639373978186617],[106.84753705884755,10.639393010333992],[106.84762599222042,10.639410961635601],[106.84771598680011,10.639429993087607],[106.84780499016526,10.639446046604629],[106.84789505673339,10.639463993860463],[106.84798504686968,10.639482031756492],[106.8480750322222,10.639498985751771],[106.84816402908065,10.6395129572842],[106.84825401120892,10.639529006338073],[106.84834301255819,10.639543974005296],[106.84843405110837,10.639560019306153],[106.84852303905099,10.63957200378267],[106.84861399614282,10.639585968317505],[106.84870404703295,10.639600028207187],[106.84879501126291,10.63961598326056],[106.84888505471716,10.639627963029461],[106.84897600768394,10.639641024379225],[106.84906801938793,10.639654985986938],[106.8491590443295,10.639666962235589],[106.84924999640421,10.63968002531469],[106.84934102135824,10.639692002413],[106.84943204713099,10.639704972067983],[106.84952404552517,10.639714956006173],[106.849616046902,10.639726026508391],[106.84970804612465,10.63973700478302],[106.84979899167753,10.639747984916857],[106.84989098113697,10.63975598179527],[106.84998304908834,10.639764970053411],[106.85007503680905,10.639771970680533],[106.85016703074666,10.639780960047238],[106.85025860083218,10.639786939666388],[106.85025901307175,10.639786964436047],[106.85034271358172,10.639791577677526],[106.8503500130944,10.639791976041503],[106.85043469326945,10.639796591245071],[106.85044199188127,10.639796993226017],[106.85052837549038,10.639802627557248],[106.85053405097156,10.63980299726378],[106.85062503939596,10.6398050292624],[106.85071603014728,10.639807965221094],[106.8508070123461,10.639808007496073],[106.85089799687114,10.639808953731206],[106.850944054551,10.639808971952714],[106.8509890504331,10.639808001308689],[106.85108002781158,10.639806956919793],[106.85117002587565,10.639806009054388],[106.85126098897793,10.639800987990972],[106.85135104827887,10.639795970075237],[106.8514410272422,10.639789958022032],[106.85153100711645,10.639783946844126],[106.85161999215482,10.639773963367269],[106.85171002734798,10.639761981964966],[106.85179998934797,10.639750997900478],[106.85188903825086,10.6397379378316],[106.85197799468017,10.639719996493294],[106.85206703109947,10.639702957036056],[106.85215598484605,10.639684021264832],[106.85224500870154,10.639663999525819],[106.85233402365901,10.639640995516706],[106.85242198218693,10.639617993388901],[106.85251099619265,10.63959498752738],[106.85260000752396,10.639570987257612],[106.85268802664923,10.63954400727137],[106.85277603919967,10.639514948098372],[106.85286398427048,10.639487969230055],[106.85295199619146,10.639458999508351],[106.85303902995304,10.63942994280413],[106.85312703020017,10.63939798989695],[106.8532139818523,10.639366948265145],[106.85330100598725,10.639335992235333],[106.85338697436916,10.639303956008245],[106.85347301135292,10.639270926028516],[106.85355897013032,10.63923699230807],[106.85364599120794,10.639204954119164],[106.8537309753702,10.63917192506641],[106.85376898869762,10.639156572557615],[106.85381497480417,10.639137999079917],[106.85390002937717,10.639103977151656],[106.85398501523701,10.639071945134452],[106.85406901427476,10.639037925975067],[106.85415300738288,10.63900201023673],[106.85423386587854,10.638967346696756],[106.85423699922714,10.638966003178817],[106.8543200123256,10.638930000450175],[106.85440302091084,10.638893003324126],[106.85448603121513,10.638856997853013],[106.85456903052032,10.63881692623676],[106.85465097638885,10.63877794310296],[106.85473300074915,10.63873995406625],[106.85481501792874,10.638699976249226],[106.8548980156394,10.638659994958736],[106.85497897429221,10.63861893603915],[106.855060992313,10.638578957256758],[106.85514202618329,10.63853798933741],[106.85522297850935,10.638494938885309],[106.85530400875507,10.638452977452017],[106.85538496370341,10.638410922249841],[106.85546599031382,10.638367964590758],[106.85554596199711,10.638324919327593],[106.85562797269377,10.638282952555164],[106.85570801118621,10.63823791823378],[106.8557879876223,10.638195958594423],[106.85586900570074,10.638150919878917],[106.85594897850306,10.638107964918733],[106.8560290249835,10.638064921089068],[106.85610899232705,10.638020971718793],[106.8561889593205,10.637976931932116],[106.85626998210489,10.63793297970702],[106.8563499553782,10.637889935157936],[106.85643000022651,10.637846978929405],[106.85650996895366,10.637802939967122],[106.85658895351769,10.63775790916185],[106.85666800790857,10.637711975003288],[106.85674600111396,10.637663963578738],[106.85680303251877,10.637628412611301],[106.8568230146607,10.637615956497621],[106.8569000147564,10.637563972781516],[106.85697701299081,10.637511987247445],[106.857051980252,10.637460912857334],[106.85712897934984,10.637408928191581],[106.85720499786814,10.637356946066259],[106.85727995370222,10.637302978891176],[106.85735597725544,10.637251900709169],[106.85743297892206,10.637200911265403],[106.85750900809602,10.637151912214854],[106.85758601870994,10.637102910586988],[106.8576640125171,10.637054898959134],[106.8577420110696,10.63700896919302],[106.85782100416638,10.636966921258974],[106.85790098535794,10.636925954608893],[106.85798194518328,10.636885979780152],[106.85806495628913,10.636849976159578],[106.8581479781389,10.636816954753108],[106.85823296909068,10.636786909546446],[106.85831796668492,10.636757949990141],[106.85840598168475,10.636729974143408],[106.85849400443483,10.636703896630772],[106.85858399962498,10.636681971395193],[106.85867399270983,10.636658961351252],[106.85876399296156,10.636637940041222],[106.85885596232465,10.636619894922255],[106.85894695687755,10.636602938918188],[106.85903893731428,10.636587966379128],[106.85908676089758,10.636580659388855],[106.85913099868792,10.63657389932829],[106.85922299439346,10.636562906057948],[106.85931499727606,10.636553901519306],[106.8594059446701,10.636544900686692],[106.85949795414012,10.636537976158682],[106.85958899533735,10.636533946900395],[106.85967898464683,10.636530916632172],[106.8597689814647,10.63652996459016],[106.85985595582126,10.636529922687268],[106.85985800009776,10.636529922687178],[106.8599479534848,10.636536927687715],[106.86003995630105,10.63654889556008],[106.86013197743759,10.636565928408451],[106.86022393712112,10.63658693991603],[106.8603149351649,10.636612926755825],[106.86040399194131,10.63664389239564],[106.8604920052849,10.63667793527511],[106.8605769442214,10.636716963680042],[106.8606589601653,10.636759887766074],[106.86073699195944,10.636805899507582],[106.86081096971826,10.636856899346148],[106.86088193367135,10.636907910740828],[106.86095095636493,10.636963898235587],[106.86101698083934,10.637024961397838],[106.86108195495447,10.637086931351485],[106.86114497520978,10.637150899703657],[106.86120695203928,10.637217942596886],[106.86126795522732,10.637286889114941],[106.86132700400974,10.63735692552418],[106.86138493498181,10.63743094525166],[106.86144300923777,10.637502885276545],[106.86149995794868,10.637575914969965],[106.86155600198083,10.637648946047792],[106.86161099291985,10.63772288574023],[106.86166598060909,10.637795920535904],[106.86171999321165,10.637869954973699],[106.86177497886,10.63794190676967],[106.8618280064443,10.638014948475478],[106.86188096330824,10.63808889441187],[106.86193196395166,10.638163934772914],[106.86198296159185,10.638237886727618],[106.86203298984886,10.63831491748738],[106.86208097849601,10.638390961980798],[106.86212995459104,10.63846889953744],[106.86217599213714,10.638546940614093],[106.86222300449445,10.638623891626919],[106.86223652695213,10.638647141346834],[106.86226896983499,10.63870292461933],[106.86231297468932,10.638781875963515],[106.86235795684381,10.638859919841533],[106.8624019656748,10.638939955039687],[106.86244394268007,10.639020901426854],[106.86248599228466,10.63910094446088],[106.86252698969798,10.639181894306336],[106.86256595594193,10.639263937042571],[106.86260500042403,10.639346884389346],[106.86264298707323,10.639428930586096],[106.86267999555054,10.639511883333418],[106.86271595793582,10.639596921677347],[106.86275199041816,10.63968087136053],[106.86278795736001,10.639766902257731],[106.86282301058213,10.639850948513605],[106.86285701795346,10.639936895047997],[106.86289297861346,10.640021931557914],[106.86292795394083,10.640104892378032],[106.86296398957947,10.640189928609017],[106.8630000195271,10.640272885673866],[106.86303695453815,10.640355931727251],[106.86307396960642,10.64043987967296],[106.86311301111628,10.640521921133917],[106.86315099774829,10.640603877740707],[106.8631919895425,10.640683921675892],[106.8632329856174,10.640763879708876],[106.86327601172987,10.640842922016404],[106.8633200135849,10.640920878774123],[106.86336596517508,10.640995936733535],[106.86341395519878,10.641071888725348],[106.86346396989092,10.641144940746907],[106.86351496393193,10.641217900689194],[106.86357002321208,10.641288945995578],[106.86362696019637,10.641358899832111],[106.86368600583468,10.641427943079721],[106.86373036291819,10.641475810966712],[106.86374896705871,10.641495886713303],[106.86381297691281,10.641561927321689],[106.86388000217663,10.641627868611764],[106.86394897351323,10.641690908392498],[106.86401998007015,10.64175294743871],[106.86409195783969,10.641812903836332],[106.86416701183204,10.641868870820737],[106.86424199394393,10.641925923732641],[106.86431899553753,10.641978900584805],[106.86439697322702,10.642029882454754],[106.86447598473427,10.642075891391409],[106.86455596868123,10.642119906261748],[106.864635952696,10.642162927623358],[106.86471697470587,10.642201876410441],[106.86479797721002,10.64223494840097],[106.86487897035386,10.642265943031763],[106.8649640229553,10.642293937324558],[106.86504898224038,10.642316870481665],[106.86513596072088,10.642335907466371],[106.86522497440434,10.642353944605805],[106.86531495474416,10.642368904713074],[106.86540597973057,10.64238087429325],[106.86549699209799,10.6423888690455],[106.86558898136795,10.642396858487192],[106.86568134184448,10.64240389106282],[106.86568202377481,10.642403942875843],[106.86577498367312,10.642408944736404],[106.8658689960451,10.642412859843253],[106.86596300691106,10.642416863518088],[106.86605596682242,10.642421868910363],[106.86614900074277,10.642426870395367],[106.86623974420995,10.642429776421208],[106.86624300982464,10.642429881410573],[106.86633597605471,10.642436874570773],[106.86642796807709,10.642444863752816],[106.86651897409617,10.64245186293327],[106.8666109691563,10.642460936837914],[106.86670100456342,10.642470923492178],[106.8667929965945,10.642478912565085],[106.86688400082905,10.642484917255102],[106.86697500777062,10.642491916297617],[106.867066998893,10.642499905292002],[106.86715312260824,10.642505523206491],[106.8671584736359,10.64250587296932],[106.86715898185565,10.642505903702242],[106.86724268381496,10.642510512327625],[106.86724998157275,10.642510917527666],[106.86734196545719,10.642516917688214],[106.86743297240498,10.64252391659574],[106.86751997022263,10.642529656947579],[106.86752397481521,10.642529920199872],[106.86761276796805,10.642533792811978],[106.8676159514581,10.642533931527229],[106.86770801119512,10.642539931308562],[106.86779901906758,10.642546931912989],[106.86789081274856,10.642554904189845],[106.8678910083687,10.642554918860247],[106.86797471032558,10.642559525479728],[106.86798200899761,10.64255993065925],[106.86807301866337,10.642567923757117],[106.86816395884703,10.642576911464422],[106.86825497305526,10.642585898880794],[106.86834500670389,10.642594889767583],[106.86843595505233,10.64260586433422],[106.8685259999216,10.642617931404097],[106.8686159631831,10.642627916850818],[106.86870601768447,10.642642873887505],[106.8687949448294,10.642657925318977],[106.86888296602767,10.642672890462201],[106.86897198080598,10.642691920890142],[106.86905996096745,10.64271592602161],[106.86914697688943,10.642744907413825],[106.86923400279751,10.642776872813172],[106.86931900481521,10.642810924586838],[106.86940394335484,10.642848863715818],[106.869487006052,10.64288888869237],[106.86956894830986,10.642931901713709],[106.86964900984903,10.642975914007343],[106.86972696372095,10.643020840506244],[106.86980598524224,10.6430688358292],[106.86988297468737,10.643117924078664],[106.86995996836654,10.643167915376596],[106.87003599965725,10.64322288203053],[106.87011000400611,10.643279846488294],[106.87016150445189,10.643324793242304],[106.87017995202103,10.643340893368515],[106.87024501689196,10.643406838314105],[106.8703049663298,10.643474882504368],[106.87035799293,10.643546838570863],[106.87040297147986,10.64362289043222],[106.87044795425166,10.64370084245409],[106.87049097898236,10.643778890055703],[106.87053400796204,10.643857844334503],[106.87057500393986,10.6439378888499],[106.87061600144479,10.64401784476107],[106.8706559465094,10.644098886501],[106.87069498655998,10.644179843781584],[106.87073395293758,10.644260890813152],[106.8707720169995,10.644342842339997],[106.87081000374936,10.644424888151054],[106.87084702054561,10.644508835799275],[106.87088395457077,10.644590883552397],[106.87091999083987,10.644674833789022],[106.87095595343857,10.64475887468143],[106.87099198520326,10.644841830533654],[106.87102795056538,10.644926865790696],[106.87106300396226,10.645009915527586],[106.8710989690374,10.6450948603739],[106.87113499757733,10.645176910415245],[106.87116900247355,10.645261863163258],[106.87120601527035,10.645344906770935],[106.87124099622714,10.645428860724],[106.87127800997796,10.645511903411027],[106.87131397426292,10.645596846413286],[106.87135098806424,10.645679890894717],[106.87138800154375,10.645762841355722],[106.87143898204252,10.645872866919849],[106.8714710287146,10.645957826621444],[106.87150201748351,10.646042879597474],[106.87153195953213,10.646129834689162],[106.87156099720833,10.64621688341067],[106.87159101150934,10.646302843846716],[106.87161899462727,10.646389896332147],[106.87164901168867,10.646476851135816],[106.87167797358956,10.646563900109287],[106.8717100222266,10.646649854149404],[106.87174100934332,10.646733913607546],[106.87177599155225,10.64681786745931],[106.87181202018832,10.646899827881295],[106.87185098635327,10.646980874698295],[106.87189198010483,10.647059834173362],[106.87193696234866,10.647136881892047],[106.87198502314166,10.64721084411714],[106.87203497503937,10.647286878735052],[106.87208900005525,10.647362898759804],[106.87214497498842,10.647436832618002],[106.87220297817555,10.647508859921766],[106.87221881808657,10.647527005910812],[106.87226497499907,10.64757987942846],[106.87232801553085,10.647647911117428],[106.8723930141728,10.647715845379384],[106.87246101620214,10.64777988262344],[106.8725299811985,10.64783984664641],[106.8726009686703,10.647895826763587],[106.87267397800436,10.6479489041456],[106.8727480294842,10.647997820333783],[106.87282500119173,10.64804184450466],[106.87290398535593,10.648078901640664],[106.87298596399887,10.64811088117261],[106.87307102425788,10.648139867382236],[106.87315900713496,10.648164867354387],[106.87324998939494,10.648184883713196],[106.87334096130607,10.648202820909566],[106.87343298724997,10.64821984850427],[106.87352703380499,10.648232890376931],[106.87361896536922,10.648244857730214],[106.87371202465374,10.648255824817788],[106.8738050147937,10.648268870392615],[106.87389701401591,10.648278847742759],[106.87398698626467,10.648290821107782],[106.87407801344422,10.648302879253219],[106.87416798570176,10.648314852564805],[106.87425900527066,10.648324832416206],[106.87435001755074,10.648332823494231],[106.87444103074671,10.648340814542046],[106.87453197024416,10.648349890612328],[106.87462403166619,10.648355889072368],[106.87471383920642,10.648361816946954],[106.87471496260665,10.648361883426238],[106.87479866394094,10.648366405794457],[106.87480596363177,10.648366803564846],[106.87489072172056,10.648371410706078],[106.87489801959693,10.648371812096759],[106.87498901364462,10.648374830217353],[106.87508098188351,10.648375855137939],[106.87517197045555,10.648377879742748],[106.87526296417103,10.64838080828977],[106.87535499548288,10.648378850649408],[106.87544597948845,10.648378885514974],[106.87553703079345,10.648376840038003],[106.87562801753256,10.648377870130759],[106.87571996625688,10.648373832605804],[106.87581101788544,10.648371878351032],[106.87590199332396,10.648369833040926],[106.8759940191331,10.648366881751567],[106.87608499273948,10.648363842009472],[106.87617596451688,10.64836080315171],[106.8762670124726,10.648357854392607],[106.87635798058503,10.648353820205903],[106.87644902031525,10.648348883556686],[106.87654096807444,10.64834484398812],[106.8766329926097,10.64834080863672],[106.87671409912423,10.648337292528636],[106.87672396286442,10.648336865639651],[106.87681499766262,10.648330841406784],[106.87690701760351,10.648325808894759],[106.87699798510037,10.648321865828805],[106.87708902536967,10.6483168376909],[106.87718096761192,10.648310810089376],[106.8772720063773,10.648305873206963],[106.87736199019422,10.648300846982726],[106.87745400827542,10.6482948208372],[106.87754496535189,10.648287804097157],[106.87763600409022,10.648282866206282],[106.8777279508656,10.648277832815095],[106.87781898286275,10.648270816630957],[106.87791002340441,10.64826587684692],[106.87800098044808,10.648258859976414],[106.87809299939775,10.648253827123565],[106.87818298133733,10.648247808095977],[106.87827499786621,10.648241872116623],[106.87836596128417,10.648236842984627],[106.87845700237821,10.648231814450808],[106.87854901855259,10.64822578709059],[106.87863997496592,10.648218859534046],[106.87873101970197,10.648214825293268],[106.87882296366719,10.648209792498484],[106.87891400048667,10.648203858958599],[106.87900496478068,10.648198830543995],[106.87909698732643,10.64819479177134],[106.87918795285262,10.64818985279432],[106.87927898931515,10.648183828752305],[106.87936994901341,10.648177806768768],[106.87946197370083,10.64817385918483],[106.87955399347008,10.648168825904655],[106.87964494764833,10.648160814189033],[106.87973598682561,10.64815578348665],[106.87982800599906,10.648150841431676],[106.87991896748117,10.648144817476334],[106.88000999931896,10.648137799760772],[106.88010095345896,10.648129787010955],[106.88019199294888,10.64812484928709],[106.88028197499,10.648117903982449],[106.88028295073326,10.648117829048482],[106.88037397979211,10.648109816854452],[106.88046501159532,10.64810279900881],[106.88055596569929,10.648094786129178],[106.8806469987322,10.648087857721649],[106.88073794457435,10.648077856051449],[106.88082897267847,10.648069842826972],[106.88091999344067,10.648059840834689],[106.88100996050977,10.648049842619171],[106.88110098034414,10.64803984148278],[106.88119094739612,10.648029843216488],[106.88128196444869,10.64801884494273],[106.88137200366518,10.648007851981118],[106.88146196119835,10.647995776314588],[106.88155297546426,10.647983782686126],[106.8816449657218,10.647970793835777],[106.88173694863247,10.647955817121902],[106.88182997969595,10.647938846020851],[106.88192301040932,10.647921783591901],[106.88201497401265,10.647901834045832],[106.8821059502617,10.647879807970476],[106.88219600432886,10.64785281328265],[106.88228395193127,10.647826817852604],[106.88236999644646,10.647795768766324],[106.88245300534314,10.64775984910704],[106.8825329876867,10.647719782032791],[106.88260994726333,10.647678820070846],[106.88268394177855,10.647629823340482],[106.8827540026199,10.64757776635896],[106.88282299356825,10.647521826095309],[106.88289099072163,10.647461822382263],[106.88295595924572,10.647398842838435],[106.88301895432092,10.647331805197012],[106.88308096694377,10.647263774905673],[106.88314092968321,10.647191776289647],[106.88319892847807,10.647118786765956],[106.88325495968164,10.647043819197176],[106.88330894526243,10.646966778044053],[106.88335999124047,10.646888841720623],[106.88340998135607,10.646810819714704],[106.88345695113186,10.646731816049817],[106.88350196524094,10.646653812027756],[106.8835459238093,10.646574819243027],[106.88358799616704,10.646496825851077],[106.88362697748427,10.646417758852705],[106.8836659462663,10.646335800048766],[106.88370197113787,10.646252766203576],[106.88373799171622,10.646167834003064],[106.88377092680669,10.64608481223248],[106.88378088998074,10.646059149128227],[106.88380392945587,10.645999798736776],[106.88383497279143,10.645914795038134],[106.88386593749985,10.645828797238758],[106.88389494013526,10.645742803823104],[106.88392394274264,10.645655817830665],[106.88395098237537,10.64556883893768],[106.8839779485492,10.645481769006697],[106.88400393080218,10.645393798648985],[106.88402893524626,10.64530682801876],[106.88405394025486,10.645219766082983],[106.88407795948575,10.645130806632311],[106.88408692966935,10.645098339205067],[106.88410198516101,10.645043840443943],[106.88412593554482,10.644956781416555],[106.88414898154072,10.644869816962657],[106.88417096709819,10.644781770658692],[106.88419295849081,10.644694810922598],[106.88421298013878,10.644605777339162],[106.88423391325014,10.64451782704718],[106.88425295523099,10.64442879700698],[106.88427192318478,10.644339768138055],[106.88428991548628,10.644251825772422],[106.88430797871138,10.64416280017588],[106.88432393460762,10.644074775682798],[106.88434093955769,10.643984759531092],[106.88435493280365,10.64389583815368],[106.88436997385908,10.643804835627677],[106.88438291034635,10.643715826770775],[106.8843959226849,10.643626819447121],[106.88440697113263,10.643536823941735],[106.88441893070514,10.64344781952275],[106.88442892365707,10.643357829643922],[106.88443891751305,10.643267837953628],[106.88444060510398,10.643242793275753],[106.88444492028017,10.643178764688694],[106.88444895673476,10.643087799265942],[106.88444794846873,10.642998752271842],[106.88444595354272,10.642907810478913],[106.88444094350308,10.642816788291936],[106.88443593714595,10.642726760474087],[106.88442790958011,10.64263475572346],[106.88442290265577,10.64254481830428],[106.8844159324448,10.642453804109373],[106.8844109224356,10.642362781917678],[106.884407952493,10.642272838030317],[106.88440792022492,10.642182791307903],[106.88440992067301,10.642091835958112],[106.88441592437545,10.64200276268543],[106.8844259173225,10.641912771899415],[106.8844359111736,10.64182277930193],[106.88444794106803,10.641732780242226],[106.88445890719932,10.641640795359965],[106.8844719057024,10.641547811453306],[106.88448694576357,10.641456808023209],[106.88450296360543,10.64136480576791],[106.88452094348047,10.641273790797262],[106.88454292601337,10.641184749207724],[106.88456588851504,10.641095796278414],[106.88459195632672,10.641010810550814],[106.88462088809706,10.64092581265204],[106.88465495386006,10.640842786750953],[106.8846909153104,10.640762827537163],[106.88473291637844,10.640685829617384],[106.88477793768294,10.640609813340477],[106.88482793667993,10.64053477523801],[106.88487892389568,10.640461813622688],[106.8849348924669,10.6403908218368],[106.88499289613576,10.640319823582047],[106.88505392188492,10.640250802243893],[106.88511895209973,10.640183756977],[106.88518292530294,10.640116804115626],[106.8852509020528,10.640051826422171],[106.88532092860868,10.63999081973315],[106.88539193017436,10.639928814214093],[106.88546392698152,10.639870784419097],[106.88551443105843,10.63983131258588],[106.88553690707376,10.639813745433113],[106.88561094662404,10.63975778466615],[106.88568394907003,10.639706801363214],[106.88575989958424,10.639657797943883],[106.88583592594301,10.639609787712866],[106.88591393451338,10.639566742201803],[106.8859929212033,10.639523784433115],[106.88607493733541,10.639484792301298],[106.88615794135664,10.639447786241316],[106.88624087410622,10.63941177570643],[106.8863259279263,10.639378740615603],[106.88641188030131,10.63934380207241],[106.88649791739394,10.63931175775871],[106.88658388355249,10.639280799365462],[106.88667090299884,10.639249744022734],[106.88675792459787,10.639218781760126],[106.88684494248382,10.639186822393789],[106.88693090362806,10.639154778245112],[106.88701694151435,10.639122733796402],[106.88710289649565,10.639088790355405],[106.88718794182986,10.639053766313625],[106.88727087155073,10.639016759348378],[106.88735492338591,10.638977761336845],[106.88743687160787,10.638940758794615],[106.88751993547616,10.638899773752467],[106.88760187259702,10.638859788063586],[106.88768388462579,10.63881980117963],[106.88776589754868,10.638779815176997],[106.88784692220405,10.638737755384625],[106.88792787222638,10.638695783530656],[106.88800790981799,10.638651734901028],[106.88808893195684,10.638608769269617],[106.8881679112492,10.638563730061],[106.88824590662892,10.638517792229141],[106.88832389335926,10.638469775248389],[106.88839992262844,10.638421763546837],[106.88847692507093,10.63837275391457],[106.8885528738428,10.638323748994289],[106.88862986699546,10.638271756216017],[106.88870588418577,10.638220762250459],[106.8887828855801,10.63817075907795],[106.8888579212664,10.63811976954752],[106.88893287091702,10.638065795359369],[106.88900789327684,10.638010736111212],[106.8890808836163,10.637956768103084],[106.88915387116289,10.637901808420335],[106.8892248898728,10.637844773094876],[106.88929492525253,10.637786750561057],[106.88936390233786,10.637727732955952],[106.88942992394118,10.637664752161287],[106.88949489833394,10.637603762115294],[106.88955790237624,10.637539796069936],[106.88961886174842,10.637473758280027],[106.88967891175851,10.637405734116463],[106.88973586475049,10.637336729525956],[106.88979386392701,10.63726473436442],[106.88984786783027,10.637192756423497],[106.88990186153879,10.637117793558819],[106.88995291418532,10.637042750072109],[106.89000388759987,10.636966801979643],[106.89005289495061,10.636888785479732],[106.89010084957671,10.636811764470028],[106.89014690878999,10.636731767198038],[106.8901929004368,10.636653759834545],[106.89023685236681,10.636574766401923],[106.89027989310149,10.63649378389734],[106.89031985123853,10.63641471547852],[106.89035587458645,10.636331768805958],[106.89038789774992,10.636247757315038],[106.89041690339279,10.636162757889169],[106.89044386746377,10.636075778023434],[106.89047090554834,10.635988799695367],[106.89049590911164,10.635901738363534],[106.89052091116797,10.635814766530524],[106.89053395837554,10.635770587532793],[106.8905468909583,10.635726794952395],[106.89057490826853,10.635639720853447],[106.8906058748925,10.635554717001051],[106.89063986209959,10.635471781327448],[106.89067784787422,10.635389733289921],[106.89071688944105,10.635307774521163],[106.8907578985161,10.635227794647328],[106.89079889985298,10.635145737444162],[106.89083983674263,10.635066754015298],[106.89088287714688,10.63498577326677],[106.89092486945674,10.63490678508873],[106.89096987826892,10.63482778593786],[106.89101390192096,10.634747795983237],[106.8910578561847,10.63466979594406],[106.89110286493572,10.634590797684051],[106.89114787370869,10.634512794705104],[106.89119386294142,10.634433791966147],[106.89123886887903,10.634354791894722],[106.89128388032857,10.634276788892327],[106.8913288834474,10.634196796248466],[106.89137585498786,10.634118784299414],[106.89141988584186,10.634040783946142],[106.89146586850136,10.633960785917436],[106.89151087984263,10.633882782892554],[106.89155588932805,10.633804778061908],[106.89159984238113,10.633725783592427],[106.89164386943227,10.63364678884947],[106.89168585274844,10.633565722376343],[106.89172783267979,10.633483751024515],[106.89176785981029,10.633402782059552],[106.89180787922604,10.633320726531455],[106.89185084423201,10.633239745965902],[106.89189487764293,10.633162740842682],[106.89194283403545,10.633085719631952],[106.89199389240292,10.63301275595608],[106.89204887101268,10.632939778007618],[106.89210385017806,10.632866710555472],[106.89215988698048,10.632794724026496],[106.89221788666647,10.632723722919128],[106.89227483732127,10.632653722715038],[106.89233487384588,10.632582714177136],[106.89239582554775,10.632514778553276],[106.89245685642551,10.632447744806862],[106.89251985019798,10.632381700094404],[106.89258481641696,10.632318720829057],[106.89265084084857,10.632256732081194],[106.89271981425964,10.632197715728394],[106.89278886935759,10.632139784748967],[106.892859814863,10.632083746141124],[106.8929338548836,10.632028779221951],[106.89300586689001,10.631975719845713],[106.89308081985246,10.631922740142269],[106.89315781341708,10.631871740849114],[106.89323383013706,10.631821739478857],[106.89331181619315,10.63177372148885],[106.89339085675451,10.631725697832172],[106.89347080879253,10.63167975090158],[106.8935508437229,10.631635702918683],[106.89363284927897,10.63159472037448],[106.89371386871854,10.631551753546299],[106.89379686215473,10.631512757029546],[106.89387881214137,10.631476747438631],[106.89396280735818,10.63144371351658],[106.89404786575615,10.631412756666531],[106.89413383217024,10.631382699563712],[106.89422184598257,10.631355708515882],[106.89423066400137,10.631353403756782],[106.89430987276806,10.631332694920918],[106.89439880271823,10.63130976840775],[106.89448781552575,10.631287746455042],[106.89457780700408,10.631265720005437],[106.89466780439116,10.631245773573434],[106.89475779954856,10.63122474234595],[106.89484680676492,10.631201726840018],[106.89493483435581,10.631178713075656],[106.8950238415372,10.631155696618254],[106.895111854268,10.631128705338668],[106.89519782080404,10.631098737455991],[106.89528182036385,10.631066697569315],[106.8953658119148,10.631032760232255],[106.89544782815375,10.630994761258982],[106.89553082117793,10.630955764320898],[106.89561184630382,10.630914694482342],[106.89569385968372,10.630875701984726],[106.89577579719501,10.630836709744605],[106.89585780401787,10.63079572666336],[106.89593882755736,10.630754746248629],[106.89601985473892,10.630713768513685],[106.89610186395046,10.630673689348262],[106.89618280689811,10.630630721314432],[106.89626383218183,10.630589743529656],[106.89634484967961,10.630546685691842],[106.89642580089124,10.630505706331965],[106.89650681496352,10.630461743583174],[106.8965868527888,10.630418689267637],[106.89666779279709,10.630374727656193],[106.89674782593794,10.630330676228976],[106.8968278603225,10.630286719697096],[106.8969078197405,10.630242760708938],[106.896986793657,10.630197720525409],[106.8970668248212,10.630152676460776],[106.89714685630142,10.630107723678961],[106.8972258273406,10.630061688168492],[106.89730479498525,10.63001475047899],[106.8973838446168,10.62996970812195],[106.89746183318903,10.629922683577997],[106.8975408016682,10.629875744928906],[106.89761878464408,10.629827725087114],[106.89769480931322,10.629779712388068],[106.89777279315534,10.629731693413408],[106.89785085686067,10.629684756195665],[106.89792785178892,10.629634750235619],[106.89800379770934,10.629585743379053],[106.89808079813618,10.629536733553762],[106.89815583933775,10.6294877290698],[106.89823185176671,10.629436733162326],[106.89830681335847,10.629386735462358],[106.89838282762814,10.629336734799915],[106.89845680081787,10.629283665339548],[106.89852979668278,10.629232680405092],[106.89860383582676,10.629177712312517],[106.89867584272224,10.629123748732535],[106.89874784272084,10.629067703294494],[106.89881878360396,10.629011663526152],[106.89888980429254,10.628955712042284],[106.89896082090445,10.628898677590053],[106.89902979261117,10.62883975134397],[106.89909982122312,10.628780731722465],[106.89916879625378,10.6287227085159],[106.89923882571168,10.628663685249318],[106.89930779789297,10.628604670360085],[106.89937480249405,10.62854367028697],[106.89944384393678,10.628482665456536],[106.89951182991055,10.628421663574034],[106.89957982272281,10.628362740810987],[106.89964878823115,10.628301734413066],[106.89971677692037,10.62824172415101],[106.89978483400238,10.628179729387638],[106.89985183932795,10.62811872922736],[106.89992081126252,10.628059713322562],[106.89998879331729,10.627997715181358],[106.90005784194985,10.627938697162538],[106.90012680917062,10.627878687761996],[106.9001947939549,10.62781768485684],[106.90026482582245,10.62775965848098],[106.9003337979264,10.627700731089787],[106.90040382974344,10.627642705591997],[106.90047378477126,10.62758467945844],[106.90054479554165,10.627526738937137],[106.90057981450873,10.627498674886812],[106.90061483190836,10.627469705954043],[106.90068478685878,10.627411680685091],[106.90075580218902,10.627354735389734],[106.90082681251567,10.627296705322044],[106.90089677202003,10.627239673471522],[106.90096779191138,10.627183723401753],[106.9010387975113,10.627124697124016],[106.90110981145764,10.62706766227186],[106.90117977302475,10.627010721662524],[106.90125078690389,10.626953683167693],[106.90132180764944,10.626898728309687],[106.90139281585411,10.626839701954795],[106.90146481389253,10.626783657804783],[106.90153477258154,10.626726716235103],[106.9016057872501,10.626669680381292],[106.90167680687112,10.626613729272494],[106.90174782057223,10.626556693395004],[106.90181875467435,10.626498663417234],[106.90188976866021,10.626441717909595],[106.90196078501826,10.626384681077615],[106.9020318026781,10.626328729907927],[106.90210175800755,10.626270705274994],[106.90220981901523,10.6261836984064],[106.90226781692873,10.626112697586727],[106.90232680466892,10.626044675358068],[106.90238578865116,10.625975657851972],[106.90244574847196,10.625905645089281],[106.90250579373215,10.625837710255098],[106.90256681729635,10.625769681423082],[106.90262677885443,10.625699665914874],[106.90268780552357,10.625632722733327],[106.9027487485162,10.625563698886634],[106.9028087923882,10.625495672709675],[106.90286981581917,10.625427643831484],[106.90292977949235,10.625358714854292],[106.90298875667125,10.625287710335247],[106.90304880044114,10.625219685026423],[106.90310680544788,10.625150672816225],[106.90316375126962,10.6250806692047],[106.90322076826874,10.625009671849453],[106.9032757502342,10.624938681055536],[106.90332974604586,10.624865705119285],[106.9033827678923,10.624794722413549],[106.90343479486236,10.62471967363594],[106.90348478772616,10.624644634130954],[106.90353379759162,10.624568693346516],[106.90357978977342,10.624492673242878],[106.90362374038206,10.624414671877249],[106.90366474568124,10.624334691666139],[106.903703790888,10.624254717747776],[106.90374079054125,10.624172674898226],[106.90377680677895,10.624088644190296],[106.90381078560578,10.624004713170638],[106.9038437845001,10.62392069535082],[106.90387580188992,10.62383568494872],[106.9039006540555,10.623767191274975],[106.90390772856604,10.623747691743501],[106.9039387645246,10.623662685847377],[106.90396979856264,10.623576685578385],[106.90400173357884,10.623490682901283],[106.9040327666692,10.623404681728214],[106.90406478678581,10.623320665683034],[106.90409778555443,10.623236647847968],[106.90413274470852,10.623152713205508],[106.90416875982746,10.623068681570532],[106.90420576106267,10.622986636873545],[106.90424578183408,10.622905666757907],[106.90428776082176,10.62282469034677],[106.90433178779773,10.622746686827915],[106.90437777390795,10.622668678816755],[106.90442678201838,10.622592646642554],[106.90447677284125,10.622517696531045],[106.90452977969115,10.622442645834344],[106.90458173334426,10.622368682874184],[106.9046367884923,10.62229669545529],[106.90469175632064,10.622222632811962],[106.90474771980455,10.622151639129193],[106.90480375263026,10.622079650805894],[106.90485977795277,10.62200567193869],[106.90491678847295,10.621933680909557],[106.9049717667119,10.621861693728645],[106.90502772167999,10.621788710379152],[106.90508172096126,10.621717632570954],[106.90513473252511,10.621643666555988],[106.90518676266475,10.62156970323932],[106.90523772672962,10.62149266940114],[106.90528673636909,10.621417632404075],[106.90533378154711,10.62134070517243],[106.90537773131594,10.621262702736288],[106.90541971876961,10.621183623641274],[106.9054597427579,10.621103647784288],[106.90549975742518,10.621021683202589],[106.9055367636653,10.620940632758984],[106.90557474048474,10.620857678576982],[106.90561075874118,10.620774644814318],[106.90564572473122,10.620692698791586],[106.90567977642601,10.620608676976206],[106.90571374843057,10.620522663984287],[106.90574674459798,10.620437650765691],[106.90577770676659,10.620353637597459],[106.9058087428634,10.620268632489685],[106.90583977246935,10.620182633930263],[106.90586877073446,10.620096640130408],[106.905898746725,10.620010643635965],[106.90592570351303,10.619923662966167],[106.90595477666925,10.619837669790394],[106.90598173343442,10.619750690022087],[106.90600876285852,10.619662623401576],[106.9060337595634,10.619575651746509],[106.90606072185305,10.61948966542804],[106.9060857203615,10.619402693764215],[106.90611072042259,10.619316624265434],[106.9061347384228,10.619229653495454],[106.9061597406317,10.619143675288736],[106.90618172240241,10.619056624323413],[106.90620173972623,10.618967680420488],[106.90621874409366,10.618879652487434],[106.90623476515916,10.618790634698515],[106.90624776795559,10.618700632733981],[106.90625971815693,10.618611625404201],[106.90627076466193,10.618522627727446],[106.90734874516681,10.615402610267672],[106.9080757270836,10.613468667360573],[106.90811869100371,10.613389673039052],[106.90815969265785,10.613309602975205],[106.90820167508409,10.613229618788454],[106.90824267238537,10.613148645657944],[106.90828367522737,10.613068664168898],[106.90832368885823,10.612986608072312],[106.90836371121063,10.612906631092889],[106.90840372514636,10.612824666290397],[106.90844268708865,10.612743610244276],[106.90848270097894,10.612661643627458],[106.90852166221767,10.612579682694214],[106.90856069902382,10.612498624554748],[106.90859965839385,10.61241666271815],[106.90863770813593,10.612333619455374],[106.90867667212629,10.612252651972879],[106.90871570603012,10.612170600358365],[106.90875368487364,10.612088642123078],[106.90879166278505,10.612006683888321],[106.90883069845664,10.61192463135409],[106.90886868007914,10.611843668380894],[106.90890665659117,10.611760625367204],[106.9089456898056,10.611678663230776],[106.90898366628029,10.611595620211279],[106.9090226994604,10.6115136589728],[106.90906165917461,10.611431605796096],[106.90910069606213,10.611350638914887],[106.90913965608244,10.611268677032717],[106.9091786972511,10.611188614108674],[106.90921765074688,10.61110565786712],[106.9092557020176,10.61102261455081],[106.90929269823944,10.610939666423295],[106.90932871181816,10.610856628806083],[106.90936464479822,10.610771605441148],[106.90940065585349,10.61068766475292],[106.90943666372502,10.61060264110679],[106.90947169296044,10.610517621066606],[106.90950770488008,10.610433681271621],[106.90954266197981,10.61034965406178],[106.90957965589125,10.61026661552382],[106.90961567150468,10.61018367008466],[106.90965470210966,10.610100624030585],[106.90969267674467,10.610017670457593],[106.90973269433539,10.609936609511626],[106.90977369086008,10.60985563444593],[106.90981469577618,10.609776649003841],[106.90985970303169,10.60969963574278],[106.90990463534958,10.60962262546555],[106.90995167655721,10.60954560740524],[106.91000068371827,10.609470660336275],[106.91005165697504,10.609396609988439],[106.91010565904755,10.609326615463441],[106.91016366255042,10.609258596731808],[106.91019299483149,10.60922634212281],[106.91022363383402,10.60919264988405],[106.91028669875887,10.6091275946886],[106.91035165097065,10.609063620006419],[106.91041863895632,10.608999635993825],[106.91048865815733,10.608939618291974],[106.91055868300823,10.60888159111793],[106.91063066813248,10.608823645286547],[106.91070167244835,10.608765612663104],[106.9107756933331,10.608707662002411],[106.91084964276017,10.608651608138384],[106.91092163993765,10.608596645336437],[106.91099567482615,10.608542672086978],[106.91106864829769,10.608486620877711],[106.91114064265743,10.608431658947367],[106.9112126338158,10.60837561314422],[106.91128667416197,10.608322630576737],[106.91135866618052,10.608266584741923],[106.91143262790605,10.608213606051173],[106.91150764303434,10.608159626366758],[106.91158265813883,10.608105647571033],[106.91165865933051,10.608053653870973],[106.9117346651687,10.608002656322348],[106.9118116570888,10.607953642060345],[106.91188962850946,10.607904625067473],[106.91196662788455,10.607857599497661],[106.91204567180243,10.607812647316248],[106.91212668190339,10.607769585303554],[106.91220664447421,10.607728608101453],[106.91228767273317,10.607690610072137],[106.91236968230608,10.607652604781526],[106.912454653306,10.607620648798314],[106.91254068499575,10.60759058903621],[106.91262968117344,10.607566661731832],[106.91271867893518,10.607543641992095],[106.91281063209276,10.607524587903535],[106.91290161824217,10.60750861179476],[106.91299367202173,10.607496608313664],[106.91308565086861,10.607484605987413],[106.91317666327969,10.607475589433161],[106.913267614307,10.607470642790116],[106.91335766506002,10.60746660252505],[106.9134486264431,10.607464640727839],[106.91348320399305,10.607465021766554],[106.91354065626798,10.607465653560036],[106.91362912488219,10.607468509191612],[106.91363367223187,10.607468655988798],[106.913726634908,10.607477624842396],[106.91381967432982,10.607486590672062],[106.91391062218904,10.607500631010097],[106.9140016619443,10.607519641051985],[106.91408963392438,10.607543635202957],[106.9141756600876,10.607571614032805],[106.91425861106391,10.607603581723264],[106.9143416495164,10.607638621687046],[106.91442462252617,10.607676647708063],[106.91450661751531,10.607714586024214],[106.91458861388881,10.607753609989054],[106.91466866150003,10.607794628993506],[106.91474961383732,10.607836639904468],[106.9148306467112,10.607879644869449],[106.91491062571951,10.607922560604601],[106.91499061399466,10.60796864382051],[106.91506962140242,10.608013644969686],[106.9151496149711,10.608060632098026],[106.915228629037,10.60810762192824],[106.91530666176888,10.608154613563915],[106.9153856749733,10.608201605160613],[106.91546363750943,10.60824959319547],[106.91554167214011,10.60829658566197],[106.91562061425189,10.608344571830461],[106.91569864801765,10.608391565159964],[106.91577667804007,10.60843756410624],[106.91585464388177,10.6084866358877],[106.91593267680504,10.608533630058439],[106.91600966088822,10.608581620662859],[106.91608664979707,10.608631602689949],[106.91616363586603,10.608680587619046],[106.91617492848674,10.608687961976118],[106.91623866291381,10.608729580695051],[106.91631565554148,10.608779560836245],[106.91639061752798,10.608831627634535],[106.9164666250904,10.608880618819672],[106.91654166639438,10.608933590163419],[106.91661767684856,10.608983572958866],[106.91669263893178,10.609035639673777],[106.91676766705649,10.60908463260093],[106.91684361112156,10.60913660794543],[106.91691962167057,10.609186590656703],[106.91699661085818,10.609236570619373],[106.91707261300695,10.609284566378019],[106.91714967613859,10.609333551648765],[106.91722666196532,10.60938262667859],[106.91730462220765,10.60942962163506],[106.91738265647489,10.609476613582899],[106.91746167212503,10.609523603673514],[106.91753963345884,10.609571591126446],[106.91761767534183,10.609620572632817],[106.91769766590102,10.609666564661996],[106.91777764801655,10.60971056614278],[106.91785762821131,10.60975357413746],[106.91793866196295,10.60979657729253],[106.91802066016815,10.609835599344718],[106.91810362430826,10.6098705498904],[106.91818763102573,10.609902603814032],[106.91827367413397,10.609934558846389],[106.91836067230919,10.609960544059565],[106.91844863297628,10.609981553799908],[106.91853764341069,10.610001563431384],[106.9186286801666,10.610018583287767],[106.91871963171027,10.610033614685234],[106.91881064364871,10.610044577033106],[106.91890263637858,10.610055627009846],[106.91899267257048,10.610067586400646],[106.91908465649327,10.610076556305895],[106.91917467289889,10.61008354565498],[106.91926666277118,10.610093599351362],[106.91935766717384,10.610102572817201],[106.91944963977132,10.610108559534025],[106.91954162118388,10.610116625336007],[106.91963366962358,10.610122611716077],[106.91971975712508,10.610128215260701],[106.91972564222364,10.610128598350933],[106.9198176755432,10.610130606333747],[106.91990963301734,10.610132613667684],[106.92000067134572,10.610130558310097],[106.92009163130338,10.610127598337861],[106.92018167027236,10.610120572970688],[106.92027064343806,10.61011056842379],[106.92036065970495,10.610097576849501],[106.92045164974925,10.610082591974725],[106.92054261022079,10.61006055526863],[106.92063266033973,10.61003653317949],[106.9207216323845,10.610006549742923],[106.92080863022282,10.60997259523558],[106.9208926654958,10.609932592387137],[106.92097261457731,10.609888538650905],[106.92103071800705,10.60985008773041],[106.92104666664196,10.609839533181708],[106.92111760951038,10.60978556831366],[106.92118861649796,10.609728529675737],[106.9212576647488,10.609671587813153],[106.92132662830045,10.609612565301314],[106.9213936280879,10.60955255843031],[106.92146063345409,10.609493544091976],[106.92152860605401,10.609431543923003],[106.92159462049518,10.609369551940894],[106.92166062458436,10.609305567623805],[106.92172564626108,10.60924059529449],[106.92179059355027,10.609175531929962],[106.9218546394312,10.609111556684061],[106.92191761856147,10.609044601379455],[106.92198059915815,10.608977558373706],[106.92204259401154,10.608909612344057],[106.92210360609869,10.608840585196779],[106.92216560525407,10.608773543107395],[106.92222563594844,10.608704522311113],[106.92228559855228,10.608636583818276],[106.92234464770259,10.608566569577897],[106.9224036247775,10.608497550874526],[106.92246064095384,10.60842853856857],[106.92251862905408,10.608357534789363],[106.92257262503111,10.608286544981375],[106.92262759110088,10.60821356280373],[106.92267962042025,10.60814059337645],[106.92273164374903,10.608066537386748],[106.92278260916461,10.607991581360066],[106.92283161517047,10.607916541332283],[106.92288159161568,10.607839600236005],[106.92292961336149,10.607763571302677],[106.92297860701512,10.607685547282006],[106.92302662113413,10.607607528716958],[106.92307463466433,10.607529601450421],[106.92312159716614,10.607452580265967],[106.923169619709,10.607376550399582],[106.92321763660902,10.607299525272296],[106.92326557890854,10.607222591719543],[106.92331457710705,10.607145562921403],[106.92336463260717,10.607069526354433],[106.9234136301864,10.606992587041077],[106.92346361071394,10.606916550742417],[106.92351261583046,10.60684160103923],[106.92356259631138,10.606765564729352],[106.92360963443019,10.60668854411495],[106.92365862867571,10.606610520920457],[106.92370664386381,10.606533586143778],[106.92375564186048,10.606456559105112],[106.92380464179747,10.60638052642638],[106.92385258564302,10.606303590996042],[106.92390158644791,10.60622755830324],[106.92395058814007,10.606151524697658],[106.92400162410152,10.606075572988246],[106.92405160813769,10.606000530077756],[106.92410363115425,10.605926565225486],[106.92415558209623,10.605853594104445],[106.92421062287987,10.605780520142542],[106.92426461517955,10.605708538472987],[106.9243195880036,10.605637543892879],[106.92437659278873,10.605565548251622],[106.92443262562598,10.605495545879835],[106.92449060896006,10.605423547473645],[106.92454762687073,10.60535453397299],[106.92460561865275,10.6052845242638],[106.92466361132612,10.605214515446992],[106.92472258291097,10.605144592460197],[106.9247816337538,10.605075572239757],[106.92484158719165,10.605005555171738],[106.924901625079,10.604938519992466],[106.92496256499199,10.60487057836456],[106.92502357854138,10.60480254515086],[106.92508459586561,10.604735508093977],[106.92514757434836,10.604668553195964],[106.92520957491527,10.60460250501157],[106.92527362099267,10.604538530126295],[106.9253375893773,10.604474555520719],[106.92540155772848,10.604410579096806],[106.92546756148094,10.60434650646843],[106.92553258983673,10.604283521338823],[106.92559860435053,10.604222521257824],[106.9256665805879,10.60416151293122],[106.92573357075803,10.604099514809118],[106.92580162384883,10.604039504159253],[106.92587058273845,10.603979576893556],[106.92594059189223,10.60391856182445],[106.92601159283518,10.603860527959519],[106.92608258994646,10.603801497915484],[106.92615457448551,10.60374454602031],[106.92622761398455,10.603687497058125],[106.92630157357972,10.603634514335015],[106.92637559955608,10.603579540796968],[106.92645061732861,10.603527549363456],[106.92652759498544,10.603475547874277],[106.92660360268806,10.603426534919347],[106.92668060780308,10.60338149480185],[106.92675956282648,10.603334550837118],[106.92683860745753,10.603290499237703],[106.9269195460597,10.60324951314536],[106.92699959906835,10.603213504013585],[106.92708160345722,10.603175497916148],[106.9271655794865,10.603140557031802],[106.92725054697479,10.603108506943082],[106.92733559640554,10.603078536571248],[106.92742155890464,10.603050549696782],[106.92750857673289,10.603022560659163],[106.92759657784325,10.602995561386832],[106.92762799600247,10.602987343293934],[106.92768459414485,10.602972539520659],[106.92777358993578,10.602949514869],[106.92786258190797,10.602925495836315],[106.92795256314102,10.602903551312876],[106.9280425479682,10.602883506000948],[106.9281315563668,10.602863554717652],[106.92822161213677,10.602841520348521],[106.92831257859451,10.602821561684786],[106.92840257569095,10.602804499342579],[106.92849256353351,10.602784544293884],[106.92858156588262,10.602763508143113],[106.92867057130059,10.602742561450308],[106.92875958884629,10.602725503583386],[106.92884859804532,10.602705552103501],[106.92893858455356,10.602685505636712],[106.92902759950975,10.602667542829128],[106.92911759741718,10.602650481191855],[106.92920654503368,10.60263450642615],[106.92929556193485,10.60261753881352],[106.92938556197828,10.60260056749192],[106.92947655075554,10.602586484251082],[106.92956655747365,10.602571500692497],[106.92965655946149,10.60255552365984],[106.92974656707,10.602540540048189],[106.92983657482468,10.602526551685946],[106.92992658714044,10.602512564185643],[106.93001756731374,10.602496491180217],[106.93010757777259,10.602482501828854],[106.93019758913769,10.602468513353156],[106.93028759012974,10.60245253615006],[106.93037759201992,10.60243655801482],[106.93055353900766,10.602407509603873],[106.93064155971958,10.602386476578237],[106.93073154432577,10.602365525653708],[106.93082152675002,10.602344486123489],[106.9309105385426,10.602325528445585],[106.93099955287748,10.60230747561119],[106.93108954413792,10.602288513304936],[106.93117953356061,10.602269551884932],[106.93127058451361,10.602251490428577],[106.93136057680907,10.602233523318574],[106.93144959198779,10.60221546945505],[106.93153958409724,10.602196507926369],[106.9316295819984,10.6021795359958],[106.93172055231447,10.60216047944318],[106.93181053783005,10.602140524398854],[106.93189955202836,10.602122470417081],[106.93198855892877,10.602102518095611],[106.9320775625622,10.602081480091027],[106.93216656561754,10.60206053336592],[106.93225556449447,10.60203850186523],[106.93234358294194,10.602016473120308],[106.93243152389707,10.601993541574453],[106.93251855610292,10.601969529556888],[106.93260656014336,10.601943522412679],[106.93269358376321,10.601917520737967],[106.93277955003728,10.601890527740824],[106.93286452606876,10.60186145840286],[106.93294957628248,10.601831486600066],[106.93303454299439,10.601799524542308],[106.93311958044401,10.60176647743039],[106.93320256593798,10.601729460533244],[106.93328555831836,10.601693528357266],[106.9333675410087,10.601650459479648],[106.93344855199132,10.601608476292066],[106.93352857307964,10.601564509877234],[106.9336095609113,10.601517465398283],[106.93368753474564,10.6014705235385],[106.93376557058028,10.601419511745025],[106.93384156591246,10.601367513240927],[106.93391756304882,10.601315515618165],[106.93399151494073,10.601261535127074],[106.93406554413389,10.601207466644976],[106.9341365440326,10.601149520657298],[106.93420656514122,10.601092481407392],[106.93427657657875,10.601032458168529],[106.93434350692408,10.600975523632712],[106.93438166603346,10.600941872494815],[106.934411559329,10.600915509548981],[106.93447855071922,10.600854503268927],[106.93454455295388,10.600790519399963],[106.93457751551145,10.600758482407802],[106.93791849401798,10.599484457741694],[106.9383565554492,10.599239431677331],[106.93872552444608,10.598901456651777],[106.9390945157866,10.598441159464741],[106.93929150981235,10.598195419299254],[106.93941849792238,10.598038446808909],[106.93949649509267,10.59795850504649],[106.94061546874472,10.597008449811748],[106.94098947543826,10.596824416906015],[106.94137547497972,10.596682465945854],[106.94185849547172,10.596625490202719],[106.94226801895813,10.596614504021595],[106.94227047473439,10.596614436867835],[106.94334748070784,10.596721463459808],[106.9440865021034,10.596835467871403],[106.94506651025195,10.597116435547491],[106.94596659406935,10.597252283955328],[106.94596750190497,10.597252419717814],[106.94656547548055,10.59727844448046],[106.94684249283624,10.597252441956204],[106.94709547492842,10.59718946064651],[106.94724290568726,10.597127619098657],[106.94761051077968,10.59697342046373],[106.948455366072,10.596617860479332],[106.94941646625611,10.596213378535564],[106.95215242411233,10.595224395423644],[106.95272443392153,10.595029377791995],[106.95437045692984,10.594466368830208],[106.95625540916811,10.59395035510641],[106.95670840792766,10.593888409182842],[106.95748244803929,10.593824326973278],[106.95810646923285,10.5937874013368],[106.95969643667894,10.593809321698412],[106.96003642911853,10.593758384241474],[106.96035641365607,10.593659334784865],[106.96066439020926,10.593535380863383],[106.96090243448349,10.59341232923911],[106.96111742821569,10.593292348276323],[106.96128343235975,10.593171382259714],[106.96141745312003,10.593043303863334],[106.96174737897617,10.592751291751549],[106.96177342939349,10.592725335437422],[106.96261143759425,10.591911357529662],[106.96289937332975,10.591674290819082],[106.96319540466345,10.591445329286454],[106.96352140366574,10.59128631739078],[106.96385342583984,10.591164347200204],[106.96476036317998,10.590996314282183],[106.96566339517975,10.590793306941586],[106.96571010736126,10.59078064474679],[106.96676636094368,10.590494328623718],[106.96678180288858,10.590488970852503],[106.96708335593641,10.59038434740624],[106.96744041042471,10.590208304078525],[106.96773741041682,10.590016312509913],[106.96855235497517,10.5893983160589],[106.96928239486935,10.588731288281778],[106.96991333330149,10.588046286983133],[106.9705413788906,10.587297291795815],[106.97066037783421,10.587183282407794],[106.97096238057841,10.5868472533697],[106.97115338533908,10.586628275235423],[106.97137836936956,10.586350312905669],[106.97188434179607,10.585720308065929],[106.97265581044537,10.58459727563684],[106.97267230095973,10.58457327025505],[106.97335329980677,10.583707262770947],[106.97383229240226,10.583060273640454],[106.97416230911486,10.58270225403231],[106.97444332530482,10.582473251537321],[106.97457929332505,10.582363244712864],[106.97489334142588,10.582216292623219],[106.97530530725142,10.582094271484209],[106.97543119101994,10.582071749050806],[106.97575827925581,10.582013226024594],[106.97799930418792,10.58213224768365],[106.97900229665755,10.58200421286878],[106.97987929520886,10.581727228512666],[106.9818053207023,10.580603212720018],[106.98300725907573,10.579928255024033],[106.98303573172315,10.57991153978021],[106.98385159927108,10.579432578977372],[106.98385728521355,10.57942924101119],[106.98397390750482,10.579700939242423],[106.98488528132782,10.581824189878569],[106.9855452701727,10.58328823654365],[106.98568629547556,10.58359523886973],[106.98610393260861,10.584499871515465],[106.98613132043046,10.584559193844782],[106.98652929345901,10.585497206289864],[106.98686428655157,10.586684166157456],[106.9870453463813,10.587841175056202],[106.98713235453774,10.588978210316258],[106.98711475048245,10.589677088290598],[106.98710830029424,10.589933155621864],[106.98700334840684,10.59091716710045],[106.98688535292091,10.591843190366067],[106.98681237580195,10.592419172321305],[106.98678134805466,10.5927252227848],[106.98599534026089,10.595495224032542],[106.98598139384586,10.595776165127607],[106.98604032688974,10.596020204469967],[106.9860728036045,10.59606727705095],[106.98617139269852,10.596210171574855],[106.98710838717811,10.597222185253063],[106.98854737161277,10.598530191551443],[106.9889871942437,10.598899209821036],[106.98974639800281,10.59953619176861],[106.99032238590084,10.600204179683578],[106.9906004094933,10.60069117691672],[106.99069398059086,10.600905311951273],[106.99073938242829,10.60100921247855],[106.99082141510436,10.601486132730145],[106.99081241074191,10.60201919130234],[106.99068837551307,10.60262213255044],[106.99048537122538,10.6035091653518],[106.99044141584953,10.604122189030283],[106.99051241234794,10.604497176746396],[106.99068640194014,10.604882154649433],[106.9909283844602,10.605177183812541],[106.99125039947909,10.605414128874326],[106.99173631465737,10.605590182629097],[106.99187141842516,10.605639132657744],[106.99214066388599,10.605684702823288],[106.99214337489673,10.605685160366843],[106.9925954047645,10.605681206600517],[106.9939153993991,10.605540202551442],[106.99490749589816,10.605326356743989],[106.99498737433777,10.605309138527359],[106.9955531758015,10.605295214396412],[106.99555640636727,10.605295134713302],[106.99600437827272,10.605350134407383],[106.99632539414655,10.605451108862693],[106.99648035141182,10.60556413258953],[106.9965673605904,10.605666124272508],[106.99711135608945,10.60670912943392],[106.99730836210651,10.607155123906535],[106.99745937770095,10.607355132763125],[106.99764309127653,10.607499091547151],[106.9976673718818,10.60751811833618],[106.99784439182136,10.607607096252895],[106.99804838745115,10.60765817912185],[106.9984182610365,10.607691573040125],[106.99842437880106,10.607692126382519],[106.99844765244514,10.607689499322849],[106.99884940058539,10.60764415134542],[106.99888026361661,10.607635230640115],[106.99918837904491,10.607546163780256],[106.99954842175853,10.607346117441317],[106.99971747276295,10.607236171659997],[106.99981135874953,10.607175111852833],[107.00003440947921,10.607037084345361],[107.00017337328194,10.60699711526702],[107.00017775943425,10.60699696766509],[107.00025081203681,10.606994511438247],[107.00029235943435,10.60699311420816],[107.00040809103393,10.606999714021345],[107.0004153878435,10.607000132470128],[107.0004519669027,10.60700896961659],[107.00051036681529,10.607023077725762],[107.00051142857792,10.607023533615665],[107.00065736124672,10.607086137774884],[107.00080539712344,10.607183095382984],[107.00095639328993,10.607359143166898],[107.00120438510483,10.607665076986217],[107.00140740027247,10.607845078440173],[107.00179136271082,10.608079143531711],[107.00186140208581,10.608122076310137],[107.00216536484409,10.60829109734058],[107.00238239389071,10.608414086151122],[107.00242835927777,10.608449070394517],[107.00249436682945,10.608520136442221],[107.00257342168989,10.608630113477894],[107.00261837467919,10.60873109732048],[107.00263541268338,10.60882513791232],[107.00263441300706,10.608931096615187],[107.00261740168037,10.609029071223832],[107.00249035778465,10.60946107426969],[107.00235840421944,10.609816071240964],[107.00231338517366,10.60988414532942],[107.00222642380986,10.609998128130167],[107.00217654994853,10.610083010606692],[107.00217238207169,10.610090104230407],[107.00214339130541,10.610189119973631],[107.00213736025383,10.610281084778103],[107.00214133939612,10.610358532957271],[107.00214439880456,10.610418109180488],[107.00216274149746,10.610482700224999],[107.00216542704055,10.610492157506487],[107.00216891421479,10.610497419978111],[107.00221441302585,10.610566093590577],[107.00229538907463,10.610629144350247],[107.00242239582683,10.610688122049787],[107.00267538324096,10.610794153743846],[107.00278442930176,10.610847147271858],[107.00291340905507,10.610891112224028],[107.00301143805362,10.610902510010005],[107.0030164110839,10.610903088607532],[107.00316341007878,10.61089309899367],[107.00328936651313,10.610860143365697],[107.00351041820632,10.61074915027201],[107.00442235574452,10.610397096091477],[107.00462439453064,10.61028111602168],[107.00507936740534,10.610018125022982],[107.00538035790208,10.609846061772105],[107.00552735703234,10.60979909597455],[107.0057403477998,10.609763079185958],[107.00598935030484,10.609742106582189],[107.00622497951521,10.609738148004134],[107.00622937604699,10.609738074396146],[107.00639936993088,10.60976704750019],[107.00654336630842,10.609833099517925],[107.00666178039589,10.609951531772198],[107.00669335512073,10.609983112501482],[107.00684037312918,10.6102730821061],[107.00719032111617,10.611088144107592],[107.00794225325488,10.613255837637888],[107.00952974799948,10.612082067030883],[107.01142840325618,10.610825066155783],[107.0121993861042,10.610287055252284],[107.01247667420616,10.610093481847391],[107.0135143830405,10.609369061907978],[107.01429141483246,10.608822474614719],[107.01578335801095,10.607772997824194],[107.01744331515651,10.606515041782117],[107.01792528606299,10.606023023599429],[107.0183473050926,10.605467058301997],[107.01905428356203,10.604381990470836],[107.01916725810638,10.604140970550308],[107.01967630099657,10.603054983618994],[107.02025127267224,10.601029982381572],[107.02028767039842,10.600877299283145],[107.02075925474831,10.598899025869056],[107.02105326750701,10.597898972530455],[107.02225926878856,10.595077952964042],[107.02284127103334,10.594251033617587],[107.02389224341017,10.593057982499452],[107.02399421518942,10.592931999521404],[107.02405521151154,10.592828963480232],[107.0241122064679,10.592724950184053],[107.02479024410817,10.59155998588068],[107.0252982298347,10.590659954478163],[107.02586821645019,10.589701000979368],[107.02629421527884,10.58896679004823],[107.02659119762914,10.588454939187324],[107.02681420767016,10.58783992796115],[107.02695915681446,10.58720995455402],[107.02700414862693,10.586336928912138],[107.02697910510538,10.585979708751276],[107.02696314222369,10.585752008586562],[107.02692521104585,10.585053977950368],[107.02692443453935,10.585045611482636],[107.02686313819677,10.58438597102257],[107.02680418183118,10.584130516732115],[107.0266925137382,10.583646660415736],[107.02665219193892,10.583471944960243],[107.02612317487882,10.581997987257703],[107.02538514732157,10.580530927214033],[107.0247265519783,10.579401348449647],[107.02422317148952,10.578537985093913],[107.02332517365416,10.577022287467342],[107.02309215673813,10.576628986845906],[107.02250358462845,10.575786407037775],[107.02120612969637,10.573929015267419],[107.01870511891813,10.57045104706235],[107.01864381008953,10.570366562952053],[107.01721814047134,10.568401968895834],[107.0141850945314,10.564416031754025],[107.01331405775935,10.562977037336797],[107.01243410812009,10.561475062590183],[107.01193811286323,10.56069704181394],[107.01161097640347,10.560026178675033],[107.01117205672037,10.559126081129858],[107.01072705804718,10.557824054515459],[107.01053405778566,10.556784006073242],[107.01049906357059,10.555759057619047],[107.01068208656478,10.554610019234604],[107.01115703081496,10.552852030552572],[107.0112596002352,10.552567206825517],[107.01153300469014,10.551807993339567],[107.01227505591581,10.55036200742439],[107.01319598510706,10.549174040766419],[107.01439659958189,10.54819702959195],[107.01470996736901,10.547942024212688],[107.01674599417966,10.547305027263436],[107.02040798161127,10.546716997758036],[107.02283296434062,10.546542984767704],[107.0240313201917,10.546290438433681],[107.02432293966935,10.546228982083324],[107.02500048531762,10.545901495104687],[107.02501193187013,10.545895962006467],[107.02537092610814,10.545608929963773],[107.0258529214394,10.544944963040946],[107.0266709674648,10.54362095942356],[107.0266964838873,10.543553799930347],[107.02726595354031,10.5420549421278],[107.02746006792609,10.541120400525362],[107.02754988551827,10.540687983450406],[107.02749888287605,10.539190929615676],[107.02709188469086,10.537791953048078],[107.0258669282929,10.535939917631437],[107.0244931138592,10.534349041227504],[107.02434963089821,10.53418288752076],[107.02403190614714,10.533814962449801],[107.02380554983382,10.533626773703155],[107.01971386790116,10.530225021265505],[107.01862488125037,10.529046001371555],[107.01714662157525,10.527053189231731],[107.01672290562946,10.526481986261787],[107.01624089722567,10.52596002586616],[107.01494787340256,10.524368025229467],[107.01414760104647,10.523240852165817],[107.01294288688763,10.521544030464758],[107.01247709181422,10.520541767284097],[107.00948982278764,10.514113993739107],[107.00755612515472,10.511359847441812],[107.00695877058632,10.510509040953886],[107.0057368321808,10.509363035657275],[107.00548413726884,10.509250606373802],[107.00394778031549,10.508567048134525],[107.00179079474265,10.507852057127119],[107.00018579512778,10.507106129863287],[106.99925081221265,10.506377083710706],[106.9984238347897,10.50537612316579],[106.99767978163062,10.504348075885858],[106.99734582431304,10.5032101113532],[106.99720476241902,10.502152119209159],[106.99730978773799,10.500931065374983],[106.99747077969762,10.500252128415513],[106.9976996255822,10.499169825701987],[106.99774079970193,10.498975096991952],[106.99776971961394,10.496004111452677],[106.99776276671726,10.494307065228885],[106.99794974485219,10.489624099266875],[106.99799571121949,10.485810113322584],[106.99789766909264,10.482831123110662],[106.99803664199304,10.48028605098944],[106.99820064894206,10.478631095447913],[106.9979606329906,10.476427577646103],[106.99777965180411,10.474766050292256],[106.99706562993602,10.46822607910049],[106.996573532223,10.460485112353739],[106.9914644911997,10.45094111387509],[106.98084855428651,10.44733918459379],[106.98084170292664,10.447338916325625],[106.97024352624102,10.446924264901206],[106.97024147879038,10.446924047641225],[106.96609356737893,10.446484278020241],[106.96267853288505,10.438489296226972],[106.96600253791235,10.436475253288531],[106.96847552992405,10.435307282544706],[106.97054051752293,10.434404202442224],[106.97259148770172,10.433155181357463],[106.97387249531408,10.432104193872965],[106.97680944445202,10.429598193203967],[106.98095739628063,10.426058153857849],[106.9822813607765,10.42474018634914],[106.98528933712201,10.418197158916456],[106.9856062957952,10.413190100576536],[106.98095728434627,10.405225202282631],[106.97621127275616,10.399687159588444],[106.9705402569744,10.39480816925973],[106.96187527754371,10.391491301479125],[106.94929431259904,10.387537367791628],[106.94264024938386,10.385444386636687],[106.93729829755209,10.38309037403665],[106.93415728333412,10.381474375958284],[106.9184573098569,10.373975535708682],[106.89454732975443,10.365080608845906],[106.87586637070221,10.360713714063623],[106.86757633502499,10.359864746568546],[106.85275838098379,10.358325844482975],[106.84091438362066,10.35590787900407],[106.8345834098082,10.354220975436162],[106.83458272695302,10.354222329239253],[106.82821852117219,10.366830012229295],[106.82252780509747,10.377407772798414],[106.81507929353982,10.3912528784474],[106.80443576822036,10.40363917890755],[106.78133768996753,10.42954848607988],[106.77773304109928,10.433065289138915],[106.77519379836383,10.43644014046958],[106.77225006778366,10.440352586897637],[106.76314917222392,10.452448382687107],[106.75685028128007,10.46256243857857],[106.75230598104382,10.472348226352398],[106.749000417035,10.479466496754121],[106.74687803745447,10.484724164067583],[106.74538147989101,10.488431509195498],[106.7435745389171,10.497621562850906],[106.74360750234898,10.497799208634],[106.74401266485305,10.499982635187957],[106.74475452040099,10.503980514369033],[106.7454235400147,10.506808486538459],[106.74609257939233,10.509637543220132],[106.74843361411655,10.518555535091336],[106.7487638153134,10.524625901025772],[106.74878923313928,10.525093183889274],[106.74909468192138,10.530708477267947],[106.7464727592627,10.542198558630902],[106.74513881028953,10.54827751061178],[106.74416927950183,10.552992718336577],[106.7433768601349,10.556846563504571],[106.7432231067927,10.55777113108567],[106.74292586757517,10.559558519439294],[106.74256532932317,10.561724129600396],[106.74195892900454,10.565366523457884],[106.74205459643498,10.566182402171332],[106.74237288157002,10.568896838171984],[106.74262096088096,10.57101253919206],[106.74469196494701,10.57492454122409],[106.74508994316403,10.575432573322225],[106.74527663247868,10.575670968388055],[106.74294307477022,10.578132040699387],[106.74275999364507,10.578300535618684],[106.74239794265826,10.57858357616391],[106.7420859627626,10.578757605785974],[106.74172797825392,10.578922557819876],[106.74148767862108,10.579022216749532],[106.74145295823918,10.579036616778527],[106.74136313466725,10.579060650682994],[106.74133546118006,10.579068055781399],[106.74121395269684,10.579100566871645],[106.74096764563103,10.579101625732187],[106.74076235622707,10.579102508526368],[106.74074601567256,10.57910257884848],[106.74074234579659,10.579102163676962],[106.74067332838082,10.579094360869522],[106.74039196919207,10.57906255407078],[106.74001955724957,10.578984078566474],[106.73994595574366,10.578968569587444],[106.73994070128907,10.578967234559867],[106.73939895868048,10.578829606763009],[106.738906959788,10.578708551959837],[106.73859070855146,10.578614625025617],[106.73846595366574,10.578577572119412],[106.73812095165962,10.578419618386167],[106.7379049749015,10.578284586754096],[106.7378020747413,10.57818542523756],[106.73768399960657,10.578071637915656],[106.73760088754528,10.577952706523913],[106.73755400262678,10.577885616200795],[106.73752057198566,10.577805076996224],[106.73743901295218,10.577608593099264],[106.73730001186654,10.577340594981365],[106.73721682598253,10.577246756812315],[106.73717202168437,10.577196215380814],[106.73715198772629,10.577173616791804],[106.73711638426457,10.577146737534283],[106.73693599667656,10.577010556808979],[106.7368072161493,10.576960715619228],[106.73670101745925,10.576919614398683],[106.73647597112225,10.57689355544486],[106.73647457772493,10.576893841859807],[106.73635585108453,10.57691817444885],[106.73618299090533,10.57695360325416],[106.73581696022097,10.57708272999059],[106.73580598710754,10.577086600986744],[106.73580432360343,10.577087569881082],[106.735484999999,10.577273580959062],[106.73528401262892,10.577442644909658],[106.73513297637173,10.577583618225706],[106.73499996754994,10.577775613742714],[106.73491297555654,10.57793464924769],[106.7348310084929,10.578180642999222],[106.73480499725756,10.578366610745556],[106.73482397825492,10.57857558385744],[106.73489298949372,10.578757637836008],[106.7349950107828,10.578897988875651],[106.7350179689335,10.578929571753177],[106.73519700047366,10.579083616870205],[106.73519758909175,10.579083962178537],[106.73537097991868,10.579185736657635],[106.73538101299052,10.579191625794556],[106.73567597891838,10.579304625202772],[106.73600495713545,10.579387330632246],[106.73603402737014,10.579394639213266],[106.73605881848987,10.579404458100033],[106.73617551827869,10.579450677780882],[106.73635202129242,10.579520583055897],[106.73658596827634,10.579665595127754],[106.73680300753001,10.579873584840975],[106.73697297864067,10.580068615095193],[106.73714798472977,10.580258564201483],[106.73715637864007,10.580265302769881],[106.73735101345535,10.580421573081194],[106.73760003379961,10.580589590723754],[106.73803701730397,10.580828627295215],[106.7381417210138,10.580884046993837],[106.73839599218272,10.581018631877827],[106.73869001478084,10.581212547112873],[106.73891597128778,10.581403600939012],[106.73908199125786,10.58161156984279],[106.73918397252257,10.581779596198992],[106.7392900380725,10.582069573925262],[106.73936900309991,10.582369581854714],[106.73948102815393,10.5827786139076],[106.73954600505728,10.583087619145847],[106.7395780275202,10.58336661915731],[106.73956699986083,10.58350055205759],[106.73949905048993,10.583721549761668],[106.73945303041681,10.583871596507263],[106.73935998266751,10.584139598349962],[106.73922505155511,10.584437566352788],[106.73916601393233,10.584594614940205],[106.73907698826527,10.584847595433938],[106.73902503012299,10.584979578406456],[106.73896802587187,10.585088612184745],[106.73891063123048,10.585161667771674],[106.7388374668967,10.585254794333608],[106.7388030419102,10.585298612993036],[106.73878217697845,10.585321438260161],[106.73868700590151,10.585425551779094],[106.73864232469533,10.585460664262527],[106.73851003825514,10.585564619333702],[106.7383240467686,10.585663569020431],[106.73829972027869,10.585676320682035],[106.73811600450496,10.585772626070716],[106.73797803710478,10.585852621216054],[106.73784100176435,10.585964616887292],[106.73783363876372,10.585969703427853],[106.73772804856222,10.586042635070042],[106.73759303311155,10.586126599441295],[106.73737505414316,10.58621561323926],[106.73720101358793,10.586280621107337],[106.73701704368052,10.586328572943042],[106.73691168234247,10.586348047517232],[106.7368695805394,10.586355829248092],[106.73680606437644,10.58636756806229],[106.73654705163472,10.586375612121916],[106.73652042301603,10.586374269826926],[106.73636802448752,10.586366588896789],[106.73613869461343,10.586355009986985],[106.73611007464591,10.586353565404732],[106.73610988719976,10.586353524405942],[106.73608208863239,10.5863474920178],[106.73594905291462,10.586318625859581],[106.7357590543325,10.586248609246443],[106.73559800189388,10.586180581253238],[106.73543401664459,10.586090590825803],[106.73530505127282,10.58599262757772],[106.73521301933495,10.585895630937635],[106.7351816250432,10.585831437255287],[106.7351650743843,10.58579759423654],[106.73512944721465,10.585702053919944],[106.73511102490994,10.58565265208165],[106.73503902311194,10.585337614214898],[106.7349910338586,10.585225651948031],[106.73491002368417,10.585110630564879],[106.73483800989239,10.585051636267265],[106.73481412535168,10.58504057416346],[106.7347300001046,10.585001613898608],[106.73475699989885,10.58486564132267],[106.73478500294355,10.5847605852119],[106.73482473217076,10.584697428560181],[106.7348780608187,10.584612652046943],[106.73493800432215,10.584526573847638],[106.73499506795304,10.584387615326253],[106.73500801635852,10.58431262091448],[106.73499404962226,10.584210589740348],[106.7349690656265,10.584151630196565],[106.7349549279121,10.584135715549365],[106.73489002298015,10.584062643184128],[106.73476600888299,10.583933649618505],[106.73471702780097,10.583876696925989],[106.73471061340634,10.583869238835257],[106.7346920259748,10.58384762822627],[106.73468100531275,10.583818638798148],[106.73467799726045,10.58370265221867],[106.73468111835808,10.583627288025752],[106.73468205572868,10.583604632839899],[106.73467503041118,10.583481603764085],[106.73466101051174,10.583386625054581],[106.73466227895342,10.583331706746202],[106.73466299668225,10.583300637542736],[106.73466702648282,10.58324059199577],[106.73471100938751,10.583183585751444],[106.73471161699425,10.58318300708287],[106.73477502675242,10.583122629592065],[106.73484802036583,10.583063634243059],[106.73488917309416,10.583021414983838],[106.73492121385422,10.582988543824879],[106.73492404170112,10.58298564209666],[106.73496500517207,10.58290360093903],[106.7349742618906,10.582869185462407],[106.73497602997485,10.582862611262728],[106.73497598686254,10.582801583105496],[106.73495002012841,10.582694617245748],[106.7349379929689,10.582680638754983],[106.73481801621107,10.582541601431291],[106.73473205196827,10.582432650579735],[106.73467998768011,10.582342582951819],[106.73466005083314,10.582282612258222],[106.73465298993982,10.582195658565373],[106.73465505077125,10.582109580411686],[106.73464402732967,10.582055637967677],[106.73462198770257,10.58202162218663],[106.73456104317466,10.582006623017081],[106.7345537357837,10.582006219135438],[106.73448905482552,10.582002603403852],[106.73442601322135,10.581991583964415],[106.73434998344966,10.581972654126504],[106.73428498970834,10.58194058229397],[106.73425002571724,10.581894580529907],[106.7342310412878,10.581826651366256],[106.73418400773022,10.581706639130784],[106.73415105338506,10.581653578745055],[106.73408699433341,10.581630635546603],[106.7340819226486,10.58163103739731],[106.7340490197328,10.581633646064088],[106.73404535992228,10.5816329577682],[106.73398001724102,10.581620660787575],[106.73382400329366,10.581571603230168],[106.7336530129032,10.581481634355534],[106.73341998197425,10.581340594995387],[106.73335902225314,10.581249649905677],[106.73333001008425,10.58110860871227],[106.73332302868744,10.581084043592101],[106.73330500824589,10.581020625160745],[106.7332660073922,10.580961617825949],[106.73321799027444,10.58091158939815],[106.7331869238251,10.580880011785096],[106.73315999621354,10.58085264127342],[106.73313903928899,10.580803613287912],[106.7331159817086,10.58073535590649],[106.73310898704788,10.580714650122879],[106.73308601249599,10.580671595922706],[106.73307779623639,10.580663524145644],[106.73302802667178,10.580614637510426],[106.73296401053668,10.580558600106224],[106.73290602084673,10.580476598247278],[106.73287792049632,10.580408897169587],[106.73282300799212,10.580276594521685],[106.73278802358814,10.580224625118419],[106.73275801793655,10.580197595031711],[106.73270802104334,10.580188620150484],[106.7327039391387,10.580188800117279],[106.73258706582568,10.580193949360973],[106.73254901950776,10.580195625559318],[106.73246905208887,10.580193612845543],[106.73246843825571,10.580193383326455],[106.73242098632701,10.580175591602199],[106.73236304257199,10.580132646283637],[106.73231555966123,10.580087025885618],[106.73231201457656,10.580083620600298],[106.73219699974904,10.580010653910916],[106.73210103857161,10.579956615173964],[106.73204261048146,10.579935450283656],[106.73203199825002,10.579931605044756],[106.73191501927272,10.579904665814945],[106.73182900950016,10.579875641248524],[106.7318087340828,10.579863830847298],[106.73177404279792,10.579843625303312],[106.73162000228683,10.57975161354241],[106.73158604978859,10.579739605228891],[106.73157874155842,10.579739208508059],[106.7314000151078,10.579729602594341],[106.73139993101535,10.579729592911729],[106.73134700941439,10.57972262752553],[106.73124299510387,10.579695645878845],[106.73123688756297,10.579695558208206],[106.73117207581099,10.57969462893482],[106.73110303246202,10.57969364049138],[106.7310110114701,10.579693650147817],[106.7308580474373,10.579726679207582],[106.73070101208984,10.579758631501225],[106.73063003967086,10.579765634254947],[106.73056604783461,10.579763660865295],[106.73056453768172,10.579763441361738],[106.73045603785384,10.579747639078356],[106.73042954439369,10.579743797959866],[106.73031805467222,10.579727635175347],[106.73018201785325,10.579703646522198],[106.7301776881614,10.579703772080213],[106.73011298861518,10.579705669143527],[106.73000133253977,10.579756253143302],[106.72999603787407,10.579758652622507],[106.72981103528448,10.57983662157427],[106.72966801449459,10.579891673003917],[106.72950303839391,10.57993965163488],[106.72950150681201,10.579939877879895],[106.72943267425653,10.579950059526942],[106.72939501580925,10.579955629606868],[106.72925099371476,10.57995661841186],[106.7292486934339,10.579956185292367],[106.729097004729,10.579927622469597],[106.72895602952838,10.579891624107127],[106.72888146278088,10.579882595605229],[106.72886502879037,10.579880605319067],[106.7288637415,10.579880935670232],[106.72877503978643,10.579903668038137],[106.7287043517788,10.579951418672378],[106.72870404451335,10.57995162574509],[106.72858003160856,10.580058606713154],[106.72848401776993,10.580178609204214],[106.72841800247987,10.580299604330628],[106.72840003202907,10.580383652698027],[106.72837702747749,10.580520607012511],[106.72833002051749,10.580765678340924],[106.72828904587206,10.58091561876234],[106.72825551454372,10.580989802706322],[106.72822303573435,10.581061658214844],[106.72812004306394,10.581238642555068],[106.72795104574524,10.581468631535449],[106.72792169355878,10.581506455022152],[106.72781601199304,10.581642641476115],[106.7277199841108,10.581739124564223],[106.72759603855599,10.581863656778268],[106.72753905760437,10.581933631885388],[106.72752439312382,10.581964734435829],[106.7274985875556,10.582019467642878],[106.72749803299956,10.582020644602606],[106.72744105174974,10.582209690529206],[106.72736446014409,10.582508954332294],[106.7273550663538,10.582545657282154],[106.72726105757727,10.58289466694044],[106.72723002473565,10.583042677988622],[106.7271957880287,10.583124511237392],[106.72719404504967,10.583128679703341],[106.72713201430099,10.583341701686898],[106.72710006933103,10.583416661709235],[106.72703301512229,10.583542632019325],[106.7269910506903,10.583618616618537],[106.7269080575923,10.583733696628023],[106.72685102104423,10.583809638423519],[106.72679001466115,10.583894634631562],[106.72671606185638,10.584031658159514],[106.72663302497584,10.584203697633322],[106.72660006566981,10.584291679714353],[106.72658208302242,10.584372653448238],[106.72658102571712,10.584419671767217],[106.72658906082813,10.58448166973598],[106.726604022952,10.584541655565168],[106.7266320358449,10.584605671807875],[106.72668407167168,10.58466364429167],[106.72675308444502,10.58472762387609],[106.72680106410077,10.584765628915662],[106.72689408977831,10.58482067273398],[106.72696404497133,10.584872623019333],[106.72708806590772,10.584980642742332],[106.72715208471705,10.585038669293862],[106.72718605783773,10.585080696329332],[106.72720302004078,10.585129646736938],[106.72721906539343,10.585198669472335],[106.72722104271803,10.58527569672091],[106.7272090933411,10.585381695234705],[106.72719004378142,10.5854586936575],[106.72717509099814,10.585496623433857],[106.72713903079779,10.585533623312518],[106.72706304579566,10.58557662497068],[106.72699909800686,10.585588666919003],[106.72693402349287,10.585602701215427],[106.72693171620965,10.585601223948446],[106.72687307908137,10.585563650654024],[106.72680935921902,10.585511467686523],[106.72676804552671,10.585477633993198],[106.72662809748985,10.5853616176318],[106.7263887161307,10.585240897297652],[106.72628704381295,10.585189624615175],[106.72604707681673,10.58509570672106],[106.7258900826793,10.585070696459837],[106.72588695034143,10.58507096380722],[106.7257380331026,10.585083643742195],[106.7255410798548,10.585149711600558],[106.72524603087214,10.585344649718863],[106.72497204770927,10.585552630881361],[106.72481904246585,10.585716659733789],[106.72463309994181,10.585975630524864],[106.72453310509415,10.586243649704784],[106.72445606749696,10.586550655657502],[106.72437810489022,10.586826651656384],[106.72432208475541,10.586986674819531],[106.72419205990794,10.587172691665804],[106.7239870835717,10.587371688796031],[106.72365206424516,10.587631665007912],[106.72342208607213,10.587860664332153],[106.72327907318615,10.588063718598043],[106.72321805798886,10.588288671955091],[106.7232061173824,10.588469714075359],[106.72322412100237,10.588633666099714],[106.72327706120215,10.588930684923698],[106.72334227629905,10.589129986988148],[106.72338307189428,10.58925466524098],[106.72348547323513,10.589447706763544],[106.723506127986,10.589486643771655],[106.72351996286035,10.589524231339173],[106.72355284361547,10.589613560160288],[106.72357606643222,10.58967665399081],[106.72361607322526,10.589982665286467],[106.7236381093558,10.590540711008408],[106.723642089959,10.590655701461122],[106.72359219666657,10.590942820582487],[106.72356645796987,10.591090928059673],[106.7235400838888,10.591242699730898],[106.72374208740509,10.592726637819185],[106.72372714620256,10.592911666913137],[106.72363910515062,10.593266715358197],[106.72349209613067,10.59358867409298],[106.72340999978053,10.593703311322367],[106.72330014790924,10.593856705162194],[106.72306210171736,10.59406267578468],[106.72264208781732,10.59437969181818],[106.72207815412652,10.59466170908433],[106.72145516317805,10.594977722926817],[106.72108315282593,10.595221717714866],[106.7206951158103,10.595522719147205],[106.72047212546971,10.595771678081485],[106.72037417379877,10.595924686339401],[106.72034904781309,10.595983829609382],[106.72029217620933,10.596117696743862],[106.72022613456208,10.596303696016381],[106.72019912131114,10.59646172902601],[106.72018814619486,10.596614739534965],[106.72023415821468,10.596985739068334],[106.72034516526202,10.597339721462344],[106.72039836660046,10.597444442373831],[106.72043913124479,10.597524684261227],[106.72046566720259,10.59757636281466],[106.72053415303787,10.597709737784822],[106.7207491134098,10.597997669131166],[106.72105418575661,10.598275740515058],[106.72147916969288,10.598695657456108],[106.72191394027563,10.59914885072916],[106.722281190509,10.599531661459453],[106.72210613574757,10.599804702503954],[106.72175516147097,10.600339667449543],[106.72153018311916,10.600651742054543],[106.72117818713602,10.601006700692473],[106.72057817117529,10.601466668766703],[106.72054218204102,10.601502672523829],[106.72016115323726,10.601877700630153],[106.71989216762455,10.602265675031216],[106.71965619572254,10.602653724716548],[106.7196039574649,10.602794239336626],[106.71951419067311,10.603035701677317],[106.71942718749932,10.603411720632893],[106.71935715810616,10.603815717695609],[106.71931392857915,10.604147838496942],[106.7193082193272,10.604191709767123],[106.7192382040933,10.604552668523885],[106.71919925742053,10.604683028753703],[106.71898721859698,10.605392735773796],[106.71887816687398,10.605731753621672],[106.71879484593948,10.605895177126266],[106.71869718367245,10.606086726718738],[106.71919418011625,10.606346757663792],[106.71951601011031,10.606457120080034],[106.7195411941074,10.606465755520714],[106.71981716878793,10.606524666752101],[106.72032823595596,10.606584752936772],[106.7206951658929,10.606637686501637],[106.72093365204307,10.606685773619825],[106.72107717187443,10.606714712531769],[106.72136517982968,10.606788684341781],[106.72165016595248,10.606908686722612],[106.72180121536252,10.607028738309152],[106.72194223242387,10.607217717016479],[106.72203216984404,10.607223676922734],[106.72221219940364,10.607235686582085],[106.72228934626573,10.607293396516157],[106.72230716721744,10.607306727417386],[106.7223541980429,10.607377736505404],[106.72237618638101,10.607466724619638],[106.72239522656085,10.607552737638688],[106.72237522994435,10.607712738795849],[106.72234523821356,10.607881720756254],[106.72231719517157,10.60802366255087],[106.72231374405462,10.608194167118207],[106.72231217498245,10.608271679057115],[106.72234361284274,10.608488194900264],[106.72235123900569,10.608540712693767],[106.7224075189074,10.608752103611472],[106.72242019387006,10.608799710464126],[106.72251622965065,10.609041716378751],[106.72256986265585,10.609134580721411],[106.72262824421138,10.609235666990461],[106.7226881991348,10.609388727433693],[106.72271422204003,10.609466673839547],[106.72279123794446,10.609914695625061],[106.72287623848729,10.610241723414925],[106.72297120472702,10.61052668109457],[106.72304123622082,10.610672658805633],[106.72330525397271,10.611096689060801],[106.72357023902926,10.611539698856033],[106.72385843810376,10.611892511862504],[106.7238601948495,10.611894659821557],[106.72395823379519,10.611863706814864],[106.72412220159826,10.611777669473314],[106.72419221684602,10.611751686788022],[106.72427924105372,10.611717691399413],[106.7242925001947,10.611712706173833],[106.7243112384138,10.611705659957737],[106.72431611461694,10.611701942844393],[106.72437018859284,10.611660722367985],[106.72442421187475,10.611606671140267],[106.72447118536009,10.611563670016908],[106.72452319529532,10.611540724555654],[106.72455117899295,10.611523730653333],[106.72458824708323,10.611494684991232],[106.72463121282834,10.611471678046815],[106.72469224511322,10.611464707735102],[106.72469675799361,10.611464573510052],[106.72476022523429,10.611462688039015],[106.72480023555592,10.611458675770587],[106.72487322935766,10.611444706406163],[106.724909185361,10.61144567976339],[106.72492024944624,10.611440675101962],[106.72494020214683,10.611433648590163],[106.72496319624695,10.61141169976723],[106.72496838829346,10.611399227942531],[106.72498818062745,10.611351679682572],[106.7250062364057,10.611316723616685],[106.7250292198321,10.611291698408783],[106.72506820074734,10.611271687968932],[106.72510517841678,10.611261717565995],[106.72515924624919,10.611245726656923],[106.7252091893186,10.61123671227452],[106.72527621806795,10.611219687620304],[106.72533624957629,10.611182704690053],[106.72537421498454,10.611151665487277],[106.72540724062283,10.61113167257707],[106.72546523085575,10.61111666569232],[106.72554719662877,10.611103663684998],[106.72561080709937,10.611096832561065],[106.72561222211017,10.611096681717983],[106.72565830446655,10.611100980237417],[106.72568724054064,10.611103680290375],[106.72575820559786,10.611115666298925],[106.72582124781675,10.611148651274403],[106.72587319354695,10.61117669760578],[106.72595523255796,10.611210710239202],[106.72601719070559,10.611234658238473],[106.72609822175407,10.611259720449597],[106.72615019538974,10.611274656405078],[106.72616189323621,10.611275289976328],[106.72616920039204,10.611275685857565],[106.72619724103373,10.611276683641467],[106.72628222773459,10.61126566092842],[106.7264092385368,10.61124365663412],[106.72646323226598,10.611227667544943],[106.72654722064416,10.611187716201142],[106.7266152333886,10.611147633648669],[106.72668522383375,10.611090637777943],[106.72675719085146,10.611014649323954],[106.72675923945589,10.611012297907662],[106.7268382254226,10.610921636027651],[106.7268632245421,10.610866676538857],[106.72691318860254,10.610697633223827],[106.72696119919755,10.610625697790958],[106.72701418153129,10.610576709256819],[106.72705704176381,10.610539568735657],[106.72705920609718,10.61053769247778],[106.72708118374437,10.610503630871408],[106.72708958610943,10.610483744138644],[106.72710819123428,10.610439716139531],[106.72714216907205,10.610363664847181],[106.72716618484718,10.610283665873833],[106.72718322539231,10.610190669644403],[106.72719516826695,10.610153653204463],[106.72722222623392,10.61010565194141],[106.72727220073494,10.61001164933693],[106.72732821084236,10.609942670491597],[106.72737717325921,10.609885649443484],[106.72739265534086,10.609865347449057],[106.72743819701965,10.609805627648166],[106.72754318008678,10.609682702281107],[106.72762923316799,10.60958063112178],[106.72798622706469,10.60923270384649],[106.728128221617,10.60908769349978],[106.7283202022448,10.608899672104148],[106.72841022708927,10.608813682846586],[106.72846541994952,10.608754527751048],[106.72846716393211,10.608752657312984],[106.7285271828166,10.608711696152426],[106.7285691723365,10.60868968528995],[106.7285830579157,10.60868233210593],[106.72858617603816,10.608680681591045],[106.72863117026444,10.608702692117847],[106.72869219843105,10.608742645638598],[106.72873718169193,10.608785631469276],[106.72877517228619,10.608833703425617],[106.7288411631377,10.60896468534643],[106.7288911615189,10.609080984060688],[106.7288931785761,10.609085675118266],[106.72893016124503,10.609148667572237],[106.72896116912088,10.609181661234128],[106.72899215802681,10.609208688358992],[106.72901617363236,10.609223622293147],[106.72903260709694,10.609226098802086],[106.72903615709102,10.609226633784617],[106.72906321436093,10.609225645525381],[106.72909620010141,10.609217675975167],[106.72910408986131,10.60921451443181],[106.72913120616117,10.60920364404076],[106.72915581168941,10.609200929478877],[106.72915818034284,10.609200667168196],[106.72919520322559,10.609205615367129],[106.72923616675004,10.609216698689789],[106.72928420921063,10.609225680697845],[106.72932220383079,10.609228157856242],[106.72932921505614,10.609228614255315],[106.72935919434671,10.609222644711895],[106.72940015628637,10.609209678132647],[106.72945820501064,10.609189697311487],[106.72950422351589,10.60917861433659],[106.72961781604816,10.609154397786988],[106.72966819902959,10.609143656477853],[106.7297572147326,10.609119691816735],[106.7298201640787,10.609099695665423],[106.72993721854395,10.609052678554441],[106.73000922072008,10.609011677073738],[106.73010916907707,10.608965618139079],[106.73021518067097,10.6089296663054],[106.73035916361961,10.608888622113149],[106.73056418285613,10.60884268661915],[106.73077020666288,10.608804612913872],[106.73093917730166,10.60877560724162],[106.73104428007942,10.608763928433824],[106.73108316311425,10.60875960702864],[106.73115968205734,10.608759632305075],[106.73116215480405,10.608759633631328],[106.73122764116317,10.60876501894101],[106.7312352112419,10.608765642608073],[106.73131920776893,10.608775688274097],[106.73141914461473,10.608796622018307],[106.73153018939476,10.608826654464282],[106.73160315154102,10.608850658335275],[106.73166012240965,10.60887530243182],[106.73167017619969,10.60887965106948],[106.73175920087289,10.608929641690066],[106.73183316571014,10.608984653261647],[106.73193520631732,10.609074655268262],[106.73205218869188,10.609193632602882],[106.73219210746291,10.609322026936066],[106.73275124389453,10.609835108002793],[106.73281720721181,10.609895638993267],[106.73277321487993,10.609974615866227],[106.73273617347535,10.610058633570821],[106.73269822422064,10.61014165967831],[106.7326601947248,10.610223601199493],[106.73262216189062,10.610303644268697],[106.73258421257974,10.610386670366623],[106.73254618076425,10.61046761655025],[106.73250815556791,10.610550641974758],[106.73246922343978,10.610632677606572],[106.7324302128954,10.610713627742086],[106.73239022529108,10.610795665760408],[106.73234616097655,10.610875636341722],[106.73229620774565,10.610952641117409],[106.73224617956517,10.611029647929122],[106.73224239616974,10.611038163036806],[106.73221018290856,10.611110678128997],[106.73219418224747,10.611198608692927],[106.73219424287701,10.611201285331138],[106.73219620402922,10.611288651725403],[106.73220416622672,10.611374608074469],[106.73219522859986,10.611431686501286],[106.73208918860144,10.611718621787224],[106.73203017770606,10.611791678004543],[106.73198274362407,10.61183030611092],[106.7319601872981,10.61184867499141],[106.73188618466051,10.611900621031822],[106.73180423041596,10.611940658712827],[106.73172621990354,10.611988639509754],[106.73165722484686,10.612050605485118],[106.73158920964768,10.612112659695356],[106.73151823222949,10.612167670815039],[106.73143717497513,10.612205625440541],[106.73135118166677,10.61223166137446],[106.73126117296923,10.61225165101939],[106.73117017289941,10.612267667816178],[106.73107818567415,10.612281606594179],[106.73098716881094,10.612292649427262],[106.73089622024261,10.612301612755944],[106.73080323783276,10.612310672806123],[106.73071016659847,10.612315663169811],[106.73061918406314,10.612313687779858],[106.73061684561397,10.612313398551832],[106.73053020774773,10.612302663108878],[106.73049055026102,10.61229207223525],[106.73044420804968,10.612279696856428],[106.73036223123837,10.612241617141397],[106.73028217816365,10.612192683061462],[106.73020617997132,10.61213867375698],[106.73013222000405,10.612085651605502],[106.73006020024803,10.612026656796969],[106.72999119380539,10.61196665724182],[106.72992121230368,10.611908650475126],[106.72984620832551,10.611858614795297],[106.72980039878954,10.611839301040378],[106.72976318421576,10.611823613676687],[106.72967024219041,10.611797684628463],[106.72957620188598,10.6117826977222],[106.72957059617502,10.61178257054167],[106.7294852191924,10.61178062977923],[106.7294041837735,10.611801676677548],[106.72932723554547,10.611851641559355],[106.72929221561417,10.611884661805306],[106.72925621382457,10.611916688865975],[106.72918918691765,10.611981631507131],[106.72915809428477,10.612012282706306],[106.72912524350923,10.612044667881223],[106.72906417931918,10.612111671198203],[106.72900417322148,10.612180661882572],[106.72894719395852,10.612252625524972],[106.72889217823152,10.61232566968863],[106.72884018160588,10.61240069150114],[106.72879021655184,10.612474624859646],[106.72875484154508,10.612533379347209],[106.72874320622404,10.612552704835371],[106.72869823062811,10.612630688973042],[106.72865423593993,10.61270966358047],[106.72861424799372,10.612791703026652],[106.72857523525285,10.612872651886855],[106.72853818921773,10.612955674793188],[106.72850220493287,10.613040683255836],[106.72846718982485,10.613122704499347],[106.72843218165623,10.613206625987685],[106.72840018931139,10.613290627586663],[106.72836819828527,10.613375623611331],[106.72833922625388,10.613461695977794],[106.72831319454211,10.613547666981617],[106.72829923525137,10.613637668547293],[106.72829668802667,10.613670299267373],[106.72829220992597,10.613727651247077],[106.7282742396596,10.61381269494175],[106.72822022460264,10.61398762721474],[106.72820619604953,10.61407971097242],[106.72820222702904,10.614158650485646],[106.72819023322728,10.614250636604222],[106.7281781860056,10.61434967793156],[106.72814521705466,10.614434676081755],[106.72810922528446,10.61451769567525],[106.72806923170752,10.614598646642209],[106.7280272020173,10.614678701719429],[106.72798419058493,10.614758668539965],[106.72794322171782,10.61484071098058],[106.7279011898481,10.614920674745262],[106.72786225690085,10.615002708132463],[106.7278242233339,10.615083654787519],[106.72778724956171,10.61516568297756],[106.72775020308569,10.615248705822744],[106.72771519480948,10.615332716757091],[106.72768320089284,10.61541662790996],[106.72765520904096,10.615502696282787],[106.72763725342112,10.615592711166533],[106.72762721007807,10.61568170791211],[106.72762222369441,10.615772677792766],[106.72761926738066,10.61586264602282],[106.72761624365675,10.615954693729162],[106.72761924266922,10.616044644339187],[106.727624198943,10.616133684831508],[106.72763722145473,10.616222699329109],[106.72766026353263,10.616310689130456],[106.72769520588143,10.616395656806208],[106.7277362451684,10.616477713520219],[106.7277842182246,10.61655966006046],[106.72783723092536,10.616638693498189],[106.72789626598612,10.61671463719945],[106.72797902601381,10.616745815484611],[106.72798039016244,10.616746330152386],[106.72798124012022,10.616746649341874],[106.72807422747077,10.616738675730016],[106.72810475550745,10.616712782450023],[106.72816623900026,10.61666063474854],[106.72817824458716,10.616649928937761],[106.72823125414187,10.616602658618264],[106.72830320146288,10.61654466270676],[106.72837826282115,10.6164926227739],[106.72845923851654,10.61645267930394],[106.72854422612828,10.61641769909888],[106.72863125643813,10.616385693095197],[106.72872026042626,10.61635765774572],[106.72880920108321,10.616332699883642],[106.72889725554218,10.616314704875272],[106.72898293252037,10.61630312048418],[106.7289862354814,10.616302673550218],[106.72907621788438,10.616321651783633],[106.72915999650542,10.616359624880142],[106.72916219559454,10.616360621501013],[106.72923923661855,10.61641065089865],[106.7293052429074,10.616474636699545],[106.72935026423849,10.616552703934742],[106.72938023317731,10.616637686876702],[106.7294052359172,10.616725670392466],[106.72942925997742,10.616813656954442],[106.72945922805559,10.616898639886115],[106.72946207845325,10.616905296405822],[106.72949522263208,10.616982700906265],[106.72953422394768,10.617063678851682],[106.72957322345768,10.617144656795737],[106.72961320758999,10.617226624286982],[106.72965025454148,10.617309686664969],[106.72968624760159,10.617392663726983],[106.72972823611165,10.617464681539055],[106.72976825288534,10.61753363179377],[106.72984421403419,10.617622630711518],[106.72987922694767,10.617705700297007],[106.72989624459332,10.61774768998195],[106.72991325949684,10.617789677865963],[106.72994624434392,10.617874653127537],[106.72997824867521,10.61795962872922],[106.72999126960563,10.618071699399449],[106.73000122513099,10.618144630677348],[106.73001426247936,10.618238618012827],[106.73002272186963,10.618275923483434],[106.7300342167122,10.6183266162835],[106.73004821559802,10.618414634028934],[106.73005723965491,10.618502666384233],[106.73006325353947,10.618592697893156],[106.73006520605897,10.61868463871969],[106.73006421278176,10.618774693889934],[106.73005922532522,10.618865662833624],[106.73005023813037,10.618954655389553],[106.73003869310794,10.619011241986648],[106.73003227769301,10.619042682404867],[106.73001024996572,10.61913162613324],[106.72998324041319,10.61921868603446],[106.72995721200174,10.619305651567423],[106.72994422722593,10.61935091517748],[106.7299322384229,10.619392706020252],[106.72990424667013,10.619478684146326],[106.72987927277825,10.619565648194666],[106.72985822896862,10.61965567277811],[106.72984125032664,10.619744691156392],[106.7298402503687,10.619832662561496],[106.72986321532733,10.619919658817615],[106.72989424162512,10.620005632786155],[106.7299132163707,10.620093635910889],[106.72990725046778,10.620184699208973],[106.72992426070053,10.620271621815796],[106.7299582289549,10.620357677902714],[106.73000122339843,10.620438642367168],[106.73005527539098,10.620511616882116],[106.73011428580776,10.62057969506854],[106.73017923776654,10.620643683865756],[106.73024426468614,10.620707672413102],[106.73030928937605,10.62077066652034],[106.73037725387942,10.620833653245969],[106.73044422744137,10.620893657945807],[106.73049837366273,10.620939956010666],[106.7305132347817,10.620952662754618],[106.7305832208486,10.62101166177888],[106.73065223050216,10.62107166187982],[106.73072124109329,10.621131661056118],[106.73078927342934,10.621192656795541],[106.73085527070002,10.621253659775467],[106.73092127707788,10.621316649764124],[106.73098329183823,10.62138164377415],[106.73104027676106,10.621452620061056],[106.7310912443338,10.62152768234881],[106.73113626574963,10.62160565879792],[106.7311832523458,10.62168462081901],[106.73122526345756,10.621763689678195],[106.7312662274415,10.621845655593573],[106.73132027591014,10.621917637225696],[106.73138229587386,10.621983622839098],[106.7314462710308,10.622048608802595],[106.73150724130738,10.622116679641685],[106.73156527879931,10.622186659896702],[106.73162429593033,10.622256632557031],[106.73168022478552,10.622327612901366],[106.73173322777168,10.622402668694022],[106.73177628888484,10.622479655814091],[106.73181228775053,10.622564620443264],[106.7318382735497,10.622652690961962],[106.73185528678154,10.622740607813272],[106.73186122735953,10.622830637632894],[106.7318602378769,10.622921685352228],[106.73185329083614,10.623012663098667],[106.73184227539954,10.62310365084974],[106.73182823660447,10.62319166385558],[106.73180530135187,10.623279616978405],[106.7317732378391,10.623365607963265],[106.731734297839,10.623445652952238],[106.73168427411196,10.623524647746017],[106.73162426939865,10.623593639923588],[106.73155125032248,10.62364766228634],[106.73146626212593,10.62368264614621],[106.73137429315346,10.62370363665393],[106.73128529056481,10.623708615672713],[106.73128169905486,10.623708011250361],[106.73119629729999,10.623693614719166],[106.73110629040713,10.623667677265244],[106.73101630045342,10.623647615912219],[106.73100899482519,10.62364721745303],[106.73092530595241,10.623642655838932],[106.73083327953262,10.623645655310863],[106.7307422368294,10.623649647019084],[106.73065126452985,10.623651646907756],[106.73055930852081,10.623652659026556],[106.7304682648851,10.62365664885067],[106.73037729893221,10.62366064202222],[106.73028626600033,10.623667704551801],[106.73019623687142,10.623682632582842],[106.7301082778748,10.623707681051494],[106.73002024815243,10.623734628176333],[106.7299322904564,10.623760668312888],[106.72988903147319,10.623771463573439],[106.72984424484086,10.623782640573733],[106.72975429360706,10.623797657738471],[106.7296632603304,10.623804634210465],[106.72965491962856,10.623804908833264],[106.72957229021057,10.623807630023308],[106.72948026460888,10.62381063000547],[106.72938930652603,10.623817692951114],[106.72929827730182,10.623825661928883],[106.72920824699838,10.623839684755932],[106.72911830655202,10.62385868214552],[106.72902928436201,10.623881650756557],[106.72894230798761,10.62390769118362],[106.72885625029531,10.623938699072689],[106.72877126480884,10.623974674850444],[106.72869028980934,10.624015703381236],[106.7286112962157,10.624063686738165],[106.7285352528274,10.624114645987593],[106.72846526543243,10.624173630399351],[106.72840426886336,10.624239640019855],[106.72835626882834,10.624315644766146],[106.72831930381628,10.624400657226348],[106.72829229435838,10.62448771703472],[106.72826928531525,10.624576661936786],[106.72825328752907,10.624665678114084],[106.72824829734309,10.624755651723605],[106.72825830496424,10.624844678204441],[106.72827328660833,10.624933684670046],[106.72829331589695,10.625021682786896],[106.72831530448116,10.62510967750962],[106.728340307831,10.625197660125446],[106.72836530894836,10.625284649217326],[106.72839129287938,10.6253726278668],[106.72841629340063,10.625459706451887],[106.72844731867168,10.625544686996898],[106.72847827036807,10.6256306631014],[106.7284993009567,10.625725710397749],[106.72851130870521,10.625803697862002],[106.72851731585685,10.625891650142657],[106.72852326285722,10.625983669833367],[106.72852430667703,10.626074712178713],[106.72853130255909,10.626164650238202],[106.72854228997319,10.62625367002202],[106.7285562944221,10.626343675737774],[106.72857429195771,10.626432675480855],[106.728591308954,10.626521679181327],[106.72861126262188,10.62660967568018],[106.72863031160567,10.62669767770793],[106.72865026847907,10.626786672238635],[106.72867225824075,10.626874664191432],[106.72869530259494,10.626962652854097],[106.72871932343989,10.627049644038745],[106.728744321687,10.627135636838206],[106.72876932221249,10.627222626770033],[106.72879628324014,10.62730970008556],[106.7288223329475,10.62739469516505],[106.72884831407727,10.62748168112451],[106.72887527577909,10.62756866311903],[106.72890133004468,10.627655647034572],[106.7289273080568,10.627741638561057],[106.72895329045276,10.62782871399973],[106.72897926758425,10.627914705521246],[106.72901428549015,10.62799867817848],[106.7290462836362,10.628081666719364],[106.72908627821207,10.628166710487376],[106.72912127688197,10.628244627102369],[106.72916930135823,10.62831870526576],[106.72922229830974,10.628391682172968],[106.72928929021505,10.628456659969872],[106.72936333009477,10.628509679882715],[106.72944627575016,10.628542693878465],[106.72948534932881,10.628553206963199],[106.72953529710986,10.628566645903131],[106.72962485363264,10.628579304018757],[106.72962730113649,10.628579649856764],[106.72971926408049,10.628580628531907],[106.72980826770645,10.62857465449703],[106.72989927763783,10.628559633896767],[106.72998928613224,10.62853864800504],[106.73007732354618,10.628513691423342],[106.73016527528563,10.628485660487105],[106.73024929163975,10.628452668758007],[106.73033230582541,10.628412627816711],[106.73041130016708,10.628364643964064],[106.73048727561036,10.628315675994951],[106.73056029410006,10.628261652881285],[106.73062832670026,10.628203666699637],[106.73069627164554,10.628141703961305],[106.73076527311311,10.628080641033701],[106.73083526719039,10.62802364492461],[106.73090730046624,10.627967635957472],[106.73098129483256,10.627911620848637],[106.73105627772179,10.627858678137573],[106.73113429032419,10.627810696286874],[106.73121526681055,10.627769667976523],[106.73130027427132,10.627740650615056],[106.73132892883318,10.627733970696696],[106.73139028331813,10.62771966615568],[106.7314822811404,10.627707625326938],[106.73157546077346,10.627703658262687],[106.73157626485771,10.627703624107966],[106.73166726310976,10.62770966780395],[106.73175528519681,10.627726662223107],[106.73184228111612,10.62775369272176],[106.73192725934832,10.627785613964955],[106.73201225633551,10.627823684318974],[106.73209627975137,10.627863651630602],[106.73217827442136,10.627905618644341],[106.73225830509972,10.627946685943602],[106.73233631810051,10.627992643088595],[106.73241426008887,10.628040677888835],[106.73249228040528,10.628088622923691],[106.73256827043288,10.628138655361358],[106.73264531279273,10.628187688246811],[106.73272227267631,10.628234642106786],[106.73279931007127,10.62828267963161],[106.73283832081823,10.628306676053171],[106.73287725556834,10.62833062479377],[106.73295227243075,10.628382649033291],[106.73296422487405,10.628391820031965],[106.73302526506693,10.628438654597513],[106.73309728310424,10.628495661239908],[106.7331653226386,10.628557650662719],[106.73322229451628,10.628623655160354],[106.73325430565382,10.628710619939513],[106.7332952651742,10.6287906869859],[106.7333102552349,10.628834668861796],[106.73330526463212,10.628876635864266],[106.73327727928496,10.628917678649465],[106.73324428016637,10.62894662498199],[106.73318729724346,10.629017687294587],[106.73312033096279,10.629078652143843],[106.73306825712277,10.629153674976452],[106.73302230099056,10.629231663743289],[106.73297929332186,10.629312624754064],[106.73294329835637,10.629394652251811],[106.73291130600505,10.629478654265949],[106.7328842922678,10.62956462864568],[106.73285826529336,10.62965168476695],[106.73283328852217,10.629737657286555],[106.73280726349523,10.629825615618063],[106.73278530723371,10.629913656132947],[106.73276131734276,10.630001610802767],[106.73273626495487,10.630087671244956],[106.73270533025882,10.63017266436425],[106.73266729832993,10.630253609769268],[106.7326193052619,10.630331696178073],[106.73256731076287,10.630407622729397],[106.7325162875584,10.630480655155168],[106.73247131528841,10.630560626932166],[106.73243131924295,10.63064067805266],[106.73239329264473,10.630723614084337],[106.7323563209065,10.630806637214192],[106.7323213093687,10.630889653302495],[106.73228531724855,10.63097267336079],[106.73224834637001,10.631055696479061],[106.7322103123998,10.631136641850508],[106.73217228689899,10.631219670070665],[106.73213327641595,10.63130161292093],[106.73209131905791,10.631381669243376],[106.73204529380254,10.631461646078586],[106.7319963122726,10.631537655342447],[106.73194431000954,10.631610688049118],[106.73189435060397,10.631686700359902],[106.73184831389177,10.63176369391923],[106.73180530560526,10.631844654815687],[106.73176130811574,10.631922639128433],[106.73171731859037,10.632003693488011],[106.73167332331992,10.632082671310508],[106.73162729150508,10.632160659260023],[106.73158133368494,10.632238645164948],[106.73153333659742,10.632315647532584],[106.7314863177841,10.632391648789207],[106.73143832290336,10.63246964195266],[106.73139130631759,10.632546640333457],[106.73134135072155,10.632623645186719],[106.73129033641646,10.632699659818185],[106.73123735867554,10.632774686152018],[106.73119033790304,10.632850689188658],[106.73115735876743,10.632932705303627],[106.73114129091476,10.633023619320266],[106.73114029736476,10.633113670776256],[106.73115234147387,10.633202687944644],[106.7311722955639,10.633290686854856],[106.73117833234427,10.633306050004522],[106.73135878549881,10.633765264048423],[106.73141632306631,10.633911683866955],[106.731300344658,10.634180659260313],[106.73110830388383,10.634448696313767],[106.7309353564864,10.63479370484291],[106.73053532309554,10.635503689989209],[106.72984445973077,10.636214262253088],[106.7296243334616,10.636440667237988],[106.72875837983845,10.636822646641306],[106.72615918984211,10.63796768884313],[106.72558939154908,10.638218706606311],[106.72520966529846,10.63923726111603],[106.72489038765289,10.640093667105972],[106.72424391941044,10.640517108753011],[106.7236643766005,10.640896713003562],[106.72320841140501,10.641424685333696],[106.72298439388844,10.641952752037296],[106.72300842217467,10.643182727104307],[106.72318839639493,10.644430752411532],[106.72309739378164,10.644816742336094],[106.72301441953431,10.64516868782336],[106.72258143689639,10.645862674753465],[106.7219414178435,10.646164736867851],[106.72128244744142,10.646243720438989],[106.7212804025084,10.646242694374246],[106.71997777073992,10.64558903938298],[106.71962245376132,10.645410742105502],[106.71961774999022,10.645411651643773],[106.718747421346,10.645579715663596],[106.7178284112503,10.646121768431454],[106.71671044479179,10.647232763637723],[106.71553147288887,10.648171796147762],[106.71387149719325,10.648974789762761],[106.712873499101,10.649863802640242],[106.71203447626473,10.65029475207693],[106.71088927315637,10.650413883471606],[106.71085148811657,10.6504178152568],[106.71084892816009,10.650416927211673],[106.71077716888743,10.650392039585023],[106.70919350597848,10.64984281213264],[106.70882339260268,10.649790776004687],[106.70867312436006,10.64976964928613],[106.70825449130665,10.649710790816748],[106.7082527441694,10.649711176756972],[106.70750245527412,10.649876826142057],[106.70722518051679,10.650038454513298],[106.70642349038253,10.650505771364768],[106.7057783889877,10.650621012357023],[106.70540448955707,10.650687806218412],[106.70482347398725,10.650919855249978],[106.70436849274967,10.651827802046705],[106.70399138222967,10.653047101566303],[106.7039695042696,10.65311784006298],[106.70395352690153,10.653167796761144],[106.70341754059783,10.653312823501066],[106.70341305503928,10.653311666430078],[106.70297665355062,10.65319910963872],[106.702378510872,10.65304483736433],[106.70237390281451,10.653045138856],[106.70185755800276,10.65307887821028],[106.70139849331038,10.653378813551267],[106.70112899642815,10.65372586143651],[106.70098455029002,10.653911873689719],[106.70091356427558,10.65394481882417],[106.70063956654683,10.65407484955538],[106.70044557046228,10.654064859242737],[106.70025150252327,10.654055864368082],[106.7002514136895,10.654055805875368],[106.69985249733068,10.653790811236783],[106.69945467676573,10.653299298838174],[106.6992455135462,10.653040873600464],[106.69847640028382,10.652589861593022],[106.69729456568425,10.651896828103492],[106.69672453487382,10.651001841685005],[106.69649150134747,10.650140827747947],[106.69620849758455,10.649794860252005],[106.69433755446634,10.649431892638763],[106.69161055539463,10.648578195839631],[106.69132850652711,10.6484898988345],[106.6913249729584,10.648490686919235],[106.69081654747924,10.648603910035732],[106.69047956490851,10.648843880030226],[106.69034854521196,10.649752916671796],[106.6904171579137,10.65061379191815],[106.69044952687094,10.651019924427294],[106.69035357457228,10.651367940070541],[106.6895781100063,10.652058859399187],[106.68931655278298,10.652291898838032],[106.68843254612074,10.653409875387846],[106.68790955628005,10.654651901352459],[106.687746112942,10.655303226715887],[106.68764054575018,10.655723912656093],[106.68715258668298,10.656220923669638],[106.68657361316437,10.656512969048068],[106.68627345188678,10.656561179347332],[106.68531960726736,10.656722947566918],[106.68532010034318,10.656721000605984],[106.6855675799188,10.655743944505744],[106.68562354766571,10.655556895628845],[106.6856645594276,10.655409942085651],[106.68568061124267,10.655333947766588],[106.68570559025629,10.655218957345298],[106.68572656474122,10.655125952417034],[106.68575260661545,10.655013943949195],[106.68575856814455,10.654916912991554],[106.68577656995981,10.654812975378675],[106.68577757634176,10.65472292211961],[106.68577760022191,10.654631967758077],[106.68577657126222,10.654541919674687],[106.68577455979982,10.654450969584623],[106.68577255110951,10.654360926235077],[106.68576956294848,10.654270973502667],[106.68576657057079,10.654179937745434],[106.68576259753917,10.654088904013044],[106.68575855167326,10.653997960901235],[106.68575458260112,10.653907921596602],[106.68575158811863,10.653815891401713],[106.68574754347755,10.65372594362915],[106.68574553572682,10.653635898463504],[106.68574254365208,10.65354495220017],[106.68574060781545,10.653453912377307],[106.68573754080587,10.653362966336504],[106.68573658684002,10.65327291892464],[106.68573254313552,10.653182970241085],[106.68572856711677,10.653090942068554],[106.68572256458654,10.653000909734699],[106.68571655747175,10.65290997247216],[106.68570754200361,10.652820942672824],[106.68569754498353,10.652731917612067],[106.68568957418657,10.65263990046255],[106.68568258644748,10.652548966124792],[106.68567657576268,10.652455950485793],[106.68567055747613,10.652361939523288],[106.68566454892499,10.652269918317234],[106.68565657816193,10.652177901162352],[106.68564755604257,10.652086972895207],[106.6856345449301,10.651997955018327],[106.68561858976382,10.651907952394486],[106.6855975954519,10.651821942581709],[106.68557253536834,10.651736939348304],[106.68553957188911,10.65165593838017],[106.68550156137404,10.651576940455064],[106.68545956095339,10.651498948877368],[106.68541356789324,10.651421965461529],[106.68536555166664,10.651348964033938],[106.68531353342274,10.65127389616104],[106.68526054181615,10.651200910469097],[106.68520453639167,10.651128929106884],[106.68514657638876,10.651057947103187],[106.68508756082272,10.650986967332402],[106.68502659373888,10.650918889004384],[106.68496456438879,10.650848914448492],[106.6849015614012,10.650780931665793],[106.6848385614712,10.650713942396225],[106.684773525053,10.650645966553403],[106.68471053032867,10.650580966120607],[106.68464557496968,10.650514977983393],[106.68458257579199,10.650447899150194],[106.68452056179848,10.650382897554689],[106.68445659139739,10.650318894412449],[106.68439059296158,10.65025697749343],[106.68432459244899,10.650194970160484],[106.68425754032751,10.650133962196385],[106.68418852968023,10.650072957342292],[106.68411855054168,10.650015934932782],[106.68404856354474,10.649956924549175],[106.68397752978473,10.64989990434302],[106.6839055906284,10.64984297812456],[106.68383357839582,10.649786956143034],[106.68376157013415,10.649731929476689],[106.68368752658073,10.649676907047697],[106.68361552075645,10.6496229642776],[106.68354252981267,10.64956694513571],[106.68346856248341,10.6495129186709],[106.68339354958181,10.649460974588443],[106.68331951643914,10.6494099307019],[106.68324352267035,10.649357899096541],[106.68316753039471,10.649306950503854],[106.68309154181391,10.649256907725825],[106.68301457774538,10.649207952677465],[106.68293753665304,10.649158906529443],[106.68285958502699,10.649107965494307],[106.68278254701048,10.649059914640873],[106.68270558120904,10.649010959513056],[106.68262853718448,10.648960917942826],[106.68255157235001,10.648911964578033],[106.68247452837635,10.648861923869427],[106.68239755661972,10.648810978886322],[106.6823215691923,10.64876093589626],[106.6822465578489,10.648709985039488],[106.68217056653252,10.648658947577609],[106.68209652864218,10.648605914496384],[106.6820235475457,10.648552968656404],[106.68195056437114,10.648499932399508],[106.68187855764342,10.648444904335024],[106.6818075291176,10.648389965555221],[106.68173754474417,10.648330953670847],[106.68166854313696,10.648272931481367],[106.68160157081928,10.648212915261213],[106.6815345166306,10.64815091038256],[106.68146957692996,10.64808998676133],[106.68140658222828,10.648023991110971],[106.68134456636565,10.647957993440775],[106.68128458372227,10.647890994367621],[106.68122353921076,10.647821918242329],[106.68116551396857,10.647753921595102],[106.68110755764442,10.647683932228425],[106.68104951854811,10.647611956921102],[106.68099351660082,10.647539973741281],[106.68093653404492,10.647467993461568],[106.68088158653993,10.647395916721036],[106.68082558165509,10.647322939069706],[106.68076852515877,10.647250960779632],[106.68071357105607,10.647176984636015],[106.68065756808247,10.647104910980453],[106.68060051075402,10.647032932654755],[106.68054451203714,10.646961942904161],[106.68048655208469,10.646890960771342],[106.68042852507976,10.646821967710228],[106.68037403637297,10.646757346010894],[106.68036951261809,10.646751981309949],[106.68030952348639,10.646682994045834],[106.68024954315882,10.64661599653167],[106.68018753386828,10.646551987449746],[106.6801235651609,10.646487982359343],[106.68005854301921,10.646424978438331],[106.67999254904149,10.646363965366874],[106.67992451979308,10.646302956509029],[106.67985657063099,10.646243937186712],[106.67983131520117,10.646221612724215],[106.67978756081231,10.646182933915181],[106.67971757130043,10.64612193262768],[106.67964757998557,10.646060930423344],[106.67957654097866,10.646001919290175],[106.67950452256103,10.645943003254617],[106.67943257792653,10.645883997481397],[106.67935951065225,10.645826981191975],[106.67928553471324,10.645768976749652],[106.6792105161861,10.645714950439057],[106.67913556870222,10.645659930358295],[106.67905851731967,10.64560699759135],[106.67898155057371,10.645556955670491],[106.67890458111422,10.645506009697106],[106.67882551230929,10.645458957292638],[106.67874554204022,10.645412993288295],[106.67866656054422,10.645370010566868],[106.67858555345765,10.645329927654332],[106.67850356602715,10.645289935314514],[106.67842151992068,10.645255008459115],[106.6783385708764,10.64522098739013],[106.67825458133102,10.64519194340474],[106.67816953649539,10.645162990211782],[106.67808458258335,10.64513901255973],[106.67799752118407,10.6451159424497],[106.6779105401181,10.645094953176075],[106.67782258026669,10.645073968582247],[106.67773553421638,10.645055962781694],[106.67764652991885,10.645038955386362],[106.67755753556658,10.645024932171003],[106.67746755786662,10.645010010511166],[106.67737751188575,10.64499698751049],[106.67728656322325,10.644984959789166],[106.67719652562698,10.64497500954213],[106.67710558298735,10.644964971541246],[106.67701351284362,10.64495593038745],[106.67692151883367,10.644946980289092],[106.6768295266416,10.64493893329386],[106.67673753682372,10.644931973824391],[106.67664554883008,10.644925012514095],[106.67655356056525,10.644917960773245],[106.67645954121403,10.644912001663588],[106.6763675511167,10.644904947160763],[106.6762745105636,10.644898983294608],[106.67618252558667,10.64489301809009],[106.67608955370241,10.644884975577135],[106.67599756480467,10.644878013172915],[106.67590451798702,10.644869971729689],[106.6758125309157,10.644863007456953],[106.67572053183699,10.644852972167493],[106.67562951941125,10.644844020593826],[106.6755375173393,10.644832990814164],[106.67544657267166,10.64482195878956],[106.67535554459073,10.64480902578733],[106.67526451599026,10.644795009719171],[106.67517552084934,10.644780986718917],[106.67508554091873,10.644764978613711],[106.67499758428212,10.64474498583007],[106.6749095577941,10.644726981211894],[106.67481955598151,10.644704010172436],[106.67472955690555,10.644681943138485],[106.67463954795384,10.644655989636409],[106.67454855120658,10.644627959726941],[106.67445958195029,10.644597029977117],[106.67437053566354,10.644566008215504],[106.67428252698716,10.644529017603803],[106.67419654853765,10.644490032995279],[106.67411357883557,10.644448958390994],[106.67403256286332,10.644405979519016],[106.67395553055782,10.644359012008758],[106.67387954158598,10.644307971411505],[106.67380958173317,10.644256008987503],[106.67374352875628,10.64420096039198],[106.6736815332463,10.644140025369303],[106.67362554676383,10.644073013748187],[106.6735745293953,10.644003003238096],[106.67352854344615,10.643927011227259],[106.67348458198877,10.643848029005506],[106.67344453589112,10.643766957757476],[106.67340553874594,10.643683982214888],[106.67336856975216,10.6435980182614],[106.67333152074745,10.64351096968793],[106.67329552668622,10.643424007501414],[106.67325757478461,10.643336961573672],[106.67321857476298,10.643252992464532],[106.67317656277207,10.64317002666162],[106.6731325281416,10.64309095418202],[106.67308457704962,10.643012978977207],[106.67303256740402,10.642938993490738],[106.67298055595647,10.642865007998548],[106.67292651017665,10.642791028483243],[106.67287254208593,10.642717953672632],[106.6728165459127,10.64264696230544],[106.67276054586402,10.64257497739606],[106.67270356913015,10.642503991601558],[106.67264455714789,10.642433009974706],[106.67258653387398,10.64236500966512],[106.6725265491354,10.642296020667768],[106.67246550794883,10.642227034764307],[106.67240357098889,10.64216103391339],[106.67234057758093,10.642095036155201],[106.6722775140849,10.64203003574554],[106.672212565221,10.641965038153346],[106.67214853012172,10.641903023002486],[106.6720805782957,10.64184201289458],[106.67201052733145,10.641784987627382],[106.67193957071333,10.641727965004803],[106.67186553825975,10.641675019592153],[106.6717885627875,10.64162199240654],[106.67171257603636,10.641571042492966],[106.67163455584384,10.641521001672324],[106.67155890234399,10.641474491389348],[106.67155654192302,10.641473041011048],[106.67147753518495,10.641421013250794],[106.67140057453007,10.641371965505673],[106.67135542611047,10.641341134733656],[106.67132450723327,10.641320021277993],[106.67124957201364,10.641267982395771],[106.67117651857339,10.64121503392432],[106.67110556314618,10.641158010180256],[106.67103753882209,10.641097996280132],[106.67097350413302,10.64103597994686],[106.67091255431997,10.640971965647845],[106.67085656723852,10.6409040493835],[106.67080357371347,10.640828981484173],[106.67075351935874,10.64075300271064],[106.67070752177563,10.640673030617371],[106.67066257353882,10.640590977042635],[106.67062055758345,10.640506021917995],[106.67057952016704,10.64042097260489],[106.67054051715087,10.640335014175163],[106.67050052547579,10.640246978439931],[106.67047865430195,10.640196864695431],[106.67046257416561,10.640160022463307],[106.67042251034371,10.640071987829307],[106.67038252704864,10.63998702669374],[106.67034157251176,10.639903966888728],[106.67029956983929,10.639823985702005],[106.67025350148201,10.639745007266432],[106.670206541478,10.639671006380283],[106.67015551878599,10.639599007199989],[106.67010254979853,10.63953198594919],[106.67004454557187,10.63946904855013],[106.66998151108483,10.639413990153491],[106.66991351629665,10.639363015383111],[106.66984153423975,10.639316031882128],[106.6697749789773,10.639278502289159],[106.66976353398523,10.639272048445031],[106.66968155218139,10.639233050700255],[106.66959656438162,10.639197043276056],[106.6695075171086,10.639165027320894],[106.66941554358728,10.639136997701677],[106.66932252190779,10.639112044869396],[106.66922755340401,10.639090985998973],[106.66913153558335,10.639072008566488],[106.66906656446093,10.639062628755205],[106.66903455296773,10.639058007970647],[106.66893855807722,10.63904698869372],[106.66884355093616,10.639038043982419],[106.66883778985328,10.63903779778253],[106.66874855750261,10.639033982838038],[106.66865651121172,10.639031991426348],[106.66856553146451,10.639033975554362],[106.66847749909498,10.639039025673474],[106.66839257124923,10.639048043560514],[106.66830652985107,10.639063034076852],[106.66821953578699,10.63908706687893],[106.66813354016811,10.63911706341522],[106.66804755552,10.639151039491892],[106.66796354214814,10.639188988468046],[106.66787954778187,10.63923299445216],[106.6677955655525,10.639281067667172],[106.66771452898914,10.639331032540392],[106.66763455622733,10.639384068026892],[106.66755654347442,10.63943700554891],[106.66748156078883,10.639494999540432],[106.66740951511314,10.63955198957464],[106.6673385282066,10.639610061348703],[106.66726957419897,10.63966704231227],[106.66720250965946,10.639726007534854],[106.66713552441945,10.639787051811043],[106.66706756192035,10.639848007624003],[106.66700155906948,10.639909049002952],[106.6669365415631,10.639971985074702],[106.66687152041798,10.640034018006892],[106.6668075664561,10.640099031148695],[106.66674255805388,10.640165041808446],[106.66667958099819,10.640230052072523],[106.66661653582749,10.640297050514796],[106.66661282647462,10.64029283586022],[106.66654256154926,10.640213002690786],[106.66641156712942,10.640018002851129],[106.66636353154918,10.639911004188395],[106.66634354638065,10.63980699550093],[106.66638032658894,10.639677818756137],[106.66638853060785,10.639649002831533],[106.66641844048331,10.639591600033164],[106.66645156441939,10.639528028598018],[106.6665155138252,10.63938498761154],[106.66653950581741,10.639291068824367],[106.66657056063222,10.639113046186692],[106.6665655613444,10.63900402238731],[106.66653156614915,10.638904035145467],[106.66648056967085,10.63878999269625],[106.66642250890347,10.63870906064971],[106.66636510363813,10.638656052558336],[106.66630655469181,10.638601990065428],[106.6661885246992,10.638507037860773],[106.66615543053517,10.638493920124775],[106.66608754490531,10.638467008854148],[106.6660812389796,10.638467013709612],[106.66607266474952,10.6384670206691],[106.66600251361496,10.638467076363973],[106.66591853098377,10.63851506049026],[106.66586853961694,10.638561045956548],[106.66582555167307,10.638630065872567],[106.66581037064776,10.638710879203813],[106.66580752065053,10.638726046517466],[106.6658185524787,10.63891199402874],[106.6658369646773,10.639422474116062],[106.665839510216,10.639493019097772],[106.66579956132574,10.639545031424062],[106.66576558481528,10.639578974379056],[106.66576163480157,10.639582921210895],[106.6657545420857,10.639590007015064],[106.66569756833594,10.63962100393231],[106.66564553105215,10.639638064167086],[106.66558953493337,10.639642025518942],[106.66558776783529,10.639641240543847],[106.66555353044112,10.639626036846915],[106.66554245840805,10.639613156720504],[106.66552856632283,10.639596995916856],[106.66551154154682,10.639575075558112],[106.66547254065621,10.639515065110944],[106.66542258190127,10.639420999696716],[106.665375532668,10.639316078167813],[106.66532351591496,10.639214063158667],[106.6652775329806,10.639113024978007],[106.6652365461136,10.639044070259864],[106.66518156259772,10.638983018835859],[106.66512856158722,10.638930011216264],[106.66506857908462,10.638887057928216],[106.66500353852271,10.638866002650937],[106.66494058140435,10.638862025890214],[106.66494039971383,10.638862085182993],[106.6647375502671,10.638928077103694],[106.66463656241358,10.639012002827632],[106.66453654993485,10.639196015924375],[106.66447252397573,10.639440046571409],[106.66430661274671,10.639486226927776],[106.66429657813346,10.639489019839283],[106.66429041536625,10.639488310048886],[106.66428809506958,10.639488041983368],[106.66424454611882,10.639483023110262],[106.66424273730256,10.63948326524202],[106.66418456653848,10.639491064920554],[106.66413552812342,10.639503049910319],[106.66392757115017,10.639561069014935],[106.66367754803444,10.639694072560642],[106.66350454986951,10.63989800614067],[106.66343843183024,10.640068610902619],[106.66342158805382,10.64011207302977],[106.66336752000947,10.64013103821249],[106.66332358089615,10.640134059108707],[106.66331891002436,10.640133485986377],[106.66328255785837,10.640129024616222],[106.66323653086098,10.640114060210207],[106.66318558345166,10.640092056775936],[106.66315856958732,10.640070075862798],[106.66313155389363,10.640048093144255],[106.66306360429913,10.63997761284285],[106.66304958644875,10.639963072332765],[106.66301858167822,10.639930070980105],[106.662950527179,10.639859024119557],[106.66287355768404,10.639807079413359],[106.66278453743394,10.639733017975804],[106.66260457351753,10.639572064997669],[106.66254756631089,10.639515088068253],[106.6625165279365,10.639471058325572],[106.66247229087112,10.63937783094695],[106.6624685864467,10.639370026265643],[106.66246216698131,10.63937150406735],[106.66241653300447,10.639382019761602],[106.66236856808489,10.639400062065759],[106.66227758289557,10.639451048089827],[106.66221552026528,10.639494083888371],[106.6621755937492,10.639528013957163],[106.66212555355419,10.63958304217415],[106.66207655741094,10.639660034708859],[106.66205355210242,10.63970603245687],[106.6620332487909,10.639739892790738],[106.66202954843519,10.639746064609437],[106.66200756201586,10.639780031993158],[106.66199158074899,10.639805032784475],[106.66197257586954,10.639828054374528],[106.66195055875957,10.63985108200994],[106.66192754712213,10.639870047050557],[106.66189459264912,10.639891027182514],[106.66185853553975,10.639908039442904],[106.6618185450553,10.639921085341722],[106.66177854134637,10.63992906591636],[106.66174455371028,10.6399320594683],[106.66173756379196,10.639931638614417],[106.66171749441034,10.639930434005464],[106.6617115282582,10.639930076170206],[106.66165557006289,10.63992101486924],[106.66159558927653,10.639904100971762],[106.66154654714988,10.639889056475308],[106.66151358756694,10.63988309426713],[106.66150843310977,10.639883092070324],[106.66143353169954,10.639883053897067],[106.66130153290194,10.63990703571555],[106.66129881933949,10.639907595970856],[106.66125358658857,10.639916931465908],[106.66120954849619,10.639926020296002],[106.66112153951318,10.63996406682245],[106.66100659611995,10.640020096154363],[106.66092853148209,10.640056035348124],[106.66084611709184,10.640089981082435],[106.66083855915186,10.640093093958546],[106.66078359092339,10.640113053962809],[106.66074359327399,10.640124021353564],[106.66072256050498,10.640123087076223],[106.66072182725186,10.64012298704843],[106.66068553307052,10.640118042446106],[106.66063853145309,10.640105069375423],[106.66060056292855,10.640088091372762],[106.66055752803358,10.640065069170218],[106.66048357444919,10.640013024689383],[106.66042456610823,10.639968081467622],[106.66038157051563,10.639933035336508],[106.66036494934681,10.639921057985452],[106.66033858426063,10.639902058274513],[106.66021559869964,10.63983803912957],[106.66015256827764,10.639809109105961],[106.66015040541144,10.639811078966469],[106.6600965605958,10.639860084340478],[106.66007765206196,10.639878973161299],[106.66004454959683,10.63991204241843],[106.66000954043082,10.63995210727514],[106.65998657609431,10.63998707182186],[106.65995956692251,10.640030096808898],[106.65992955955754,10.64007909808897],[106.65990055842516,10.640137047390093],[106.65988777210873,10.640174108715122],[106.65988157330118,10.640192071977888],[106.65987855637516,10.640225944421573],[106.65987756133003,10.640237110447265],[106.65987760299636,10.640302026130867],[106.65988405067282,10.64033810229752],[106.65988457947003,10.64034106422057],[106.65989031575174,10.640353587576913],[106.6599065826538,10.640389100060927],[106.65998858430922,10.64053705036558],[106.6600115613303,10.640583093568548],[106.66002260128056,10.640620040560092],[106.66003156400534,10.640668114226619],[106.66003219761063,10.640704261500776],[106.66003256274556,10.640725073347554],[106.6600265763181,10.64084208398625],[106.66002354608321,10.640913068387231],[106.66002659373784,10.640949043215796],[106.6600365604464,10.640980024819237],[106.66005256714318,10.641014065357346],[106.66005653953732,10.641019789990446],[106.66007589302144,10.641047677834548],[106.6600775497179,10.64105006603188],[106.66011160496288,10.641095085336536],[106.66014759758588,10.6411320494045],[106.66017528446172,10.641156960447372],[106.66017654536947,10.641158094075406],[106.66021034145163,10.641153936828719],[106.66024956328891,10.641149112918244],[106.66032860568811,10.641137039602562],[106.66035443436549,10.64113538074106],[106.66035958146367,10.641135051192308],[106.66037754031532,10.64114105525094],[106.66040058214575,10.641158078411035],[106.66044259730468,10.641218078986748],[106.66046365592027,10.641264046350653],[106.66046960841325,10.64127704097571],[106.66051956333763,10.641396059797602],[106.66058059354033,10.641543245390837],[106.66058258274643,10.641548042800842],[106.66061358001855,10.641604100256064],[106.66065156993217,10.641679031921196],[106.66067356357729,10.64172408436895],[106.66068655808435,10.641759035847853],[106.66071057138122,10.641824065415445],[106.66075654952292,10.641949063324754],[106.66076460916334,10.64197209394233],[106.66072858035525,10.641999053209018],[106.66071060488537,10.642013026787948],[106.66063556087954,10.642051038284261],[106.66053861164043,10.642099056951409],[106.66046656395365,10.642131092115179],[106.66040556740772,10.642152064033318],[106.66037754273438,10.642158112990867],[106.6603355399478,10.64217903065681],[106.66025654953611,10.642233055106153],[106.66023554725392,10.64224306326894],[106.66005855271003,10.642321059905525],[106.65997557905904,10.642354028909814],[106.65993259270144,10.642373050887402],[106.65987758198547,10.642405037390239],[106.6598615490991,10.642413040404895],[106.65980861115575,10.642432089434221],[106.65978360502407,10.642439033627523],[106.65974660936601,10.64244510765576],[106.65971661610428,10.642448085806246],[106.65968857637864,10.642449073005423],[106.65966060751926,10.642448069291172],[106.65962458540365,10.642452061179299],[106.65959159308282,10.64246011428178],[106.65952961100079,10.64248009535321],[106.65941560046544,10.642520116285784],[106.65931758324119,10.64256407040307],[106.65926256651743,10.642594065213256],[106.6592035689101,10.642629047417467],[106.65912057665227,10.642681093406324],[106.659040591369,10.6427310513558],[106.65900155143936,10.642759102216578],[106.65897258435393,10.642778084333502],[106.65892961553571,10.642803071016678],[106.65889160640253,10.642823071978096],[106.65883056346716,10.642854081347787],[106.65879655491828,10.642876059600765],[106.6587545648752,10.642901045233257],[106.65871860598985,10.642926101978048],[106.65868761424939,10.64294807238135],[106.65864660389755,10.642973054257544],[106.65861055709476,10.642994043950054],[106.65858655148133,10.643008037604833],[106.65854259313747,10.64303004466439],[106.65839562253367,10.643115097189309],[106.6583516021141,10.64314207755282],[106.65810661700138,10.643298118304637],[106.65806561924124,10.643327078775368],[106.65804260211642,10.643344051972424],[106.65797157096823,10.643388108357142],[106.65795756148742,10.643392127626376],[106.65783559442838,10.6434441062626],[106.65757456459556,10.643553086037878],[106.65744557499822,10.643601107063162],[106.6573835796356,10.643616114626889],[106.6573226074124,10.643621082513697],[106.65731590980636,10.643620642640732],[106.65723160425453,10.643615107036656],[106.65715663047665,10.64360113046562],[106.6570695735457,10.643579049718184],[106.65696161696805,10.64355106270647],[106.65693559364304,10.6435450808822],[106.65694813412206,10.643452832037898],[106.65696060303279,10.64336110774616],[106.65693157262655,10.643358117062359],[106.65663862072779,10.643328133654263],[106.65662860894354,10.643180066490592],[106.65662156594627,10.643067069490662],[106.6566125683565,10.64303210535277],[106.65660256718428,10.643015046013403],[106.65657259905132,10.642899133753986],[106.65646755668858,10.642556047717665],[106.65637261532355,10.64231509854984],[106.656345610426,10.642283080295709],[106.6563435659351,10.642127123071399],[106.65634057532388,10.641880123109008],[106.65635160368087,10.641760113609497],[106.65637762134278,10.641585087615214],[106.65637961724981,10.641572063597854],[106.65655954833682,10.641212059033373],[106.6567435644098,10.640908101506431],[106.65686755242872,10.64072411338217],[106.65687955320043,10.64062706470984],[106.65686854137984,10.640523122338648],[106.65680561173077,10.640324123295587],[106.65684155777345,10.640218055342194],[106.6568525810197,10.640173087912023],[106.65684055784901,10.640058116397826],[106.65682857198347,10.639956075329756],[106.65687859856516,10.639896076574672],[106.65682956484689,10.639756076905151],[106.65678954179164,10.639656106696686],[106.65677254117044,10.639592053628133],[106.65676355265093,10.63950907923692],[106.65676055559781,10.639413068370512],[106.65673653468409,10.639294064227387],[106.65669459761526,10.639184061917076],[106.65662653723042,10.63903408319603],[106.65655759271345,10.63889106725242],[106.65649553281507,10.638782119318389],[106.65648158440884,10.638781072966013],[106.65641655979996,10.638689130533027],[106.65638353330687,10.63863506823525],[106.65637258937066,10.638605081941122],[106.65632554208715,10.63850006928566],[106.65626760419076,10.638357110951745],[106.65626079348166,10.638357945173356],[106.6561125995553,10.638376093476033],[106.65608655688129,10.638389098358184],[106.65605556352817,10.63841106668253],[106.65603955153988,10.638426120987958],[106.65602655717896,10.638442073334119],[106.65597953190438,10.638523127540191],[106.65595656516115,10.638557099188064],[106.65592757731274,10.638594072477744],[106.65590956436341,10.638621066858802],[106.65590058140677,10.63864206846127],[106.6558985875088,10.638656086922072],[106.6558946026581,10.638685121901199],[106.65589156952962,10.63873006623326],[106.65587542567202,10.638849393499298],[106.65587356889878,10.638863115941142],[106.65586755732934,10.638895050622143],[106.65585159547298,10.63892710263545],[106.65574857008052,10.638986078115746],[106.65574480951443,10.638983657092872],[106.65565393522512,10.638925182758344],[106.65557456056759,10.63887410644791],[106.65547557166329,10.638844103079899],[106.65547298197129,10.638845142071396],[106.6554355897742,10.638860131501056],[106.65543261274713,10.638861845124158],[106.65531059389323,10.638932099015484],[106.65522057522217,10.63900505130269],[106.65503259857296,10.639065086258535],[106.654925580126,10.639150112228544],[106.65485258952545,10.639219126994174],[106.65476057536469,10.639229066616972],[106.6547585664939,10.639228103274787],[106.65459359412128,10.6391490809458],[106.65458748060071,10.639149261305224],[106.65453638289551,10.639150767445482],[106.65449161163305,10.639152087181738],[106.65447796933549,10.639249339450508],[106.65445654230516,10.63940209002191],[106.65435541422013,10.639448204076636],[106.65434459982919,10.639453135184922],[106.65416948276757,10.63952479657618],[106.65408559643622,10.639559123621021],[106.65400857037669,10.639564137078974],[106.65400730595502,10.639563352395468],[106.65372159467347,10.639386127547953],[106.65365954852862,10.63925611015683],[106.6534955530836,10.639089137025943],[106.65337658679584,10.638572135801594],[106.65337655413065,10.638510111113737],[106.65330355830284,10.638245139341647],[106.65323154300263,10.638134138208885],[106.65294857033605,10.637984143522345],[106.6529465850807,10.63779609048176],[106.65298766768707,10.637755017133712],[106.65303655309657,10.637706140195364],[106.65308257060455,10.63764109179476],[106.65305856897888,10.637477151568493],[106.65299758049235,10.637373077959792],[106.6529766636258,10.637248683568211],[106.65293960456701,10.637028299720885],[106.65293957758809,10.637028137974275],[106.65301231750655,10.637033601497802],[106.6530195745874,10.637034146541824],[106.65307559652706,10.636859126499271],[106.65308158268945,10.63681815146027],[106.65316159710525,10.636625070017498],[106.65320758963024,10.636526115433453],[106.6532315596641,10.636500097591519],[106.6532335802701,10.636498534102904],[106.65330654464917,10.636442107737608],[106.65331159291661,10.636236131623496],[106.65329552537106,10.636130123336208],[106.65325653588916,10.635945069773022],[106.65320457858398,10.635733108435355],[106.6531745836487,10.635556074967567],[106.65315156703127,10.635368081543504],[106.65314552495623,10.635210147608326],[106.65314358772096,10.63503809602381],[106.65313255380933,10.634798080018882],[106.653129565457,10.634679105293868],[106.65313156229021,10.63461508674833],[106.65313854682447,10.63445214215328],[106.6531435770363,10.634394081581531],[106.65314980783212,10.634355814357843],[106.65320658788225,10.634007112194038],[106.6531785407871,10.633903127255119],[106.653333526853,10.63388625734187],[106.65350958327693,10.63386709369509],[106.6535165168409,10.633328121192516],[106.65348055674744,10.633199114269756],[106.65346357959889,10.632963093177738],[106.6534562851999,10.63296287731653],[106.65336354184208,10.632960124774252],[106.65336345085176,10.632959949651184],[106.65330357472672,10.632844117494848],[106.65317954970654,10.632785073179697],[106.65304053071699,10.632625079132879],[106.65294454739116,10.63246306360744],[106.65280053123189,10.632347116290092],[106.65279573628257,10.632348748325818],[106.65275694941717,10.632361951389623],[106.65247453484167,10.632458086252266],[106.65247271687045,10.632455825939399],[106.65240054193276,10.632366078132659],[106.65239478987804,10.63236762160566],[106.65212456551953,10.632440105608673],[106.6520175326698,10.632469075136012],[106.65182155369878,10.63254911125713],[106.65156255528312,10.632732128351915],[106.65114655129707,10.6327651491783],[106.65114153875103,10.632764575940637],[106.65097153453166,10.632745127089127],[106.6508485366751,10.632650094184681],[106.65084413167479,10.632651947467977],[106.65074855427079,10.632692152639907],[106.65057857348539,10.632770124499753],[106.65025358648082,10.63278913964174],[106.64955056107028,10.63278012520969],[106.64935054076902,10.632845162444715],[106.6490695484975,10.632906092108149],[106.64906731332613,10.632904602313232],[106.64884757148795,10.632758089007302],[106.6488403544322,10.632757758002606],[106.64865253460654,10.632749153231066],[106.64850154840512,10.632852114443956],[106.6484065494591,10.63302616148957],[106.6482725306816,10.633106108518303],[106.64817753284535,10.633177174559624],[106.6476255670743,10.633606138652924],[106.64753260007109,10.633676114758801],[106.64738554946534,10.633785120452691],[106.64716657098046,10.63394116772664],[106.64711360014226,10.633974139708947],[106.64707659543667,10.634003177732376],[106.64702857266552,10.634053131652319],[106.64696253934115,10.63413017168805],[106.6469155836968,10.634184102160877],[106.64688257048935,10.63421114075501],[106.64686555701599,10.634219145904797],[106.64684355736138,10.63422309618574],[106.64679856211117,10.634225122375405],[106.6467106041038,10.63422917163965],[106.64660454169665,10.63422911489323],[106.64652559532172,10.634247150193293],[106.64644454366146,10.634267181297572],[106.6463885383604,10.63426815673671],[106.64638667076889,10.634267672077716],[106.64633859810344,10.634255189793617],[106.64627959514092,10.634236098490208],[106.64625791333116,10.634229967689869],[106.64619856800519,10.634213184478293],[106.64615556788033,10.634150108913701],[106.64609057248741,10.634015126709707],[106.64604754750363,10.63391814488112],[106.6460215407432,10.63386614055733],[106.64594660362938,10.633760118943014],[106.64592959212898,10.63374217605346],[106.64588054000669,10.633698102724356],[106.6457285735871,10.633440134299766],[106.64556359737227,10.633141154602503],[106.64538954003179,10.632778189571642],[106.645214570837,10.632309170403705],[106.64513156664438,10.632124149594697],[106.6449885395069,10.631882159547274],[106.64485359270081,10.631643130639713],[106.64470058277213,10.631311116625284],[106.64452654876821,10.631007189726617],[106.64435557957577,10.630668172366574],[106.64431956466815,10.630596125581963],[106.64423254452667,10.630456142917238],[106.64416658078102,10.630324145370627],[106.64411555743136,10.630198163279667],[106.64406753893051,10.630094144613901],[106.64388351625514,10.629750193614951],[106.64384258988972,10.62964814270889],[106.6438005458978,10.629577196961945],[106.64336257262407,10.629131166406179],[106.64277052187413,10.628554203240316],[106.64237053680525,10.62815815366526],[106.64220357258193,10.628003207664754],[106.64210756422045,10.62790818465345],[106.64205357285721,10.627849207817137],[106.6420115519722,10.627811172710484],[106.64200150830635,10.627805142306727],[106.64176356391991,10.627607179606136],[106.64175950936836,10.62760949554303],[106.64175172598415,10.627613942969594],[106.64174956641615,10.62761517680181],[106.64174272778219,10.627614517283103],[106.6417395383731,10.627614210828066],[106.64173056375752,10.62761315055324],[106.64171553527744,10.627603156479678],[106.64169752529656,10.627579157205426],[106.64165756753432,10.627525205822678],[106.64158654287345,10.627441139268743],[106.64155153174663,10.62740317549523],[106.64145852542255,10.627277131220158],[106.641416562322,10.627233130939162],[106.6413855719823,10.627204194413556],[106.64135253755104,10.627172191727341],[106.64133555265651,10.627163198544686],[106.64131455292785,10.627148158722859],[106.6412725353758,10.627111208350703],[106.6412355173971,10.627057155440605],[106.64120754772101,10.627030201941585],[106.64119652337729,10.627023181645692],[106.64112856340172,10.62690420905762],[106.6411135421418,10.626871159862143],[106.64108155497982,10.62681012966322],[106.6410375129849,10.626725175452885],[106.64100655860867,10.62668213651287],[106.6409825238939,10.626660143191454],[106.64095756365134,10.626657139340566],[106.64095624588919,10.626657470345382],[106.64092555200284,10.626665186705635],[106.64089853289578,10.626680183796129],[106.64076756001946,10.626744206770141],[106.64064651762156,10.626776193653972],[106.64059553413962,10.626793155386855],[106.64055050842018,10.626810190620294],[106.64052451479003,10.62681514530236],[106.64052123793185,10.626813987467505],[106.6405105565797,10.626810212614808],[106.64050816979359,10.626811562801196],[106.64043454796573,10.626853193321978],[106.64039657274628,10.626859178232568],[106.64039331636766,10.626858149617387],[106.64035854813773,10.626847171788015],[106.64035144546095,10.626846844772277],[106.64029356201655,10.626844191873518],[106.64024656043844,10.626856169085402],[106.64015956402213,10.626879199576404],[106.63967955860053,10.627039145638992],[106.63964852470876,10.627047190109034],[106.63940658620838,10.627109174584717],[106.6393175773258,10.627114220865758],[106.63931251568724,10.627113701811982],[106.63926856621345,10.627109204779943],[106.63923152899336,10.627100178766103],[106.63921251773772,10.627095169021135],[106.63919357461472,10.627087175717566],[106.63917554485865,10.627082164094865],[106.63916969974773,10.62708217974269],[106.63916152518645,10.627082202890794],[106.63913151986505,10.627107152842827],[106.63909752223972,10.627158150732452],[106.63907352112003,10.627200171124997],[106.63903057831205,10.627286184682436],[106.63898058948298,10.627360194321005],[106.63894257126081,10.62740315753647],[106.6388995721688,10.627444147747104],[106.63886656369782,10.62747317349995],[106.63884551565596,10.62749321439428],[106.63884190366653,10.627489304658763],[106.63865057742527,10.627282197686721],[106.63830958684605,10.626952158190488],[106.63803673086203,10.626717889598604],[106.63803354083228,10.626715151211771],[106.638029248105,10.626712217956385],[106.63785657668626,10.626594226834994],[106.63754956977446,10.626442202652417],[106.63720954980322,10.626317218446113],[106.63699254188293,10.626242155233916],[106.63680257802736,10.62621321699019],[106.63679851523924,10.626213320676523],[106.63653055415246,10.626220223010066],[106.63630154501323,10.626244196661455],[106.63601557910111,10.626278185008],[106.63581058999875,10.626293229933871],[106.63580650499752,10.626292603197193],[106.63576245685101,10.626285850332815],[106.63571532575487,10.626278624298633],[106.63560154736327,10.626261179693122],[106.63537553773973,10.626175199892833],[106.6352966203962,10.626120751721375],[106.63525288223498,10.626090574856713],[106.63523354276282,10.62607723134144],[106.63519190737163,10.626032753688206],[106.63513055938012,10.625967216579692],[106.63503957396263,10.62580915834359],[106.63499358607318,10.625702237474144],[106.63487611432267,10.625501116121757],[106.6348335207596,10.625428191530517],[106.63465020440498,10.62559873554934],[106.63446056341365,10.62577516548294],[106.63417856575636,10.626193219816805],[106.63408438084406,10.626354274086859],[106.63390252842625,10.626665234442164],[106.63351154251733,10.62719218063669],[106.63308453308467,10.627670225462687],[106.63286770273955,10.627865999094707],[106.63280813425385,10.627919782250993],[106.63276560016824,10.627958185699294],[106.63244660467888,10.628120199727565],[106.6323436996032,10.628150365118941],[106.63213954120432,10.628210211112906],[106.63181355330266,10.62824720121429],[106.63180909060229,10.628246489602981],[106.63178308606352,10.628242340717536],[106.6314815790423,10.628194248334005],[106.63117361106939,10.628022239158646],[106.63104690160088,10.627887813299497],[106.6309436058005,10.62777822650434],[106.63083089969349,10.627610246245881],[106.63073156148154,10.627462189902317],[106.63036857193312,10.62695020002576],[106.63019232464337,10.626689414977802],[106.62997054862365,10.626732242213475],[106.62980256632744,10.62698325013066],[106.62977055360211,10.627070228261735],[106.62974060141515,10.627140203535923],[106.62970458558051,10.627224208602078],[106.62966356649424,10.627325222955454],[106.6296405518357,10.627396264553425],[106.62962555459919,10.627476231092706],[106.6296237014168,10.627479800961318],[106.62961258506591,10.627501221069137],[106.62957355728888,10.62753424241263],[106.62955858153282,10.627595221989422],[106.62955557516881,10.62765119846272],[106.62955855853487,10.627745220554397],[106.62956460315353,10.627795416477666],[106.62956759222686,10.627820236988288],[106.62957255826191,10.628159275116515],[106.62960156357539,10.628285231359099],[106.62961559303395,10.628341250508047],[106.62965057001227,10.628447205943251],[106.6296765620784,10.62854722342017],[106.62968257048544,10.628618270491026],[106.62968855430451,10.628760204340905],[106.62966463632858,10.628887308732487],[106.62965655174168,10.628930271138454],[106.62967057491377,10.628957266614863],[106.62972356881637,10.628984242393019],[106.62973144951384,10.628987528236054],[106.62980756738831,10.629019268646323],[106.62988257545044,10.629073216564834],[106.62996855081377,10.62916727633604],[106.63014756013736,10.62937120052704],[106.63020856405439,10.629431242955457],[106.63029559639587,10.629499262966],[106.63030760782819,10.629508272514249],[106.63051256397586,10.629691236489686],[106.630667572119,10.629832208014195],[106.63076760924052,10.629966193487494],[106.63080057826245,10.630028215657328],[106.63084256119772,10.630158203536638],[106.63084958464839,10.630189196413939],[106.63084261325977,10.6302292672684],[106.63080356674196,10.630282269272328],[106.63074460915453,10.630357206090217],[106.63071461821396,10.630387217959019],[106.6304905986553,10.630549234982912],[106.63025760781797,10.630710192159453],[106.6301886177834,10.630757220015916],[106.63013358271569,10.630781244009523],[106.63010559802497,10.630800218962912],[106.63009662299811,10.630825198666244],[106.63009362270398,10.630883253526251],[106.63012256437737,10.631013277170101],[106.63012758825911,10.631030260159353],[106.6301295741886,10.63103920651075],[106.63010759180645,10.631049214523918],[106.63005959021119,10.63118623429033],[106.63002659376824,10.631272218946334],[106.63000960339856,10.631367201954152],[106.62998659201857,10.631465276521618],[106.62995959240902,10.631513271476662],[106.62992057467731,10.631550269786898],[106.62988563331841,10.631562212625123],[106.62984758033275,10.631567199367641],[106.62977160522188,10.631570215794197],[106.62972002365348,10.631583099362732],[106.62971156888669,10.631585211418935],[106.62963362394834,10.631637238363556],[106.62968663789715,10.631987262477637],[106.6297032017568,10.631991887287905],[106.62970459290422,10.631992276651257],[106.62970261727763,10.632006070785577],[106.62970259847182,10.632006205541998],[106.62969960507262,10.632040208085085],[106.62970018727428,10.632065113982442],[106.62970055263716,10.632080680729121],[106.62970063593463,10.632084237035146],[106.62970363847766,10.632132238286308],[106.62971460396876,10.632197215198357],[106.62974161441501,10.63236322915669],[106.62980361809322,10.632746229518743],[106.62982364480673,10.632869227463987],[106.62983461825398,10.632937278118185],[106.62985464086651,10.633058195846782],[106.62986561615847,10.633126246492878],[106.62986760037799,10.633143523684863],[106.62986963425388,10.633161226545921],[106.62986760027965,10.633235037215087],[106.62986663014607,10.633270273538914],[106.62986264484131,10.633405272275827],[106.62985460147299,10.633597243065042],[106.62985061273159,10.633757197249775],[106.6298494847528,10.633796351270824],[106.62984663532644,10.633895270640767],[106.6298396404381,10.633979193472703],[106.62983264113237,10.634062213169189],[106.6298266258723,10.63412027557053],[106.62982486998682,10.634131021530441],[106.62979558481996,10.6343102324183],[106.62979064242295,10.634347225601077],[106.62976358440154,10.634375238464257],[106.62975263186677,10.634394256062121],[106.6295665864612,10.634708243938178],[106.62955758565884,10.634724271785466],[106.62949061121918,10.634843264550426],[106.62942358840039,10.634919217349823],[106.6294016559745,10.634973256125152],[106.62936466062484,10.635058258391718],[106.62935164682985,10.635120229632332],[106.62936161714532,10.635311245880613],[106.62937561440476,10.63540822043112],[106.6294456308457,10.635746262438245],[106.62945063138977,10.635781238834237],[106.6294856207015,10.636022274815316],[106.62949954991888,10.636330587861792],[106.62949962600715,10.636332264664093],[106.62951665254269,10.636329233563767],[106.62961760342533,10.63633428445442],[106.6296756330026,10.636329238973063],[106.62970307361256,10.636322419617317],[106.62970764720231,10.636321283961422],[106.62973263863555,10.636335228492506],[106.62976061311318,10.63634632051074],[106.62979059773244,10.63635821059125],[106.6298095156405,10.636364284297953],[106.62984364123987,10.63637524062821],[106.6298396586921,10.636406263473727],[106.62990366166633,10.636460242989093],[106.63000163098052,10.636529224877442],[106.63013952315461,10.636573553357161],[106.6301415932356,10.636574219260003],[106.63023565477532,10.636569254301662],[106.63037066531058,10.636569237098664],[106.63049266533214,10.636572999123992],[106.63049965368364,10.636573214564542],[106.63053264889592,10.636591206603367],[106.63063463958808,10.636644263882463],[106.63068759850755,10.636658219328087],[106.63090561077293,10.636713210932495],[106.63093360129447,10.636721270607186],[106.63100360415802,10.636738252816622],[106.63100662125247,10.636792172804398],[106.63100662413429,10.636792221615073],[106.6311365991684,10.636798274453874],[106.63116626092209,10.636798263468679],[106.63117361147614,10.63679826180824],[106.63117221356218,10.636811124957813],[106.63116861723907,10.636844205249082],[106.63115662792565,10.636895234639356],[106.63112959817563,10.636959232395457],[106.63110152784871,10.637002344970957],[106.63104561737724,10.637088216889481],[106.6310205971622,10.637143258888647],[106.6310179899618,10.637172300716989],[106.63101665183498,10.637187210470096],[106.63101659930899,10.637247245941667],[106.63100359962242,10.637288240485672],[106.63099064412899,10.637318203673185],[106.63095766733919,10.63735825895578],[106.63091361310347,10.63740024565707],[106.63086162878679,10.637463226798682],[106.63067961972264,10.637713190845131],[106.63061663555706,10.637804233844804],[106.63059123242009,10.637840207740673],[106.63058765619047,10.637845271425784],[106.63056765534628,10.637889269882622],[106.63054661319852,10.637938242639025],[106.63054461808055,10.637947145911308],[106.6305246560507,10.638036221154426],[106.63051164335619,10.638177214631988],[106.63050660103083,10.638233193171061],[106.63049261389114,10.638271206198604],[106.63046365067677,10.638318213176385],[106.63041461355222,10.6384102114553],[106.63037967456286,10.638502259661713],[106.63035164331826,10.638584253510034],[106.63035265985202,10.638623219784652],[106.63036361686434,10.638659263388394],[106.63039366706839,10.63870221550141],[106.63043561992775,10.638742243046329],[106.63051865666579,10.638809277698789],[106.63058664111821,10.638884220732853],[106.63061361221831,10.638931250598427],[106.63061365866409,10.638974196513137],[106.63057866327422,10.639046263558976],[106.63050662725595,10.639109213261689],[106.63038764108565,10.639203216899665],[106.63022265573109,10.639370221540151],[106.63017263182954,10.639407250825295],[106.6301386686659,10.63941928051026],[106.63010964724879,10.639419271540026],[106.63010859513952,10.639418885750196],[106.63007161289426,10.639405273254056],[106.63001267606904,10.639383198052046],[106.62994365142266,10.639366212922209],[106.62993998624599,10.639366719528748],[106.62988563074772,10.63937424093636],[106.62981864174215,10.639383199956098],[106.62970667958417,10.639403224121672],[106.62966546997863,10.639421318567907],[106.62962461543523,10.639439257420552],[106.62963661212201,10.639495280383006],[106.62963967297298,10.639511275315442],[106.62964762986958,10.63955221104532],[106.62970719621536,10.639735241843383],[106.62987966642453,10.640265195657696],[106.62991568288979,10.640364279880057],[106.62993568049428,10.64042425729464],[106.62977578097755,10.640459858104991],[106.6296906364272,10.640486245717666],[106.62957266040368,10.640538202456536],[106.62966069147767,10.640769234469381],[106.62969866443127,10.640920209383761],[106.62971466703385,10.641006238308556],[106.6297296416772,10.641102216486493],[106.62972076216192,10.641184196349956],[106.62971664248685,10.64122223139634],[106.62966265570937,10.641481238011238],[106.62960563621317,10.641680218701735],[106.6295436562184,10.641859231054314],[106.62948663726729,10.642033257202588],[106.62947942627231,10.642032571362826],[106.62920168611647,10.642006207865832],[106.62919823507815,10.642006185899804],[106.62889667773125,10.642004261225088],[106.62881766674042,10.642001227175141],[106.62865263517597,10.641994275508564],[106.62854566001708,10.64199222289084],[106.62854397850958,10.641991942825621],[106.62844965038535,10.641976218934284],[106.62836965840921,10.641946244976443],[106.6282636545082,10.64188822513624],[106.62815066720351,10.641813225931884],[106.6281469349379,10.641815210832],[106.6279626457884,10.641913208920217],[106.62788966394244,10.64196223564527],[106.62767663702492,10.642096282627522],[106.62759665271098,10.642148224567276],[106.62745068683371,10.642245285205195],[106.62731566124948,10.642319259142683],[106.62725268497236,10.642361296541608],[106.62720966777813,10.642397220948075],[106.62720692951694,10.6423930157273],[106.62705467673415,10.642159234348494],[106.62684670667062,10.64179427164304],[106.6267927045307,10.641705274085087],[106.62671064114731,10.641583263956095],[106.62668263493059,10.641543290040879],[106.6265816519649,10.641369253041765],[106.62650365750959,10.641247231469247],[106.6263776297383,10.641040263773203],[106.62630264569009,10.640916244808631],[106.62621967131635,10.640686284206286],[106.62615363164969,10.64044723393162],[106.62614467532593,10.64039924655493],[106.6261388102271,10.640380511995525],[106.62611964606542,10.640319301538145],[106.62597766598367,10.640043303174938],[106.62593667484873,10.639970272608604],[106.62589469512366,10.63986722755223],[106.62582469064331,10.639718239968989],[106.62581756666397,10.639718242684856],[106.62580412752354,10.639718248569798],[106.62574765023496,10.639718274276145],[106.62574480866424,10.639717883523193],[106.62556568010828,10.639693286229438],[106.62542166086033,10.639680305549003],[106.6253796621352,10.639676264128232],[106.62537606669378,10.63967623257655],[106.62526062877299,10.639675241148934],[106.6252406487432,10.639700250556155],[106.62521863251524,10.639725264740202],[106.62519568857589,10.639742238158146],[106.62516769526799,10.639759222047699],[106.62514668613535,10.639767238137543],[106.62511669470528,10.639771298745705],[106.62510961521768,10.639770880033062],[106.62506565291945,10.639768277876522],[106.62506388157259,10.639768216822722],[106.62500767829657,10.639766268989753],[106.62494964200178,10.63976923526445],[106.62493766365515,10.639772252052039],[106.62484663885175,10.639785254002406],[106.62473264555564,10.639807271008316],[106.62458063886619,10.639847296021552],[106.62457941585372,10.639845305092166],[106.62457413358335,10.639836707817798],[106.62450566059582,10.639725266343337],[106.62440363273456,10.639633237094552],[106.62435937557667,10.639602516009585],[106.62423368456695,10.639515269104573],[106.62422236709905,10.639501642223223],[106.62419465255843,10.6394682722362],[106.62414768218039,10.639412256056215],[106.62414263937426,10.63941456821197],[106.62409964999003,10.639434268893348],[106.62406584747443,10.639454032565315],[106.62386364270021,10.639572264766421],[106.62376565288642,10.639654274064943],[106.62365669550641,10.639750235393626],[106.62358964469435,10.639817237073014],[106.62353763668473,10.63987226425265],[106.62346069876921,10.639935314709021],[106.62336468971982,10.639998240156704],[106.62321567884962,10.640085272353643],[106.62307566634489,10.64015527872436],[106.62288268194274,10.640366300170585],[106.62284763899112,10.640396325463588],[106.6227416535172,10.640450325669201],[106.62262466432354,10.640505263223451],[106.6224396928666,10.64059130665899],[106.62221669712766,10.640666248201201],[106.62218767396232,10.64066632891687],[106.62218584771736,10.640665926267832],[106.62213503102318,10.640654693695932],[106.6221286880825,10.640653291971553],[106.62212535457736,10.640653782197667],[106.6221086441181,10.64065624067946],[106.62210827890708,10.640656366454344],[106.62202670678421,10.640684316966256],[106.62196869662873,10.640723265749083],[106.62186869067905,10.640759259302781],[106.62171324170458,10.64078787346382],[106.6216946467243,10.640791296362746],[106.62157665610776,10.640812328013801],[106.62149364937935,10.640835253133215],[106.62134600155854,10.640888974499834],[106.6213396490489,10.640891284828339],[106.6212617022114,10.640917269611506],[106.62119266113211,10.640947298780105],[106.62119467729103,10.640967274562174],[106.62123968187039,10.64110032922321],[106.62124365273367,10.641118309753102],[106.62124869611547,10.641142255862047],[106.62136266963176,10.641432257776614],[106.62137371098918,10.641471287614653],[106.62138662988903,10.641515264637674],[106.6213887062824,10.641522330371215],[106.62145165339915,10.641735261553183],[106.62149868821854,10.6419462462114],[106.62150266028493,10.641964318041088],[106.62150365222882,10.641995327015305],[106.62151272447056,10.642057326167524],[106.62153168199268,10.642123276582256],[106.6215467128096,10.642293304354004],[106.6215857156902,10.64248930221698],[106.62159366690258,10.642528249319575],[106.62163766527648,10.642731287608127],[106.62166466076053,10.643053266960301],[106.62166268349303,10.643232292113531],[106.6216556656909,10.64333628765335],[106.62165471676818,10.643453287395216],[106.62164266420777,10.643456303371975],[106.62169768924909,10.643640323150176],[106.62175567233002,10.643830303243993],[106.62183770368449,10.644074283327932],[106.62185605333195,10.644100881066642],[106.6218576877779,10.644103250564259],[106.62194067903413,10.64407426817676],[106.62205367848766,10.644047283433247],[106.62209573078373,10.644043276325135],[106.6221927302852,10.644036317412022],[106.62227973454897,10.64403818994331],[106.62228568369139,10.644038318040197],[106.62233267346824,10.644047319139068],[106.6223876850511,10.644067328257144],[106.62243767549293,10.644097296820995],[106.6224823800736,10.64412608854435],[106.62248268588735,10.644126285680857],[106.62259072007296,10.644129241418726],[106.62272062687904,10.644113067053265],[106.62272666399856,10.644112315253555],[106.622862583163,10.64410628745361],[106.62286369527735,10.644106238250759],[106.62288636075927,10.64410783950905],[106.62294319037647,10.644111854390323],[106.62294866958186,10.644112241437929],[106.62297166142078,10.644112266017675],[106.62321373022733,10.644115299429599],[106.62325367983779,10.644114283204312],[106.62336346874739,10.644113384332654],[106.62336815893293,10.64411334595397],[106.62337067309907,10.644113325389576],[106.62337100897138,10.644114770937932],[106.62337978235456,10.64415252685142],[106.62341272561858,10.644294307129927],[106.62343767731608,10.644458494004411],[106.62344062328322,10.644477881338355],[106.62344068848579,10.64447831238971],[106.62378269896844,10.644476276314835],[106.62386835480527,10.644480868830247],[106.62387566280404,10.644481258900045],[106.62406465597527,10.644483264300435],[106.62424565777592,10.644485290062994],[106.6243301838949,10.64448439710052],[106.62433145331069,10.644484384519826],[106.62433868046826,10.64448430831327],[106.62439569485545,10.644810273487742],[106.6244047269375,10.644858256180875],[106.62443571965926,10.64502028347267],[106.62444567355509,10.64507423124034],[106.62445567242231,10.64514427372285],[106.62445268247963,10.645206307275158],[106.6243536638657,10.645483248746508],[106.62427369582134,10.6455943212354],[106.62425374367797,10.645613874573472],[106.62416867816121,10.645697233070708],[106.62415938159423,10.645709414881168],[106.62410070849864,10.645786299074665],[106.62393169116761,10.645969318359585],[106.6239087146749,10.646054279250837],[106.62391273836982,10.646170268786033],[106.62393668499124,10.646346238172276],[106.62399368249028,10.64642826664387],[106.62406172048595,10.646495254337852],[106.62410372573821,10.646527232865754],[106.6241666832226,10.646584289222657],[106.62432969997637,10.646729311008343],[106.62438570317798,10.646779242892508],[106.62449371262318,10.646879302204056],[106.62450670810436,10.646889301829326],[106.62464570175135,10.646989272826074],[106.62488166979854,10.647153259323169],[106.62488572377008,10.647200262326384],[106.62483272320088,10.647304296682012],[106.62481611481661,10.647349061968892],[106.62478970754877,10.64742023845715],[106.62466172314431,10.647479272229177],[106.62465505308367,10.647478589298368],[106.624280691454,10.647440282189175],[106.62409073280182,10.647417303029867],[106.6240907616447,10.647417802890262],[106.62409468906705,10.64748329503512],[106.62410271449893,10.647654246088173],[106.62408072881935,10.647663259327055],[106.62397871214235,10.64768226040773],[106.62384769146222,10.64770830171664],[106.62366573748898,10.647743256068145],[106.62341772040813,10.647796297371052],[106.62337771712409,10.64780527036738],[106.62335471763772,10.647829293650684],[106.62315369337526,10.64789223878308],[106.62285572279558,10.647980317953786],[106.62279273581568,10.647992246046444],[106.6227887536145,10.647991229228417],[106.6227577310286,10.647983303001261],[106.6227347484845,10.647960312758633],[106.62272947972795,10.647961961956707],[106.62265174780653,10.647986311173257],[106.62255868117072,10.648024273795704],[106.62236871276478,10.64813130904326],[106.62233973577698,10.648173252753239],[106.62233175010513,10.648202297777557],[106.62232970140322,10.648224271955414],[106.62233198056146,10.648232870383291],[106.62236071715057,10.648341271270747],[106.62237772922379,10.648385256697052],[106.62214970913391,10.648445292996751],[106.62189673919708,10.648506303506569],[106.62187971380008,10.648510328703042],[106.62161075014589,10.64856731434337],[106.62137070897069,10.648641307749186],[106.62123375192209,10.648701271918277],[106.62116876279032,10.648724326922624],[106.62114269477618,10.648730276631857],[106.62107871959036,10.648739314174367],[106.62098573059328,10.648752321575845],[106.62083370962392,10.648763322358866],[106.62072871892889,10.648770305880738],[106.62068976353224,10.64877728491327],[106.62059475891766,10.648797258103642],[106.62055274098289,10.648813287059882],[106.62052072171473,10.648820338113852],[106.62043869624769,10.648844255750493],[106.62037374699229,10.64885628013645],[106.6203287519453,10.648859298970516],[106.61986773294363,10.64889927512637],[106.61965774977787,10.648913329196242],[106.61963770242589,10.648915284242712],[106.61947672879663,10.648932276874529],[106.61920576147156,10.648974345576766],[106.61899174224195,10.64900034661514],[106.61896071648341,10.649012276646218],[106.6190177112478,10.649598273235155],[106.61878472397196,10.649608323216093],[106.61861871171644,10.649630301699508],[106.6184907577413,10.64964828628853],[106.61842775917825,10.6496563279525],[106.61826277100533,10.649694306965108],[106.61806973342682,10.649729288910548],[106.6180437041895,10.649748347943136],[106.61802573741656,10.649766299776703],[106.6180147761145,10.649782332788273],[106.61800576620438,10.649821326966212],[106.61800574758661,10.649868342313475],[106.61800877595282,10.649926290074362],[106.61801470424419,10.6500232867154],[106.61800672649211,10.650054320556523],[106.61798877495411,10.650077337757958],[106.61795672092956,10.65009930463669],[106.6179067061671,10.650113276992254],[106.61778173043913,10.65011832600101],[106.6175447225952,10.650146284677136],[106.61733371460953,10.650171281858071],[106.61733471865135,10.650206359971177],[106.61736070992656,10.650307279844325],[106.61736771859991,10.650333300800789],[106.61737271658284,10.650421349912033],[106.61737077367768,10.65050733891272],[106.61736077211539,10.650569299685616],[106.61729777960905,10.650766306381398],[106.61726977579937,10.650940340959956],[106.61733173558211,10.650964308587323],[106.61736672844195,10.650969275325176],[106.61740872309652,10.651024311756702],[106.61745678601457,10.651065316744974],[106.61756871899783,10.651140321716994],[106.61769572187933,10.651212301535388],[106.61774273736812,10.651230343707448],[106.61776475011033,10.651283357002898],[106.61777275945582,10.651423295838502],[106.61776275250902,10.651616357925759],[106.61777774477409,10.651666315071418],[106.61775773846558,10.651709316631337],[106.61770973831516,10.651956279634938],[106.61770287967134,10.651953583758077],[106.61758272168476,10.651906360597229],[106.61754071756249,10.651901323805138],[106.61743077412534,10.651890325743263],[106.6174294888009,10.651890541754415],[106.6172937878342,10.65191330993094],[106.6172507933255,10.651931331011768],[106.61720375059167,10.651957319866574],[106.61717671987675,10.651995279044037],[106.61716378432563,10.65203328690014],[106.61699279033768,10.652053290402153],[106.6169497623731,10.652086318824779],[106.61683376417861,10.65217334756023],[106.616822780316,10.652208278935893],[106.61683275755125,10.652244325777856],[106.61683376659836,10.652254358883933],[106.61683476191972,10.652286364144231],[106.61681975165561,10.652337308407212],[106.61672879608977,10.652482311674701],[106.61671575061366,10.652508296813384],[106.61670777268299,10.652539330632022],[106.61672574655276,10.652817303576262],[106.61673779873294,10.652920344082604],[106.61675673562763,10.653139363735834],[106.61675177648686,10.653278344939366],[106.61674979009157,10.653295347544487],[106.6167417563792,10.653307305086008],[106.61672978296487,10.653311316953046],[106.61672481593236,10.65331014457742],[106.61671273263366,10.653307294982007],[106.6166517539814,10.653283322745548],[106.61651172707622,10.65321834070091],[106.61637578305702,10.653156329770042],[106.61628377043145,10.653115355766214],[106.6162447531744,10.653100365962672],[106.61617773192584,10.653072342095108],[106.61617647580204,10.653074484559031],[106.61616775389872,10.65308936679535],[106.61614876708481,10.653120339733],[106.61607977095346,10.653300364834996],[106.61607260791632,10.65329960082392],[106.61606076673799,10.653298338955693],[106.61597973293388,10.653273337164027],[106.61593878895218,10.653270286157161],[106.61593849137894,10.6532704198756],[106.61590573594677,10.653285297118614],[106.61588279353747,10.653303351201064],[106.61586173967662,10.653349338936351],[106.61584579996175,10.653390342048338],[106.61583928932552,10.653387901921455],[106.61570973358478,10.653339361521835],[106.61570458643743,10.65333978347418],[106.61568576595437,10.653341327172432],[106.6156667825639,10.653346351926475],[106.61564675875367,10.653383297170471],[106.61555775720105,10.653580372768676],[106.61552276407514,10.653656327698979],[106.61549775897413,10.653690301513468],[106.615454774896,10.653739335002918],[106.61542374519263,10.653776309738456],[106.6154127454393,10.65380536296429],[106.61540776636527,10.653831325774103],[106.61541379894061,10.653858343026755],[106.61542675537328,10.65388136241001],[106.61548277998281,10.65391230887955],[106.61566574558158,10.653993357987627],[106.61564574585721,10.654012308882521],[106.615605774516,10.654033305691598],[106.61557877996125,10.65405733951639],[106.6155597661002,10.654105313229792],[106.61555325193982,10.654102924638845],[106.6154997718192,10.654083326973488],[106.615435779841,10.654060358194885],[106.61528878485991,10.654010312656112],[106.61524675146886,10.653995330161473],[106.61520374576384,10.653982339264731],[106.61516375055791,10.65396834287575],[106.61512480256026,10.65395136292386],[106.61508775409061,10.653939350016817],[106.61503576833907,10.65392331011267],[106.61500277567984,10.65390631189079],[106.61496080133139,10.653885361533153],[106.61477973573369,10.653809372162256],[106.61470378406742,10.653769346006722],[106.61467879056924,10.653755310852926],[106.61463977792138,10.653741314392757],[106.61461177143278,10.653728370606158],[106.6145647388674,10.653704362177205],[106.61455176392244,10.65370132420365],[106.6145510588691,10.65370248243451],[106.61447079656259,10.6538343649321],[106.61443779892247,10.653895305152048],[106.61439174881345,10.653952300837645],[106.61438626671678,10.653949655334372],[106.61430478387173,10.653910317864167],[106.61419075637218,10.653841375598809],[106.61418914087427,10.653844430333821],[106.61409979648151,10.654013324463234],[106.61407478375,10.654045308375624],[106.61403075579378,10.654071378884641],[106.61401381060138,10.654104334999321],[106.61394441841124,10.654226408248276],[106.61394277138604,10.654229303955725],[106.61395253850925,10.654226566663024],[106.61395678234388,10.654225376975603],[106.6139857733081,10.654240306118428],[106.61399281255653,10.654250321702207],[106.61398976478337,10.654265340117687],[106.61388875341525,10.654455308238415],[106.61387775875413,10.654459315494854],[106.61387362784983,10.654457770106536],[106.61385376109197,10.65445034113745],[106.61383879764948,10.654437363121724],[106.6138360053797,10.65444089120873],[106.61378974439508,10.65449934111901],[106.61378370388667,10.654497353488793],[106.6137168475065,10.654475339703945],[106.6137047811224,10.654471367112219],[106.6134387653393,10.654373366042313],[106.61343818995375,10.654375458705594],[106.61342279636276,10.654431367163587],[106.61338678481064,10.65454638074897],[106.61335974997608,10.654610379126948],[106.61333578713986,10.654640372079735],[106.61333181842141,10.654650329422235],[106.61332679711091,10.654687320884966],[106.61332679180357,10.654712365911651],[106.61309076809097,10.654877391493725],[106.61305075138769,10.654909327178112],[106.61290778135744,10.655003389240058],[106.61285081079625,10.655037361431736],[106.61282178685553,10.655037350075979],[106.61277277439574,10.655060360371701],[106.61272981554379,10.6550913105677],[106.61265081587773,10.655227328860809],[106.61264560938127,10.65523557823087],[106.61263377965571,10.655254320215118],[106.61257776290331,10.655306371725162],[106.61253776988212,10.655373388208728],[106.61251479901057,10.655434390150354],[106.61247876515667,10.655488377343433],[106.61246478815403,10.65555830555718],[106.61243182012937,10.655576387923855],[106.61241481566175,10.655588370071644],[106.61240678171835,10.65560032751824],[106.61239882099275,10.655637327971302],[106.61238182419994,10.655651389421388],[106.61229576764114,10.655691317059004],[106.61219877565905,10.655729378072724],[106.6121177977855,10.655778334939292],[106.61199779161264,10.655862388822154],[106.61179876411903,10.65599439780288],[106.61179288080965,10.655993066046634],[106.61174980636873,10.655983321335826],[106.61173078332618,10.655974332229025],[106.61162276693047,10.655898319983491],[106.61162159896443,10.655902251313313],[106.61161977998587,10.655908363205356],[106.61161349483386,10.655904538264783],[106.61152780069291,10.65585237952518],[106.6115263774818,10.655855572944317],[106.61138478949536,10.656173382253977],[106.61133478858221,10.656247387353876],[106.61136077097797,10.65626431392731],[106.61132079647713,10.65633838185517],[106.61124880878711,10.656421399359916],[106.6112747958706,10.656440314846584],[106.61133482048015,10.656473332182703],[106.61138179043745,10.65650132361191],[106.6114238157829,10.656540355386456],[106.61143878951367,10.65655731223126],[106.61145883572054,10.656581398056508],[106.61082977576277,10.656893337859659],[106.61082717335572,10.656890618384526],[106.61080777400565,10.656870344041291],[106.61062478355491,10.656700326001294],[106.61056779199309,10.656646323412469],[106.61054479658773,10.656619353558312],[106.61053782674206,10.656607347879076],[106.61053679364973,10.656588363761779],[106.6105296491561,10.656590974413922],[106.61046577512529,10.65661432536004],[106.61041882483144,10.656646371102369],[106.61031880572693,10.656707404686228],[106.61006780182694,10.656908362141559],[106.61009278772113,10.656946356936908],[106.6100108315188,10.656996399953039],[106.6100079356361,10.656993320558716],[106.6099318157672,10.656912352703237],[106.60991380621724,10.656888351586378],[106.60989479644726,10.65685739108869],[106.60988279745388,10.656826320934215],[106.60987639047863,10.656828264162872],[106.60974081389973,10.656869386662697],[106.60975579313794,10.656915366450201],[106.60977777341841,10.656930405628817],[106.60978481884825,10.656969354664408],[106.60981777598182,10.657027399423406],[106.60980478671941,10.657046332543976],[106.6097867864574,10.657079383580877],[106.60979782338683,10.657090383651228],[106.60980877791148,10.657098399662516],[106.60970079283848,10.657168405985523],[106.60967783088627,10.65717940898865],[106.6096720660397,10.657178282992964],[106.6096518076896,10.657174326409647],[106.60962783994995,10.657149347171693],[106.60962331369103,10.657151859307968],[106.60952682770245,10.657205410045309],[106.60952495000693,10.657202011432524],[106.60950083671675,10.65715837650764],[106.60949549979945,10.657161553539318],[106.60932781068357,10.657261379312503],[106.60939384545628,10.657367346799251],[106.6091857845906,10.657451367411086],[106.60915280287531,10.65746438950243],[106.60915481099671,10.65748138112955],[106.608945803154,10.657523364730322],[106.60870977543233,10.657581334562975],[106.60844884032016,10.657628340321754],[106.60812182495772,10.65774135030888],[106.60800678539174,10.657769332337555],[106.60789578300015,10.657811410142122],[106.60768483650484,10.65786135392724],[106.60756978336251,10.657857418168076],[106.60741784667914,10.65787338669182],[106.6073578365584,10.657899409696],[106.60715182213673,10.657987403974793],[106.60707679777816,10.658009398873693],[106.6069907947894,10.658014426657102],[106.60698796055998,10.658013777165575],[106.60686383446534,10.657985388681436],[106.6067568374984,10.657977364139896],[106.6067568571468,10.65797752681612],[106.60675984868824,10.658002400948469],[106.60667985077535,10.657998369853782],[106.60660280912634,10.658000388727043],[106.60659832660993,10.65799992726421],[106.60652483641091,10.657992372400278],[106.60652194569761,10.65799244178306],[106.60639879822442,10.65799534069879],[106.6062808211518,10.658024415916215],[106.60628044239276,10.658022320447191],[106.60627484843461,10.657991429701765],[106.60626777773659,10.657992347667868],[106.60602879746668,10.658023386376186],[106.60602167095985,10.658022976431754],[106.60595980581506,10.658019414510203],[106.6059591961923,10.658019414368503],[106.60593379764849,10.658019397005567],[106.6058918479006,10.658034428587449],[106.60586681518022,10.658059360346185],[106.60586485159777,10.658085405227016],[106.60584878791536,10.658110404683715],[106.60582485337598,10.658124392557013],[106.60579983852017,10.658156378608433],[106.60578779964615,10.658191400271877],[106.60576479737138,10.658242368700998],[106.60571084264048,10.658277414507925],[106.60567785115819,10.658287360679637],[106.60564379781626,10.658295409424648],[106.60562281183277,10.658312374418728],[106.60561783395443,10.658338427535899],[106.60564279293321,10.658394415304784],[106.60564083701946,10.658449392657108],[106.60563081998698,10.658507375420758],[106.60560780801808,10.6585813972865],[106.60558182963064,10.658646386700271],[106.60552380058688,10.658707393627491],[106.60545282390271,10.658748365883925],[106.60540982672434,10.658766384559234],[106.60534281620475,10.658688357763177],[106.60528085844871,10.658611404727296],[106.60527659372416,10.658605803094419]]]]}}]}