{"type":"FeatureCollection","name":"gis.vn","features":[{"type":"Feature","properties":{"ma_tinh":"72","ten_tinh":"Tây Ninh","loai":"Tỉnh","cap":1,"stt":46},"geometry":{"type":"MultiPolygon","coordinates":[[[[106.05283361989117,11.124281333641596],[106.05072027678273,11.125502989839415],[106.04946905705533,11.12586157261666],[106.04842382926026,11.126374649225687],[106.04713446230718,11.127480911630554],[106.04286963020688,11.130194114376836],[106.03962713824222,11.131733345682719],[106.03693396118665,11.132266449923751],[106.03015143035958,11.135411668411818],[106.02541357672835,11.13805620673881],[106.02439123708639,11.138726639693289],[106.02121740957425,11.142953325196086],[106.01951605493812,11.145839144382041],[106.01794439901113,11.150067736088818],[106.01667792007866,11.155808856219354],[106.01445013883468,11.183195522042272],[106.01389319296915,11.190639904361737],[106.0004501997202,11.19060747989925],[105.99694830773412,11.190760067801428],[105.99282843463081,11.191183499109153],[105.98999029984166,11.19170706649457],[105.98680884193713,11.192470006898317],[105.98091131954295,11.19510691579795],[105.97644049426339,11.197728567635899],[105.97492987471747,11.198196821816406],[105.97382361290049,11.198215895820926],[105.97311407830233,11.197948866314102],[105.9682388953771,11.195859365505967],[105.96688086321575,11.195433074233836],[105.96576697133365,11.195434027955548],[105.96497351453844,11.195649558038207],[105.96417242836547,11.196134978198058],[105.9532242470302,11.200713569698548],[105.9451523472399,11.204060966944704],[105.94215399563619,11.205247337934859],[105.94071966933903,11.205912048584226],[105.93778998120168,11.207814629741613],[105.93614203244559,11.209518846144768],[105.93528754083506,11.210862572968317],[105.93394476740929,11.212440904225673],[105.93136603140897,11.214559014838052],[105.93023688133968,11.215402063324746],[105.92640692612551,11.217090066760884],[105.92284399833403,11.222181734192365],[105.91088110852873,11.239517627161062],[105.91031653368232,11.243011890288594],[105.90834051966532,11.2485489234252],[105.90783698005167,11.249613223539809],[105.90694434090591,11.252423701775186],[105.90721137042154,11.255483090120983],[105.90766913446944,11.25714152943739],[105.90970618233838,11.260629116560965],[105.9113388735949,11.265394626947796],[105.91165167869417,11.266889035650678],[105.91131598553271,11.268287121110243],[105.91040045805485,11.270160137395576],[105.9073487000724,11.274471700122788],[105.90721900033647,11.274990498756225],[105.90703589585304,11.275798261269749],[105.90708167184619,11.278666912994359],[105.90748603002494,11.280705869059458],[105.90849310950496,11.282911717967757],[105.90844733353013,11.283338964310941],[105.90832526377478,11.283481060678206],[105.9077606887139,11.28357166040887],[105.90460211902771,11.283571660024874],[105.90404517277419,11.283428609441163],[105.90310675803737,11.283428608914253],[105.90210730685463,11.283812940598272],[105.90137488518221,11.283877790132156],[105.89981085872606,11.283829152907495],[105.89923865500546,11.283732831743608],[105.8987351150874,11.283851087373911],[105.89767462852191,11.284348905194035],[105.89690405989326,11.284491956514698],[105.8964462958924,11.284417569371964],[105.89587409185646,11.284536779874854],[105.89513404078482,11.285148084821625],[105.89295966323782,11.285774648986212],[105.89002997627311,11.287229956254487],[105.88912970647462,11.287400663863801],[105.88574225529857,11.2872261412608],[105.87849433075193,11.287161292137714],[105.87733466244701,11.286961020998385],[105.87461096881235,11.285585821649585],[105.87263495540444,11.284125747028462],[105.87089545300938,11.282638015223728],[105.86976630307164,11.281894148958958],[105.86901099335212,11.281692923754584],[105.86840064142231,11.281663360339605],[105.86721808494413,11.281748236949886],[105.86631781652038,11.282120170395265],[105.86475379095657,11.283461036586397],[105.86422736209944,11.284231605317059],[105.86358649358118,11.286718788476424],[105.86399085126962,11.289290847463732],[105.86438758008346,11.290053787192464],[105.86457068516323,11.290492477154416],[105.86935431568615,11.29850048026116],[105.86905677009172,11.300444068851803],[105.86972815732769,11.304189147780459],[105.87050635576396,11.30604785982104],[105.87073523744274,11.30762046874928],[105.87030036199114,11.309220734250731],[105.86940009355438,11.311420860600942],[105.86859137799185,11.312820855411138],[105.86713416371602,11.3150200283133],[105.86679084079782,11.315905991730203],[105.86676032338566,11.316619339038022],[105.86722571652469,11.318507615541435],[105.86893470145246,11.321652832193818],[105.87017829278837,11.323711815764353],[105.87061316836602,11.324141922216986],[105.87252814662494,11.325200501662993],[105.87385566065134,11.326802674701996],[105.87409217200917,11.328032914657847],[105.87432868372731,11.33299678873717],[105.8743592007819,11.332967225108074],[105.87458045389374,11.334485474208583],[105.87580878623389,11.337790909892854],[105.87628180962213,11.34027523184735],[105.87720496582676,11.342996065116287],[105.87744147803355,11.345221941081581],[105.87743384764859,11.3472847378927],[105.8780747170445,11.350988809370127],[105.87863929342242,11.352351609987206],[105.88080604174053,11.355677072215576],[105.88268287256639,11.358011666659777],[105.88283546062827,11.358385506572253],[105.8828507185771,11.358704033607262],[105.88211829689018,11.3612245957958],[105.88187415684722,11.363534394877123],[105.88229377353493,11.36602253117765],[105.88275916677911,11.367233697324618],[105.8826981306063,11.367541734759902],[105.87052924680988,11.372795526973906],[105.87036902995828,11.373015826435395],[105.87046058303173,11.373323863123082],[105.87090308832815,11.374050562149025],[105.87068183524188,11.376604502605904],[105.87025458944284,11.37845463073419],[105.87036903052847,11.378961031415768],[105.87866218296175,11.390106623239127],[105.87870795950752,11.390414660618132],[105.8786164062914,11.390811389294726],[105.87796790856795,11.391978686146661],[105.873001172222,11.400007671234894],[105.87242133887487,11.401090091080222],[105.87079627725078,11.40369457606406],[105.87075050134044,11.403893893806881],[105.87079627792689,11.404047435261681],[105.87074287198324,11.404313511571353],[105.87100990059885,11.404454654351063],[105.87159736343682,11.404562420447318],[105.87236030372871,11.4045786323254],[105.87300880162653,11.404719775888028],[105.87356574743205,11.404933398793148],[105.87398536459112,11.4051565590894],[105.87458045787493,11.4055942949208],[105.87517555014557,11.40609878945081],[105.8757859019584,11.406487888137178],[105.87644965904614,11.406726307190786],[105.87730415177772,11.40685028379907],[105.87796027879294,11.406850284232119],[105.87902839498295,11.406685298765414],[105.87967689329184,11.406644291287224],[105.88014228616251,11.406757778189968],[105.88058479118536,11.40708870242143],[105.88130195415953,11.407727665148503],[105.8821259294444,11.408701365724738],[105.882293775791,11.40903133671626],[105.8825836933427,11.410337871322781],[105.88272865111168,11.410742229319812],[105.88288123921485,11.410998766496395],[105.88320167442434,11.411246722548013],[105.88359077351808,11.41134590482059],[105.88449867122365,11.411081736969221],[105.88491065857293,11.411122745132966],[105.88534553331912,11.411345904498665],[105.88587196247826,11.411932415163895],[105.88607032596512,11.41234535554377],[105.88619239626028,11.413073008799667],[105.88621528472106,11.41404766377223],[105.88623054383251,11.415006107133054],[105.88634498432991,11.415567821051892],[105.88681800796368,11.416716044743417],[105.88731391765143,11.41709846820505],[105.88913734268806,11.418342060186635],[105.88991554208177,11.41897148514721],[105.89019782895616,11.41941780342386],[105.89025123505857,11.419830744810124],[105.89009864662205,11.420285648224237],[105.88962562453864,11.421094363885919],[105.88950355436599,11.421483462708075],[105.8894730371397,11.421929781976846],[105.88961036633033,11.422500079572787],[105.8904648582104,11.424036449189844],[105.89099891617138,11.424764102691256],[105.89144142094447,11.425094073955593],[105.8920670310671,11.425301020555318],[105.89496620147158,11.425994341989044],[105.89653785635151,11.426440661452094],[105.89717872526249,11.426705782837852],[105.89768226572633,11.427110140428843],[105.89833076413855,11.427358096460916],[105.89987953185376,11.427441065387073],[105.90036018355667,11.427572672468898],[105.9007950581122,11.428002780626539],[105.90177925049528,11.429605906416537],[105.90184791599067,11.430077021635686],[105.90101631132707,11.432547038854354],[105.90084083611372,11.433248942450488],[105.900810317571,11.43372005823396],[105.90100105262219,11.434298937383957],[105.90139778080416,11.434814875840601],[105.90275581434177,11.4361328537231],[105.90298469637929,11.436404650778202],[105.90312965355233,11.436776583660409],[105.90313728270102,11.437636797409155],[105.90322883647175,11.438967173801517],[105.90366371235257,11.440519756221217],[105.90380104111408,11.441180652269363],[105.90383155864933,11.441750949286932],[105.90370948835124,11.442122881774317],[105.9032898709565,11.442841953162334],[105.90290840244693,11.443685001410222],[105.90287788467577,11.444287723351216],[105.90321357776519,11.445642893924001],[105.90335853668454,11.446461147327796],[105.90330513033766,11.446964686909729],[105.90303810141869,11.447385256881663],[105.90261848527771,11.447559780286053],[105.90225990382602,11.447509235325416],[105.9019547278688,11.447328036860485],[105.9010544592592,11.446476406406648],[105.90076454281615,11.446285671375907],[105.90036018436744,11.446302837649425],[105.90002449033707,11.44658131018433],[105.89975746213968,11.44709724807942],[105.89960487454734,11.44774860759229],[105.89958198671135,11.448399967624228],[105.89984901498225,11.449371761511648],[105.90040596095926,11.450749820013112],[105.90048225507621,11.451198047238773],[105.9003907017307,11.451535648284446],[105.90009315591661,11.451687282213792],[105.89974220354536,11.451729244189066],[105.8991623701363,11.451450771100683],[105.8970108803525,11.450225299944764],[105.89659889270798,11.450013584657867],[105.8962708281147,11.449937290916015],[105.8959427643928,11.450039333336465],[105.8955384066074,11.45029301021683],[105.8951874544652,11.450588650081789],[105.89496620273916,11.45115513264939],[105.89454658533722,11.451772160135024],[105.8940811924725,11.452169841357085],[105.89353187669325,11.45231289422723],[105.89302833673662,11.45225376592407],[105.89256294340349,11.452076381707457],[105.89225776743675,11.451647229028678],[105.89191444489337,11.451284832509918],[105.89157112182805,11.45100254521003],[105.89109046920842,11.450782245618784],[105.89047248985557,11.45066494396995],[105.88820655815174,11.450410312957768],[105.88761146621263,11.450385518289208],[105.88715370225731,11.45041985043235],[105.8868790443447,11.450596280546488],[105.88659675640797,11.4508423279188],[105.88636024569998,11.451535649390117],[105.8859635168411,11.453800625266826],[105.88580329930117,11.454164929300818],[105.8855667887981,11.454350895906952],[105.88524635400691,11.454367108348043],[105.88235481357556,11.453640408854387],[105.88198097279253,11.453733868356766],[105.88155372614621,11.453944630459581],[105.88076026950046,11.45466274740789],[105.87977607784339,11.45598930906032],[105.87975318971893,11.456370778278908],[105.87987525953137,11.456809468750754],[105.87987526005831,11.457208104795088],[105.87896736255529,11.459101148160956],[105.87860878034301,11.459540792128424],[105.87862403972139,11.459878392811902],[105.87947853196054,11.461696095427884],[105.87947090319355,11.462068028506605],[105.87926490935088,11.462262579021333],[105.87892921632161,11.46232933601039],[105.87857826285104,11.462295956656892],[105.87822731062747,11.462068028949544],[105.87806709416247,11.461459584498094],[105.87790687657201,11.459852644126768],[105.87779243541638,11.459506459849768],[105.87748725961764,11.459193654985217],[105.87703712552481,11.458863682475446],[105.87651069724211,11.458788343349504],[105.87613685694114,11.459016271364076],[105.87480934257435,11.460326619921673],[105.87450416649233,11.460901684815662],[105.87438972608057,11.461357542164189],[105.87451179606126,11.462295957345438],[105.87467964328741,11.462912984961376],[105.8767624679182,11.46719116807395],[105.87686927958403,11.467697569632966],[105.87681587366697,11.469430395421957],[105.87695320242617,11.469717451680241],[105.87734993130861,11.469802328532303],[105.87771614202586,11.469786115411],[105.8787308512803,11.46910900717676],[105.87908943328851,11.468965955009097],[105.87935646248326,11.469007917286964],[105.87951667908355,11.469253011047174],[105.87957771384815,11.469548649945013],[105.87924965015105,11.471120306146988],[105.87927253845817,11.471585699447044],[105.87953956753593,11.471957632607639],[105.87958534461755,11.472354360173542],[105.87944801468193,11.472692915106437],[105.87903602782312,11.4729122602765],[105.87860878112697,11.472887463993734],[105.87774665919403,11.472626157144116],[105.87741096671542,11.472726293641479],[105.87712104973942,11.473233647987081],[105.87691505530262,11.473825880417463],[105.87685402097226,11.47456974680354],[105.87704475522739,11.47571034010144],[105.8772660089983,11.476192899067113],[105.87833412350066,11.477933355331357],[105.87919624482308,11.4797176805329],[105.87934883309684,11.480156370480435],[105.87938697988334,11.481002279395483],[105.87960823271185,11.482364126945424],[105.87989814993932,11.482550092326745],[105.88141639900937,11.483191915720353],[105.88175209339619,11.483023115490255],[105.88182838599774,11.482743688225662],[105.88180549766238,11.48223633448963],[105.88185127494135,11.481872984438253],[105.88197334543224,11.481619306865568],[105.88223274427197,11.481399961671999],[105.88265236097673,11.481441923000183],[105.88394935848198,11.482168623789647],[105.88452919170263,11.482599683593174],[105.88468940898002,11.483090826472182],[105.8846741511749,11.48347038867554],[105.88451393352136,11.48391098655757],[105.8836212946681,11.487353750933892],[105.88358314744056,11.487739034666184],[105.88372047625172,11.48810143117809],[105.88437660443255,11.488479086145993],[105.8846894091265,11.48876614228047],[105.88476570357932,11.489143797788763],[105.8847046680497,11.489672132313272],[105.88412483483414,11.49076695091175],[105.88413246445016,11.49115128143423],[105.88430794034505,11.491619535346201],[105.88443763935058,11.492276617615259],[105.88430794024734,11.492819257521461],[105.88394172917994,11.493280837098702],[105.88347633649197,11.493583151403632],[105.88286598493058,11.493672796766925],[105.8823395567069,11.493953176538586],[105.8819123105525,11.494291731707929],[105.88084419590919,11.495983550446308],[105.8804627256056,11.496768424449302],[105.88021095601214,11.49757523218716],[105.8801499211532,11.498262831480698],[105.880210955699,11.498715826951559],[105.8801499212764,11.499372908365956],[105.8800125918046,11.499810645331863],[105.87979133934383,11.50001473109728],[105.87934120513334,11.50018067054313],[105.87894447588353,11.500377126996707],[105.87866981789352,11.500678488465214],[105.87854011800309,11.501162955085059],[105.87855537683805,11.501570173950467],[105.87878425937024,11.501886794612552],[105.87925728182513,11.502060363543249],[105.87982948621018,11.50235504836762],[105.88050087333932,11.502438018441747],[105.88080604929456,11.502566764300898],[105.88098915417038,11.502845237243909],[105.88107307750323,11.503344008294118],[105.88101204231073,11.503979155357653],[105.8807755308736,11.504755446693112],[105.88061531411253,11.506997535056811],[105.88041695021953,11.507579276918554],[105.88015754989054,11.508047530160434],[105.87982185716403,11.508402297817442],[105.87946327572772,11.508688399121354],[105.87924202306719,11.509036490870814],[105.87928017049204,11.509414145261244],[105.87957771672917,11.510002562277661],[105.87966163906123,11.510515639931652],[105.87991340986927,11.511036345577125],[105.88034828542163,11.51133198442559],[105.88082893753406,11.511558005534345],[105.88140877196376,11.51169342760034],[105.8820801585543,11.511693427458393],[105.88245399862244,11.511512229278942],[105.88254555153421,11.511135527149161],[105.88247688629612,11.510802695133291],[105.88237007518798,11.510531852691928],[105.88240059263731,11.51033539565788],[105.88254555161146,11.510207602440097],[105.88283546819896,11.510157058718127],[105.88352211368635,11.509840437993828],[105.88367470112757,11.50989384350385],[105.88385017734136,11.510114141988687],[105.88412483595049,11.510694930549702],[105.88424690662892,11.511124083547074],[105.88425453565642,11.5116190406567],[105.88382728927412,11.512422988791844],[105.88314827322321,11.513019988952427],[105.88272865625909,11.513225981163796],[105.88241585166621,11.513316581293703],[105.88223274523665,11.513458678316404],[105.8821030468921,11.513603636861177],[105.88203438172378,11.513809630375919],[105.88201912251175,11.51405091096503],[105.88210304670231,11.51424545987112],[105.88231666974643,11.514465759055753],[105.88276680396153,11.51471466798964],[105.88294990883568,11.514892050477583],[105.88307198009957,11.51514286801303],[105.88320167993265,11.515606353617722],[105.88320930844019,11.516222427054325],[105.88331612027,11.516589591528064],[105.88348396650696,11.516832778990889],[105.88387306614308,11.51713032469354],[105.884689410676,11.517965743711748],[105.88484962888651,11.518426368221022],[105.88508614045898,11.519586035438559],[105.88520058097613,11.520523497845895],[105.88527687503957,11.522087523958964],[105.88524635673947,11.52240891188451],[105.88514717489765,11.522703597591928],[105.88475807627228,11.523300597519848],[105.88462074696999,11.523620078381441],[105.88455971217418,11.523977706575383],[105.88454445333095,11.524591872594788],[105.88461311796021,11.524856994169596],[105.88476570548835,11.525137375043402],[105.8849869579553,11.525426338181974],[105.88538368653411,11.525809714704026],[105.88545235094784,11.526031921313761],[105.88548286832557,11.526433418007791],[105.88539894580951,11.526831100292728],[105.88528450430995,11.527113387978007],[105.88452156518517,11.527855345896116],[105.88443001228424,11.528094718764784],[105.88445290006102,11.5283808211348],[105.8845368244433,11.52854962133363],[105.88497169919597,11.528890083086507],[105.8852387282506,11.529242943344517],[105.88584145046723,11.530552337413171],[105.88589485652895,11.530826041934644],[105.88587959757395,11.531096885450756],[105.88583382190606,11.531465956967388],[105.88568123404661,11.531935165388866],[105.8854218339618,11.532360504359971],[105.88510139971406,11.532665680086629],[105.88469704129388,11.532893607754751],[105.88432320184036,11.53303570488735],[105.8836060378041,11.533198784574466],[105.883300862493,11.533404777427336],[105.88255318212785,11.5340990519319],[105.88237007722961,11.5346092687492],[105.8823700769594,11.534859130978658],[105.88243874099403,11.53514523332191],[105.882576069415,11.535359810230648],[105.88294228056981,11.535480926387798],[105.8831024978843,11.535608719266321],[105.8832169386144,11.536073158600486],[105.8833237511178,11.536310623649051],[105.88351448561576,11.536468933584896],[105.8837433675394,11.536586235038156],[105.88400276675873,11.53665585288667],[105.88423164857043,11.536774109578989],[105.88437660672675,11.536947677714227],[105.88448341868695,11.537291000140712],[105.88452156633986,11.537668655713377],[105.88443764217399,11.537845085413105],[105.88428505474836,11.537935683993483],[105.88405617309782,11.53785843623056],[105.88383491999657,11.537697265720615],[105.8836670738753,11.537679146291097],[105.88345345088239,11.537791679661774],[105.88298042780181,11.538415382610783],[105.8826294761324,11.539229820322472],[105.88233192981694,11.540081451243598],[105.88175209612861,11.54214043502034],[105.88166054274501,11.542287300729624],[105.8814545491835,11.542445610757415],[105.8812256672046,11.5424942479531],[105.88095863878277,11.542461822912063],[105.880600057193,11.542480896316247],[105.88021095786901,11.542606781941826],[105.87999733483738,11.542786072993277],[105.8798600061218,11.543056915528345],[105.8798294884988,11.543305824809343],[105.8798600063575,11.54364533239178],[105.88027962252843,11.544406364532785],[105.88055428134135,11.544735382406484],[105.88070686959239,11.545083473550848],[105.88077553330365,11.545865486722203],[105.88066109242851,11.546074341745085],[105.88050087542317,11.54621357757644],[105.87999733500425,11.54624409617806],[105.87934120707467,11.546396684165511],[105.87894447826827,11.546388100027464],[105.87861641438171,11.546446274952975],[105.8783341271292,11.546647499614362],[105.87785347568948,11.547417114814085],[105.87769325855515,11.547793816012213],[105.87769325844418,11.54848236939567],[105.87762459333753,11.548817109152417],[105.877433858804,11.549098443388077],[105.8771286820918,11.549363563898893],[105.87646492582958,11.549799393616071],[105.87613686121117,11.550073098405042],[105.87550362162943,11.550772140824618],[105.8752747401436,11.550957154298876],[105.87505348751779,11.55108017864915],[105.87463387074904,11.551166009574771],[105.87275703968521,11.551395844246592],[105.8723984585919,11.551578950245679],[105.87211617047339,11.55182785989615],[105.87196358269674,11.552152108154736],[105.871795736643,11.55270237834611],[105.87181862432804,11.553018998162084],[105.87191780673989,11.553204011164013],[105.87207039442444,11.55326790718139],[105.8723679410062,11.553195428891756],[105.87272652297713,11.55288739147563],[105.87302406840543,11.552807282860046],[105.87319191591274,11.552828263470976],[105.87332924480894,11.552903603012185],[105.87342842679037,11.553024720390729],[105.87362679097014,11.553787659440138],[105.87375649077015,11.55406041022432],[105.87398537228144,11.554384660099869],[105.87409218402999,11.554636430132202],[105.87413033071725,11.554906319549824],[105.87408455497469,11.555105637789332],[105.87393959713877,11.555225800629026],[105.8737412314969,11.555295419266807],[105.87348183240151,11.555263947093756],[105.87312325027789,11.555078935521351],[105.87283333409233,11.55484242340124],[105.87259682255295,11.554735612458886],[105.87223061139889,11.554727982781172],[105.8706131810853,11.55504841753731],[105.86956795254267,11.555188608072635],[105.86927803584935,11.555351686047254],[105.86910255994641,11.555507135013897],[105.8691025592702,11.555833291761784],[105.86923225991845,11.555929613165526],[105.86984261190112,11.555986833062526],[105.8699189055175,11.55608601598434],[105.86993416388617,11.556230019321726],[105.86985024098139,11.55639405139543],[105.86900337813034,11.556963395875718],[105.86879738495716,11.557177973221332],[105.86859901999186,11.557619523911029],[105.86821755042925,11.558056306844223],[105.86647041874998,11.558891724901931],[105.86579903246339,11.559159708068032],[105.86550148570979,11.55934758193601],[105.86515816256086,11.559666109050916],[105.86516579284654,11.559818697322259],[105.86522682770443,11.559941721265126],[105.86611183818856,11.560282182895417],[105.86634834901896,11.560264063127015],[105.86663063726735,11.560297440969414],[105.86682900069374,11.560362291360507],[105.86696632972995,11.560466242123868],[105.86701210605793,11.56062741287392],[105.86700447701581,11.561034631924153],[105.8669205541378,11.561979723087747],[105.86682900100045,11.562512826803616],[105.8667145601667,11.562610101949982],[105.86650856590249,11.562665415063915],[105.8663178310683,11.562657785175732],[105.86614998510285,11.562542391482312],[105.86604317274664,11.562370729536488],[105.86595924992868,11.562117052493003],[105.86586006764527,11.561979723123512],[105.86565407429806,11.561889123803418],[105.86541756259801,11.561899614266459],[105.86503609280498,11.56206555427172],[105.86468514078963,11.562138033580354],[105.86432655934992,11.562055063637906],[105.86402901247608,11.561926317533954],[105.86380013088463,11.56163449340905],[105.86363228495196,11.561521958790316],[105.86343392023124,11.561513376167516],[105.86293038028455,11.561806154111347],[105.86270149811715,11.56204171194818],[105.862518392906,11.562274408457956],[105.8624649867367,11.562483263299583],[105.86245735784672,11.563543749358077],[105.8624878753981,11.563744974501734],[105.86274727497681,11.564331484592852],[105.86283882776152,11.564671945417079],[105.86283882842419,11.56500096348553],[105.86261757483261,11.565759134581063],[105.86231239929113,11.566162538826756],[105.86203774080845,11.566403818682584],[105.86175545292777,11.56650109344592],[105.86105354871759,11.566508722668944],[105.86074837277272,11.56645245563357],[105.86038216247371,11.566286516848809],[105.85990151142286,11.565921259148347],[105.85887917152047,11.564780664215998],[105.85871895388269,11.564681482811324],[105.85858162459813,11.564695787355664],[105.85852821956374,11.5647758965849],[105.85851296136951,11.564930391275032],[105.8585739957596,11.565289926833685],[105.85853584905522,11.56554932676447],[105.85844429642394,11.565780115813459],[105.8583298553825,11.565916490658868],[105.85820015571754,11.565999460867673],[105.85798653302024,11.566061449344012],[105.8574372159251,11.566162538759231],[105.8569641935648,11.565999460514664],[105.8567963467445,11.565828752523514],[105.85672768187665,11.565657092066601],[105.85672768152502,11.565494013287273],[105.8568116057586,11.565332842863938],[105.8570099696664,11.56523366101105],[105.85742195709423,11.565122080711003],[105.85749062225754,11.565048647283],[105.85749825131907,11.564956141106098],[105.85742958659382,11.564845514428535],[105.85710915161613,11.564650011378523],[105.85630806569507,11.56434483538732],[105.85584267298249,11.564250422072433],[105.85494240424711,11.564242792565624],[105.85425575859891,11.564467859857706],[105.85347755992174,11.56477875773432],[105.8522492280057,11.564832163792849],[105.85208138115303,11.564780665159544],[105.85202034564333,11.564713907501607],[105.85202797521953,11.564612818879535],[105.85219582211963,11.56437153909939],[105.8524170752155,11.564216089577682],[105.85247810977773,11.564098787915045],[105.85249336908629,11.563950968438219],[105.8524094445396,11.563776446326615],[105.8521881928444,11.563573313742769],[105.85165413488438,11.56331677479056],[105.8515244343434,11.563213777849468],[105.85143288259378,11.563129854750727],[105.85141762341344,11.562968683473775],[105.85189827588744,11.562344980486692],[105.852089010681,11.562232447567833],[105.85243233263297,11.562163782471984],[105.85269173265458,11.56218380950084],[105.85281380236613,11.562270594595958],[105.85288246761208,11.562426996732501],[105.85289772580185,11.562794161434953],[105.8529892786243,11.562867594761034],[105.85310371937226,11.562889528999706],[105.85382851237898,11.562650157032385],[105.8545075286475,11.562270594543651],[105.85381325368736,11.561876726486055],[105.8530045373756,11.56152768177672],[105.85156258206382,11.561011743535653],[105.85076912472424,11.560551120038099],[105.85038765553888,11.560527277609786],[105.85010536744252,11.56054158309188],[105.84993752069005,11.560621692303556],[105.84986885670311,11.560801935574867],[105.84990700382927,11.560993624943523],[105.8501282554027,11.561088038285494],[105.85042580303433,11.56106133596365],[105.85066994303907,11.561096621278876],[105.85079964267226,11.561226321075134],[105.85084541827817,11.561685038450545],[105.85075386651813,11.561953020545687],[105.85058601996825,11.56211514601224],[105.85036476642861,11.56217236604048],[105.85011299642382,11.562181902719566],[105.84961708643647,11.561979723569536],[105.8493882047305,11.561994028988318],[105.84922035768801,11.562185717577732],[105.84917458125007,11.562454653597253],[105.84915932257209,11.562840891818995],[105.84928139312635,11.563400699081667],[105.84922798756023,11.563598109326898],[105.84911354632608,11.563736391839694],[105.84889992377948,11.563794566486456],[105.84832008981319,11.563651515376838],[105.84754952111493,11.563370180945835],[105.84744270840388,11.56323475903933],[105.84721382789733,11.562522364721096],[105.84703835106845,11.562289667870488],[105.8464127402349,11.561809970326529],[105.84620674654582,11.561710788118946],[105.84593971875933,11.561456156866965],[105.84574135330404,11.561114741194588],[105.84555061913494,11.560980272962817],[105.84537514220068,11.561003160969085],[105.84528359015577,11.561209154814083],[105.84523018497482,11.561688852716731],[105.84523781315399,11.562333536946074],[105.84529884881096,11.563767862808925],[105.84548958359107,11.564534617234116],[105.84546669583142,11.564758730932379],[105.84526070313993,11.564906550446869],[105.84497841463289,11.564865542054424],[105.84474953281567,11.564767314742275],[105.84445961524646,11.56445355553404],[105.8438568940725,11.564130258952817],[105.84340675977757,11.564059687894781],[105.8429718833766,11.56391568335127],[105.84244545561913,11.56363816438878],[105.84187325088315,11.563208056755393],[105.84112557046913,11.562200023268984],[105.84091957640459,11.562060786780561],[105.84075935966133,11.56204266649207],[105.84062203011896,11.562100840981442],[105.84053047724514,11.562244845857009],[105.84049995961423,11.562459422500662],[105.84055336541634,11.5627464786505],[105.84096535228839,11.563552333290259],[105.84109505287688,11.563992930429897],[105.84117134710272,11.565036250238217],[105.84103401767526,11.565306140472511],[105.84086617042198,11.565412951413695],[105.84067543581796,11.565412951497649],[105.84046181224592,11.565306140678123],[105.84011086092487,11.564900828495556],[105.84008034329406,11.564718677290529],[105.83999641977054,11.564529849655946],[105.83981331464386,11.564355327510333],[105.83947762023995,11.564130259239715],[105.8391114107512,11.563929988439815],[105.83843239337038,11.563745929201223],[105.83776100717824,11.56367344948338],[105.83712013823008,11.563745929799312],[105.83673103858811,11.563875628679817],[105.83529671272483,11.564051104452616],[105.83444984966289,11.564041568381768],[105.83425148570495,11.564091159696464],[105.83386238637203,11.564382029604264],[105.83369453996258,11.564776852225387],[105.83354195289985,11.564960911282334],[105.83333595896303,11.565045788296732],[105.83312996439275,11.565054371281738],[105.83296974779849,11.56511254510378],[105.8328858247435,11.565233661829595],[105.83278664109702,11.565524532191208],[105.8326874595427,11.56558270558884],[105.83259590716689,11.565574122908576],[105.83238991333509,11.565323306891166],[105.83202370278549,11.564994289389846],[105.83182533877802,11.564978077187266],[105.83058174672381,11.565076304881993],[105.82971962577248,11.564906550853207],[105.82911690382934,11.564883663437161],[105.82875832112556,11.564821674191577],[105.82766731794993,11.564390613948946],[105.82736214218377,11.564346744800991],[105.82713326065812,11.564413501841422],[105.82685097351677,11.564547970629683],[105.82645424466074,11.564856006854866],[105.8263092855229,11.565370036842307],[105.82622536257819,11.565895511906119],[105.82580574576114,11.567098094950616],[105.82543953542095,11.567533924675145],[105.82473000114659,11.568232967863514],[105.82441719619789,11.568794682270122],[105.823852620256,11.57018895322506],[105.82373818069281,11.57029004394268],[105.82360085033856,11.57033200538192],[105.82303627547863,11.570241405191837],[105.8227158412164,11.570265247252408],[105.82218178357662,11.570432140292814],[105.82121285032098,11.570888950916252],[105.82102211533181,11.571040585573225],[105.82088478627388,11.571083500451198],[105.82075508691386,11.571068242113698],[105.82068642302062,11.571011974442035],[105.8207245696724,11.570742084602083],[105.82086189894133,11.570507481744077],[105.82087715794829,11.570356800611314],[105.82083901081586,11.570219471564325],[105.82069405134303,11.570093586421239],[105.8204422812124,11.569974377727076],[105.81977852437232,11.569946720307566],[105.81945808932815,11.569985821699971],[105.81931313175848,11.569942905579174],[105.8192063196524,11.569795087147899],[105.81913002549115,11.569543316661402],[105.81909187844346,11.569230511527726],[105.81912239680115,11.569057897094453],[105.81937416645648,11.568715527449614],[105.81963356528269,11.568596318104325],[105.81977089441799,11.568639234101793],[105.81988533541052,11.568769886248461],[105.82005318243192,11.569078876303086],[105.82017525276764,11.569089367708484],[105.82028206443523,11.569039776596712],[105.82038124636271,11.568934872945308],[105.82051094667872,11.568276836355116],[105.82061012874433,11.568020298665395],[105.8206330168422,11.567841961193073],[105.8205719815093,11.567694142022468],[105.82043465201032,11.567578747791096],[105.8201828819973,11.567516759030942],[105.8198548182303,11.567540600667982],[105.8194046833112,11.567655994586652],[105.81898506762873,11.567836239435112],[105.81851967457288,11.5680536781415],[105.81817635144293,11.568307355177907],[105.81721504791889,11.56926865846711],[105.81685646613022,11.569729283068405],[105.81649788484832,11.570336773869263],[105.81636055559868,11.570687726307943],[105.81638344327375,11.570884182754764],[105.81649025534968,11.571005299770714],[105.81664284366302,11.571044400262705],[105.81683357801673,11.57098050368009],[105.81700905450242,11.570826963138108],[105.8172150477118,11.57050843521423],[105.81736000611448,11.57040162427459],[105.81777199337193,11.570347263456684],[105.81784065812124,11.570391133064213],[105.81791695256292,11.57149167382652],[105.81805428186966,11.571651890634653],[105.81851204458752,11.57202763761961],[105.81867226278627,11.57226701127234],[105.81871803908675,11.572645619142971],[105.81866463232264,11.572831586078323],[105.81858833842688,11.572977497974442],[105.81811531689432,11.573456242962978],[105.81755837083765,11.574163869367448],[105.81731423002817,11.574378446270723],[105.81701668415786,11.574535801604426],[105.81654366101469,11.574603512610576],[105.816246114736,11.574524357722757],[105.81560524603707,11.574213459731338],[105.81542213974565,11.574181988936461],[105.81522377556824,11.574228719351938],[105.81510933441203,11.574335530484127],[105.81489571213521,11.57477898911938],[105.81462105345476,11.57616849257407],[105.81462105386227,11.576493695499956],[105.81468208920722,11.576658680986741],[105.81491097108032,11.576779798347701],[105.8151017054731,11.576804592803947],[105.81529244040793,11.576768353500213],[105.81578072171617,11.57613988255897],[105.8158951623781,11.576115087042357],[105.81599434460189,11.576193288542354],[105.81643685009382,11.577254727535719],[105.81669624886692,11.578094914556756],[105.81678017324126,11.5793671164554],[105.81685646718913,11.579839185413356],[105.81702431324614,11.580457166665921],[105.81710060703999,11.580652669379727],[105.81771858835724,11.581325009007127],[105.81774910647094,11.581496671327622],[105.81769570014782,11.58160634325778],[105.81759651782306,11.581675008012814],[105.81700142469194,11.581767514150913],[105.81671913804003,11.581889585128032],[105.81637581513847,11.582121327459824],[105.81571205710043,11.582869008698802],[105.81555946991995,11.58316464784458],[105.81550606442248,11.584022954735925],[105.81529244155223,11.584847882451804],[105.81507118860186,11.585226491069657],[105.81492623012501,11.585365727949856],[105.81472023620168,11.585476354795013],[105.81448372510346,11.58547349372429],[105.81430824894208,11.58536954296017],[105.8141556611705,11.585144475439936],[105.81409462621423,11.584951833699925],[105.81409462620691,11.584694341298936],[105.81430062064346,11.584394887552348],[105.81430062020547,11.58423657791366],[105.8142319551879,11.584111646419698],[105.81407173775938,11.584025815585512],[105.8138275972316,11.584068730865685],[105.81359108612563,11.584166005651433],[105.813446127532,11.584269002985453],[105.813392722478,11.584422544388127],[105.8133927221392,11.584644750897834],[105.81372078604088,11.585502103809661],[105.81374367473138,11.585648969791656],[105.8136521216238,11.585805372050675],[105.81161507297683,11.587138609098961],[105.81103523891248,11.587457135968904],[105.81085213300263,11.587664083755868],[105.81076058010585,11.587831930018075],[105.81072243349877,11.588020758107792],[105.81078346967386,11.589083150871616],[105.81087502179244,11.589214757772815],[105.81101998014307,11.589271978074361],[105.81133278552952,11.589271977890565],[105.81159218414518,11.589351133148822],[105.81173714314889,11.589464621194148],[105.81182106691053,11.589635327871596],[105.81192787805628,11.590211347648948],[105.81198891371707,11.590375379722103],[105.81214913044626,11.590593770828729],[105.81214150193648,11.590754941693628],[105.81192024817072,11.591041043606946],[105.81190499010785,11.591172651317661],[105.81197365499422,11.591293768023329],[105.81198891393628,11.591440633915257],[105.81192024816413,11.591544584178324],[105.8115769266149,11.591619925141957],[105.81140145091507,11.591744855815156],[105.81124886277351,11.591872647511048],[105.81112679157225,11.592112974290016],[105.81102760975413,11.59244485287163],[105.81103523975376,11.59303040938134],[105.81073006380754,11.593516783047434],[105.81066139888932,11.593799070035217],[105.81096657502833,11.594685034042772],[105.8109513159393,11.594852881368796],[105.81082924582694,11.594906285688063],[105.81044777575013,11.594927267470247],[105.8103791118084,11.595020727148794],[105.81038674116759,11.595131353181628],[105.81045540533846,11.595239119460906],[105.81080635788467,11.595496611294253],[105.81098946291824,11.595714047937525],[105.81141670864673,11.596006825955786],[105.81194313778553,11.596135573166734],[105.81196602559068,11.596232846932049],[105.81188210223594,11.59636064047502],[105.81151589101813,11.59655328247967],[105.81127938025885,11.59663243731046],[105.81073769251023,11.596635298310318],[105.81047829357223,11.596593335866539],[105.80996712368754,11.596342520232088],[105.80982979448468,11.596321539367965],[105.80970009578976,11.596378759159814],[105.80960091302812,11.596517996502316],[105.80941017874297,11.597161726070276],[105.80941017884828,11.597396330236936],[105.80950936113138,11.597690062507402],[105.80986031298752,11.598415808109442],[105.81005867652487,11.59869809547464],[105.81020363587513,11.598802046008636],[105.810714804949,11.598929838441439],[105.81077583959728,11.599062399171343],[105.81073769307332,11.599262671140307],[105.81063088205708,11.599469617977066],[105.81045540603233,11.599587874016224],[105.81024178285368,11.599615530559753],[105.81001290094322,11.599576429139228],[105.80981453672192,11.599448636879448],[105.80965431935944,11.599398092302891],[105.8089371557797,11.599587874018006],[105.80866249784928,11.599755720635699],[105.80851753858978,11.599995092517126],[105.8084412457186,11.60031648155388],[105.80842598720994,11.600623564508473],[105.8084870220051,11.600843863458564],[105.80873116180987,11.601302580765624],[105.80897530308707,11.602222876388804],[105.80912026226073,11.602449850127744],[105.809730612735,11.602720693976812],[105.81127175142777,11.602956250895748],[105.81158455598305,11.603087858318185],[105.81173714440682,11.603201346403033],[105.81180580809473,11.603445486618037],[105.81177529083051,11.604293302937618],[105.81188973200994,11.604870276116083],[105.8118592146377,11.605167822418274],[105.8116532210451,11.605368094167856],[105.81085213453899,11.6057791274028],[105.81054695834214,11.606040434680532],[105.81044777618577,11.606302694893305],[105.81044777674906,11.606573538574663],[105.81057747590329,11.60688825059377],[105.81076821101381,11.60698457236503],[105.8110276102016,11.60696645206599],[105.81146248622916,11.60673089421514],[105.8117752910872,11.606652693027],[105.81193550868697,11.606687979810477],[105.81209572522367,11.606792883476079],[105.81220253759784,11.606994108877693],[105.81233223734046,11.608172850881454],[105.8125077131276,11.608313040466946],[105.81272133625521,11.608408407580923],[105.81291207170891,11.608408407667564],[105.81324776400042,11.60823388507196],[105.81331642927078,11.608233885390407],[105.81343087083044,11.608320669461902],[105.81349953442123,11.608880476820216],[105.81372078795174,11.609229521826416],[105.81385048633011,11.60932584234253],[105.81389626376287,11.609456495326112],[105.81382759878788,11.609588102131298],[105.81369789830667,11.609640555506436],[105.81309517623875,11.609500364529962],[105.81261452405167,11.609247641428311],[105.81224068414546,11.609134153742936],[105.8114319687339,11.609150366485974],[105.81124123350205,11.609220938914941],[105.81121071690711,11.609308676752432],[105.81131752740588,11.609474615700774],[105.8117752915494,11.609891371807755],[105.81195076796949,11.6101221608526],[105.81195076780078,11.61034150552171],[105.81185158511182,11.610747770942961],[105.8116303323818,11.611077742516757],[105.81130226862777,11.611362890909309],[105.8112564923967,11.611582235336275],[105.81140145145763,11.611966566897882],[105.81157692796536,11.612669424508406],[105.811622703573,11.613207296521491],[105.81155403911303,11.613646940676752],[105.81143196834918,11.614052252413215],[105.81113442243807,11.614240126372453],[105.8108216178611,11.614524321646586],[105.8106995464483,11.61473412937191],[105.81070717669857,11.61509557311458],[105.81072243433387,11.615326362122085],[105.81089791165734,11.615579084992017],[105.81118019868234,11.615754562061358],[105.81140145159804,11.616017775937928],[105.81144722801763,11.616248564721412],[105.81130226874723,11.616599517229288],[105.81099709344294,11.616929487949081],[105.80967720815146,11.617840246524073],[105.80941017996471,11.618214087781103],[105.80932625611051,11.618609862435395],[105.80947884401087,11.619082884657503],[105.81027993060455,11.61982579721023],[105.81089791200247,11.619794326130776],[105.8113022692263,11.619835334175946],[105.81149300395624,11.619792418808599],[105.81184395606105,11.61947579848075],[105.81200417430139,11.619120077920456],[105.81240853182229,11.61894364752158],[105.81309517729916,11.618941740587204],[105.81420143945833,11.618765310605077],[105.81504067290601,11.618877844815598],[105.8161240473703,11.619231657279105],[105.81639870494136,11.619245010009374],[105.81721504994167,11.619041876655752],[105.81774147841553,11.618997053382817],[105.81798561932345,11.619067625432876],[105.81854256516677,11.61933751521287],[105.81921395179576,11.619478659970977],[105.82003029730521,11.619503454747935],[105.8205567253172,11.619444326313321],[105.82206734497902,11.619453863506466],[105.82270821422202,11.619379477624],[105.82296761439004,11.619222119994244],[105.82366951780382,11.619018034473722],[105.82435616352417,11.618972258605272],[105.82537087282567,11.618739561336822],[105.82627877121769,11.618822530804369],[105.82680519882886,11.619049505363636],[105.82740792116972,11.619211629671003],[105.82794960861705,11.619161085195106],[105.82823189668947,11.61941762442871],[105.82849892536413,11.620791868311107],[105.82900246583041,11.621993498480983],[105.82939919381019,11.622580961468323],[105.83016976271578,11.623221829756803],[105.83114632575645,11.62377686867746],[105.8326950928647,11.624904112019058],[105.83277138630918,11.62556023995348],[105.83306130391735,11.626665548487196],[105.83595284442282,11.636068777460055],[105.83712014225883,11.640268759377495],[105.8366623793041,11.646686987328282],[105.83673104332085,11.647705511771422],[105.83698281277675,11.647932486238274],[105.84346016948403,11.650301413005884],[105.84499367859131,11.653074698315738],[105.84690865641805,11.65588803770655],[105.84999856168162,11.660126165875607],[105.85144051659195,11.661315397375425],[105.85325631330444,11.662455038281074],[105.86343392530557,11.66805024530112],[105.8682099263685,11.670740560886719],[105.86958321734197,11.671185926556511],[105.8724518710199,11.671270803525989],[105.87362679687557,11.671493962525204],[105.87464150677609,11.671874478494892],[105.87543496396695,11.672395185834658],[105.87753304665371,11.674337820033484],[105.87899789104752,11.675275281928878],[105.88183602585796,11.676538899372614],[105.8838196686127,11.676829770429324],[105.88683327899206,11.677173092939931],[105.88723763729143,11.67716832528639],[105.88764199536587,11.677073911441354],[105.88813027610806,11.676732495440014],[105.89025887688643,11.67460198682071],[105.89254006664028,11.672867252962458],[105.89384469330399,11.671555950680572],[105.8947068144648,11.67080159427106],[105.89579018814587,11.669931843891254],[105.89656075745515,11.66914029357151],[105.90177926257704,11.664682819453851],[105.9031220367822,11.66344590397291],[105.9037400180381,11.663113070832125],[105.90468606248395,11.662503673414594],[105.90599831822091,11.661591006396204],[105.90847024216403,11.659963084589531],[105.91291054967985,11.657226993398579],[105.9149628568243,11.656151248471973],[105.91873940637194,11.653888178807723],[105.92199715841852,11.651387644556383],[105.92271432139819,11.65074582135159],[105.92525490918611,11.649288607738622],[105.92890176078603,11.647549104978305],[105.93058785605116,11.646686028782094],[105.93241891193182,11.64600892110133],[105.93480691164517,11.645276499020449],[105.93638619673345,11.644844483792726],[105.93807229212646,11.644305657355156],[105.9390107082808,11.644113969556175],[105.94120034495455,11.64387364336324],[105.94140633775426,11.643813561041632],[105.94186410166665,11.643401574241485],[105.94236001265426,11.642650079451192],[105.95078286389818,11.639719437144414],[105.95252999517339,11.639116714494266],[105.9532166403391,11.639205406328811],[105.95340737537747,11.639506767275204],[105.95368203393559,11.64219899043718],[105.95468148465575,11.64438385883879],[105.95812234160883,11.647434662711909],[105.95950326227604,11.650273750919244],[105.95990762052217,11.650793503238837],[105.9603501248468,11.651124428779015],[105.96152505192235,11.651626060706567],[105.96395119901418,11.652221153809684],[105.96529397308166,11.65283150520741],[105.96638497611532,11.654365013336212],[105.96829232531925,11.656503151458471],[105.97058877310211,11.658346603629314],[105.97116097748545,11.65914101407694],[105.97191628834598,11.661240051388566],[105.97573861505784,11.664891670788961],[105.98023232819318,11.667693564951925],[105.98063668681598,11.668180893106678],[105.98108682057554,11.669372032220817],[105.98126229699585,11.672095725926768],[105.98104104478553,11.678131531325123],[105.9804001757767,11.679454277439241],[105.9797211604067,11.680134247481284],[105.97737893589812,11.6820845116128],[105.97689065444203,11.682761619815272],[105.97695931925804,11.683220337523533],[105.97965249569526,11.687117051232333],[105.98158273265976,11.690440606067973],[105.98290261749888,11.692298363939656],[105.98509225385074,11.694547128215907],[105.9941636059433,11.702157448827606],[105.99540719659119,11.703096817724735],[105.99612435944272,11.702907036618384],[105.99759683219915,11.701392601733136],[105.99871072455373,11.701291511341484],[106.00039682046243,11.702411125423312],[106.00232705788605,11.704421470084656],[106.00378427180196,11.706776092238686],[106.00470742877462,11.709245155131923],[106.00685128980123,11.71549935192333],[106.00807199279804,11.71750969787102],[106.00956735410132,11.720966766507269],[106.01092538591215,11.722909401447666],[106.01185617226413,11.723311851914445],[106.01342019753018,11.72357125150318],[106.01408395640843,11.724058578245314],[106.01431283781226,11.72451538878764],[106.01525888207247,11.729081581379223],[106.01539621241588,11.731991241483856],[106.01477060136193,11.73538441534728],[106.01262674153429,11.7433151718213],[106.01134500417268,11.745580148859238],[106.00963602017333,11.74790234558455],[106.00933084403175,11.748796891611283],[106.00945291380037,11.749646615808679],[106.01015481940738,11.751182984786919],[106.01157388639066,11.753324937782455],[106.0122910492521,11.754947137711044],[106.01235208476918,11.755937051470246],[106.01194009743692,11.759081315862353],[106.01251993171549,11.760297251291462],[106.01351175255134,11.761335801582167],[106.0142594344915,11.763579797615934],[106.01449594483049,11.765121889209992],[106.01503000304486,11.76670403471215],[106.01576242429618,11.767921877168336],[106.01740274482611,11.770067644409057],[106.01849374892026,11.771327447732391],[106.02015695623153,11.77241082162405],[106.02199564108024,11.773680162254308],[106.02257547484938,11.774419259720187],[106.02335367238183,11.774833154852107],[106.02497873382329,11.775073479560213],[106.03173074821451,11.774875115531467],[106.03221902894965,11.774982880553198],[106.03744516542147,11.777533006633204],[106.03967294848269,11.778557252373718],[106.04122171569622,11.779016923366223],[106.04252634257037,11.778996896565946],[106.04319772805047,11.778786134298384],[106.04386911495799,11.778244446740711],[106.04602060429693,11.77592797164112],[106.04719553138052,11.774293373727295],[106.05210886154495,11.773748825775913],[106.06610880010638,11.775308081550431],[106.0709305775444,11.77554650051012],[106.07218179838182,11.773804137361454],[106.07345590747705,11.772684523194354],[106.07412729414844,11.772436568677556],[106.07531747935049,11.772342153881825],[106.07605753034171,11.77224201866197],[106.07662210681197,11.772027442155093],[106.07905588312815,11.770300337834616],[106.08043680385337,11.769548841770348],[106.0819321645095,11.768468329000244],[106.08306131588188,11.767713972859067],[106.08388528956444,11.766880460647],[106.08448801156142,11.76637596787435],[106.08486185218716,11.7662710638438],[106.08518991655748,11.766274877752753],[106.08604440880677,11.766358801974034],[106.08715830019614,11.766592451768725],[106.08756265766836,11.766598173409859],[106.08801279202929,11.76667637456838],[106.08875284386689,11.76661247810321],[106.08934793609734,11.76640076255148],[106.0898743641128,11.76600403400397],[106.09021005715273,11.765604444761513],[106.09073648623725,11.765245863664699],[106.09186563658278,11.764380880534217],[106.09228525304052,11.763506361432905],[106.0926285750526,11.762485928993485],[106.09291086334379,11.761023946326857],[106.0928803455925,11.760253378153529],[106.0930024160593,11.759376950781819],[106.09313211488384,11.757913060916017],[106.09329233334978,11.757255978806372],[106.0935593617271,11.756820150132748],[106.09415445388346,11.756496853900062],[106.09601602733034,11.756373830685272],[106.09738168830806,11.75639099679433],[106.09923563080412,11.756599850946303],[106.09979257754686,11.756567425981283],[106.10011301099367,11.756449170471111],[106.10043344598097,11.756246037938086],[106.10073099189522,11.755736775800464],[106.10122690311375,11.754681058185744],[106.10169229564268,11.753405041358368],[106.10204324783398,11.752199597316425],[106.10212717228366,11.751431888860747],[106.10227975922137,11.750811047481678],[106.10251627107962,11.750263638442243],[106.10363779184433,11.748467869387833],[106.10451517159645,11.747379727330872],[106.10533151718914,11.746520465774442],[106.10708627793464,11.745320744056013],[106.10871896813926,11.744349903601272],[106.11268625328762,11.74338383179822],[106.11490640693816,11.74304336911009],[106.11753091855647,11.743278925940416],[106.11869821637391,11.743510669271576],[106.11951456217457,11.743856853174824],[106.12015543045202,11.744430965103325],[106.12067422963806,11.74483341593906],[106.1218415265335,11.74500793766173],[106.12396249925074,11.745564883540023],[106.12468729086933,11.745541996366693],[106.12540445439916,11.7450880465178],[106.12633523998755,11.744651263823268],[106.12774667811308,11.744380419904056],[106.12852487672511,11.744355624428227],[106.13019571367634,11.74469799378192],[106.13107309427402,11.744691317824305],[106.13260660295035,11.744986956772218],[106.13409433515095,11.744759028323065],[106.13744363893633,11.743979876450608],[106.13925180555296,11.743339961291746],[106.14094553091005,11.74281257866156],[106.14270792135078,11.741991464884956],[106.14349374879245,11.74150699876762],[106.1441727647438,11.741006319785507],[106.14478311615953,11.7406258039557],[106.1458512324944,11.740126077613397],[106.14701090033375,11.739507143953867],[106.15031442749694,11.737887804319636],[106.15106210845158,11.737434808501542],[106.15222940488088,11.736816827177318],[106.15344247924172,11.73638767460066],[106.1540986072798,11.736388628099991],[106.15465555293525,11.736508790365002],[106.15516672209577,11.736722414429831],[106.15666971317482,11.737654152845735],[106.1574402826648,11.738298837345697],[106.1588288325591,11.739586298023601],[106.1599427232784,11.74054187872009],[106.16072092254726,11.741376343729021],[106.16122446218819,11.741996232794417],[106.16220102445988,11.743070069584418],[106.16316995747238,11.744048539599296],[106.1642609618426,11.745313112319677],[106.1654740351849,11.746553841735146],[106.1671677610123,11.747961465167421],[106.16780100065708,11.748366777066284],[106.16922769660844,11.749011461076579],[106.17012796578423,11.749347154054817],[106.17115030492124,11.749657098099602],[106.1717072508247,11.749585572909503],[106.17209635012158,11.749443475150953],[106.17255411438065,11.749014321486383],[106.17304239482432,11.748418274573874],[106.17369852341834,11.747774544444217],[106.17437753938367,11.747155610732225],[106.17507944343,11.74665588444938],[106.17578134667869,11.746274414113678],[106.17699442097695,11.746084633110934],[106.1777421015667,11.74620384299242],[106.17918405738116,11.746940078905336],[106.17967233889817,11.747312012235861],[106.18021402592535,11.747812691127432],[106.18056497850552,11.74836296137159],[106.18120584707454,11.749607506401],[106.18138132322754,11.750028077147762],[106.18222055675014,11.75096553841183],[106.18354044270833,11.75195259096381],[106.1844407105145,11.752422752991905],[106.18493662132701,11.75260013653106],[106.18550882549694,11.752713623141124],[106.18676004682823,11.753054085167234],[106.18768320311044,11.753377381352145],[106.18812570842924,11.753345910140348],[106.18872080164253,11.753151359951186],[106.18916330515023,11.752877655161447],[106.18956003500139,11.752465668312544],[106.1903382324622,11.751764717542232],[106.19091043763825,11.751368942788947],[106.19242868628594,11.749876442163652],[106.19283304458042,11.749434890887287],[106.19343576652233,11.748550834695038],[106.19393167760589,11.747621955571013],[106.19438181164008,11.746631088609286],[106.19460306434033,11.745930137767235],[106.19477090980787,11.744878234397163],[106.19490823914333,11.743084373157826],[106.19510660365435,11.741192283613108],[106.19569406697832,11.740010680896383],[106.19614420110983,11.739700736555003],[106.19686136380615,11.739345970245386],[106.19743356887994,11.739124717458584],[106.20029459217339,11.737381400248477],[106.20108804855505,11.736835898775421],[106.20220194077876,11.73584598434292],[106.20286569789147,11.735093535293009],[106.20454416525942,11.733414114110104],[106.2056885739756,11.73228877979382],[106.20648965939714,11.731571616224267],[106.20718393482856,11.731106221896528],[106.20776376880215,11.730722845523967],[106.20884714229756,11.730338514886219],[106.20970163440232,11.7301830663622],[106.21055612808254,11.730097235077452],[106.21166238999773,11.730112494464528],[106.21296701551623,11.729401052667564],[106.21371469681579,11.728737294686836],[106.21469125952157,11.728193701162962],[106.21524820483046,11.72805351100563],[106.21618662076547,11.728041112472969],[106.21717081285054,11.72816699767606],[106.2182084101351,11.728418767997617],[106.21924600764702,11.728978575027925],[106.21990213551231,11.72939723721185],[106.22167215528393,11.730055272417909],[106.22474680152314,11.731105268613982],[106.22557077636941,11.731316030844145],[106.22623453334738,11.731392324158382],[106.2269593263144,11.731393277594272],[106.22762308356812,11.731290281463197],[106.22885141645821,11.731033742218873],[106.22976694348156,11.730725705207274],[106.23132334055826,11.729890287254522],[106.2320710203985,11.729568897811127],[106.2327118887901,11.729170263413417],[106.23439798621898,11.728258550303028],[106.23580179407143,11.72729438470316],[106.23650369794422,11.726870954129355],[106.23813638913606,11.72611087470823],[106.23976907884209,11.725787579822372],[106.24069986532778,11.725772320714213],[106.24276743099928,11.725819049967154],[106.24384317588158,11.72596591634188],[106.24633035916176,11.726525723532804],[106.24863443639502,11.726704060263536],[106.24926004623293,11.726674495744641],[106.24981699233828,11.726556240087637],[106.25148020045816,11.725790440151162],[106.25207529331546,11.725611149337547],[106.25286874998626,11.725470005092957],[106.25475321033387,11.725429950764267],[106.255462744478,11.725288806434417],[106.25621805468478,11.725067554358573],[106.25826273248002,11.7235607484716],[106.25891885998777,11.722978053414195],[106.25944528789935,11.72231429633156],[106.25985727515041,11.721892772716853],[106.26049051533758,11.721570429945924],[106.26118479011015,11.721290050526276],[106.2620240232814,11.721128878931648],[106.26335153808009,11.721108852461388],[106.26431284270922,11.72104877058925],[106.26490030555182,11.720947680696682],[106.26538858668168,11.72076648296783],[106.2660065672291,11.720344958640354],[106.26663980683223,11.719761309785335],[106.26692209450066,11.719359812985711],[106.2672501584912,11.718778071815311],[106.26776132819617,11.717530666227379],[106.26849375051066,11.716385302758772],[106.26880655496485,11.715581354322548],[106.269188024797,11.714757381057284],[106.26953897720396,11.714254793694284],[106.26980600619996,11.71395343223023],[106.27025614002693,11.713652071484026],[106.27129373806525,11.713169512327854],[106.27237711183761,11.712887224795066],[106.27270517591109,11.712646898610258],[106.27278909918903,11.712405619326848],[106.27278909939587,11.711943087253088],[106.27272806424028,11.711621699630063],[106.27256021646016,11.71131938441892],[106.27190408854588,11.710757670006137],[106.27143869557791,11.710556444837735],[106.27092752660498,11.710255083404137],[106.2705155390242,11.709792551604886],[106.26957712391736,11.708163675150747],[106.2692490597147,11.706978258360243],[106.26921091221564,11.7064756722363],[106.26929483598332,11.705852923233603],[106.26968393469731,11.70500892160483],[106.27014932754786,11.704465326200738],[106.27074442045313,11.703902659381221],[106.2715836545089,11.70328086325481],[106.27352152001446,11.702234681991895],[106.27454385915068,11.701872285500443],[106.2755661973457,11.70161193309698],[106.2758713738836,11.7014107080245],[106.27638254341336,11.70094912876604],[106.27789316350042,11.699722704050462],[106.27915964268632,11.698717530984409],[106.28040323461771,11.697792466865907],[106.28283701008651,11.695823129298212],[106.28733072431916,11.691802437952713],[106.28902444878251,11.690436776082477],[106.29163370232583,11.687621530014013],[106.29466257211021,11.684627945514837],[106.29578409257354,11.68319934116456],[106.29653940303604,11.682375366020334],[106.29721078957472,11.681551391718074],[106.29829416406321,11.680827553117098],[106.29840860438195,11.680674964930505],[106.29851541610142,11.68052714477559],[106.29853830381003,11.679822380007984],[106.29837808640606,11.678657944184225],[106.29837808649252,11.677531654198628],[106.29850015629812,11.676546509197683],[106.29866037466923,11.675863678187197],[106.29896554969744,11.675381118383795],[106.29959878998615,11.675301009907638],[106.30094919253342,11.675361091431586],[106.30415353908451,11.67566149826066],[106.30666361000394,11.675721580235965],[106.31497964953853,11.676344329270517],[106.31595621225023,11.676384383204313],[106.31724557971933,11.676886969965102],[106.31873331195314,11.678313666241813],[106.31975565120271,11.679177694607013],[106.32183847532691,11.680825644398407],[106.32282266746441,11.681307249878678],[106.32378397094611,11.681669645638944],[106.32496652717221,11.682032042480486],[106.32574472558153,11.682412559026318],[106.32614908327822,11.682875090533843],[106.32704935240588,11.684040480945928],[106.32776651598152,11.684844427581353],[106.32846079068624,11.685367995008379],[106.32972726989335,11.685929708612909],[106.33150491889403,11.686130934255084],[106.3322144528637,11.68607085283915],[106.33272562136302,11.685768537637248],[106.33323679196003,11.685245924704127],[106.33358774398909,11.684642248284906],[106.33377084894664,11.683075361498458],[106.33405313620204,11.682331495598797],[106.33464822940772,11.68148654045442],[106.33517465772763,11.681125097302333],[106.33583078519139,11.680964880390418],[106.33818063821184,11.680943899452243],[106.33903513128593,11.681365423006753],[106.33966837102516,11.6818889895674],[106.34279642272513,11.684057646172857],[106.34349069772755,11.684239798250436],[106.34416208470613,11.684258871238413],[106.34471140060141,11.68421881713408],[106.3452073118541,11.684097699572908],[106.34575662750412,11.684037618925549],[106.34635172058904,11.684117727064603],[106.34702310766669,11.68453925084727],[106.3479004875289,11.685264043596455],[106.34906778466151,11.68636839824858],[106.34983835366319,11.687352591061963],[106.35118875761357,11.688960484592213],[106.35184488540419,11.689583234394332],[106.35306558873263,11.69038813592276],[106.35413370365096,11.690788678862024],[106.35508737825107,11.691090993593436],[106.35807047173547,11.692355565639614],[106.35984812091756,11.693058423137927],[106.36152658721183,11.693902425099388],[106.36258707256526,11.694605283372267],[106.36331949460164,11.694967678971345],[106.36644754653103,11.695890835965763],[106.36914072297066,11.696412495813496],[106.37071237852909,11.696472576598383],[106.37208566961172,11.696210316585598],[106.37342844305127,11.695727757084965],[106.37365732536797,11.695667675985474],[106.37654886514491,11.695593288282337],[106.38002024033094,11.69557707651301],[106.38214884108737,11.695786884441102],[106.38327036179511,11.695782116153362],[106.38625345501005,11.69511263661092],[106.38941202468497,11.692885807292658],[106.39198313099381,11.692597796537767],[106.39511881247252,11.692582537489018],[106.39711008446002,11.691745211266785],[106.39862070393636,11.690852572578367],[106.40060434653162,11.689018657194943],[106.40200815511155,11.687629153483375],[106.40303812325148,11.686876704092807],[106.40448770758111,11.686142375049796],[106.40571604099588,11.685696054561973],[106.40717325519117,11.68524782812132],[106.40895853268437,11.684027125054202],[106.41006479608357,11.682147432842868],[106.41128549909091,11.680488039361776],[106.41384897430727,11.677388597514556],[106.41764841355763,11.67670862716274],[106.42033396117311,11.676364350780373],[106.42313394831653,11.67695658224862],[106.42436990952604,11.677171159841484],[106.42537699019891,11.67705576478618],[106.42593393573718,11.676501679212024],[106.42681894586637,11.674843240213217],[106.42815408976865,11.67351477093511],[106.42993936734685,11.672513413064955],[106.43138895311151,11.67151491582945],[106.43295297869719,11.6710657358607],[106.43418894101285,11.671060013513673],[106.43630991321498,11.670717644222329],[106.43843851392072,11.670817779836492],[106.44160471295426,11.671260284381962],[106.44358835496094,11.671821998174462],[106.44477091059677,11.672027992015575],[106.44588480325133,11.672063278735168],[106.44818888026884,11.672052787609754],[106.44945536050248,11.671906875099983],[106.45066080440635,11.67138807638207],[106.45084390910775,11.671062874350712],[106.45121774999407,11.671568321205257],[106.45167551316499,11.671183990196464],[106.45065317548591,11.670345710231194],[106.45053873444459,11.670134947770375],[106.45055399244447,11.669888900385223],[106.45067606263068,11.669593260700108],[106.45079813313079,11.66942827639147],[106.45155344271433,11.668853209670395],[106.45185099017176,11.668500351026003],[106.45195780138508,11.668268607704801],[106.45196542984664,11.667704033263494],[106.45184335967649,11.66681044031326],[106.45168314331704,11.666454718965303],[106.4512787851751,11.666137145667465],[106.45032511060427,11.665769980497648],[106.44973001753316,11.665420935650161],[106.44936380700817,11.665062354794948],[106.4493256594759,11.66483347277483],[106.44939432344643,11.664632248163047],[106.44956217106525,11.664426253907553],[106.44980631126859,11.664225981668404],[106.45025644574925,11.66396181530635],[106.45114908441208,11.663562224568997],[106.45172128966857,11.66339056392184],[106.45198831880663,11.663241789851744],[106.45209512973733,11.663032935580741],[106.4520722418117,11.662744925896895],[106.4519654296628,11.662545607315284],[106.45158396076529,11.6622165910531],[106.45127115550177,11.661836075178472],[106.45107279047323,11.661441253002742],[106.45099649693053,11.661102698983882],[106.4510193853304,11.660809920860624],[106.45110330836029,11.660602019527966],[106.45126352595837,11.66045324627686],[106.45197305968452,11.660003112000483],[106.45272836961145,11.659599707310022],[106.45378885570476,11.659112380846771],[106.45450601881231,11.658866332353783],[106.45486459922954,11.65865270903912],[106.45517740539289,11.658388541295569],[106.45538339872564,11.658053801098628],[106.4553986571149,11.657812522267841],[106.4553413755408,11.65762874207215],[106.45532999247325,11.657592223791145],[106.45504770576356,11.657135413113178],[106.45456705322145,11.655488417273599],[106.45437631816434,11.654973433293753],[106.45417032407387,11.654680655735339],[106.45335397937059,11.65429632469766],[106.45318613295379,11.65407793319423],[106.45318613329374,11.653808997631888],[106.45327768523394,11.653650687449366],[106.4534836790997,11.653479025206735],[106.45384989018464,11.653294013505809],[106.45439157676714,11.65311186158208],[106.4551392581713,11.652716085796804],[106.45581827412701,11.652425215405344],[106.45701608914938,11.652079984752808],[106.45769510541875,11.651943610124931],[106.45805368582427,11.65179960518535],[106.45863351993701,11.651508733786502],[106.45921335430913,11.651000425678857],[106.45967874681874,11.650297568335423],[106.45998392299835,11.649624274037018],[106.46007547645516,11.648948119181203],[106.4597245239908,11.647705480572576],[106.45938120117235,11.647134229710002],[106.45900736109134,11.64666597607253],[106.45861063187017,11.646037505044125],[106.45849619066344,11.645563528630488],[106.458572485048,11.645175383025553],[106.45877847897879,11.644747182533955],[106.45951852969193,11.643924162374907],[106.46066293893622,11.642765447672074],[106.46228799983773,11.641303464450884],[106.46320352744084,11.640619680140714],[106.46443185993509,11.639847204471103],[106.4646454823021,11.639612600387881],[106.4647370353225,11.639396116542004],[106.46472940592844,11.638967916226187],[106.46459207672247,11.638368054760468],[106.46431741823498,11.637545988585924],[106.46391306019784,11.636763020754591],[106.46343240876433,11.63604395149964],[106.46253652703977,11.634923484344283],[106.46204385914157,11.634307310374009],[106.46190652980383,11.633976385159578],[106.46193704739524,11.63374178158503],[106.46209726395374,11.633605405561266],[106.46233377600721,11.633525297377878],[106.46275339271561,11.633473797959326],[106.46447763560951,11.633528158028987],[106.46533975772024,11.633490963862556],[106.46570596825222,11.633387968299779],[106.4658967035963,11.633244916894299],[106.46604929117309,11.632919713822915],[106.46614084379054,11.63247434816536],[106.46614084310646,11.631903096459311],[106.46596536728593,11.631257458893021],[106.46557626823093,11.630532667003884],[106.46533975706676,11.629972859528936],[106.46525583420994,11.629390164769235],[106.46532449828551,11.629076405528295],[106.46561441544233,11.628556653415137],[106.46640787234652,11.627335949760102],[106.46654520131918,11.627008839861476],[106.4665680903075,11.626477643685345],[106.46643076036722,11.626118108084883],[106.46607217906187,11.625684187094773],[106.46568308016676,11.625330373036146],[106.46419534762886,11.62431280246889],[106.46392831885828,11.623987599676033],[106.46377573077595,11.623673840438311],[106.4637681015476,11.623339100617764],[106.46391306002644,11.623016758862066],[106.46429452959762,11.62262289148773],[106.46467599938123,11.622474118166595],[106.46511087462856,11.622434063191616],[106.46537790382128,11.622525616349986],[106.46568307969,11.622569485700971],[106.4660874379449,11.622460766357797],[106.46631631953564,11.6222175797425],[106.4665146842862,11.62184564670466],[106.46659860678871,11.621397419535343],[106.46660623688302,11.619738980679609],[106.46670541914149,11.619549199561922],[106.46684274774204,11.619396611147659],[106.4671936997662,11.619282170530793],[106.46788797443307,11.619168683504192],[106.46849832601667,11.619116231299158],[106.46878061373214,11.618899745986388],[106.46919260109891,11.617871686004394],[106.46970377067639,11.615473195167281],[106.46967325289722,11.61502782913668],[106.46940622326613,11.61465589648689],[106.4692460064552,11.614359302989142],[106.46925363589409,11.61409608912874],[106.46942911233879,11.61390249284685],[106.46972665810127,11.613810939738174],[106.47161111835112,11.613807126072269],[106.47251138794307,11.613719388319282],[106.47319803297113,11.61358873378117],[106.47364816741258,11.61344472878022],[106.47495279392106,11.612788600878138],[106.4753342631637,11.612714214894472],[106.47566995687014,11.612754268437884],[106.47656259557243,11.613399906785338],[106.47675333026841,11.613475246366708],[106.47693643620728,11.613467617269878],[106.47707376560707,11.613379879216662],[106.4771424294648,11.613268299544478],[106.47715005924084,11.613063259938478],[106.47711191273275,11.612949771518611],[106.47634134312128,11.612036151966864],[106.47608194413728,11.611443920725542],[106.47600565067799,11.610886974874271],[106.47610483271686,11.610641880828352],[106.47623453175757,11.610501690025487],[106.47641763764462,11.610345287605876],[106.47656259546063,11.610287114011372],[106.47682962460625,11.610252780513024],[106.47781381648971,11.61053506848244],[106.47834024435323,11.610616130248069],[106.47890482030917,11.610612316111919],[106.48004922982417,11.610357685198679],[106.48159799685561,11.609822673661046],[106.48178873114391,11.609659595071609],[106.48185739555916,11.609463138203527],[106.4819031726587,11.608893795522985],[106.48182687812513,11.608355922154239],[106.48181924840088,11.607233448630842],[106.48185739547158,11.60693494678546],[106.48198709534579,11.606463832466758],[106.48210916503201,11.60626356081071],[106.48229227096802,11.60610143610496],[106.48262796457759,11.605901164961072],[106.4835511213048,11.60561029412189],[106.48419961941401,11.605311794455465],[106.48494730053167,11.604788227267425],[106.48548898757728,11.604234142253913],[106.48623666781485,11.603850764523695],[106.48661813691379,11.603537005874097],[106.48672494962216,11.603314799982433],[106.48664865501006,11.602996272530387],[106.48612222683047,11.602167529827433],[106.48593912080979,11.601795596844159],[106.48561105689423,11.600841922115212],[106.48455820062091,11.599145336100703],[106.48426828419387,11.598340434444818],[106.48408517777752,11.597580355689411],[106.48387155518263,11.597425860531851],[106.48326120382129,11.597415369826258],[106.48295602764674,11.59728376290141],[106.48281106947931,11.597083491910565],[106.48276529282613,11.59680978671738],[106.48310098686171,11.594776553689673],[106.48348245539134,11.594205302236828],[106.4850007055666,11.592561167046513],[106.48540506374711,11.591972750119618],[106.48583230980203,11.59120695076817],[106.48625192509802,11.590167444959722],[106.48663339592224,11.588888567594662],[106.4868012421181,11.58782617409966],[106.48690042478513,11.58634130358399],[106.48693857123426,11.584925097292144],[106.48725137600356,11.58417741609437],[106.48752603385967,11.583971422754304],[106.48820504987383,11.58368627375555],[106.48928079534878,11.583354395149923],[106.48957834130232,11.583172243935394],[106.4896546355029,11.582881373162229],[106.48943338313558,11.582447450486265],[106.48928842397713,11.582008761039734],[106.48928842432346,11.581574838786814],[106.48944101244784,11.58111516788361],[106.48973092930166,11.580768030696515],[106.49058542219996,11.580054681303904],[106.4907074920618,11.579787652556268],[106.49065408650175,11.579471986972644],[106.49048623912563,11.579161089077465],[106.49015817485424,11.578838746289152],[106.489868258291,11.578658502459941],[106.48931894225568,11.578505915147657],[106.4889985067184,11.578509730214913],[106.4887238490228,11.578661363779277],[106.48783884017415,11.57950536576236],[106.48746499916048,11.579598825646434],[106.48713693507734,11.579559725066426],[106.48675546484849,11.579392832233559],[106.48632821903419,11.57890741232407],[106.48610696694027,11.578415316033626],[106.48597726688918,11.577934664076349],[106.48604593212306,11.577662866669776],[106.48629770205254,11.577366273549481],[106.4867707234982,11.576975267583121],[106.48767099256602,11.576554696712744],[106.48826608599936,11.576345842406266],[106.48865518498621,11.57594053072399],[106.48918924152304,11.574507158291842],[106.48963174695304,11.573925416873584],[106.49028787441702,11.573257844881686],[106.49041757462857,11.57281152576959],[106.4903794274107,11.571575563298959],[106.49043283351915,11.570987146427973],[106.490463350345,11.570528428072363],[106.4904099447182,11.570166032124272],[106.49018869240284,11.569803636573644],[106.48949441769635,11.56900922581604],[106.48867807234049,11.568681161716214],[106.48833474921074,11.568425577273365],[106.48818979112002,11.568018358208151],[106.48809060956096,11.565694253784557],[106.48789987450066,11.56537954160992],[106.48754892236556,11.565225046422057],[106.48642740170766,11.565014284347813],[106.48605356015102,11.564782541179259],[106.48589334312943,11.564392488822062],[106.48580942055003,11.563968102965628],[106.485862824931,11.563439767810602],[106.48609933677453,11.562144678063175],[106.48602304318787,11.561819475335595],[106.48580178969762,11.561584871529604],[106.4853135091216,11.561281602483238],[106.4840622883069,11.56089154964492],[106.48310861391067,11.56052533930202],[106.48266610930847,11.560265939736833],[106.48249826206717,11.55995218070315],[106.48246774458566,11.559651773355336],[106.48259744385312,11.559316080177949],[106.48284158516886,11.5590433290454],[106.48432931718396,11.558235566814483],[106.48445138675072,11.557952324971868],[106.48434457604678,11.55761377130278],[106.4840622876979,11.55716554401207],[106.48369607670126,11.55697194841505],[106.48336038419004,11.557065408010883],[106.48274240319365,11.55736200162009],[106.48236093263681,11.557334344692022],[106.48204812808781,11.557099740051166],[106.48194131668585,11.55684797020159],[106.48200998071782,11.556564729346505],[106.4824219676925,11.555911462544595],[106.48257455578272,11.5554107833783],[106.48257455597033,11.55486242060753],[106.48241433859026,11.554592531618997],[106.48216256868193,11.554500024336559],[106.48175058164898,11.554603021277902],[106.48154458744386,11.55483667088548],[106.48129281792674,11.555878084011914],[106.4810257891415,11.55612413227663],[106.48069772432113,11.55609552118105],[106.48049936110738,11.555818002276823],[106.48046121395694,11.55524961259371],[106.48074350139244,11.550702492895494],[106.48009500215852,11.54880658927225],[106.48012552053763,11.54852906865273],[106.48062906026536,11.547439020265578],[106.48060617161497,11.547229211141435],[106.48042306619298,11.546820085351618],[106.48005685537252,11.546729486480235],[106.47863778861459,11.54718343473866],[106.4777070022709,11.547716539539731],[106.47642526341525,11.548533838719386],[106.4756775830596,11.548908632664872],[106.47498330844542,11.549045007112634],[106.47414407446715,11.54869310163924],[106.47271737791992,11.548250596247097],[106.47230538973879,11.547806184424262],[106.4723435371113,11.547242563772263],[106.47311410618121,11.545987527341799],[106.4730454419262,11.545577447495692],[106.47271737811623,11.545437257453049],[106.47238168416803,11.545642297392064],[106.47164926230688,11.546513002386684],[106.4706955884336,11.547242563787856],[106.47021493623393,11.54715291725528],[106.46974191370296,11.546923082762632],[106.46933755584877,11.546128671561004],[106.46919259708227,11.545526903434034],[106.46921548453825,11.544949930063742],[106.46901712087293,11.544668596928245],[106.468582246308,11.544845979832427],[106.46769723584455,11.545539300676268],[106.46726235986216,11.545513551220022],[106.46694192602241,11.545091073395428],[106.46707925434002,11.543874185797069],[106.467041107796,11.543362062800526],[106.4667664499409,11.542976777281034],[106.46578988648271,11.542723100617145],[106.4642411199752,11.542976777803384],[106.46260079929563,11.543967645392216],[106.46215066579946,11.544704836058301],[106.4619370423711,11.545784396329454],[106.46160134965007,11.546102922855042],[106.4611512147487,11.546102923210913],[106.46092233347522,11.545956056966329],[106.45848092661825,11.543918055198109],[106.45797738640998,11.54335824772444],[106.45778665187329,11.543211381557198],[106.45692453013264,11.542928141095326],[106.45632180894174,11.542369287913024],[106.45548257399501,11.541468066394511],[106.45534524550202,11.541403216465074],[106.45494088719353,11.541373652069172],[106.45418557732694,11.541444224039358],[106.45362863160815,11.541573924546311],[106.45282754502915,11.541676920485976],[106.45221719298615,11.541663569320397],[106.45194253555218,11.541740816956448],[106.45182046540674,11.541882914417718],[106.4516907655626,11.542412203034168],[106.45178994765959,11.543662470154523],[106.45192727616914,11.544217509178123],[106.45175943032797,11.544526499059993],[106.45130929563177,11.544610423625402],[106.45067605615381,11.544577044447173],[106.4486542668324,11.54383699357985],[106.44831094384455,11.543920916765128],[106.44806680387772,11.544212740719235],[106.44767007444506,11.5458721345402],[106.44672402936364,11.547240656662922],[106.44609841969792,11.547350329359716],[106.44464120557822,11.547386568751218],[106.44203958126701,11.54673807135605],[106.44079599038162,11.546284122266382],[106.43995675634837,11.545465868950775],[106.43610391252952,11.541968746124978],[106.43518838482657,11.540067118643274],[106.43487557985922,11.538710994256343],[106.434188933708,11.536326808245668],[106.43379983454847,11.53605310387372],[106.43273171934507,11.535801333775005],[106.42997750753165,11.53585187942243],[106.42876443500182,11.535398882767774],[106.42801675337779,11.534887713969956],[106.42732247865898,11.533917827358644],[106.42688760365654,11.53265230122998],[106.42697152680219,11.531182689523071],[106.42774972461868,11.529000681751361],[106.42918405025613,11.523292941782804],[106.42858895801608,11.519309443643875],[106.42874154457513,11.515763682162055],[106.42854318043992,11.513983172445151],[106.42797860509559,11.512351435586433],[106.42560586347608,11.510235232628302],[106.42245492275966,11.506375712604024],[106.42199715956616,11.503582400255324],[106.42253121696982,11.50064985114869],[106.42364510851102,11.49515191875854],[106.42301186815558,11.491197031180784],[106.41738900359232,11.484943788937645],[106.41415413999201,11.476912897584281],[106.41201790974307,11.472866456591001],[106.40928658575388,11.470321101077376],[106.40587624626924,11.467685144352401],[106.40224465425105,11.465411584448415],[106.39160164925214,11.461820048338215],[106.37978371664205,11.457319659854797],[106.37474068666803,11.454137247598354],[106.37000283180356,11.44769994700432],[106.36632546330193,11.440413874887993],[106.36323958648738,11.426851268978304],[106.36271977186964,11.424566650239221],[106.36242684126661,11.423279208187116],[106.35868843777595,11.406416337613395],[106.35656855324771,11.398552324262992],[106.35656746469861,11.398552340071317],[106.35067757213018,11.376698892153717],[106.34597023424188,11.370315950525988],[106.34307869446152,11.367167871470773],[106.33526619394158,11.36026231491147],[106.33107765564195,11.35316221042025],[106.3310776554695,11.34833375707537],[106.33182533581767,11.343505303728174],[106.33345802597871,11.339833657213132],[106.33638008300623,11.33561650941513],[106.34093483238773,11.330720344931692],[106.34378059626096,11.326908508392805],[106.34461220014691,11.323128143322057],[106.34469612323325,11.322158256439986],[106.3444062054213,11.320504585148852],[106.3443528011847,11.319937148831217],[106.34417732400637,11.319244781682288],[106.34262092718426,11.315422454412703],[106.34230049228324,11.314857879156227],[106.34215553475276,11.314400114946876],[106.34196479927375,11.312847533369371],[106.34176643506538,11.312179008415564],[106.34071357814923,11.309789099813882],[106.34004219209072,11.308083929792774],[106.33788307312776,11.302578368122],[106.33748634382661,11.302134909911864],[106.33628852981772,11.301139274431293],[106.33598335397437,11.300817886269975],[106.3358078780448,11.300472655938734],[106.33549507252773,11.299628653857846],[106.3354416664739,11.299039283223754],[106.33545692500097,11.295782485013607],[106.33551796005622,11.295388618071042],[106.33566291796828,11.295038618841321],[106.33592994705555,11.2946437976878],[106.33729560902924,11.293539442584013],[106.33747871408166,11.293289581174351],[106.33778389066939,11.292503752786628],[106.33810432465762,11.292182364506354],[106.33840950061378,11.292066015486311],[106.33967598066694,11.291820921809402],[106.33998115559884,11.291787543895643],[106.3402252960472,11.291805662693623],[106.34031684883793,11.291886725379541],[106.34035499598914,11.291985907962859],[106.340347366273,11.292196669598148],[106.34024818396877,11.292411247007792],[106.34001930220056,11.292781271334814],[106.33936317531897,11.29415265604884],[106.33830268918683,11.295369543485338],[106.33818824821537,11.295581259368292],[106.33811958306978,11.295811095915873],[106.33809669567853,11.29621640714604],[106.33823402459466,11.296699919573953],[106.33848579413245,11.297038474150833],[106.33970649749318,11.297944464583095],[106.33997448127252,11.29806753341516],[106.340210037188,11.298111358145826],[106.34044654999877,11.29803410982021],[106.3414307407504,11.297322668743393],[106.34264381498372,11.296938338605614],[106.34285743797955,11.296783842761839],[106.34407051180952,11.29559365742993],[106.34445961011332,11.294838347880804],[106.34492500372897,11.294236578003332],[106.34506996207087,11.293976225661686],[106.3450394439777,11.293699660391088],[106.34493263319834,11.293543257792022],[106.3447647865241,11.293482222049537],[106.3445816799878,11.29347650054971],[106.34245307922326,11.294099249531314],[106.3417206574102,11.294094481949855],[106.3411942297404,11.29383889657393],[106.34104164155109,11.29364339334138],[106.34099586565945,11.293493666990425],[106.34099758775939,11.29339077066816],[106.34098060672959,11.2932933948119],[106.34100349424013,11.293037810720426],[106.34147651707153,11.291665472768454],[106.34159095859687,11.290232100264605],[106.3413925929404,11.288641371220173],[106.34091957135045,11.287087836525489],[106.3408585357185,11.286192335479635],[106.3409195711554,11.285931029383121],[106.3410797881723,11.28555909636505],[106.34218605124032,11.28436128078893],[106.34352119515367,11.283002295489286],[106.34432990951414,11.282624639996781],[106.34468849183173,11.282535948309219],[106.34500892566976,11.282507337523798],[106.3452530667741,11.282553114326793],[106.34541328357007,11.28264657358173],[106.34548957814991,11.282835402294445],[106.34546668987448,11.283041394929317],[106.34538276714446,11.283246435134318],[106.34473426771959,11.28399602323787],[106.34445198122194,11.284445203957265],[106.34427650511869,11.284866728361726],[106.34423835787427,11.285180487479636],[106.3443756874421,11.285975850903684],[106.34475715638197,11.286765493701491],[106.34529884339022,11.287674345577111],[106.3462143714579,11.288714803852356],[106.34692390544589,11.28935948790028],[106.34753425627599,11.289636052984875],[106.34780128520691,11.289648450977426],[106.34812934929379,11.28960267544392],[106.3493729407074,11.289176381625678],[106.35027320961657,11.289065755842188],[106.35135658302292,11.28869859053259],[106.35213478086652,11.288175977681266],[106.35239418020137,11.287892736507098],[106.35263832165502,11.28727570857401],[106.35268409755463,11.287008680826112],[106.35263832141442,11.286036885901297],[106.35272224406881,11.285958684452645],[106.35286720339391,11.285952962699847],[106.35302741987867,11.286008275939839],[106.35425575332711,11.287598050964018],[106.35472114644134,11.288103498683315],[106.35492713917408,11.28819791143389],[106.3552475742784,11.288175977616142],[106.35536964448339,11.28805390731088],[106.35533149695986,11.28746930479186],[106.35533912733727,11.286747373346143],[106.35542305048271,11.286386884611552],[106.35584266752946,11.285675443370017],[106.35623939537773,11.285241521679167],[106.35650642378164,11.284708417473235],[106.35650642453245,11.284419454408445],[106.35647872032125,11.284362122742255],[106.35636909491737,11.284135259901035],[106.35617836003408,11.283958829766057],[106.35558326749614,11.28370896619924],[106.35464485216609,11.283546842221332],[106.35375984165366,11.283474363171026],[106.35363374045458,11.283394235623389],[106.35357673675576,11.283358014464547],[106.35350044344011,11.283235944390707],[106.35345466556315,11.282980359305457],[106.35343177780578,11.281943715175155],[106.35345466626805,11.281559385062781],[106.35363014195865,11.280937589713584],[106.3537674707643,11.280697263356192],[106.35398109391171,11.280530370877402],[106.35431678805163,11.280387319415931],[106.35520179747276,11.280311979672481],[106.35530860899578,11.280202306438735],[106.35537727345789,11.280023969391385],[106.35536201524843,11.279613889666166],[106.35514076176923,11.27888146741451],[106.3546677400304,11.277848638440455],[106.35410316429375,11.276851094338205],[106.35392768894897,11.276184475964811],[106.35393531761865,11.275544560831518],[106.3542862692135,11.274310506444737],[106.3542710100955,11.273663915208749],[106.35433967576729,11.272877133897472],[106.35422523464224,11.272324956410097],[106.35346229529256,11.270440495866497],[106.35332496676993,11.269972241901558],[106.35323341294772,11.269241727004829],[106.35313423145158,11.26730767560834],[106.35298927215719,11.26643410973228],[106.35284431438029,11.265987789900787],[106.35208137373678,11.264721311247612],[106.35066993547902,11.263369000557242],[106.35064092896619,11.263318917754226],[106.3505478659082,11.263158238644868],[106.35055549493542,11.26285210927847],[106.35063178895281,11.26273862195936],[106.35100562990287,11.2625383499325],[106.35162361104486,11.262526906017925],[106.3521729269073,11.262420095117474],[106.35384376359048,11.261834539008705],[106.35425575159891,11.261753475485925],[106.35597999526968,11.261619007562846],[106.35761268496057,11.261135494660438],[106.35886390608493,11.260851299717205],[106.35951240422905,11.26086560536049],[106.35997779804369,11.261040127227428],[106.3609009539012,11.261711514053708],[106.36183174030933,11.26282922068179],[106.36212165725767,11.263018047243268],[106.36237342678729,11.263063824823725],[106.36257179178284,11.263046658168554],[106.36283119140722,11.262946522278177],[106.36354072538325,11.262479221579774],[106.36398323022802,11.262088215616842],[106.36437232920892,11.261124050081028],[106.3645020292597,11.260692035991266],[106.36454017469472,11.260315333910878],[106.36450965838463,11.259981547885399],[106.36440284641681,11.259757435467446],[106.36407478153393,11.259466563752964],[106.36370857086796,11.259399807141218],[106.36250312669486,11.259380734373046],[106.36219795095413,11.259299671615308],[106.3614121234475,11.258861935176073],[106.3609925065727,11.25827923990131],[106.36090095418834,11.258034145623524],[106.36083991904563,11.257367526964822],[106.36085517823425,11.257104313524705],[106.36110694756356,11.25618783231951],[106.36108405984183,11.256020938836695],[106.36096198887815,11.255804454963481],[106.36056526058694,11.255693829177178],[106.35801704266628,11.255709088101495],[106.35691840943504,11.255399143652106],[106.35662849220088,11.255256092465512],[106.35620887640357,11.254971897447705],[106.35561378343249,11.254413998218967],[106.35459907311473,11.253344929291362],[106.35351569927222,11.252628719059098],[106.35285957157632,11.252262509739765],[106.35246284341726,11.25191441724953],[106.35198982013439,11.25126496530575],[106.35130317504989,11.24997655150311],[106.3512345105808,11.249701893070254],[106.35119636317818,11.249111569636563],[106.35124213972307,11.248825466712868],[106.35131843457171,11.248628056375242],[106.3515167976973,11.248442089756782],[106.35177619709707,11.248336231175717],[106.35287482995321,11.248341953674359],[106.35383613451941,11.248166477147263],[106.35422523319471,11.24804726862899],[106.35491187891303,11.247626698275896],[106.35543067718146,11.247197543951007],[106.35568860214987,11.24684968400003],[106.35569007723502,11.246850406964368],[106.35615547054195,11.246220027736442],[106.35630042784179,11.245943462627936],[106.3570328495501,11.243760501850316],[106.35822303601743,11.240614329360858],[106.35890205152077,11.23961678712266],[106.35926063321287,11.239244853878297],[106.36019142002147,11.238706027870476],[106.3614502698278,11.238180553135978],[106.36191566281249,11.238080417201678],[106.36233815162265,11.238080417481207],[106.36255138001547,11.238118552780781],[106.3628453440824,11.238214435458515],[106.36314399456839,11.238368426191888],[106.36368568207784,11.238990222017833],[106.36441810415303,11.239479457505997],[106.36484535004485,11.239956294749952],[106.36502845609373,11.240287219318493],[106.36550910776414,11.24139157403014],[106.36592872422197,11.241792117402964],[106.36751563783893,11.242725763949363],[106.3694229873402,11.243997966738446],[106.37055976766244,11.244689380055467],[106.3710556777498,11.244767581542078],[106.3712769306139,11.244659816100803],[106.37141425954121,11.244553957945023],[106.37153632900932,11.244378482336762],[106.3716889171503,11.243923579235672],[106.37217719863455,11.242783938122372],[106.37283332601139,11.241450701930296],[106.37397010609406,11.239504252832694],[106.3752213269339,11.237865839858602],[106.37570197937747,11.237382326624404],[106.37680824089307,11.236675653235007],[106.37736518678322,11.236133013758497],[106.37794502072428,11.23454896064499],[106.37815864388486,11.233775530335164],[106.3783570075237,11.232289705592432],[106.37825019544907,11.231379900831113],[106.37825782557492,11.230113421209941],[106.3783264892559,11.229641352156671],[106.37851722469978,11.229181681655064],[106.37888343587795,11.228721055853182],[106.37915809319952,11.228512201003088],[106.37966163317147,11.228392038555922],[106.37990577488134,11.228392037924062],[106.38018806239053,11.228474054643897],[106.38036353854436,11.228594217178562],[106.38113410733666,11.229252253044656],[106.38185127093377,11.2294448948479],[106.38224036944729,11.229405794114228],[106.38262184011809,11.22930184419097],[106.38317115561208,11.228907023052741],[106.3834534432459,11.228643808437822],[106.38371284255062,11.228166970951666],[106.38391120636291,11.227684411990348],[106.38392646552484,11.22741070813388],[106.38378150656261,11.226533327232977],[106.38359840178347,11.226253901066665],[106.38282783249683,11.225535784412658],[106.38229377516089,11.224504861703572],[106.38154609474356,11.222497377201542],[106.38047797884059,11.220322046109098],[106.37998206812382,11.218994531579085],[106.37989051513284,11.218095216819544],[106.3799286624574,11.217799577942909],[106.38004310346214,11.217585954848392],[106.38019569074338,11.217448625755184],[106.38046271998736,11.217296038182146],[106.38124091827821,11.217152986440643],[106.38163001682298,11.216982278784645],[106.38256080347759,11.216237458791031],[106.38336188968331,11.21544304862949],[106.3838349117564,11.215031060145877],[106.38439948697881,11.214745912945594],[106.3865662364133,11.213841828458673],[106.387725903266,11.213650140248221],[106.38821418544714,11.21350136743549],[106.38868720716899,11.213298234327716],[106.38906867675136,11.21277275955345],[106.38925178187601,11.212388428911716],[106.38925178164297,11.212136659386513],[106.38919837679282,11.211977395205555],[106.38873298415983,11.21134129408085],[106.3877945678274,11.20964375441494],[106.38729865691847,11.208260925792583],[106.38713081092111,11.206818970769875],[106.38709266325839,11.20470753635863],[106.3870163692282,11.204017075784154],[106.38670356397047,11.20264092324759],[106.38629920646271,11.202086839257442],[106.38483436247887,11.200909051014934],[106.38462073966141,11.200558098739696],[106.38454444552362,11.199976357340812],[106.38453681594005,11.199282082785437],[106.38421638084614,11.198062332560712],[106.3841248281354,11.197389038571016],[106.38436133862885,11.196324738064193],[106.38428504566183,11.195244224341874],[106.38404853347001,11.194652946473608],[106.38369758152452,11.194016846874934],[106.38368995296425,11.193314941582027],[106.38384254086527,11.19269600726505],[106.38417823336903,11.192086609321793],[106.38599403000096,11.190886887778051],[106.38677222768446,11.189734848463333],[106.38724525052469,11.188795479691896],[106.3873596920815,11.188347252489248],[106.38731391496167,11.187137039323849],[106.38733680290618,11.186708839733662],[106.38746650275245,11.186198624242547],[106.38770301347814,11.185831459345481],[106.38810737196293,11.185480506874415],[106.38850410080332,11.18526688440623],[106.38886268186974,11.185184868393177],[106.38986213255565,11.185173424562333],[106.39220435631994,11.184626015429313],[106.39267737955201,11.18458119201655],[106.3945465808078,11.18462601487018],[106.39488990401671,11.18453255475141],[106.39548499659298,11.18426361790546],[106.39814002540422,11.18172589015536],[106.39865882430013,11.181505591384962],[106.39902503548598,11.181456954956518],[106.40113837720902,11.18182984104],[106.40198524095875,11.182032973578563],[106.40280158592057,11.182404906713776],[106.40366370755781,11.18301907200778],[106.40459449337281,11.183835418488362],[106.40491492734992,11.184362800084067],[106.40495307495348,11.18459263548664],[106.40491492751728,11.18487778405595],[106.4047852289371,11.185458571328937],[106.40460212285168,11.18603935973182],[106.40407569457855,11.187137038486963],[106.40407569491512,11.187514693270533],[106.404167248227,11.187734038686498],[106.40436561197225,11.18796482724151],[106.4045410875267,11.188084990208944],[106.40483863401361,11.188172728199918],[106.40505225725718,11.188155562238107],[106.40521247477714,11.1880849907502],[106.4053421740902,11.187953383087798],[106.40588386128047,11.18673554136563],[106.40710456454512,11.184955030880218],[106.40804297969697,11.184028059881932],[106.40859229676329,11.183786780431726],[106.41033942825588,11.183835417737923],[106.41060645662641,11.18373718929813],[106.4107132680157,11.183583647748593],[106.41065986138146,11.183166892110073],[106.40975959333997,11.181045919612153],[106.4096451527471,11.18024483422482],[106.40969855879099,11.17972985034374],[106.40978248147148,11.1794332571468],[106.41020209837247,11.178830535292715],[106.41062171468631,11.177980810952189],[106.41067512050921,11.177460105118067],[106.41062171456511,11.176949888930377],[106.41007239871634,11.175129325177844],[106.40996558747689,11.173347860997387],[106.41007239819122,11.172745138202316],[106.4102631335639,11.172328382555794],[106.4106217139576,11.172125250331465],[106.41093452002974,11.172092825575556],[106.41119391944042,11.172245413987197],[106.4114685774545,11.17253056117962],[106.41165931249455,11.172843366249399],[106.41204078259162,11.173336416680554],[106.41243751033811,11.173687368209265],[106.41284186864137,11.173858076270257],[106.41568000341844,11.17426338824054],[106.41611487945711,11.174252897546344],[106.41689307709905,11.174087911153762],[106.41754157520859,11.173670201887893],[106.4184647320427,11.172925382287833],[106.41912086034401,11.172596364851131],[106.42008979347919,11.172520071166236],[106.4214478255578,11.172059445878686],[106.42346198502436,11.170798688652374],[106.42507178828433,11.170414358213232],[106.42563636315218,11.17043629317761],[106.42618567977095,11.170557409049673],[106.42655952021677,11.17071095037293],[106.42720801828105,11.171243100433413],[106.42789466489235,11.171971707279894],[106.42852027497803,11.173704533308912],[106.42928321381676,11.174559979434694],[106.4297409778588,11.174789815783454],[106.43006141274523,11.17476311254892],[106.43048865910887,11.174625784021421],[106.431808544088,11.173375516608141],[106.43231208397269,11.172624974899538],[106.43255622423726,11.172136693279016],[106.4327698474257,11.171401410428281],[106.43281562325176,11.170754819730158],[106.43279273537267,11.17011967275988],[106.4326554064778,11.168950466993996],[106.43268592333601,11.16800728330824],[106.4328232536532,11.166659741030534],[106.43293769374024,11.165986446815525],[106.43323524035956,11.165002255310409],[106.43392188491156,11.163778690835999],[106.43485267091347,11.162844089825542],[106.43588263996205,11.161703495991917],[106.43632514475053,11.160875706228472],[106.43681342572256,11.159784703255424],[106.43705756717678,11.15884151894674],[106.43711097221886,11.158134845360992],[106.43706519635853,11.157163051904444],[106.43662269043615,11.155568509090738],[106.43647010237126,11.155217556774263],[106.4361496691696,11.154781727395358],[106.4351120703722,11.153932003382232],[106.43440253635403,11.15321674734497],[106.43393714347043,11.152498631032621],[106.43299872897572,11.150891689243394],[106.43247229947852,11.150414853078804],[106.43199164887704,11.150217441368376],[106.43135077868907,11.15013542561682],[106.43073279775285,11.150107770216751],[106.43031318129233,11.149882702991425],[106.43005378142625,11.14960327598327],[106.42983252927525,11.149016765367499],[106.42985541764217,11.148600963332095],[106.43010718771991,11.148068814113858],[106.43164069567617,11.14653339756821],[106.43318946240346,11.144904522498562],[106.43457801242766,11.143627552778703],[106.43494422275248,11.14302483016507],[106.43524177049716,11.142262844399582],[106.43584449222857,11.141297724793931],[106.43655402498865,11.140502361450535],[106.43727118926118,11.140041735901479],[106.43861396188784,11.13954868702668],[106.4403305763065,11.138604548999782],[106.44121558569111,11.137931255200147],[106.44229896032547,11.136752513375205],[106.44310004573735,11.136132624577446],[106.44353492131322,11.135995295616533],[106.44441230166105,11.135858920486685],[106.44577003386358,11.135826282485892],[106.44603011886376,11.135318647720075],[106.44671213114697,11.133952707948666],[106.44691109957337,11.133571690477837],[106.44749707002264,11.132434631388355],[106.44761610362836,11.13219367164128],[106.4476225475623,11.132180611996809],[106.44773506267653,11.13195261981362],[106.44792909475399,11.13156067501595],[106.44799511787666,11.131508622274957],[106.44810909577991,11.131332681445175],[106.44839205002219,11.130865665476172],[106.44815106467748,11.130756643473536],[106.44807408159922,11.130708630504932],[106.44800010767545,11.130655637290701],[106.44792808794233,11.130598663461502],[106.44785704867809,11.130541686432087],[106.44778405291183,11.130487697325652],[106.44771406700731,11.13042863847453],[106.44764010559446,11.1303816137387],[106.44757307350173,11.13032661626407],[106.4475040701658,11.130267645483773],[106.4474331004778,11.13020867834551],[106.44743236116551,11.130208065300486],[106.44736304200671,11.130150613134136],[106.4473000722994,11.130089639366863],[106.44722108164824,11.130022645553248],[106.4471510943501,11.12996367696542],[106.44708209005047,11.12990461476909],[106.44703950859753,11.129865263969023],[106.44702092164884,11.129848087446064],[106.4470150425248,11.129842654119486],[106.44695108450438,11.129778699163214],[106.44688803586476,11.129715645238816],[106.44682806726688,11.129646617359302],[106.44677006200632,11.129576680853338],[106.44671408960636,11.129504659378458],[106.44666105421133,11.129429648587514],[106.44660907709213,11.129354633524057],[106.44655808043966,11.129279616177127],[106.44651108345337,11.129202692831097],[106.44646408444255,11.129125677266442],[106.44642108304738,11.129046664399974],[106.44637807695086,11.128965662603521],[106.44633907173932,11.128883655254366],[106.44630006144409,11.128800654347792],[106.44626407540838,11.128718641798574],[106.44622808466747,11.128634639417214],[106.44619405993097,11.128551626942228],[106.4461610869096,11.12846662309257],[106.44612909472973,11.128380622499312],[106.44610404001094,11.128291621529309],[106.44608404022124,11.128200619915239],[106.44606403953233,11.128109619204741],[106.44604208292209,11.128020701456506],[106.44601304196861,11.127937677408763],[106.44597502781,11.127859647372615],[106.44592102648006,11.127791690324083],[106.4458490909198,11.127737698222717],[106.44576908950894,11.127690687848967],[106.44568509892554,11.127647662744359],[106.44560403498214,11.127597670478583],[106.44553209297324,11.127541688471903],[106.44551904880917,11.127530877161321],[106.44546203552586,11.127483624554193],[106.44539204774625,11.127423659217499],[106.44532402322695,11.127364686499874],[106.44525803469594,11.127302633440964],[106.445194466786,11.127241035838045],[106.44519203894633,11.1272386827589],[106.4451280760506,11.127172645307168],[106.4450650262376,11.127108689588518],[106.44500204513537,11.12704165536891],[106.44494004214103,11.126973626213989],[106.444881057058,11.126904686910812],[106.44482606228433,11.12683067382141],[106.44477809167552,11.126756644484296],[106.4447560236831,11.126684634609395],[106.44471904811513,11.126599639806008],[106.4446930904687,11.126510640761293],[106.44467603931572,11.12642171153612],[106.44467205631123,11.126333657073863],[106.4446670404306,11.12622462807284],[106.4446710906931,11.1261486703649],[106.44468809134045,11.126058668880734],[106.44470607462637,11.125967669753758],[106.44472202119856,11.125878663362702],[106.44473101910881,11.12578868037089],[106.44473405480534,11.125698711157684],[106.44473006434536,11.125608666871642],[106.44472101979362,11.125518635168898],[106.44471106042192,11.125427701518172],[106.44469704251792,11.125278639797733],[106.44468807052375,11.125188697425235],[106.4446800763923,11.125097667918892],[106.44468508094546,11.125010677553295],[106.44451102913293,11.12440267737071],[106.44447202093066,11.124319676133345],[106.44444305119849,11.124234662768117],[106.44442207800336,11.124146648431566],[106.44440706830174,11.124057624043497],[106.44439850169125,11.123986882968927],[106.44439605636346,11.12396669279625],[106.4443830084414,11.123877663874053],[106.4443712031667,11.123795761506235],[106.44437003323907,11.12378764031516],[106.44435804469815,11.123698699349443],[106.44434605032728,11.123607679055217],[106.44433504436984,11.123519641686823],[106.44432403391694,11.123429702182895],[106.44431505956803,11.1233386785269],[106.44430903248696,11.123248636202872],[106.44429802115043,11.123158700313654],[106.44427803269515,11.123071676339226],[106.44424604461928,11.12298766437438],[106.44420402234611,11.122906659877167],[106.44415905753421,11.122826656632721],[106.44411303687023,11.122747649380322],[106.44406106218874,11.122673628199001],[106.44401203162413,11.122597704395261],[106.44396201586864,11.122521688833013],[106.44391305601914,11.12244467816462],[106.44386605651013,11.12236666939953],[106.4438230559763,11.122287654218608],[106.4437820152604,11.122206647381379],[106.4437430094178,11.122123645099235],[106.44370905803811,11.1220396393948],[106.44368107124667,11.12195471315224],[106.44366304103347,11.121865695662564],[106.44365505299206,11.121776655006538],[106.44365000537287,11.121685709038136],[106.44364201172662,11.121594680362211],[106.44362904199417,11.12150565209794],[106.44361199316178,11.121416632336494],[106.44359403973108,11.1213287013411],[106.44357804914445,11.121239678230705],[106.44356401652922,11.121148664379897],[106.4435510450132,11.121059634303142],[106.44353799774501,11.120970696613835],[106.44352699073373,11.120881662003695],[106.44352694490355,11.12088124985739],[106.44352143710631,11.1208314315976],[106.44351703686186,11.120791633208286],[106.44350905004087,11.120702682037187],[106.44350302331885,11.120612643279559],[106.44349903218357,11.12052169666975],[106.44349602634027,11.120431649136505],[106.4434920319423,11.120339706257074],[106.44348902467505,11.120248666066246],[106.44348005543539,11.120159627653083],[106.44345704917635,11.120073696317473],[106.44342702148836,11.119987690761317],[106.44339299449823,11.119903683356197],[106.44335700344585,11.119818686005818],[106.44331204408107,11.119740670596657],[106.44324900607224,11.119648682087695],[106.44320600379922,11.119568675020433],[106.44317435342148,11.119511815593246],[106.44316202166,11.11948966376712],[106.44313498387201,11.119422638380687],[106.44309999564202,11.119346679293967],[106.44306105138882,11.1192577117345],[106.44302955885519,11.119191691067439],[106.4430209856223,11.11917371728287],[106.44301452460613,11.11915007830161],[106.44300867118372,11.1191286610077],[106.44300103007576,11.119100707850729],[106.44297301428705,11.119003667139058],[106.44296600503915,11.118912635240951],[106.44296201738563,11.118822681254686],[106.4429460467035,11.11874270226403],[106.4429260353196,11.11864564129451],[106.44290105241878,11.118553656327943],[106.44287599029012,11.11846067616844],[106.4428510055975,11.118368693007055],[106.44283799576905,11.118294673088355],[106.44282397788211,11.118209716343614],[106.4428109854254,11.11811164562865],[106.44280701898181,11.118030642698416],[106.4427980392336,11.117936632825007],[106.44279699326513,11.117845676680188],[106.44280100492917,11.11775470979083],[106.44280599900927,11.11766265576435],[106.44280797154228,11.11757069910243],[106.4428065880269,11.11755311467167],[106.44280104360149,11.117482651307624],[106.44278000603974,11.117398704283596],[106.44274100171495,11.11731669716075],[106.44269526337983,11.11724233129815],[106.44269302301191,11.117238690375697],[106.44264798266389,11.117158685167642],[106.4425979862589,11.117057717127317],[106.44257897688013,11.116969696230194],[106.44255604225935,11.116881685271043],[106.44253197672974,11.116794671380188],[106.44251500456893,11.116705652221814],[106.4424950115816,11.116616638206683],[106.44248498288161,11.116525704531822],[106.44247397317729,11.116435676271541],[106.44246500117158,11.116345644223893],[106.44245800414171,11.116259675003837],[106.4424559758844,11.11616863431239],[106.44244798164024,11.116076699673364],[106.44244101187024,11.116002664005046],[106.44241702387603,11.115916646191659],[106.4423769634964,11.11583464052284],[106.4423299641133,11.115755635122884],[106.44228296874618,11.115678709046948],[106.44223597085187,11.115600700805519],[106.44218799166713,11.115522692100285],[106.44213699964025,11.1154476746249],[106.44208397322137,11.11537365719081],[106.44203302674711,11.115318710669918],[106.44197396485701,11.11524769049931],[106.44193457413995,11.115203075221197],[106.44191302104377,11.115178662675264],[106.44184898679735,11.11511271756211],[106.44178602788884,11.115053639024582],[106.44177476110458,11.115045878241975],[106.44171198784554,11.115002635715712],[106.4415462199778,11.114867818786108],[106.44136898775427,11.114723679190478],[106.4413638721165,11.114725079584185],[106.44096001286698,11.114835648310688],[106.44095513503805,11.11483463430542],[106.44060825796285,11.114762545158511],[106.44042600349373,11.114724668236562],[106.44034383308218,11.11462577334707],[106.44030303431398,11.114576670587173],[106.44018096703057,11.114458688393729],[106.44012798551242,11.114404650247454],[106.44015996047538,11.114323656093354],[106.43992197954553,11.114071672785176],[106.43948700062437,11.113624664298507],[106.43887296055598,11.112967667047167],[106.43875095599529,11.11284272276308],[106.43853396417357,11.112557688249879],[106.43828001359618,11.112352666273045],[106.43814497115704,11.112303698231885],[106.43812595271463,11.11224271024064],[106.43811873996145,11.11224256309677],[106.43793098957147,11.112238726043],[106.43792980084454,11.112238494607892],[106.43786398676322,11.112225678063886],[106.43780297718216,11.112160720447815],[106.43768197858331,11.112014705095909],[106.43761301724629,11.111810705347315],[106.43751201209334,11.111657682042326],[106.43745895218117,11.111569739366061],[106.43739795166888,11.111443659736459],[106.43741598642194,11.111245699253844],[106.43742496628694,11.110630676272814],[106.43735594531395,11.110561666738922],[106.43721295447003,11.110341742657814],[106.43713296971964,11.110137676591787],[106.43727295745474,11.109977683176265],[106.43739795135198,11.109895663226533],[106.43729294983767,11.109744729159994],[106.43723595456682,11.109587718638725],[106.43711201166093,11.10924767872351],[106.4371039631278,11.109228709958039],[106.43697699838117,11.108887683293352],[106.43688293790821,11.108669724846026],[106.43681894215237,11.108521682217585],[106.43671499097444,11.108270746142225],[106.43664895566064,11.108089705282278],[106.43660797810058,11.107969727366617],[106.43645896165894,11.10759366849755],[106.43637593030967,11.107409681988463],[106.43631595270303,11.107268680841702],[106.4362999992232,11.107226674637907],[106.43615999588997,11.106863704839965],[106.4361229361088,11.106771749294072],[106.43606195728144,11.106621707914067],[106.43601195933759,11.106485746699269],[106.43599296733866,11.106435701228758],[106.4359229482004,11.106230707008466],[106.43584796397336,11.106032688978832],[106.43579297486511,11.105893665262643],[106.43567392816382,11.105578749021337],[106.43554693557502,11.105224701224518],[106.43548898114781,11.105076733043882],[106.43546498799093,11.105019735810014],[106.43540093793135,11.104847731575385],[106.43538493195926,11.104815670122758],[106.4353289244384,11.104659740801507],[106.4353149560974,11.104627675610798],[106.43530592050293,11.104605725613242],[106.43527196947078,11.10445471843392],[106.43524697868796,11.104390670843012],[106.43522098527532,11.104316679923881],[106.43521693436449,11.104295713955098],[106.43519692384348,11.10423075096278],[106.43511192125086,11.10397669716974],[106.43501597406305,11.103724747580415],[106.43498994303496,11.103635747447486],[106.43492398131399,11.10345271602206],[106.43485794647704,11.103238673538772],[106.43479896084958,11.103069731415701],[106.43474397101386,11.102897706373662],[106.43470196838244,11.102789664047855],[106.43467897699837,11.102708704940838],[106.43459492419531,11.102473727231244],[106.43452297008632,11.102246675948422],[106.43447794534937,11.102105731606649],[106.43442791524778,11.101955664867493],[106.43441995003836,11.101939680126355],[106.43437790415878,11.10181373736203],[106.43433093976924,11.101683736569806],[106.43432592854597,11.101671722092606],[106.43427790093588,11.101538741195911],[106.43424696011067,11.101447671863472],[106.43423392651864,11.101394717881927],[106.43418793055602,11.101258748032864],[106.43414390825798,11.10112675157347],[106.43408989994259,11.100986729801276],[106.43403896034512,11.100834676992374],[106.43396592907288,11.100598679522253],[106.43394192456441,11.10053571440996],[106.43384091681527,11.100217682325356],[106.43383382976121,11.100217929852501],[106.43363889046678,11.100224741407157],[106.43347591952754,11.100240754204844],[106.4332558926733,11.100266747910661],[106.43316691048366,11.100281689571343],[106.43315392896119,11.10028370704641],[106.43310192991991,11.100292684787355],[106.43308291259233,11.100296705791093],[106.4330822448789,11.100294951611856],[106.43291396350939,11.09985269952028],[106.43269892510443,11.099295686414115],[106.43259491345677,11.099048728208004],[106.43228494862457,11.098286688064274],[106.43227782171623,11.09828670420194],[106.43226290152322,11.098286737081555],[106.43226111016398,11.098286732097016],[106.4315499377074,11.098284733415547],[106.43154989390827,11.098284398106554],[106.43152688474741,11.098110735894233],[106.43149193468396,11.097885681088297],[106.4314809439557,11.097834712164735],[106.43139795243076,11.097306694488635],[106.43137590235212,11.097142729788525],[106.43130191048084,11.096718760421764],[106.43129788665715,11.096675731504662],[106.43124994635875,11.096384702017966],[106.43120690457194,11.09612069750564],[106.43116593561314,11.095806688070677],[106.43108393785234,11.095608682429454],[106.43106489676326,11.095374729903542],[106.43106116548309,11.09533349036435],[106.43105087154868,11.095219699963321],[106.43103789113792,11.095059695301014],[106.43103590283508,11.0950477643258],[106.43094790041293,11.094507731786763],[106.43091188035265,11.094276712398218],[106.43087290140342,11.094104740565761],[106.43082893245167,11.093733684034225],[106.43081388563193,11.093658763776869],[106.43081091776355,11.093648734451534],[106.43081887749669,11.093629731103546],[106.43085988534546,11.09350468400634],[106.43084493106012,11.093469726841118],[106.43083992243876,11.093458706749347],[106.43083687399216,11.093446687758432],[106.43083989364173,11.092728694889503],[106.4308399090699,11.092278697245401],[106.43083690459581,11.092056734291896],[106.4308296243609,11.092056484937777],[106.43028389953123,11.092037729779284],[106.4302839066092,11.09203762398765],[106.43029387969744,11.091880747936186],[106.43028658071724,11.091880702929776],[106.42979685891372,11.09187770944639],[106.42972588840827,11.09187768774846],[106.42967590523749,11.091876714654207],[106.42965663198055,11.09187672555774],[106.42962192346057,11.091876745941777],[106.42958288763654,11.09187574996176],[106.42921791493728,11.091872775363468],[106.42877188852613,11.091883724620654],[106.42845892729176,11.091877738987414],[106.4279959303405,11.091895777906322],[106.427988649864,11.091895422708062],[106.42766588305716,11.091879702527107],[106.42689687933158,11.091928718174742],[106.42689658915481,11.09192791601561],[106.42686291560692,11.091834761615479],[106.42656888348408,11.091752781826713],[106.42621190340054,11.09167971418495],[106.42596486680088,11.091613721659991],[106.42600489687139,11.0909967278473],[106.42604085986333,11.090678747683356],[106.42612590721772,11.090266715021016],[106.42618189397118,11.089923734091997],[106.42621890532732,11.089569766097114],[106.42625890474808,11.089267778822682],[106.42635784291068,11.089151736089644],[106.426373881159,11.088836783084583],[106.42634785530858,11.088714779846654],[106.4263158804554,11.088566751931364],[106.42634590541893,11.088358729446114],[106.42638587799249,11.087782782977143],[106.42646983545369,11.08778377086052],[106.42645186879653,11.08683273241313],[106.42644386886992,11.085651743936292],[106.42646284450493,11.0851377802597],[106.4264638558859,11.085018700678253],[106.42646383462409,11.084943747282567],[106.42646687889157,11.084888766882557],[106.42648688902155,11.084856716246803],[106.42656084307693,11.084808719851221],[106.42660283984762,11.084752748924958],[106.42655487217341,11.084346711849108],[106.42654583814739,11.084258757393105],[106.42653683247482,11.084184727305578],[106.42653360620868,11.084133051767553],[106.42652883771173,11.084056716751796],[106.42652087300215,11.083908725353528],[106.42651481495902,11.083801777916952],[106.42647785973102,11.08312971166782],[106.42648380879794,11.082991725103755],[106.4265128349664,11.08234971031795],[106.4265148593863,11.08204771767392],[106.42651583939917,11.081882708840192],[106.42650886673619,11.081739776158274],[106.42628985174385,11.081576707872951],[106.4261964619204,11.081503150742906],[106.42615787067311,11.081472754800348],[106.42605183209616,11.081388724323887],[106.4259638651119,11.0813177641017],[106.42587785762382,11.081244720108506],[106.42586644460052,11.081233902293485],[106.42585682398122,11.081224784629491],[106.42584984881867,11.081211781689255],[106.42584581770078,11.081199764820475],[106.42584182171034,11.081168760660814],[106.42586482391789,11.080894750665866],[106.42591082235828,11.080410745845104],[106.425968028233,11.079954524101876],[106.42599081833258,11.079772774591477],[106.4260008018837,11.079549697223078],[106.42599649781715,11.079459448437941],[106.42599183889315,11.079361743702798],[106.42597985665961,11.078910778549945],[106.4259878113447,11.078528756274244],[106.4260095265083,11.078102859538198],[106.42601349325136,11.078025052071725],[106.42601772713562,11.077942007650458],[106.4260177937359,11.077940717397674],[106.42632178784542,11.078010107925996],[106.4263288502797,11.078011720325998],[106.42641580596568,11.077511709344325],[106.4266078038571,11.076333708302904],[106.42662477762855,11.076262694670945],[106.42666180829633,11.076213696221586],[106.42672180538241,11.076170704439885],[106.42683582207778,11.076014754035857],[106.42705679963997,11.075719774990437],[106.42717983048539,11.075444726885356],[106.42729579132417,11.075149712910864],[106.42739476622987,11.074854736105506],[106.42739382042917,11.074508718348671],[106.42737081636301,11.074320705039565],[106.42734775293422,11.0740097287997],[106.42730381277661,11.073975740423872],[106.4272777949978,11.073889724370247],[106.42723181147275,11.073721744268044],[106.42713677429016,11.073398722688545],[106.4271397802905,11.073326744974857],[106.42710877988347,11.073240739166277],[106.42685477651747,11.07246771371695],[106.42677975897881,11.072281716329128],[106.42631674905013,11.071162687424179],[106.42600479234298,11.070596750724535],[106.42581973972108,11.070359735030092],[106.42563274200552,11.069998762331382],[106.42543978204583,11.06950570588072],[106.42533173449365,11.06923470095808],[106.42522279534637,11.068805741980183],[106.42523375595104,11.06858175911905],[106.4252517621023,11.06836770525143],[106.42540576832157,11.067707688983335],[106.4254617328176,11.067520766293615],[106.42561476513488,11.067062740731766],[106.42574171055892,11.06655368820032],[106.4257343345474,11.066553705601024],[106.42573272736539,11.066553709195514],[106.42572830218066,11.066553344808394],[106.4255627587154,11.066539712798491],[106.42555842563,11.066539598629722],[106.4251077334605,11.066527711289673],[106.42510496334555,11.066527471572847],[106.42487577265352,11.06650770354477],[106.42455278474146,11.066462764867046],[106.42433975972513,11.06643675029268],[106.42433966664329,11.066437270339524],[106.42427773750222,11.066781731882642],[106.42427063475836,11.066780379879166],[106.42335873508532,11.0666067468339],[106.42277372076498,11.06650072812485],[106.42268573451418,11.066484740305418],[106.42245372459485,11.066442761034896],[106.42179476358575,11.066285727454376],[106.42172872037688,11.066258750427753],[106.42167875814386,11.066231735829803],[106.42160276407769,11.066177746535718],[106.4215377582193,11.066108723454233],[106.42139973107408,11.065997729414885],[106.42126075922624,11.065869737299664],[106.42122973103147,11.065836715512429],[106.42119975201629,11.065799801183909],[106.42115976774363,11.065745730869088],[106.42109373544875,11.06565672642682],[106.42091274700098,11.065410747042696],[106.42081476348447,11.065280766040182],[106.4207457538208,11.065176760577145],[106.42072677578832,11.065130781086687],[106.4207287570432,11.065072729151055],[106.42074677080392,11.065026758860672],[106.42076573519617,11.065000767281186],[106.42101273184359,11.064727796802368],[106.42105774945297,11.064672724037413],[106.42107174073087,11.064649727815155],[106.42107772634245,11.064626748466832],[106.4210727095191,11.064578749042024],[106.42098372160866,11.064453722285062],[106.42095873081416,11.064418785794997],[106.42076177772975,11.064123744436106],[106.42057971742068,11.063870715402146],[106.42049974739048,11.063760765507988],[106.4203867699021,11.06360975096564],[106.42027977271269,11.063466768418335],[106.42020976620286,11.063389800272628],[106.42018372641041,11.06335875443237],[106.4215687656068,11.061889772296931],[106.4215387334596,11.061862714247795],[106.42124870192248,11.061600791590475],[106.42112469172164,11.061478734692692],[106.42088272166394,11.0612717681432],[106.42087272787292,11.061258770827775],[106.4206876913557,11.061090737130778],[106.4206977384829,11.061060785636625],[106.42070672788086,11.061029754318596],[106.42072176390153,11.061001781609988],[106.42073672983037,11.060976795195918],[106.42076475072153,11.060949789052783],[106.42079375047796,11.060921786259293],[106.4208427595183,11.06086173140274],[106.42085474154867,11.060852752721168],[106.42086615663814,11.060849228641034],[106.42086771876956,11.060848746017651],[106.42087490488525,11.060849801390939],[106.42088168907304,11.060850796179388],[106.42096772568844,11.060740749096938],[106.4209760148163,11.060736238379691],[106.42097873336954,11.060734757809058],[106.4209936947599,11.060740781860991],[106.42108025815223,11.060812013855868],[106.42108475765305,11.06081571506959],[106.42161672619683,11.06017674200713],[106.4219177217494,11.059815769190777],[106.42180169458317,11.05971774301747],[106.42184872964283,11.059652720023989],[106.42194967503043,11.05952672795023],[106.42226169057471,11.059132728217183],[106.42214571746787,11.059058752984793],[106.42209370735398,11.059027765930493],[106.421906722682,11.058897710850266],[106.4218156934835,11.058837788038879],[106.42171068441196,11.058770750496894],[106.42167674005339,11.058749760200348],[106.42158768839997,11.058695708465084],[106.42143170843885,11.058589726449581],[106.421391722747,11.058566758774914],[106.42137473451115,11.058532709482925],[106.42136370202424,11.058527761601693],[106.42118870584423,11.058457716830329],[106.42114074204976,11.058446791852624],[106.42098374466298,11.058390720977254],[106.42079970258482,11.058326754211967],[106.42069068708378,11.058290740173026],[106.4206537415977,11.058277711314945],[106.42062169833075,11.0582627730339],[106.42056169846721,11.058235782226902],[106.42052869379269,11.05822871146899],[106.4205476820011,11.058180749174676],[106.42060168340066,11.05805874913871],[106.42078872503369,11.057615749925077],[106.42088367075637,11.057406768929658],[106.42089568905216,11.057380793672777],[106.42090000910089,11.057369598040575],[106.42090071788941,11.057367762111722],[106.42096372426731,11.057388778429669],[106.42097620807104,11.057394046764882],[106.420982691369,11.057396783460476],[106.42098973939866,11.057375791609507],[106.42100869815293,11.057313724974362],[106.42104268050117,11.057251714500895],[106.42109369589085,11.057178726986123],[106.4211476973516,11.057090723481274],[106.42115872366197,11.057058781753108],[106.42114770613657,11.057027793925217],[106.42105871296107,11.056899781778347],[106.42097066685189,11.056789761186305],[106.42095368894405,11.056759780146411],[106.4209496711312,11.056718740706241],[106.4209736844009,11.056688760024068],[106.42102371407734,11.056646786089342],[106.42107373313418,11.056566748148342],[106.42112271789738,11.056463746427761],[106.42114566071078,11.056327709952471],[106.42117368018808,11.056100704716965],[106.42118266642679,11.05603576718432],[106.42121470303185,11.055815713456568],[106.42124265749557,11.055493772055284],[106.42126068149811,11.055352775011078],[106.42128268041067,11.055333738017575],[106.42130166566463,11.055316787975164],[106.42132067577849,11.055277776780947],[106.4212936600316,11.055215720868167],[106.4212236526629,11.055136762966562],[106.42113768977322,11.055046718594403],[106.42105871455603,11.054941740643743],[106.42100469115576,11.054820702573139],[106.42094671707031,11.054722731540018],[106.42092565029645,11.05465379055712],[106.42089065904034,11.054503779117232],[106.42085670437402,11.054311720724174],[106.42084469644847,11.054242759638083],[106.42083868247775,11.054087710626131],[106.4208296552636,11.053968744277238],[106.4208027160857,11.05377477085674],[106.42081565575663,11.05372176008024],[106.42081767116109,11.053678715581666],[106.42081269070201,11.053579722897847],[106.4208026553847,11.053548731958706],[106.4207806975444,11.053519756411665],[106.42075966251002,11.053497742862614],[106.42074569507913,11.053463778115772],[106.42070870319408,11.053329773998572],[106.4206767090857,11.053203713699157],[106.42062692440172,11.05302822487111],[106.42062564567809,11.053023720016027],[106.42056271172939,11.052801707980416],[106.42051871103476,11.052639779999382],[106.42045466673882,11.052460719112094],[106.42043168219261,11.052377766530448],[106.42040463583746,11.052269782030809],[106.420362701735,11.052186781932635],[106.42033068212142,11.052080794683958],[106.42031365501785,11.051996745811493],[106.42034170675345,11.051916755770984],[106.42047766779478,11.051752713015114],[106.42057767380696,11.051644714518984],[106.42067365178445,11.051525786586208],[106.42084663722784,11.051309761684273],[106.42094070164862,11.051179716961103],[106.42104166488014,11.051061771441233],[106.4212356501155,11.050818755781496],[106.42142562741704,11.05057376085737],[106.4215636719574,11.050396782139506],[106.42157466186033,11.050382742862002],[106.42158663286115,11.05036870231045],[106.4215966531838,11.050359728877089],[106.42160765185291,11.050350751463592],[106.42197370127575,11.049885749717316],[106.42198867741,11.049866724671661],[106.42200566191165,11.049866778260755],[106.4221946385635,11.049613737106231],[106.42231568515952,11.049463739824597],[106.4223426536926,11.049439720255894],[106.42244467272668,11.049288770731481],[106.42246266491416,11.049266758245857],[106.42256867967612,11.049179724736831],[106.42266266520402,11.04911369324657],[106.42274365269876,11.049042717342564],[106.4231316509178,11.048771693273068],[106.42330665084634,11.04864670963851],[106.42344865990823,11.048520717162246],[106.42357761580737,11.048397736204699],[106.42373966798237,11.048254700680767],[106.42383260671019,11.04816172630854],[106.42391660519831,11.048085771032046],[106.42413762045561,11.047881752915265],[106.42425266510872,11.04778176694464],[106.42429862848154,11.047778682010103],[106.42431561376677,11.047778733666405],[106.42431167225615,11.047704693766864],[106.42430365995894,11.047567730687836],[106.42430064194403,11.047105712895872],[106.42398260173465,11.047003710037579],[106.42357612893416,11.046869531653572],[106.42326462180014,11.046766701616297],[106.42296164765908,11.046683739990234],[106.42258759800023,11.046580775260777],[106.4226066500512,11.046545201183795],[106.42275364487213,11.046270732598874],[106.42294963312092,11.045981689915882],[106.42312464200239,11.04572877066831],[106.42334764866095,11.045404766073872],[106.42290965089494,11.045065687040227],[106.42277263207654,11.044962736023743],[106.42245164024489,11.044722762460028],[106.42220059231096,11.044534713048357],[106.42257362897247,11.04402674299855],[106.42286660669302,11.04363368958192],[106.42269664246486,11.04351571193603],[106.42253165064366,11.043393746137657],[106.42244363260114,11.04332775652451],[106.42240758097752,11.043307764445007],[106.42234759449643,11.0432857470617],[106.42255383278003,11.043005345604632],[106.42272860616802,11.042767722191217],[106.42235258087739,11.042491705128525],[106.42220763014052,11.042385697537949],[106.42219462460037,11.042375690334524],[106.42200862940905,11.042245724603324],[106.42196061539812,11.042210750547932],[106.42180864418161,11.04210376294865],[106.42162264233512,11.04197072223186],[106.42200061927574,11.041644749312965],[106.42204161558666,11.041580734257279],[106.42213557220832,11.041503762039245],[106.42218763580772,11.041460699530408],[106.42190562807828,11.041000747053321],[106.42186563692357,11.040941704193894],[106.4217986094404,11.040844745854926],[106.4217465849011,11.040771716589543],[106.421660620678,11.04064577686517],[106.42162560412095,11.040583738598169],[106.42162459120388,11.040569725952187],[106.42161462190052,11.040533762462537],[106.42159856363286,11.040509748008626],[106.42157561327727,11.040475710949904],[106.4215446331184,11.040428763495829],[106.4214935843456,11.040353742155336],[106.42143556713017,11.040267703889096],[106.42139459348554,11.04020875353918],[106.4213435630716,11.040141779254737],[106.4212995638161,11.040078765473687],[106.42125260263342,11.040008708312058],[106.42122056011907,11.039959772410288],[106.42116057777046,11.03987274576703],[106.42110962928663,11.039808753781122],[106.42107062495558,11.039751698465466],[106.42104663145574,11.039723720939564],[106.42102761203154,11.039691757193552],[106.42104659840214,11.039675711273429],[106.42119062114688,11.039573763775065],[106.42133660210547,11.039469733415071],[106.42132659913979,11.039452758167837],[106.42130160630992,11.039416738461236],[106.42129561215195,11.03940273594965],[106.42127257241593,11.03936273400236],[106.42123256672463,11.039296727917668],[106.42117959030325,11.039203717972178],[106.42117758732236,11.039185729607661],[106.4211145910659,11.039068689971808],[106.42103256016965,11.038911728977215],[106.4209495873211,11.038772762845525],[106.42085559539665,11.03860172298466],[106.42077157037292,11.038431747705166],[106.42076957645234,11.038417737224357],[106.42076660733223,11.038406713239137],[106.42075956072415,11.038394703806988],[106.42074455197617,11.03836770172969],[106.42066759694728,11.038218776495448],[106.42064855172612,11.038175782210473],[106.42057758236881,11.03803669896243],[106.42057060947627,11.03802369307598],[106.42049560723254,11.037871780933376],[106.42045362199227,11.037798726447766],[106.42043456329635,11.037749764406444],[106.42041254995311,11.03769574339712],[106.42038454931811,11.037630706883125],[106.42036961752198,11.037603705515542],[106.42033161581317,11.03748977549859],[106.42028960833133,11.037373774977063],[106.4202446088243,11.037269714796862],[106.42018957454009,11.037133760412557],[106.42011558025679,11.036925697714715],[106.42008761331353,11.036842757780649],[106.42008460929976,11.036816724484904],[106.42009954360609,11.036677723162262],[106.42011658703343,11.036271718041416],[106.42010556218351,11.036269754378937],[106.42008456251706,11.03626274727413],[106.42007360708033,11.036258703190722],[106.42007255128557,11.036158705385535],[106.42006526914757,11.03615862385388],[106.41998460829149,11.036157725514311],[106.41996256443932,11.036156777982193],[106.41996150630702,11.036156688107198],[106.41990359824614,11.036151755185767],[106.41986154298216,11.036147779867825],[106.41984455292764,11.036145738075106],[106.41978459399492,11.036134748776744],[106.41968159629944,11.036118701412626],[106.41961257097401,11.036105744071179],[106.41958758018522,11.036102725471386],[106.4195525428562,11.036097739215815],[106.41954672574245,11.036097590244479],[106.41951359033939,11.03609674042391],[106.4193665515617,11.036099778479535],[106.41935926605248,11.036099420292626],[106.41899956519957,11.036081781786008],[106.41875660818394,11.036057724807323],[106.41869661443374,11.036031726888856],[106.41866356640166,11.036004765410725],[106.41865684109517,11.036004865238153],[106.41846255393085,11.03600774134319],[106.41812355240639,11.036008760431542],[106.4181235240976,11.03600838259237],[106.41812261514549,11.03599574297462],[106.41812154474454,11.035855781608522],[106.41812059297693,11.035702710048023],[106.4181215475528,11.035689778825493],[106.41812356926079,11.035615722827078],[106.41812459147735,11.03556671450771],[106.4181266110996,11.035525752027278],[106.41812558938982,11.03550776146231],[106.41812358438676,11.035488779492022],[106.41810657594328,11.03544577780472],[106.41810057849793,11.035395791391663],[106.41775757689165,11.03533171941688],[106.41764560647637,11.035319760338485],[106.41763901301579,11.03531947652578],[106.41762159947356,11.035318728359483],[106.41761058947286,11.03532372501276],[106.41760857356091,11.035366767753302],[106.41730661136353,11.035357759479059],[106.41722259142732,11.035355773864273],[106.41722255897857,11.035355588601174],[106.41721555366539,11.035314740019313],[106.41721660598775,11.035245751657522],[106.41721657135396,11.035196746563345],[106.41718757592798,11.035193734771235],[106.41715760311978,11.035190726936824],[106.41716356776595,11.035157712496089],[106.41716454714303,11.035123714555647],[106.41716155442201,11.035101749507445],[106.41715458848618,11.035091727850771],[106.41713660623755,11.035084716599789],[106.41711960615174,11.035077791783891],[106.4171245579654,11.03506476044836],[106.41712360912054,11.035045776141416],[106.41711661023803,11.035020746072519],[106.41710961238589,11.034997794460477],[106.41709059707578,11.034967728956588],[106.41707660110045,11.03495374576858],[106.41708759314358,11.034940791540803],[106.4170855812734,11.034918733924325],[106.41707358765926,11.03488973784301],[106.41705158209476,11.034838790357519],[106.41703454663512,11.034815773148313],[106.41700359922532,11.034782747761392],[106.4169716079888,11.034756780039709],[106.41694560466914,11.034739748532491],[106.41692558306491,11.03473174547039],[106.41691054264878,11.03472373144196],[106.41686361010326,11.034698788363555],[106.41683459259995,11.034684747819469],[106.4167965941847,11.034671721516874],[106.41677257020541,11.03466273277466],[106.41676259162966,11.034656786961845],[106.4167175947972,11.034619725949927],[106.41667956092327,11.034591779823439],[106.4166495489396,11.034571774579081],[106.41662060832897,11.03455773293985],[106.41661560380398,11.034547797360132],[106.41662053973411,11.034527714311425],[106.41661356303595,11.03451371655879],[106.41657257646663,11.034480714115391],[106.41653657577871,11.0344497809648],[106.41649960281426,11.03442273655046],[106.41647158545267,11.034416740906522],[106.41643856195684,11.034401715559623],[106.41641859708179,11.034384759319709],[106.41640958458869,11.034371759613714],[106.4164095520884,11.034357745677164],[106.41641360219924,11.034345802124458],[106.41642354061135,11.03433474788295],[106.41642660947502,11.0343227169854],[106.41642257703975,11.03430880135015],[106.41640455878105,11.034285784453893],[106.41638654908346,11.03426575278074],[106.4163646021704,11.034240755565888],[106.41634358296473,11.034225792403754],[106.4163175900146,11.034213732302392],[106.4163025505616,11.03420572095119],[106.41629656093613,11.03419479214901],[106.41629359294717,11.034183768102695],[106.41627860928186,11.034166804513886],[106.41625160413076,11.034141728006103],[106.41621060461937,11.034103753144235],[106.4162069360831,11.034106742837851],[106.41617255633386,11.034134757850286],[106.41613257345881,11.034178789048102],[106.41610360636138,11.034220804353915],[106.41609856029585,11.034217199162606],[106.41603359208831,11.034170777796342],[106.41586356474276,11.03408778890727],[106.41570458258721,11.03401580441569],[106.4156375773999,11.033993800072912],[106.41531554709636,11.033921722400175],[106.4153128662855,11.03392239549158],[106.41530355158564,11.033924733080264],[106.41517255255191,11.03414572533855],[106.41516770497445,11.03414125630702],[106.41515954314097,11.034133730653355],[106.4151415817208,11.0341017605312],[106.41511555201272,11.034040787425598],[106.4151375516772,11.034021752725819],[106.4151675512845,11.033968792357562],[106.41519658235212,11.033921803696984],[106.41521759780268,11.033901774866106],[106.41523661121491,11.033897756110548],[106.4152945367738,11.033709742987437],[106.41524059425672,11.033688795658017],[106.41518156196858,11.033653752361246],[106.41517698534163,11.033655003698735],[106.41517054750956,11.033656760881817],[106.41515258887884,11.033659784646447],[106.41510656162497,11.033667751107444],[106.41508059419306,11.03366780810812],[106.4150635426769,11.03367173304385],[106.4150495913932,11.033676737867749],[106.41503956468439,11.033682727651561],[106.415021612758,11.03368873392576],[106.41501513295434,11.033688106257134],[106.41501157038832,11.03368776058437],[106.41499059970637,11.033626776359252],[106.41496053983892,11.03358579296405],[106.41492458366466,11.033540755087024],[106.41487556960939,11.03349673852913],[106.4148055383272,11.03343776048907],[106.41476455433708,11.033405752252163],[106.41474956673116,11.033387794109693],[106.4146555641685,11.033309789998327],[106.4145765429453,11.03324775687199],[106.41452755916661,11.033216761528392],[106.41448454075267,11.033186747573133],[106.41447456095257,11.033179808106988],[106.41445661084704,11.033152813016228],[106.41444555261397,11.03313674298229],[106.41440756858762,11.03309577690021],[106.4143585502136,11.033049771300808],[106.4143115596426,11.032998790660809],[106.41427259857043,11.032960811042036],[106.41420859167991,11.032894766977995],[106.4141595541797,11.032839809266212],[106.41410354534592,11.032772754975356],[106.41409059046403,11.03275280157459],[106.41406455955861,11.03272374389716],[106.4139885655369,11.032631776478606],[106.41395654160434,11.032589804600692],[106.41393559706769,11.03257375530273],[106.41388656413945,11.032520787391737],[106.41380957107751,11.03245377810727],[106.41379957101883,11.032437795230644],[106.41380156775402,11.032419798924085],[106.41381058327512,11.032400793667282],[106.41382955399175,11.03237778597382],[106.41383358967053,11.03235978339232],[106.413827599574,11.032347771455857],[106.41380958123885,11.032323761713705],[106.41373859178186,11.032241726238698],[106.41372360074976,11.032221779086871],[106.41370960729196,11.03220878929406],[106.41369259384862,11.032195806114835],[106.41352558740446,11.032079806947804],[106.41342354195837,11.032016739010896],[106.41336759874974,11.031978796437466],[106.41331157756487,11.031940763616303],[106.41330159276802,11.031930749369513],[106.41329657927866,11.031916746324708],[106.41329858050182,11.031900738063639],[106.41331058925665,11.031869790711283],[106.41333460340272,11.031806807510149],[106.41335760415662,11.031729813411319],[106.4133695611837,11.031675809624588],[106.4133835728664,11.031595759548575],[106.41338654143782,11.031539785574953],[106.41338455564406,11.03149575800381],[106.41337656355613,11.031466752078119],[106.41334456875104,11.031403802875968],[106.41333158640924,11.031370738643833],[106.41331955153527,11.031355755583817],[106.41328659739452,11.031336750889942],[106.41324653698518,11.03131278754086],[106.41322256814084,11.031294755845604],[106.41319760265665,11.03126976587935],[106.41319153442299,11.031256759618635],[106.41317956344922,11.031236802208545],[106.413159583565,11.031213790286847],[106.41311156286457,11.0311737509519],[106.41307253961372,11.031141739067523],[106.41303860184676,11.031120746633846],[106.41302559213513,11.031109743610047],[106.4129895728722,11.031069768404153],[106.41298056417668,11.031058757529392],[106.41296158339188,11.031043790552129],[106.41290955504726,11.031000775606836],[106.41287558184271,11.030964775635058],[106.4128365461837,11.030926795060466],[106.41277855479983,11.030883792227902],[106.41271859416503,11.03083880563489],[106.41266559508658,11.030800766970408],[106.41262755479407,11.030768751969186],[106.41258958418075,11.03073474785174],[106.41255252960006,11.030704811858973],[106.41253755746044,11.030692818622718],[106.41250759110255,11.030659790570885],[106.41246559441196,11.030613771077858],[106.41245454064999,11.030598787642184],[106.4124345630886,11.030576768332299],[106.41238957560718,11.030543774906995],[106.412350585728,11.030525776868688],[106.41233057251448,11.030521751376943],[106.4123165297759,11.030519794010587],[106.41229757578154,11.030516761585325],[106.4122865498658,11.030513800433395],[106.41227453329361,11.030507769408642],[106.41224958577001,11.030490736054661],[106.41221457686392,11.030463776272406],[106.41218953243595,11.030437791906198],[106.41216357848414,11.03040982056595],[106.4121425480302,11.030388800726607],[106.41211758755502,11.03036679137561],[106.41208257311197,11.030337754934681],[106.41206253411791,11.03032179572754],[106.41202153972559,11.030284814698081],[106.4119855309115,11.030249811731924],[106.41196955572038,11.03022877902924],[106.41195356992378,11.030201779472003],[106.41193258731164,11.030169818429515],[106.41189857627785,11.030116817338454],[106.41187356609296,11.030071756039058],[106.41185755177769,11.030032820975931],[106.41184153048151,11.029956816252016],[106.4118275437836,11.029912813954137],[106.41180953586822,11.029859779713023],[106.41179253275153,11.029817772958145],[106.41174459468047,11.029747806598712],[106.4117045298612,11.029687766028916],[106.41168756793536,11.029663752927432],[106.41160555647303,11.029580749164541],[106.41154252142445,11.029510813912484],[106.41150158425769,11.029465785528021],[106.4114735766723,11.029430765932032],[106.41144357681097,11.029381824349988],[106.41142553458563,11.029347778385402],[106.41140855752921,11.02931779751674],[106.41137459184175,11.029249788652802],[106.411361542965,11.02922079368913],[106.41135853407485,11.02919177591441],[106.41135955174903,11.029173780845257],[106.4113555935589,11.02915977545557],[106.41132459063476,11.029067799488411],[106.4112885247249,11.02897276162],[106.41128256020777,11.028939771468893],[106.41128456872562,11.028925753964646],[106.41130054636365,11.028914776214586],[106.41134255365925,11.028897778411546],[106.41135422199113,11.028888893043709],[106.411359583833,11.028884810306916],[106.41136753576319,11.028862822189238],[106.4113655323657,11.028844743304127],[106.41135753572424,11.028812755684346],[106.41133954373245,11.028766772229131],[106.4113025196606,11.028682767036935],[106.41124356083834,11.028544828426838],[106.41120754044734,11.028437765373546],[106.41118352372915,11.028329770251275],[106.41114452786941,11.028173797026517],[106.41110852200492,11.028038794466257],[106.41104753822248,11.027873827543932],[106.41100055775578,11.0277587402988],[106.41097257060554,11.027698765481505],[106.41094255658359,11.027609771638788],[106.41092452624115,11.027547783434862],[106.4109065799766,11.027487788525903],[106.41083654472284,11.027324830235093],[106.41075758037842,11.027118763503879],[106.41073652047682,11.02708481356156],[106.41073156962746,11.027064751227398],[106.4107335174685,11.027024783356111],[106.410741527386,11.026994746167482],[106.41073753221784,11.026963743375706],[106.41072151475653,11.026888823431058],[106.41069856771671,11.026820790442514],[106.41066851540302,11.026715793651562],[106.41066254357087,11.026677830189364],[106.41064957156158,11.026648745509352],[106.41063056655253,11.026622746917697],[106.41061356806499,11.026581824945337],[106.41060152586616,11.026495774425642],[106.41059754188261,11.026435748160306],[106.41059052772002,11.026404749230004],[106.41057457446631,11.02632576261228],[106.41056456075634,11.026201823406604],[106.41055654782011,11.02606079196185],[106.41055752060988,11.025921820305737],[106.41055454451066,11.025873816912089],[106.41053851840849,11.025829818964839],[106.41051756030974,11.02580780253622],[106.41047056073522,11.025784758851188],[106.41038955849979,11.02574777338077],[106.41035893731421,11.025724838655231],[106.41035356840895,11.025720817279895],[106.41033752260536,11.025700780906947],[106.41033179681762,11.025677903158662],[106.4103315050428,11.025676741156534],[106.41032850225976,11.025650799903643],[106.41032853140783,11.025629823543753],[106.4103275615803,11.025600801303629],[106.41031453257041,11.025579762974633],[106.41027154443415,11.025495770589204],[106.41024057003615,11.025415819459496],[106.41021554408344,11.02536379393499],[106.41016856447419,11.025282792757746],[106.410154550424,11.02526076118054],[106.41015150015893,11.025246753788764],[106.41014753948195,11.025230759418827],[106.41013951170544,11.025218751823948],[106.41012355358191,11.025204772533797],[106.41010954417725,11.025184820311411],[106.41005456941996,11.025106820862387],[106.41002752863972,11.025064745409487],[106.41000557095883,11.025034774369852],[106.40996049847513,11.024996807390423],[106.40994052684916,11.024976779536448],[106.40990954932384,11.024929831549667],[106.40989854635501,11.024903815484317],[106.40989155762423,11.024883758467512],[106.40987355580485,11.024866798361163],[106.40985954401474,11.024845761242686],[106.40985150334375,11.024828781265759],[106.40984753695076,11.024809802558073],[106.40984653814883,11.024767760821273],[106.40984349843511,11.024724820356727],[106.40983753693644,11.02469183014787],[106.40982751943831,11.024667803606878],[106.4098085111127,11.024639814187934],[106.4097675481059,11.02458276048522],[106.409757555206,11.024569763577432],[106.40974452243525,11.024547819344878],[106.40967951448818,11.02440374848472],[106.40965556049827,11.024358772337427],[106.40962450119584,11.024308750643359],[106.40960149956099,11.024283755143923],[106.40956851541767,11.024250825513223],[106.40952954355177,11.024206786995595],[106.4095045455467,11.024166786409861],[106.40945254248096,11.024067802254104],[106.40942554369047,11.024010809438556],[106.40938152398793,11.023936763938273],[106.40935756213902,11.023887810761254],[106.40933755405922,11.02385177722984],[106.4093201714618,11.023816144821351],[106.40931852035565,11.023812760849442],[106.40931149494399,11.023775795919805],[106.40931855758878,11.023726774380656],[106.409330565571,11.023695826262543],[106.40935051271839,11.023670829572657],[106.40938154462913,11.02364083276154],[106.40940453512496,11.023626767830919],[106.40943551565073,11.023607803529801],[106.40947856045346,11.023582756604982],[106.40951549816292,11.023560793188068],[106.40953288797469,11.023550379322437],[106.4095454998821,11.023542826389507],[106.40958854558062,11.02351777944806],[106.40962653619388,11.023494820152104],[106.40967852590514,11.023452754459303],[106.40968951919615,11.02344079678175],[106.4096905524868,11.02342976213109],[106.40969051590366,11.023413759214368],[106.40968352299835,11.023391804547925],[106.40967053572278,11.023355754861196],[106.40964555537731,11.023290801828123],[106.40963751842021,11.023273819120503],[106.409624511023,11.023262817722046],[106.40960552315181,11.02324477575286],[106.40959819363385,11.023238078952303],[106.40957156235024,11.023213745887425],[106.40950451441287,11.023136766134371],[106.409472512337,11.023103833443367],[106.40944756339697,11.023085806233738],[106.40941855218973,11.02307474740928],[106.40937754213388,11.023063805981808],[106.40935653424616,11.02305381644584],[106.40933454939463,11.023044822608638],[106.40931451085187,11.023028771864277],[106.40926048961774,11.022971835961087],[106.40923050743417,11.022930761288688],[106.4092045285839,11.02289076551099],[106.4091695139477,11.022827820488102],[106.40914652952394,11.022776784887252],[106.40913152489583,11.022750777479509],[106.40911850829617,11.022734802770264],[106.40909951567674,11.022713777334115],[106.40904452018,11.022659827848612],[106.40899252485134,11.022597825581606],[106.40897051105752,11.022575811316228],[106.40895243419305,11.022546838884617],[106.40895051106584,11.02254375746126],[106.40895024232366,11.022543071853622],[106.40891953867343,11.022464801524634],[106.40890450563055,11.022424779222135],[106.40889754909531,11.02238582516421],[106.40889453669091,11.022286825747845],[106.40889351721623,11.022235833713198],[106.40890048484403,11.0222127610929],[106.40891150960336,11.022180822452977],[106.40894252793017,11.022144768429131],[106.40896753879348,11.022122833709167],[106.40900052759257,11.022089759744363],[106.40902251393139,11.022065752223595],[106.40904449232347,11.022037765892504],[106.40905448315372,11.02201577249195],[106.40905850795428,11.021992798478783],[106.4090654924494,11.021942783533294],[106.4090654911492,11.021874790902809],[106.4090575139953,11.021851752562],[106.4090455446259,11.021831795840443],[106.40903153083481,11.021809764192144],[106.40902155624934,11.021770816693389],[106.40900051208419,11.021675834377106],[106.40897448457163,11.0215127807457],[106.40895876032668,11.021416696552661],[106.4089555067574,11.0213968194341],[106.40892852660988,11.021279788808071],[106.40891448946286,11.021179818854105],[106.40891653305265,11.021147807508685],[106.40892650634063,11.021118762378812],[106.40892748189891,11.02108177823824],[106.40892051856315,11.021039751245583],[106.40890548397684,11.020999820250195],[106.40888552214149,11.020915777564024],[106.40887554920307,11.020843827760329],[106.40886753234516,11.02076879895355],[106.40886451498022,11.02073580321574],[106.40886852476633,11.020672774268116],[106.40887349235732,11.0206318053408],[106.40888551896107,11.020541815786427],[106.40889053169529,11.020487826296812],[106.40888948769512,11.020425802806487],[106.40889150077636,11.020346775193],[106.40888649778333,11.020302753168767],[106.40888052544659,11.02026479234918],[106.40886448536045,11.020213831124392],[106.40885552506192,11.020189800427161],[106.40885398490234,11.020179510897385],[106.40885253576569,11.020169824186798],[106.40885376183253,11.020153701896175],[106.40885451577263,11.020143780765949],[106.40885747789268,11.020117824715228],[106.40886250612488,11.020070798363943],[106.40886850871138,11.020020784646045],[106.40888352551063,11.019950770424016],[106.4089155207537,11.019811821701],[106.40892652098006,11.019734764429252],[106.408931509056,11.019703829765493],[106.40894452349677,11.019649823796579],[106.40896447894653,11.01956081149476],[106.40898147699681,11.019465747420414],[106.40898648811668,11.019444759320798],[106.40898747975807,11.019415824106964],[106.40899453512992,11.01932982236328],[106.4089965306759,11.019273761863417],[106.40900450138403,11.019229801158708],[106.40900948389748,11.019216520346333],[106.4090195098893,11.019189803088322],[106.4090684869111,11.019083820658759],[106.40909148179168,11.019037748847666],[106.40912347462334,11.0189648037949],[106.4091535154049,11.018896745880754],[106.40915684494048,11.018885397046276],[106.40918048409854,11.018804825294183],[106.40921352440157,11.018659816981843],[106.40922847110086,11.018625786825398],[106.40924548511425,11.01860576892962],[106.40926846788206,11.018588810104013],[106.40928650164587,11.018585788377495],[106.40930035269166,11.01858575737351],[106.40930046524973,11.0185857571289],[106.40931148607524,11.018585823586259],[106.40932446777407,11.018585796278558],[106.40933450648724,11.018585773558009],[106.40938446211113,11.01854579173708],[106.40938648108374,11.01850274893741],[106.40940348292278,11.018375768334083],[106.4094052217806,11.018366794339],[106.4094145267704,11.018318782285208],[106.4094165322055,11.018303770308806],[106.40942147305414,11.01828576579805],[106.409433473072,11.018251741133522],[106.40943878593215,11.018244224872982],[106.4094574758166,11.01821778530754],[106.40947250565357,11.01818782419435],[106.40948346124145,11.01815778243333],[106.40949450506785,11.018100796382088],[106.40950346774933,11.018024826601618],[106.40951849809218,11.017892786562749],[106.40952148046279,11.017876776173262],[106.40952346816812,11.017853806581002],[106.40952245788948,11.017807786922537],[106.40951347441636,11.017738820227606],[106.40951049801662,11.017723817271234],[106.40948045787914,11.017555798148129],[106.40947451081877,11.01752877656772],[106.40945951359933,11.017437759932523],[106.40943347112373,11.017300747252229],[106.40940645972358,11.017170786637376],[106.40938746706904,11.017081767638775],[106.40936546365494,11.016996825319021],[106.40936538028538,11.016996371655312],[106.40935247701256,11.016926780615055],[106.40935048513681,11.016913766285787],[106.40934990100433,11.016912400596052],[106.40934449205183,11.016899764362066],[106.40933449188583,11.016883781279645],[106.40931648285385,11.016863748172712],[106.40925351522726,11.016821751546733],[106.40923045567035,11.016805798641759],[106.40912850022089,11.016745801603305],[106.40901346789617,11.01667878296393],[106.40899147377013,11.0166658102639],[106.40896251353473,11.016642816570062],[106.40895184326835,11.016630412347354],[106.40895048173144,11.016628829559124],[106.40894351470631,11.016618808568484],[106.4089405226543,11.016596751151411],[106.40894245365244,11.01658282422568],[106.408942488077,11.01656374729528],[106.40894045397603,11.016531744797073],[106.40893351089574,11.016498757573883],[106.40892645275035,11.016447778632633],[106.40892247210009,11.016387749560497],[106.40892650964705,11.016269749249735],[106.40893146774297,11.016190804725184],[106.4089325093118,11.016149753907536],[106.40894046809504,11.01609675249005],[106.40895145926402,11.01604980268443],[106.40896049860685,11.016007829521547],[106.40896251511515,11.015997788117913],[106.4089714719825,11.015918746309438],[106.40897848698899,11.015848748549091],[106.40899944906194,11.015771758230448],[106.4090304568985,11.01566382587406],[106.40903650127153,11.015631803118518],[106.4090474890872,11.01558377023696],[106.40907247868735,11.015518796249884],[106.40909749094465,11.01546277525247],[106.40915044899343,11.015347741629759],[106.40916051595512,11.015326742544739],[106.40917547859715,11.015300761324957],[106.40918536926132,11.015281550879678],[106.40919449181011,11.0152638302077],[106.40920245427942,11.015245819135574],[106.4091914810547,11.015198827529302],[106.40912449586999,11.015048791935248],[106.40911751613271,11.015031808702702],[106.409108814094,11.015017666193447],[106.40906645744667,11.014948827090185],[106.40905845192586,11.014913763707236],[106.40905850326634,11.014867741728464],[106.40907150020024,11.014806772613365],[106.40907846566577,11.014782797727594],[106.40908948424394,11.014747781629131],[106.40909447777543,11.014719741790206],[106.40910346878884,11.01468979471505],[106.40910946082408,11.014668806289743],[106.40912547444601,11.014639747131973],[106.40916549489485,11.014612806513568],[106.4091974855787,11.014607763720818],[106.40921944857487,11.014606815557899],[106.4092311860208,11.014607403928439],[106.40923847192269,11.014607765100857],[106.40926346174342,11.014610784667438],[106.4092884631673,11.014617783938673],[106.40929948715562,11.014619748952349],[106.40931648074,11.014624775751274],[106.40934646874429,11.014634745819125],[106.40940447414701,11.014650804518958],[106.40942147086155,11.014656824881868],[106.40943144013414,11.014659787567286],[106.40944548614902,11.014662740490042],[106.40945201692922,11.014663437805256],[106.4094554521105,11.014663804627379],[106.40946647075826,11.0146637806846],[106.40947545423678,11.014663761163808],[106.40948948605276,11.014660747229893],[106.40950049988828,11.014657739853622],[106.40951045144456,11.014652744919509],[106.40952950646839,11.014633806565266],[106.40955146859721,11.014598767574896],[106.40956846999572,11.014572780099634],[106.40959050774285,11.014538827638876],[106.4096034528553,11.014520805728823],[106.4096204524168,11.014494819159088],[106.40963949393522,11.01446982353534],[106.40967049813106,11.014427803518288],[106.40975444710527,11.014332773779376],[106.40977843862314,11.01429474692043],[106.40979249078853,11.014266777787839],[106.409796468836,11.014255738538658],[106.4098135064576,11.014212753486316],[106.40982047589823,11.014189773963011],[106.4098294769844,11.01416479925278],[106.40988549616779,11.01400075175232],[106.4099074736164,11.013939764892172],[106.40997443871558,11.013776779370769],[106.41000449638153,11.013715773126394],[106.41004244900128,11.013641820555367],[106.41005447500098,11.01361873871985],[106.41006146806893,11.013606787933417],[106.41007350221537,11.013587774410372],[106.4100864511673,11.01357273862902],[106.41009549100505,11.013564762218131],[106.41011049174205,11.01355677284292],[106.41013846783142,11.013544776418948],[106.41016049188548,11.013536771765889],[106.41019843369544,11.013525749949752],[106.4102974894191,11.013503743589414],[106.41031642899912,11.013500808447107],[106.4103874358144,11.013491794041093],[106.41051045869189,11.013487819646063],[106.41053992285643,11.013488616203517],[106.41054450409652,11.013488740036331],[106.41063668835586,11.013496701378243],[106.41063743613175,11.013496765747991],[106.41066046038962,11.01349779961678],[106.410675476633,11.013496772450287],[106.41069049340368,11.013494750801161],[106.41070220500097,11.013492385565545],[106.4107054329168,11.01349173393465],[106.41073544838521,11.01348081881008],[106.41074546989178,11.013472749836573],[106.41075647923222,11.013467753465942],[106.41079047086649,11.013445799080515],[106.41082950094476,11.013414792083777],[106.4108498505991,11.013396645516067],[106.41088449213785,11.013365757460733],[106.41092849193166,11.013329765419495],[106.41098948081093,11.013296812937224],[106.41100343084752,11.013290814769372],[106.41106044387237,11.013267814835041],[106.41111549480121,11.013246809029619],[106.41120043320093,11.013222754667337],[106.41122645391684,11.013213745848612],[106.41123746101917,11.013207754985624],[106.41127043588892,11.01316979885854],[106.4112854777188,11.013145806336253],[106.41129246386421,11.013130781690212],[106.411299470648,11.013091796343414],[106.41134344865792,11.012876781499706],[106.41134447613042,11.012862764316079],[106.41135445815635,11.01276979569059],[106.41136145368756,11.012691750781908],[106.41136743312157,11.01266479455972],[106.41137743812848,11.012649764238567],[106.41146045159122,11.012576797311324],[106.41146355943008,11.012573192327029],[106.41148544574557,11.012547810689863],[106.41149297800666,11.012536807976227],[106.41149846347689,11.012528794973058],[106.41151447936639,11.012501725565132],[106.41151845478515,11.012490776710079],[106.41151944207576,11.012458766746066],[106.41151469061026,11.01244141346835],[106.41150848233026,11.01241873656517],[106.41149642969206,11.012395796655587],[106.41148632559488,11.012372585797518],[106.41148246975908,11.012363728856783],[106.41148146436336,11.01235279176016],[106.4114824577962,11.012324760609232],[106.41148542983501,11.01230377782278],[106.41148748776615,11.012278726890042],[106.41149045184035,11.0122537671022],[106.41149642942177,11.012226809073749],[106.41150344374411,11.012190808956444],[106.41151647835643,11.012145752273632],[106.41152346003054,11.012128739575715],[106.4115314273185,11.01211380409844],[106.41154744409775,11.012086733783477],[106.4115584258102,11.012069802774791],[106.41156346199519,11.012059755680816],[106.41157449970342,11.01204044502853],[106.41160345988702,11.011989775501421],[106.4116684781428,11.01186775385229],[106.41168245184812,11.011838789430412],[106.41174147291193,11.011701770510413],[106.41177345438966,11.011624757822815],[106.41181445407662,11.01152973079612],[106.41184943569259,11.011444754811698],[106.4119014603375,11.011317786333182],[106.4119924827787,11.011112796264484],[106.41201546514337,11.011060756507016],[106.41205846276486,11.01094872761304],[106.41208847640212,11.010868735747037],[106.41210146239216,11.010836790925056],[106.4121294456968,11.010759784213427],[106.41215648701308,11.010692858163704],[106.4122074362916,11.010566756280783],[106.41221645133162,11.010547749268872],[106.41224544949232,11.010486747857048],[106.41226446739583,11.010451804621493],[106.41228843730708,11.010402748846658],[106.41230943841404,11.010343749315682],[106.41231445937893,11.010327734456343],[106.4123244666637,11.010279794930652],[106.41234144511851,11.010209773574728],[106.4123524422503,11.010165808907356],[106.41239244869881,11.009998723913235],[106.41240140570511,11.009953765598352],[106.41242245135592,11.009846757861464],[106.41243540089889,11.009797722504777],[106.41243944998516,11.009785780806405],[106.41244447185032,11.009769765943316],[106.41244746825616,11.009759721479348],[106.41249241374891,11.00964072782358],[106.41252844168483,11.00955077527932],[106.41259542408044,11.009395746884753],[106.41261744626048,11.009354739783374],[106.41264043566268,11.009306769205123],[106.41269940677478,11.009181775317673],[106.41274644001041,11.009084747863774],[106.41279141662977,11.008979766335472],[106.41280844183485,11.008930724781388],[106.41236243014328,11.008623740808071],[106.41228345091554,11.008576805429415],[106.41221939560127,11.008554792621322],[106.4121854565213,11.008532805435856],[106.41212839520486,11.008499747659018],[106.41202341133446,11.008434786538055],[106.41190839821729,11.008374729236959],[106.41185241517567,11.008350800196618],[106.41173144263826,11.008291751198565],[106.41166343046962,11.008255732845598],[106.41161946289553,11.008237744463596],[106.41155946032592,11.008205778773348],[106.41152441249639,11.008193738733535],[106.41133839659128,11.008109785709868],[106.41124046621724,11.008060721537626],[106.41120245466122,11.00803973848746],[106.41111343537592,11.007992734237618],[106.4110674314405,11.00794175061145],[106.41103342021403,11.00788775561993],[106.41099341474576,11.007818764239941],[106.41096140886212,11.007749756345795],[106.41093842566298,11.007698811187836],[106.4108674649579,11.00769381240483],[106.41079543475527,11.007682757734214],[106.41072543192327,11.007667809309792],[106.41065745751125,11.007647794546887],[106.41061340545423,11.007626734151168],[106.41056840941204,11.0075877715249],[106.41055045377763,11.007557793524562],[106.41052839711159,11.007482795239605],[106.41052094726308,11.007448204402776],[106.41051245718738,11.007408780841432],[106.41050524822002,11.007408781151844],[106.41042763607943,11.007408791736381],[106.41042339378986,11.007408792825634],[106.41042075024961,11.007408433328813],[106.4103494021395,11.00739873679108],[106.41031746049993,11.0073917535664],[106.41018445974065,11.007354790369474],[106.40986941580337,11.007253757737995],[106.40965542446983,11.007181798181287],[106.40959145000411,11.007161774480315],[106.40943640655443,11.007088783554241],[106.40936378350395,11.0070538405679],[106.40935540617635,11.007049809408981],[106.4093104555412,11.007030739727146],[106.40925742244295,11.007009787220404],[106.40917146128633,11.006979775933598],[106.40908819425236,11.006952702439664],[106.40900543913251,11.006925796873013],[106.40872243708196,11.006842774952345],[106.40845244452025,11.00677075606594],[106.40819844602498,11.00669680371269],[106.40804541822126,11.006647767449385],[106.40788024020478,11.006591762603382],[106.4078774269807,11.006590808570515],[106.40787595580001,11.006590512508803],[106.4078324228172,11.006581774000901],[106.40775744092835,11.006567831039094],[106.40771144919536,11.006555814240677],[106.40765841037836,11.006531788506754],[106.40761628473815,11.006514775543238],[106.40761142042528,11.006512811577684],[106.40759926708573,11.00650981286048],[106.40754639813973,11.00649676852939],[106.4074104013093,11.006469758090917],[106.4073554008198,11.006445826051412],[106.40733446075443,11.006430771524027],[106.40729744845625,11.006417832055224],[106.40729116463122,11.006417824861298],[106.4072694443967,11.006417801350585],[106.40722642443295,11.006418799428607],[106.40722268904213,11.006418359091176],[106.40714141291804,11.006408766439032],[106.40704542815027,11.006384832610696],[106.40671441795294,11.006299833242817],[106.40642141450556,11.00623175067398],[106.40635345793739,11.006220777426634],[106.40632746495514,11.006207813117328],[106.40631344739364,11.006182798735228],[106.40630445824702,11.006145836989448],[106.4062844466325,11.006038827855818],[106.40629243435062,11.005998755570308],[106.4063154410627,11.005788760746666],[106.40615845214383,11.005620835381729],[106.40616543834842,11.005297762772939],[106.40612843321051,11.005288801063138],[106.40559939109843,11.005178820900104],[106.4055734542427,11.00484976202027],[106.40555541429259,11.004848806472998],[106.40555408918127,11.004848765033225],[106.40542943254658,11.00484483009756],[106.40526540402236,11.004838763257728],[106.40526540931894,11.00483867555104],[106.40528940027987,11.004391784800593],[106.40528354897954,11.00409888439747],[106.40527743523577,11.00379280223808],[106.40478438822639,11.00374576499577],[106.40446444407696,11.00371480912554],[106.40438743671334,11.003704847574193],[106.4038654392261,11.003638792489006],[106.40377833970544,11.003628031603373],[106.40350938914075,11.003594802415927],[106.40330043141789,11.00354380456182],[106.40331259355652,11.003482338356406],[106.40332140722685,11.003437790983455],[106.40321444848304,11.003399776800034],[106.40297643281525,11.00331583882723],[106.40262043274889,11.003190835188466],[106.40107142838583,11.002717845748244],[106.40102239046517,11.002693810207639],[106.4008514056768,11.002646797573329],[106.40080540823453,11.002631797143476],[106.40033144308114,11.00247485287546],[106.40014546456594,11.00243881485917],[106.40007741508177,11.002418796872261],[106.3997824171762,11.002334799213791],[106.39941446003513,11.002228802839355],[106.39901742696985,11.002114823648999],[106.39863345112603,11.002000814238142],[106.39858239326689,11.001984828875129],[106.39859145210232,11.001950813562056],[106.39859646283159,11.001929826490944],[106.39762845409588,11.00164680725315],[106.39694644680857,11.00144084519696],[106.39652743612916,11.001319855826905],[106.39560044393033,11.001049855349171],[106.39489640423274,11.000845833000351],[106.39411944387395,11.000636903432875],[106.3936254462397,11.000496898827315],[106.3934644442266,11.00045790884426],[106.39329343862832,11.000434851708652],[106.39307242580992,11.000391829798629],[106.3929624458229,11.000352912374714],[106.39271144200538,11.000192863903042],[106.39258342935341,11.000086895615935],[106.39213746433519,10.999820838102456],[106.39203240069551,10.999785886969603],[106.39202729457283,10.999786257580498],[106.39170043301104,10.999809916978913],[106.39169867263537,10.999809159463124],[106.39165842669307,10.999791831916827],[106.39136843964872,10.999649857527364],[106.39123143088374,10.999640832858043],[106.39123077130195,10.999640912904578],[106.3908213984441,10.999690885044695],[106.39064246133273,10.999699851973105],[106.39047846870167,10.999707883221593],[106.390476309689,10.999707275711529],[106.39040740254454,10.999687870257642],[106.39017040497835,10.99958185842236],[106.39009242172556,10.999574879576016],[106.39009101290591,10.999575048893794],[106.38987646356348,10.999600921593476],[106.38965242810943,10.999660887897363],[106.38964713899897,10.999659997665033],[106.38949243382025,10.999633920579901],[106.38924041670283,10.999563924614652],[106.38923421891722,10.999563870750258],[106.38912244466334,10.999562906139978],[106.38911919369647,10.999562585701122],[106.38907141030803,10.99955786022599],[106.38893442471294,10.999523881012818],[106.38874042245335,10.999476910647143],[106.38873510898792,10.999477031208896],[106.38865340408319,10.99947890169431],[106.38842344137878,10.999486889650935],[106.38842212888869,10.99948632464734],[106.38801345118972,10.999310894961951],[106.38800738382179,10.999311062297524],[106.38794243159816,10.999312853117754],[106.3879386166757,10.999312400046387],[106.38779944251283,10.99929588264964],[106.3876754797903,10.999280862969766],[106.38767346819465,10.999281146550933],[106.38763246968384,10.999286920132775],[106.38741346499631,10.999369931851415],[106.38740934938528,10.999368371004309],[106.38728943165765,10.999322903276019],[106.38728473785878,10.9993235306047],[106.3868960104798,10.999375453994073],[106.38669046750488,10.999402910314632],[106.38668875215993,10.999401810028987],[106.38650760733715,10.999285585097903],[106.38643946364564,10.99924186284371],[106.3863374805652,10.999234932381338],[106.3861904369474,10.999156940734904],[106.38618393653184,10.999157002259285],[106.38609443140338,10.999157864061075],[106.38596841754658,10.999172867892584],[106.38587341646155,10.999183914725133],[106.38574940914134,10.999183903854657],[106.38562345657606,10.999192937786505],[106.38538048360421,10.999291909074902],[106.38526144944147,10.999323893796118],[106.38519746090316,10.999330898548974],[106.38519142871694,10.999330404873517],[106.38509947516697,10.999322876229842],[106.38494242688424,10.99929589851881],[106.3849144209533,10.999293876747474],[106.38490847254073,10.999293617951732],[106.38482346146678,10.999289908915971],[106.38482236595908,10.999289821700684],[106.38448043746696,10.999262956869092],[106.38442146468951,10.99925087492776],[106.38405848671232,10.999174957567028],[106.38380045568134,10.999114918027662],[106.38373742267333,10.999110888910936],[106.38351542685339,10.999065964306059],[106.38347041617362,10.999053940765332],[106.38334342613366,10.999000950684644],[106.38330245573636,10.998971922920191],[106.38326542808512,10.998950931427334],[106.38319646990062,10.998927928887207],[106.3831910295424,10.998928188844127],[106.38311345274792,10.998931898977908],[106.38311061120467,10.998931329903485],[106.38271944774512,10.998852972553141],[106.38260444848953,10.998829884911812],[106.38231642648955,10.99875796995128],[106.38198846708106,10.998680895009484],[106.38167048156274,10.99860795502556],[106.38119744908698,10.998527926020778],[106.38094442043676,10.998441922008805],[106.38080842787443,10.998413903009713],[106.38076848231654,10.998404946029723],[106.38073344775901,10.998398958697603],[106.3807312765262,10.99839947762478],[106.38068343256671,10.99841090773952],[106.38053944102688,10.998454968474245],[106.38052249033353,10.998469921854381],[106.38052148971272,10.99849596503052],[106.38050745723062,10.998569955062413],[106.38049242948608,10.99860190204668],[106.38045647537547,10.998623947570147],[106.38031449012955,10.998688980491359],[106.38018946732662,10.99877992796514],[106.38001342049891,10.998905972659253],[106.37965344911444,10.99917896322277],[106.37934142613499,10.999426990101947],[106.37918048563637,10.999557973691264],[106.37914444380189,10.999609948801575],[106.37909143030403,10.999667925063317],[106.37901849360522,10.999726937044798],[106.37891247956517,10.999776976674264],[106.37868146510415,10.99992899288888],[106.37861267202172,10.999979548487918],[106.37841348569727,11.000125932251418],[106.37821347092336,11.000267938244663],[106.37816550475843,11.000284944598155],[106.3781415007527,11.000284000635851],[106.37814140085467,11.00028392670784],[106.37812244962558,11.000269933663294],[106.3780684763218,11.00019500029165],[106.37798649689306,11.00008296169132],[106.37796247256978,11.000071980663991],[106.37795819866459,11.000073002969389],[106.37794150089336,11.000076997344012],[106.37783348146522,11.000142952557864],[106.37764544379766,11.000237917686839],[106.37746945162048,11.000318932292613],[106.37734444106289,11.000380946284931],[106.37724150207714,11.000421936402576],[106.37723813974782,11.00042001674929],[106.37722744627044,11.000413917298943],[106.3772045022894,11.000378974060935],[106.37714849432093,11.000269957292334],[106.37710949551446,11.000173925060885],[106.37703843606047,11.000013942900702],[106.37701344241704,10.999972945635369],[106.37700222446347,10.999963303265282],[106.37697744999309,10.999942007250901],[106.37690248414806,10.999933932982197],[106.37679544546927,10.999928006043852],[106.37665247021887,10.999917992602626],[106.37645543833327,10.999899953819842],[106.37643767646772,10.99989794540754],[106.37624344828312,10.999875978807403],[106.37623928384947,10.999875977444743],[106.37617446286157,10.999875939247712],[106.37611593353064,10.999874465955687],[106.37601844351857,10.999872012432101],[106.37560977648454,10.99987673888527],[106.3755904985027,10.999876962101627],[106.37558834906994,10.999876547033521],[106.37557637522602,10.999874233732772],[106.37529549160732,10.999819973059115],[106.37499346360019,10.999762999068526],[106.3748145065432,10.999726929032391],[106.37455447041651,10.999681983831266],[106.37441649936562,10.999647006428528],[106.37431749807998,10.999622976872775],[106.37411548630831,10.999569955262565],[106.37404346124914,10.999559977478988],[106.37379546319977,10.999532998995555],[106.37373151677464,10.999524994434454],[106.37333247141027,10.999489013530575],[106.37301148238053,10.999460013413104],[106.37264550062906,10.999426947276929],[106.37248847229037,10.999409999229014],[106.37245351877203,10.999406003367564],[106.37192045472429,10.999347961567022],[106.37159147601479,10.999323951440866],[106.37156444914397,10.999321021446965],[106.37151349274384,10.999315973310347],[106.3714814811368,10.99931196951086],[106.37107350061409,10.99926199063119],[106.37043951711311,10.99916500121523],[106.36996951487937,10.999089015894691],[106.36966651132035,10.999033032088683],[106.36932652630568,10.998979023720336],[106.36893949936159,10.998914982355082],[106.36875852367304,10.998888046727929],[106.36852447634438,10.998853983648718],[106.36832350967018,10.998831968675116],[106.36831052367181,10.998830005213287],[106.36805403512372,10.998807582265881],[106.36793352312267,10.998797047062455],[106.36769452380042,10.998778002058296],[106.36736546847165,10.998751999385592],[106.36694548222616,10.998700047582023],[106.36690650941811,10.998687016610413],[106.36667148214575,10.998581976441907],[106.36637851614027,10.998453003217415],[106.36600049516565,10.998291020498577],[106.3656886894324,10.998153565599115],[106.36568750701532,10.998153044531154],[106.36546948035915,10.998055022590554],[106.36517851796486,10.997947021502894],[106.3649485094666,10.99785806333678],[106.3647535099879,10.997765057123313],[106.36455747709228,10.997681999576475],[106.36432848470284,10.997574052239747],[106.3641634723922,10.997491021228251],[106.36398350735912,10.997404042366933],[106.36383152495631,10.997345036137451],[106.36359247247552,10.997262063910815],[106.36359137995865,10.997263860719267],[106.36359037863625,10.997265507265992],[106.36349648894029,10.997420035356916],[106.3634075134097,10.99753404972285],[106.36331146303088,10.997623032555383],[106.36324150388073,10.99766304735488],[106.36323874896416,10.997660098373043],[106.36322751011386,10.997648066922189],[106.36316247884527,10.997589063919996],[106.36310851203584,10.99755201229957],[106.36310216308256,10.997552303563996],[106.36304247614511,10.99755503946781],[106.36298153193579,10.997575054905655],[106.3629791084988,10.997573101551271],[106.36294547007402,10.997546012571043],[106.36290252433803,10.997509028190208],[106.36283647367318,10.997469016510692],[106.36277849172173,10.997424014288248],[106.36270847126949,10.997398025664712],[106.36265249905058,10.997377071568376],[106.36258751537163,10.997341035642265],[106.36253753100826,10.997296017251365],[106.362463483275,10.997183054930455],[106.36238551620052,10.997073083955822],[106.36229252013904,10.9969230896743],[106.36220749075589,10.996829046528621],[106.36209945971231,10.99670702041131],[106.36199246043061,10.996610037966617],[106.36195952113958,10.996558023714687],[106.36192251895586,10.996513069480189],[106.36188548726041,10.99645202353734],[106.36187046555168,10.996415073189183],[106.36188051355194,10.996383043925633],[106.36191546314093,10.996348073278469],[106.3619664576119,10.996335041336081],[106.36201096597931,10.996330329153425],[106.36201346900985,10.996330064642196],[106.36205223080647,10.996335084717343],[106.36205952112617,10.996336029269413],[106.36205951500934,10.996325965940816],[106.36205946492257,10.996236027926699],[106.36179449091136,10.996100031337365],[106.3617505239163,10.996081041876183],[106.36157637763408,10.996006184385523],[106.36140151523504,10.995931019938414],[106.36138949759584,10.995886015376174],[106.36099452388923,10.99573608539121],[106.36079147306425,10.995653038481988],[106.36050850204644,10.995537058904361],[106.36011350019615,10.995373022281903],[106.35995646186151,10.995313029669468],[106.36029951299554,10.994658083610373],[106.35993051592742,10.994513071521972],[106.3597545124696,10.994443080600451],[106.35981750959408,10.99428409151971],[106.35954346174786,10.994139069275144],[106.35943746442875,10.994088014843962],[106.35918447195942,10.993942045965683],[106.35878148516723,10.993710030074212],[106.35849547166667,10.993545049644151],[106.35836844878717,10.993472064964449],[106.35838865762719,10.993432406701325],[106.3584234739907,10.99336408689423],[106.35830949342436,10.99328402604507],[106.35823049728654,10.993260041444643],[106.35823247780593,10.993195028479304],[106.35822249062097,10.99314703802547],[106.35820849527879,10.99313106103681],[106.3582018464515,10.993131437777986],[106.35818546181113,10.99313236740233],[106.3581374817535,10.993135091540488],[106.35808748280273,10.993155082273098],[106.35803848349761,10.993185109034382],[106.3580314741222,10.99318458240973],[106.3580114600255,10.993183082778657],[106.357878470077,10.993071051607332],[106.35790644436747,10.992948028607946],[106.35796551238842,10.992797651876437],[106.35796651371132,10.99279510307188],[106.35817045884542,10.992395052473498],[106.35778649702583,10.992202055246354],[106.35739451481204,10.991998044613867],[106.35693045247184,10.991757104472688],[106.35666364888999,10.991613828824592],[106.35112768627036,10.998915103065057],[106.35112413389095,10.99891278659602],[106.34963232525658,10.99793949460512],[106.34940344320712,10.99769726094337],[106.34628301939047,10.995355036739648],[106.3457871095288,10.994944003066172],[106.3455887447542,10.994707492546745],[106.34542089882335,10.99501457557222],[106.34493261761338,10.996363070317651],[106.34479681074383,10.996693436524085],[106.3439560544538,10.99873867362507],[106.34379583823097,10.999267962351075],[106.34337468895207,11.000400413778598],[106.343231690274,11.000784932747182],[106.34313971009297,11.001032261134378],[106.34305193506131,11.00118330617857],[106.34294339162864,11.001370089528589],[106.34291082748125,11.001426127693394],[106.34281091307167,11.001500794849273],[106.34088034223312,11.00294352202298],[106.33760076892304,11.005394367093302],[106.33723455806877,11.005620387955458],[106.32790380875294,11.009859470463295],[106.32636267110506,11.010813145086493],[106.32449347027384,11.011883168252826],[106.32384497133728,11.012206464184295],[106.32170111115543,11.013659862991418],[106.3177643440413,11.01623287726199],[106.31597143625801,11.017487913094776],[106.31383520551351,11.018784910320296],[106.31221014451977,11.019919781712352],[106.31201941035,11.020006566912151],[106.31081396523263,11.020349889722452],[106.30836493053688,11.020952612542612],[106.30712133828082,11.021299749556547],[106.30368048134207,11.021913915644914],[106.30061346539296,11.022737890355184],[106.29983526653697,11.023106963099986],[106.29881292783966,11.023512275108967],[106.29753118923317,11.024117858040098],[106.29746252539005,11.024230391182643],[106.29716497858563,11.025649458664388],[106.2970886845297,11.025763899572715],[106.29699713214468,11.025800138862643],[106.29669195667003,11.025803000125158],[106.29562384115007,11.025610358426759],[106.29479986583726,11.025371940513889],[106.29441839627161,11.025066763652637],[106.29428106753289,11.025097280957018],[106.29409796180387,11.02523365716035],[106.2934418339206,11.02556172143946],[106.2931824343022,11.02560845129798],[106.29276281820798,11.025601775629761],[106.29193884304564,11.025467307650247],[106.29157263173998,11.025346189941917],[106.29140478617356,11.025108725466511],[106.2913895266787,11.02411404355228],[106.29134375044352,11.023897559259318],[106.29121405119324,11.023577124054688],[106.29104620398711,11.023442656092499],[106.29051977603999,11.023486525610117],[106.29011541774669,11.023476035319316],[106.28988653617094,11.023546607607793],[106.28881079132431,11.024061591004834],[106.2883225103863,11.024189383622794],[106.28760534735694,11.024589927219106],[106.28742224210589,11.024630935019127],[106.2873459480589,11.024577529009226],[106.28734594801185,11.024463088170071],[106.28788000462308,11.02317658165549],[106.28807836913322,11.02251950022855],[106.2880554810554,11.02194634121069],[106.28800207554114,11.021845252702612],[106.28783422858343,11.021731765000101],[106.28772741689144,11.021734625975277],[106.28730017062148,11.021960647581244],[106.28711706612977,11.022009284762893],[106.2865601198862,11.02182999370289],[106.2860870976683,11.021628768263042],[106.28568273981101,11.02156964082027],[106.28543859877642,11.021654517731577],[106.28495794722761,11.022121817786292],[106.28471380659013,11.022245795226358],[106.28433996566457,11.022231490455978],[106.28421789630828,11.022163779227496],[106.28411108394101,11.022082717470662],[106.28401953221355,11.02162304644941],[106.28391272028273,11.021318824764771],[106.28329473884605,11.020567328135765],[106.28311926274597,11.020116240337156],[106.28305822785113,11.020046622166232],[106.28211218295405,11.01961556171979],[106.28200537078406,11.01941052180013],[106.28205114741371,11.019082457446514],[106.28192907795668,11.018963248073845],[106.28159338353,11.01879635507956],[106.2809830326355,11.018618972253648],[106.28067022675785,11.018255622112413],[106.28031164553362,11.018017203260325],[106.27968603592004,11.0172113486066],[106.27915960604508,11.015882880134335],[106.27907568309784,11.015833289573642],[106.27899990345904,11.01589722898069],[106.2782211914889,11.017086417830456],[106.277694763454,11.018231780541614],[106.27758795138507,11.018397720082005],[106.27744299383835,11.01851693002887],[106.27719885285016,11.018929870529696],[106.27688604726225,11.01920929696041],[106.2765274654717,11.019752890975127],[106.27629095476279,11.019956977387965],[106.27556616158539,11.020391852647872],[106.274948181682,11.021224411344672],[106.27431494130006,11.021536261712189],[106.2738190307228,11.021728904871669],[106.2734833380611,11.021247298650307],[106.27284246837591,11.019980819976738],[106.27191168164936,11.018104941947701],[106.27113348363224,11.016397864870916],[106.27076727182084,11.014997871229761],[106.27072912545145,11.01442757414392],[106.27075201398024,11.014055640974133],[106.2707796314687,11.013907364560064],[106.27091223112507,11.013195426476733],[106.27140051196885,11.012379082101452],[106.27180487050568,11.01198807517326],[106.27252966197541,11.011409194299201],[106.27366644181359,11.010585219285758],[106.2752991330935,11.009698302130367],[106.27703100529111,11.008697897948633],[106.28110510237191,11.006273658041728],[106.28225713987146,11.005192190620887],[106.28295904462185,11.004352958253891],[106.2833405141444,11.00375023476156],[106.28366857800552,11.003047376849974],[106.28392506591373,11.002245090158953],[106.28459173430574,10.999621778998364],[106.28629308931497,10.994728475245893],[106.28659063646,10.993853002747715],[106.28672033568674,10.993187338275906],[106.28671270611174,10.992649465716664],[106.28656774748913,10.991993337729308],[106.2859039902517,10.990320593708393],[106.28510290428221,10.988690763488181],[106.2847977281081,10.988218694892174],[106.28379064797386,10.98688831955953],[106.28319555471846,10.986223608703227],[106.28240972675454,10.985498815131159],[106.28153997599021,10.984855085143954],[106.28096777155481,10.984597593502357],[106.2803345313881,10.984394460961138],[106.27845007136938,10.984063536159644],[106.27668005131733,10.983539968308422],[106.27553564291733,10.983088880931138],[106.27500921442198,10.98278751958217],[106.27449804475435,10.982386022232525],[106.27349859489733,10.981426626461191],[106.27314001204091,10.980973631703922],[106.27164465138486,10.981315046267854],[106.27142339858125,10.9814371167689],[106.27103429993575,10.98220291815364],[106.27092748870609,10.982242018732048],[106.27049261247592,10.982194334846747],[106.27021032582829,10.982234388889319],[106.26955419760438,10.982494742233534],[106.26931768552608,10.982490927394172],[106.2691727274733,10.982530982093031],[106.26908117466076,10.98260250675112],[106.2690201394977,10.983073622623095],[106.26893621625119,10.983169943548655],[106.26877599828121,10.983245283866548],[106.26849371190814,10.983271032653025],[106.26802068856142,10.983246237820008],[106.26678472634404,10.98348561042929],[106.26574712916556,10.983345420253],[106.26557165331226,10.98337975233331],[106.26534277112681,10.98346367498376],[106.26491552538971,10.98390141167356],[106.26479345447079,10.983980566688924],[106.26409917902262,10.984128385919146],[106.26390844532548,10.984288604036543],[106.26348882864572,10.984461219307775],[106.26297002957011,10.984482200577766],[106.26251989570964,10.984721572109834],[106.26205450213536,10.984829337513718],[106.26161199738905,10.984798819081359],[106.26139074487328,10.98473110975699],[106.26120001051318,10.984598548703866],[106.26100164547181,10.984555632579056],[106.26000982421124,10.984551818671083],[106.25919347900022,10.984613807433618],[106.25759130611036,10.984594733560652],[106.25676733155191,10.984458358571255],[106.25631719688211,10.984471709233244],[106.25595861610378,10.984545142560329],[106.25568395764844,10.984674842708339],[106.25467687773957,10.98547974380986],[106.25398260237989,10.985950858587719],[106.25276189925256,10.986593635537998],[106.2518463721917,10.986933143546535],[106.2514267551648,10.986966522253441],[106.24923711968316,10.986798674613814],[106.2485046972955,10.986804397960743],[106.24758154014351,10.986752899211684],[106.24385839646078,10.986767204079824],[106.24291998013203,10.9869569849071],[106.24172979543468,10.986867340151614],[106.24050146175868,10.986951263505363],[106.24000555236839,10.987117203808513],[106.2398148175466,10.987247856908002],[106.23961645205532,10.987280281738858],[106.23932653517537,10.98719731151022],[106.23899847093834,10.986847313900695],[106.2389069195753,10.986679466539423],[106.23873144331812,10.986486824313022],[106.23828130791664,10.986201675956842],[106.23789983894225,10.986030968131674],[106.23774725133259,10.98584881683209],[106.23760992161779,10.985576065483592],[106.23750311007456,10.985129745648027],[106.23729711572217,10.984953316714211],[106.2369232756511,10.98478928478494],[106.23600011862403,10.98472252638775],[106.23566442612909,10.984623344572231],[106.23510748013881,10.984181794018735],[106.23444372322403,10.983798416838916],[106.23397070015552,10.983579071514255],[106.23313146700863,10.983347328669142],[106.23216253420145,10.98297444175913],[106.23183447000534,10.98280659596674],[106.23136907693045,10.982422264758082],[106.2311859708505,10.982316406466033],[106.22985845637903,10.981733711368562],[106.22962194567775,10.981673630496001],[106.22927099224344,10.981661232989012],[106.22898870559179,10.981748017296725],[106.22859197674278,10.981995019124653],[106.22843175975963,10.982036027037044],[106.22765356184333,10.981793793666508],[106.22673040490966,10.981247337968195],[106.2261353115686,10.981077584008114],[106.22592168845348,10.980977447929416],[106.22547155442471,10.980575952440669],[106.22526556033331,10.980066688564365],[106.22463232103904,10.9796527947903],[106.2241058921625,10.979234132310918],[106.2231522185204,10.978935632058468],[106.22203832678831,10.978429231007402],[106.22150426966824,10.978296669949017],[106.22051244876559,10.977821740228794],[106.21982580186706,10.977806481539266],[106.21882635159396,10.977589997671974],[106.2181168182542,10.97760048847059],[106.21799474701064,10.977553758585872],[106.21754461352903,10.97717991712451],[106.2169952972996,10.977028283067977],[106.21639257399701,10.977057847094436],[106.21576696437897,10.977027329274845],[106.21528631250708,10.977100762240408],[106.21480565971753,10.977054986552085],[106.2146683314755,10.977064523801001],[106.21424871555308,10.977205667070843],[106.21395879805235,10.977215203366896],[106.21201330198527,10.976638230370662],[106.21111303278072,10.976471337612509],[106.21000677125907,10.976114663632671],[106.20916753822715,10.9760336016157],[106.20866399826181,10.97594300252267],[106.20761114059866,10.975855264625187],[106.20662694857586,10.975575837555219],[106.20532232284341,10.975374612421058],[106.2050858114436,10.975300226300893],[106.20471197124671,10.975092325208445],[106.20452886588242,10.974920663963902],[106.20366674339567,10.974302682532345],[106.20331579175765,10.973894509685874],[106.20272832829514,10.972903643033712],[106.20243078160156,10.972594652296145],[106.20204168249981,10.972345742940536],[106.20079809164383,10.97184983318322],[106.19892888920798,10.970997247826043],[106.1984940149181,10.970984850250606],[106.19705205896771,10.971107874037443],[106.1961517902334,10.971306238417924],[106.19519048660068,10.971620951153128],[106.19462591110819,10.971331034041224],[106.19421392448669,10.971227083287149],[106.19351964978235,10.970982943634183],[106.19282537411232,10.97066060163373],[106.19240575695787,10.970346842472797],[106.1920700646641,10.970227633237789],[106.19191747613837,10.970134171951454],[106.19150548923066,10.970070276602815],[106.19133001249867,10.969957743493318],[106.1912460894419,10.969823275153699],[106.1908493611299,10.968660746377012],[106.19070440225461,10.968474779608007],[106.18982702258454,10.967610750618835],[106.18851476600283,10.966864023627565],[106.18850713599251,10.966759119254947],[106.18869024215691,10.966495905092364],[106.18870550138433,10.966407213683619],[106.18861394769407,10.965902720534777],[106.1883164017526,10.965496454771499],[106.18798070780149,10.965167437116481],[106.18724828594297,10.96488991773243],[106.18694311107853,10.964814577567914],[106.18622594751282,10.96449414380341],[106.18524938460995,10.96421376280869],[106.18434149270973,10.963865981670796],[106.18409734633747,10.963831339560315],[106.18331151911686,10.963884745823325],[106.18312841272986,10.96386090343098],[106.18276220168852,10.96370926935526],[106.1815262400056,10.963661585770172],[106.18108373537767,10.963610086392137],[106.18046575475798,10.963591013245406],[106.17952733877395,10.96363488251674],[106.1792984563285,10.963519488059319],[106.17870336342207,10.963065538905681],[106.17854314719519,10.963021669879508],[106.17815404726879,10.962775621804882],[106.17797094235047,10.962731752969749],[106.1760254465705,10.962796602890498],[106.17428594461745,10.963150416350684],[106.17407232156887,10.9631647218681],[106.17386632736006,10.96309987179802],[106.17331701202448,10.962747011657171],[106.17310338834353,10.962731753011967],[106.17221837818731,10.962976848201194],[106.17197359749993,10.96301758274169],[106.17182927935362,10.9630540951318],[106.17143226794938,10.963107669359124],[106.17095189934635,10.963187609920364],[106.1705552120029,10.96322602245741],[106.17048650692614,10.963235293043425],[106.17047788901516,10.963233509368472],[106.17041021218574,10.963240062573453],[106.17024236544339,10.963184749117321],[106.16956334998392,10.963321124590141],[106.16793065810248,10.96322575691929],[106.16725164239551,10.964365398321632],[106.1661301219093,10.966004764895855],[106.16596227588444,10.966376697176297],[106.16526800031286,10.967545901592086],[106.16470342619762,10.968351756965781],[106.16410070318858,10.969659244488275],[106.16371923392533,10.970672999780067],[106.163749750709,10.970810329717388],[106.16409307376601,10.971415912564007],[106.16413122066861,10.971550380512864],[106.16416936793996,10.971825038834528],[106.16419225565093,10.973019993250839],[106.16417699725636,10.973301326872033],[106.16403966830839,10.973788654292404],[106.16375738117851,10.975340283294187],[106.16370397507326,10.975821888320507],[106.16389471064095,10.977046405715596],[106.16392522707724,10.97754231718179],[106.16387182255498,10.978000079896976],[106.1639481156014,10.978913700029084],[106.16394048673088,10.979117786907509],[106.16375738147072,10.979574597575981],[106.16342168704286,10.979875003758536],[106.1631546587561,10.980006611364317],[106.16295629422451,10.980415736957365],[106.1628342248393,10.980547343795466],[106.16241460782001,10.980831539035092],[106.16259008351769,10.981170094580381],[106.16268926581492,10.981171046856959],[106.16309362382128,10.98089066739861],[106.16328435871351,10.980892573820421],[106.1635361282431,10.98128072045767],[106.1637421224255,10.981048022909595],[106.16446691423455,10.98082104926253],[106.16464238999961,10.980688488443214],[106.16508489585209,10.98057595478263],[106.1654968830637,10.980604564674636],[106.16583257617991,10.98070374722945],[106.16617589989056,10.980863011492833],[106.16649633346822,10.980806744456501],[106.16686254444366,10.980799114233307],[106.16726690275343,10.980900203734011],[106.1674194907216,10.981002247438639],[106.167694148153,10.981106196691075],[106.16814428268624,10.981111920052111],[106.17061620670405,10.980454838084297],[106.17082982936162,10.980470097103641],[106.1709137533817,10.980587398562532],[106.17089849452667,10.98072186695171],[106.17094427066387,10.980840121637906],[106.17106634191522,10.980874454483756],[106.17133336944333,10.980659878129932],[106.17152410452317,10.980595028148523],[106.1716461759512,10.980595981977952],[106.1718292802697,10.980496799814583],[106.17189794559984,10.980313694084835],[106.17198949782745,10.980254565954947],[106.17240148597433,10.980198299632546],[106.17353063558653,10.979911243948223],[106.17461401001118,10.97977296026059],[106.17473607918699,10.979824458849084],[106.17475133846018,10.979975139754114],[106.17625432952644,10.97994652946958],[106.17724615100161,10.979883586429546],[106.17727666879671,10.97963277024508],[106.17852025963248,10.979528819107866],[106.18013006157805,10.97886792342802],[106.18091588948297,10.978481684842858],[106.18161016504038,10.97806397553576],[106.18280797983125,10.97720090017921],[106.18327337280017,10.976965342999545],[106.18373113534912,10.97680798592982],[106.18432622888952,10.976540957575562],[106.184547481165,10.976514254623053],[106.18470006941246,10.976544771954549],[106.18471532736545,10.976628695639215],[106.18502050380452,10.976547633304708],[106.18698125864017,10.975682651030409],[106.18853002541174,10.974938784689199],[106.18943792397293,10.97457829595986],[106.19030004431437,10.974370394521788],[106.19117742578959,10.974401865210712],[106.19266515667125,10.97480908407842],[106.1934967602156,10.974734697582505],[106.19414525981637,10.97477379807905],[106.19571691445792,10.975010308902652],[106.19890600199072,10.975699816091545],[106.20059209805999,10.976018343003888],[106.20137792576558,10.976223383031789],[106.2020722010646,10.976493272791766],[106.20323186916028,10.976964387782587],[106.2041473959356,10.977393541300478],[106.20427709641365,10.977487001347724],[106.20205694231348,10.981676493001261],[106.19982153083608,10.986321840264273],[106.19908147850856,10.987655077350096],[106.19850927420214,10.988989267776276],[106.19720464795986,10.991604242549037],[106.19696050744527,10.992247019698471],[106.19333654565733,11.006432925697782],[106.19313055217151,11.00775281137367],[106.19228368942444,11.011495983032402],[106.19202428959235,11.013100063173965],[106.19151312125574,11.017361079795641],[106.19113928068278,11.021119510822901],[106.19066625863331,11.024026310595604],[106.18986517281326,11.030744947039206],[106.18927007954021,11.034620678785165],[106.18901068116446,11.037444509175668],[106.18869024647171,11.040068067313461],[106.1884308470629,11.041704572320196],[106.18815618840327,11.0446294911684],[106.1875458374631,11.049708760836609],[106.1872406619034,11.050510801216872],[106.1856766355126,11.053234494740288],[106.18369299358034,11.056808867288623],[106.17387396348848,11.07418386042015],[106.17277533085246,11.07597676851803],[106.16967016688943,11.080347457732586],[106.1677551885614,11.082903304463901],[106.1643601094032,11.087602059312134],[106.1600189833415,11.093472878263466],[106.15619665758868,11.098535935905828],[106.15470892597513,11.100777070077683],[106.15403753851238,11.101453225279506],[106.15346533336641,11.101527612444453],[106.15262610081528,11.10150567796231],[106.15089422724553,11.10158101854531],[106.14537817551242,11.101149957680084],[106.14400488422243,11.100806634095296],[106.1432648331132,11.100398462157552],[106.14201361228069,11.099555415018502],[106.14033514498357,11.098006647507136],[106.13960272408656,11.097103517469124],[106.13899237169007,11.095967691159577],[106.13803106812549,11.095209520800367],[106.13303381511338,11.09256974961252],[106.130523743672,11.091359538202143],[106.12865454132923,11.090663355352547],[106.12686926340524,11.090147416880034],[106.12568670711593,11.09009591916215],[106.12386328258758,11.089614313754234],[106.12260443250482,11.08887330876173],[106.1196365971233,11.084739129993144],[106.1187210702463,11.083897989853579],[106.11630255208068,11.082449357844915],[106.11350256359306,11.079356593615962],[106.11152655092965,11.076465051890997],[106.10972601348688,11.073338907921476],[106.10870367442806,11.072295588336083],[106.10737615952985,11.071454447057304],[106.10594183305193,11.070881289806831],[106.10478216529093,11.070913714055317],[106.10341650323997,11.071381968870716],[106.1013031611328,11.072655123419924],[106.09960180626169,11.07523767349118],[106.09837347337736,11.078594607827679],[106.09898382567413,11.082189960114366],[106.09949499490348,11.083667200887389],[106.09970098854616,11.08504526101276],[106.09956365999844,11.086489123989612],[106.09905249076444,11.08769742906611],[106.09799963384133,11.088770313018395],[106.09601599185355,11.090312404586449],[106.09417730695978,11.091821117385441],[106.0931549688773,11.092759532622539],[106.09175878898864,11.094772740275404],[106.0903626102316,11.096919461563047],[106.08862310839223,11.099738522349236],[106.08626562565728,11.101077481451512],[106.08611303764843,11.10110513758134],[106.08511358765885,11.101244374634694],[106.08364111426917,11.100872441660266],[106.08102423141312,11.098886891585945],[106.07859808363915,11.097237988506373],[106.0772705689379,11.097033902551312],[106.0762177128797,11.097267552517728],[106.07485205124622,11.098406240275601],[106.07243353299457,11.101661131530335],[106.07154089465044,11.104413435364432],[106.06871038930393,11.109211370248847],[106.0631867079836,11.114542409854996],[106.0590973521751,11.118264601094081],[106.05524450797435,11.122289108114748],[106.05283361989117,11.124281333641596]]]]}}]}